"NumPlaces","MinDate","StatVar","Units","observationPeriods","ScalingFactors","MeasurementMethods"
"51","2020","Count_Person_66Years_Female_HispanicOrLatino_AsianAlone","[]","[]","[]","[CensusPEPSurvey_Race2000Onwards]"
"51","2020","Count_Person_74Years_HispanicOrLatino_AsianAlone","[]","[]","[]","[CensusPEPSurvey_Race2000Onwards]"
"51","2020","Count_Person_83Years_Male_AmericanIndianAndAlaskaNativeAlone","[]","[]","[]","[CensusPEPSurvey_Race2000Onwards]"
"51","2020","Count_Person_79Years_NotHispanicOrLatino_AsianAlone","[]","[]","[]","[CensusPEPSurvey_Race2000Onwards]"
"51","2020","Count_Person_75Years_HispanicOrLatino_AmericanIndianAndAlaskaNativeAlone","[]","[]","[]","[CensusPEPSurvey_Race2000Onwards]"
"51","2020","Count_Person_53Years_Female_TwoOrMoreRaces","[]","[]","[]","[CensusPEPSurvey_Race2000Onwards]"
"51","2020","Count_Person_64Years_Male_NotHispanicOrLatino_NativeHawaiianAndOtherPacificIslanderAlone","[]","[]","[]","[CensusPEPSurvey_Race2000Onwards]"
"51","2020","Count_Person_23Years_Male_NotHispanicOrLatino_AsianAlone","[]","[]","[]","[CensusPEPSurvey_Race2000Onwards]"
"51","2020","Count_Person_48Years_Female_HispanicOrLatino_WhiteAlone","[]","[]","[]","[CensusPEPSurvey_Race2000Onwards]"
"51","2020","Count_Person_46Years_Female_AmericanIndianAndAlaskaNativeAlone","[]","[]","[]","[CensusPEPSurvey_Race2000Onwards]"
"51","2020","Count_Person_28Years_Male_AmericanIndianAndAlaskaNativeAlone","[]","[]","[]","[CensusPEPSurvey_Race2000Onwards]"
"51","2020","Count_Person_82Years_Female_HispanicOrLatino_AmericanIndianAndAlaskaNativeAlone","[]","[]","[]","[CensusPEPSurvey_Race2000Onwards]"
"51","2020","Count_Person_31Years_Female_HispanicOrLatino_AmericanIndianAndAlaskaNativeAlone","[]","[]","[]","[CensusPEPSurvey_Race2000Onwards]"
"51","2020","Count_Person_71Years_NotHispanicOrLatino_WhiteAlone","[]","[]","[]","[CensusPEPSurvey_Race2000Onwards]"
"51","2020","Count_Person_34Years_Female_NotHispanicOrLatino_NativeHawaiianAndOtherPacificIslanderAlone","[]","[]","[]","[CensusPEPSurvey_Race2000Onwards]"
"51","2020","Count_Person_85Years_HispanicOrLatino_AsianAlone","[]","[]","[]","[CensusPEPSurvey_Race2000Onwards]"
"51","2020","Count_Person_32Years_NativeHawaiianAndOtherPacificIslanderAlone","[]","[]","[]","[CensusPEPSurvey_Race2000Onwards]"
"51","2020","Count_Person_1Years_AmericanIndianAndAlaskaNativeAlone","[]","[]","[]","[CensusPEPSurvey_Race2000Onwards]"
"51","2020","Count_Person_51Years_Male_NotHispanicOrLatino_WhiteAlone","[]","[]","[]","[CensusPEPSurvey_Race2000Onwards]"
"51","2020","Count_Person_5Years_Male_HispanicOrLatino_WhiteAlone","[]","[]","[]","[CensusPEPSurvey_Race2000Onwards]"
"51","2020","Count_Person_30Years_Male_NotHispanicOrLatino_NativeHawaiianAndOtherPacificIslanderAlone","[]","[]","[]","[CensusPEPSurvey_Race2000Onwards]"
"51","2020","Count_Person_60Years_Female_HispanicOrLatino_NativeHawaiianAndOtherPacificIslanderAlone","[]","[]","[]","[CensusPEPSurvey_Race2000Onwards]"
"51","2020","Count_Person_70Years_NotHispanicOrLatino_WhiteAlone","[]","[]","[]","[CensusPEPSurvey_Race2000Onwards]"
"51","2020","Count_Person_77Years_Male_AmericanIndianAndAlaskaNativeAlone","[]","[]","[]","[CensusPEPSurvey_Race2000Onwards]"
"51","2020","Count_Person_51Years_Male_NotHispanicOrLatino_BlackOrAfricanAmericanAlone","[]","[]","[]","[CensusPEPSurvey_Race2000Onwards]"
"51","2020","Count_Person_52Years_Male_HispanicOrLatino_NativeHawaiianAndOtherPacificIslanderAlone","[]","[]","[]","[CensusPEPSurvey_Race2000Onwards]"
"51","2020","Count_Person_72Years_Male_BlackOrAfricanAmericanAlone","[]","[]","[]","[CensusPEPSurvey_Race2000Onwards]"
"51","2020","Count_Person_30Years_Female_HispanicOrLatino_BlackOrAfricanAmericanAlone","[]","[]","[]","[CensusPEPSurvey_Race2000Onwards]"
"51","2020","Count_Person_22Years_BlackOrAfricanAmericanAlone","[]","[]","[]","[CensusPEPSurvey_Race2000Onwards]"
"51","2020","Count_Person_7Years_Female_HispanicOrLatino_AmericanIndianAndAlaskaNativeAlone","[]","[]","[]","[CensusPEPSurvey_Race2000Onwards]"
"51","2020","Count_Person_71Years_Female_BlackOrAfricanAmericanAlone","[]","[]","[]","[CensusPEPSurvey_Race2000Onwards]"
"51","2020","Count_Person_5Years_AsianAlone","[]","[]","[]","[CensusPEPSurvey_Race2000Onwards]"
"51","2020","Count_Person_61Years_Female_HispanicOrLatino_NativeHawaiianAndOtherPacificIslanderAlone","[]","[]","[]","[CensusPEPSurvey_Race2000Onwards]"
"51","2020","Count_Person_42Years_Female_AmericanIndianAndAlaskaNativeAlone","[]","[]","[]","[CensusPEPSurvey_Race2000Onwards]"
"51","2020","Count_Person_68Years_Female_NotHispanicOrLatino_BlackOrAfricanAmericanAlone","[]","[]","[]","[CensusPEPSurvey_Race2000Onwards]"
"51","2020","Count_Person_34Years_Male_AmericanIndianAndAlaskaNativeAlone","[]","[]","[]","[CensusPEPSurvey_Race2000Onwards]"
"51","2020","Count_Person_82Years_Female_AsianAlone","[]","[]","[]","[CensusPEPSurvey_Race2000Onwards]"
"51","2020","Count_Person_50Years_Male_NativeHawaiianAndOtherPacificIslanderAlone","[]","[]","[]","[CensusPEPSurvey_Race2000Onwards]"
"51","2020","Count_Person_10Years_Female_AmericanIndianAndAlaskaNativeAlone","[]","[]","[]","[CensusPEPSurvey_Race2000Onwards]"
"51","2020","Count_Person_65Years_Male_NotHispanicOrLatino_WhiteAlone","[]","[]","[]","[CensusPEPSurvey_Race2000Onwards]"
"51","2020","Count_Person_34Years_NotHispanicOrLatino_NativeHawaiianAndOtherPacificIslanderAlone","[]","[]","[]","[CensusPEPSurvey_Race2000Onwards]"
"51","2020","Count_Person_13Years_Female_HispanicOrLatino_AsianAlone","[]","[]","[]","[CensusPEPSurvey_Race2000Onwards]"
"51","2020","Count_Person_4Years_HispanicOrLatino_WhiteAlone","[]","[]","[]","[CensusPEPSurvey_Race2000Onwards]"
"51","2020","Count_Person_33Years_BlackOrAfricanAmericanAlone","[]","[]","[]","[CensusPEPSurvey_Race2000Onwards]"
"51","2020","Count_Person_45Years_Female_NotHispanicOrLatino_WhiteAlone","[]","[]","[]","[CensusPEPSurvey_Race2000Onwards]"
"51","2020","Count_Person_47Years_HispanicOrLatino_AmericanIndianAndAlaskaNativeAlone","[]","[]","[]","[CensusPEPSurvey_Race2000Onwards]"
"51","2020","Count_Person_39Years_HispanicOrLatino_BlackOrAfricanAmericanAlone","[]","[]","[]","[CensusPEPSurvey_Race2000Onwards]"
"51","2020","Count_Person_27Years_Male_NotHispanicOrLatino_NativeHawaiianAndOtherPacificIslanderAlone","[]","[]","[]","[CensusPEPSurvey_Race2000Onwards]"
"51","2020","Count_Person_85Years_Female_NotHispanicOrLatino_NativeHawaiianAndOtherPacificIslanderAlone","[]","[]","[]","[CensusPEPSurvey_Race2000Onwards]"
"51","2020","Count_Person_54Years_Male_HispanicOrLatino_NativeHawaiianAndOtherPacificIslanderAlone","[]","[]","[]","[CensusPEPSurvey_Race2000Onwards]"
"51","2020","Count_Person_77Years_NotHispanicOrLatino_AsianAlone","[]","[]","[]","[CensusPEPSurvey_Race2000Onwards]"
"51","2020","Count_Person_48Years_NotHispanicOrLatino_NativeHawaiianAndOtherPacificIslanderAlone","[]","[]","[]","[CensusPEPSurvey_Race2000Onwards]"
"51","2020","Count_Person_54Years_Female_BlackOrAfricanAmericanAlone","[]","[]","[]","[CensusPEPSurvey_Race2000Onwards]"
"51","2020","Count_Person_58Years_Male_TwoOrMoreRaces","[]","[]","[]","[CensusPEPSurvey_Race2000Onwards]"
"51","2020","Count_Person_34Years_Female_TwoOrMoreRaces","[]","[]","[]","[CensusPEPSurvey_Race2000Onwards]"
"51","2020","Count_Person_57Years_Male_NativeHawaiianAndOtherPacificIslanderAlone","[]","[]","[]","[CensusPEPSurvey_Race2000Onwards]"
"51","2020","Count_Person_73Years_Male_WhiteAlone","[]","[]","[]","[CensusPEPSurvey_Race2000Onwards]"
"51","2020","Count_Person_30Years_HispanicOrLatino_AsianAlone","[]","[]","[]","[CensusPEPSurvey_Race2000Onwards]"
"51","2020","Count_Person_72Years_Female_TwoOrMoreRaces","[]","[]","[]","[CensusPEPSurvey_Race2000Onwards]"
"51","2020","Count_Person_26Years_Male_HispanicOrLatino_TwoOrMoreRaces","[]","[]","[]","[CensusPEPSurvey_Race2000Onwards]"
"51","2020","Count_Person_56Years_Male_HispanicOrLatino_NativeHawaiianAndOtherPacificIslanderAlone","[]","[]","[]","[CensusPEPSurvey_Race2000Onwards]"
"51","2020","Count_Person_69Years_Male_HispanicOrLatino_AsianAlone","[]","[]","[]","[CensusPEPSurvey_Race2000Onwards]"
"51","2020","Count_Person_21Years_NotHispanicOrLatino_TwoOrMoreRaces","[]","[]","[]","[CensusPEPSurvey_Race2000Onwards]"
"51","2020","Count_Person_84Years_Female_NativeHawaiianAndOtherPacificIslanderAlone","[]","[]","[]","[CensusPEPSurvey_Race2000Onwards]"
"51","2020","Count_Person_78Years_NotHispanicOrLatino_AsianAlone","[]","[]","[]","[CensusPEPSurvey_Race2000Onwards]"
"51","2020","Count_Person_81Years_Male_HispanicOrLatino_WhiteAlone","[]","[]","[]","[CensusPEPSurvey_Race2000Onwards]"
"51","2020","Count_Person_44Years_BlackOrAfricanAmericanAlone","[]","[]","[]","[CensusPEPSurvey_Race2000Onwards]"
"51","2020","Count_Person_68Years_Female_NativeHawaiianAndOtherPacificIslanderAlone","[]","[]","[]","[CensusPEPSurvey_Race2000Onwards]"
"51","2020","Count_Person_25Years_Male_HispanicOrLatino_AsianAlone","[]","[]","[]","[CensusPEPSurvey_Race2000Onwards]"
"51","2020","Count_Person_37Years_Male_BlackOrAfricanAmericanAlone","[]","[]","[]","[CensusPEPSurvey_Race2000Onwards]"
"51","2020","Count_Person_72Years_NotHispanicOrLatino_WhiteAlone","[]","[]","[]","[CensusPEPSurvey_Race2000Onwards]"
"51","2020","Count_Person_79Years_Male_TwoOrMoreRaces","[]","[]","[]","[CensusPEPSurvey_Race2000Onwards]"
"51","2020","Count_Person_53Years_NotHispanicOrLatino_BlackOrAfricanAmericanAlone","[]","[]","[]","[CensusPEPSurvey_Race2000Onwards]"
"51","2020","Count_Person_59Years_AmericanIndianAndAlaskaNativeAlone","[]","[]","[]","[CensusPEPSurvey_Race2000Onwards]"
"51","2020","Count_Person_7Years_Female_NotHispanicOrLatino_TwoOrMoreRaces","[]","[]","[]","[CensusPEPSurvey_Race2000Onwards]"
"51","2020","Count_Person_55Years_BlackOrAfricanAmericanAlone","[]","[]","[]","[CensusPEPSurvey_Race2000Onwards]"
"51","2020","Count_Person_68Years_Female_HispanicOrLatino_NativeHawaiianAndOtherPacificIslanderAlone","[]","[]","[]","[CensusPEPSurvey_Race2000Onwards]"
"51","2020","Count_Person_37Years_Male_NotHispanicOrLatino_AsianAlone","[]","[]","[]","[CensusPEPSurvey_Race2000Onwards]"
"51","2020","Count_Person_37Years_Female_BlackOrAfricanAmericanAlone","[]","[]","[]","[CensusPEPSurvey_Race2000Onwards]"
"51","2020","Count_Person_82Years_TwoOrMoreRaces","[]","[]","[]","[CensusPEPSurvey_Race2000Onwards]"
"51","2020","Count_Person_14Years_Female_AmericanIndianAndAlaskaNativeAlone","[]","[]","[]","[CensusPEPSurvey_Race2000Onwards]"
"51","2020","Count_Person_41Years_AmericanIndianAndAlaskaNativeAlone","[]","[]","[]","[CensusPEPSurvey_Race2000Onwards]"
"51","2020","Count_Person_67Years_Female_HispanicOrLatino_NativeHawaiianAndOtherPacificIslanderAlone","[]","[]","[]","[CensusPEPSurvey_Race2000Onwards]"
"51","2020","Count_Person_44Years_Male_NotHispanicOrLatino_WhiteAlone","[]","[]","[]","[CensusPEPSurvey_Race2000Onwards]"
"51","2020","Count_Person_40Years_Female_NotHispanicOrLatino_WhiteAlone","[]","[]","[]","[CensusPEPSurvey_Race2000Onwards]"
"51","2020","Count_Person_0Years_Female_NativeHawaiianAndOtherPacificIslanderAlone","[]","[]","[]","[CensusPEPSurvey_Race2000Onwards]"
"51","2020","Count_Person_30Years_Female_HispanicOrLatino_AsianAlone","[]","[]","[]","[CensusPEPSurvey_Race2000Onwards]"
"51","2020","Count_Person_58Years_Male_HispanicOrLatino_NativeHawaiianAndOtherPacificIslanderAlone","[]","[]","[]","[CensusPEPSurvey_Race2000Onwards]"
"51","2020","Count_Person_69Years_Female_HispanicOrLatino_NativeHawaiianAndOtherPacificIslanderAlone","[]","[]","[]","[CensusPEPSurvey_Race2000Onwards]"
"51","2020","Count_Person_27Years_Female_NativeHawaiianAndOtherPacificIslanderAlone","[]","[]","[]","[CensusPEPSurvey_Race2000Onwards]"
"51","2020","Count_Person_47Years_HispanicOrLatino_TwoOrMoreRaces","[]","[]","[]","[CensusPEPSurvey_Race2000Onwards]"
"51","2020","Count_Person_19Years_Male_AsianAlone","[]","[]","[]","[CensusPEPSurvey_Race2000Onwards]"
"51","2020","Count_Person_53Years_HispanicOrLatino_TwoOrMoreRaces","[]","[]","[]","[CensusPEPSurvey_Race2000Onwards]"
"51","2020","Count_Person_31Years_Female_NotHispanicOrLatino_AsianAlone","[]","[]","[]","[CensusPEPSurvey_Race2000Onwards]"
"51","2020","Count_Person_76Years_AmericanIndianAndAlaskaNativeAlone","[]","[]","[]","[CensusPEPSurvey_Race2000Onwards]"
"51","2020","Count_Person_17Years_Female_AsianAlone","[]","[]","[]","[CensusPEPSurvey_Race2000Onwards]"
"51","2020","Count_Person_36Years_Female_NotHispanicOrLatino_AsianAlone","[]","[]","[]","[CensusPEPSurvey_Race2000Onwards]"
"51","2020","Count_Person_65Years_Male_HispanicOrLatino_AmericanIndianAndAlaskaNativeAlone","[]","[]","[]","[CensusPEPSurvey_Race2000Onwards]"
"51","2020","Count_Person_65Years_Female_HispanicOrLatino_WhiteAlone","[]","[]","[]","[CensusPEPSurvey_Race2000Onwards]"
"51","2020","Count_Person_27Years_WhiteAlone","[]","[]","[]","[CensusPEPSurvey_Race2000Onwards]"
"51","2020","Count_Person_12Years_WhiteAlone","[]","[]","[]","[CensusPEPSurvey_Race2000Onwards]"
"51","2020","Count_Person_39Years_NotHispanicOrLatino_TwoOrMoreRaces","[]","[]","[]","[CensusPEPSurvey_Race2000Onwards]"
"51","2020","Count_Person_60Years_Male_HispanicOrLatino_AsianAlone","[]","[]","[]","[CensusPEPSurvey_Race2000Onwards]"
"51","2020","Count_Person_25Years_Female_NotHispanicOrLatino_BlackOrAfricanAmericanAlone","[]","[]","[]","[CensusPEPSurvey_Race2000Onwards]"
"51","2020","Count_Person_66Years_BlackOrAfricanAmericanAlone","[]","[]","[]","[CensusPEPSurvey_Race2000Onwards]"
"51","2020","Count_Person_16Years_Male_TwoOrMoreRaces","[]","[]","[]","[CensusPEPSurvey_Race2000Onwards]"
"51","2020","Count_Person_31Years_Female_WhiteAlone","[]","[]","[]","[CensusPEPSurvey_Race2000Onwards]"
"51","2020","Count_Person_47Years_Female_NotHispanicOrLatino_NativeHawaiianAndOtherPacificIslanderAlone","[]","[]","[]","[CensusPEPSurvey_Race2000Onwards]"
"51","2020","Count_Person_66Years_HispanicOrLatino_TwoOrMoreRaces","[]","[]","[]","[CensusPEPSurvey_Race2000Onwards]"
"51","2020","Count_Person_29Years_Female_HispanicOrLatino_BlackOrAfricanAmericanAlone","[]","[]","[]","[CensusPEPSurvey_Race2000Onwards]"
"51","2020","Count_Person_15Years_Female_TwoOrMoreRaces","[]","[]","[]","[CensusPEPSurvey_Race2000Onwards]"
"51","2020","Count_Person_73Years_NotHispanicOrLatino_WhiteAlone","[]","[]","[]","[CensusPEPSurvey_Race2000Onwards]"
"51","2020","Count_Person_22Years_Male_BlackOrAfricanAmericanAlone","[]","[]","[]","[CensusPEPSurvey_Race2000Onwards]"
"51","2020","Count_Person_76Years_NotHispanicOrLatino_AsianAlone","[]","[]","[]","[CensusPEPSurvey_Race2000Onwards]"
"51","2020","Count_Person_20Years_NotHispanicOrLatino_NativeHawaiianAndOtherPacificIslanderAlone","[]","[]","[]","[CensusPEPSurvey_Race2000Onwards]"
"51","2020","Count_Person_50Years_Female_AsianAlone","[]","[]","[]","[CensusPEPSurvey_Race2000Onwards]"
"51","2020","Count_Person_5Years_Male_NotHispanicOrLatino_AsianAlone","[]","[]","[]","[CensusPEPSurvey_Race2000Onwards]"
"51","2020","Count_Person_19Years_Female_NativeHawaiianAndOtherPacificIslanderAlone","[]","[]","[]","[CensusPEPSurvey_Race2000Onwards]"
"51","2020","Count_Person_73Years_NotHispanicOrLatino_NativeHawaiianAndOtherPacificIslanderAlone","[]","[]","[]","[CensusPEPSurvey_Race2000Onwards]"
"51","2020","Count_Person_80Years_Female_NotHispanicOrLatino_AsianAlone","[]","[]","[]","[CensusPEPSurvey_Race2000Onwards]"
"51","2020","Count_Person_79Years_Male_NativeHawaiianAndOtherPacificIslanderAlone","[]","[]","[]","[CensusPEPSurvey_Race2000Onwards]"
"51","2020","Count_Person_63Years_TwoOrMoreRaces","[]","[]","[]","[CensusPEPSurvey_Race2000Onwards]"
"51","2020","Count_Person_74Years_NotHispanicOrLatino_AsianAlone","[]","[]","[]","[CensusPEPSurvey_Race2000Onwards]"
"51","2020","Count_Person_9Years_Female_HispanicOrLatino_AsianAlone","[]","[]","[]","[CensusPEPSurvey_Race2000Onwards]"
"51","2020","Count_Person_75Years_Female_HispanicOrLatino_AmericanIndianAndAlaskaNativeAlone","[]","[]","[]","[CensusPEPSurvey_Race2000Onwards]"
"51","2020","Count_Person_23Years_AmericanIndianAndAlaskaNativeAlone","[]","[]","[]","[CensusPEPSurvey_Race2000Onwards]"
"51","2020","Count_Person_73Years_AsianAlone","[]","[]","[]","[CensusPEPSurvey_Race2000Onwards]"
"51","2020","Count_Person_22Years_Male_WhiteAlone","[]","[]","[]","[CensusPEPSurvey_Race2000Onwards]"
"51","2020","Count_Person_62Years_Female_HispanicOrLatino_NativeHawaiianAndOtherPacificIslanderAlone","[]","[]","[]","[CensusPEPSurvey_Race2000Onwards]"
"51","2020","Count_Person_16Years_Male_NotHispanicOrLatino_AsianAlone","[]","[]","[]","[CensusPEPSurvey_Race2000Onwards]"
"51","2020","Count_Person_85Years_Female_NotHispanicOrLatino_WhiteAlone","[]","[]","[]","[CensusPEPSurvey_Race2000Onwards]"
"51","2020","Count_Person_49Years_Female_WhiteAlone","[]","[]","[]","[CensusPEPSurvey_Race2000Onwards]"
"51","2020","Count_Person_57Years_NotHispanicOrLatino_TwoOrMoreRaces","[]","[]","[]","[CensusPEPSurvey_Race2000Onwards]"
"51","2020","Count_Person_64Years_Female_HispanicOrLatino_NativeHawaiianAndOtherPacificIslanderAlone","[]","[]","[]","[CensusPEPSurvey_Race2000Onwards]"
"51","2020","Count_Person_63Years_Female_HispanicOrLatino_NativeHawaiianAndOtherPacificIslanderAlone","[]","[]","[]","[CensusPEPSurvey_Race2000Onwards]"
"51","2020","Count_Person_78Years_Female_AmericanIndianAndAlaskaNativeAlone","[]","[]","[]","[CensusPEPSurvey_Race2000Onwards]"
"51","2020","Count_Person_74Years_Male_NotHispanicOrLatino_TwoOrMoreRaces","[]","[]","[]","[CensusPEPSurvey_Race2000Onwards]"
"51","2020","Count_Person_40Years_HispanicOrLatino_BlackOrAfricanAmericanAlone","[]","[]","[]","[CensusPEPSurvey_Race2000Onwards]"
"51","2020","Count_Person_55Years_AsianAlone","[]","[]","[]","[CensusPEPSurvey_Race2000Onwards]"
"51","2020","Count_Person_76Years_Male_HispanicOrLatino_TwoOrMoreRaces","[]","[]","[]","[CensusPEPSurvey_Race2000Onwards]"
"51","2020","Count_Person_7Years_Male_NotHispanicOrLatino_TwoOrMoreRaces","[]","[]","[]","[CensusPEPSurvey_Race2000Onwards]"
"51","2020","Count_Person_65Years_Female_HispanicOrLatino_NativeHawaiianAndOtherPacificIslanderAlone","[]","[]","[]","[CensusPEPSurvey_Race2000Onwards]"
"51","2020","Count_Person_74Years_NotHispanicOrLatino_AmericanIndianAndAlaskaNativeAlone","[]","[]","[]","[CensusPEPSurvey_Race2000Onwards]"
"51","2020","Count_Person_7Years_BlackOrAfricanAmericanAlone","[]","[]","[]","[CensusPEPSurvey_Race2000Onwards]"
"51","2020","Count_Person_71Years_HispanicOrLatino_BlackOrAfricanAmericanAlone","[]","[]","[]","[CensusPEPSurvey_Race2000Onwards]"
"51","2020","Count_Person_40Years_AsianAlone","[]","[]","[]","[CensusPEPSurvey_Race2000Onwards]"
"51","2020","Count_Person_31Years_Male_NotHispanicOrLatino_TwoOrMoreRaces","[]","[]","[]","[CensusPEPSurvey_Race2000Onwards]"
"51","2020","Count_Person_4Years_Male_NotHispanicOrLatino_BlackOrAfricanAmericanAlone","[]","[]","[]","[CensusPEPSurvey_Race2000Onwards]"
"51","2020","Count_Person_27Years_Female_HispanicOrLatino_AmericanIndianAndAlaskaNativeAlone","[]","[]","[]","[CensusPEPSurvey_Race2000Onwards]"
"51","2020","Count_Person_19Years_HispanicOrLatino_AmericanIndianAndAlaskaNativeAlone","[]","[]","[]","[CensusPEPSurvey_Race2000Onwards]"
"51","2020","Count_Person_36Years_Male_WhiteAlone","[]","[]","[]","[CensusPEPSurvey_Race2000Onwards]"
"51","2020","Count_Person_74Years_NotHispanicOrLatino_TwoOrMoreRaces","[]","[]","[]","[CensusPEPSurvey_Race2000Onwards]"
"51","2020","Count_Person_37Years_AsianAlone","[]","[]","[]","[CensusPEPSurvey_Race2000Onwards]"
"51","2020","Count_Person_8Years_Female_HispanicOrLatino_TwoOrMoreRaces","[]","[]","[]","[CensusPEPSurvey_Race2000Onwards]"
"51","2020","Count_Person_83Years_Female_HispanicOrLatino_WhiteAlone","[]","[]","[]","[CensusPEPSurvey_Race2000Onwards]"
"51","2020","Count_Person_41Years_Female_NotHispanicOrLatino_BlackOrAfricanAmericanAlone","[]","[]","[]","[CensusPEPSurvey_Race2000Onwards]"
"51","2020","Count_Person_40Years_HispanicOrLatino_TwoOrMoreRaces","[]","[]","[]","[CensusPEPSurvey_Race2000Onwards]"
"51","2020","Count_Person_58Years_Male_NotHispanicOrLatino_WhiteAlone","[]","[]","[]","[CensusPEPSurvey_Race2000Onwards]"
"51","2020","Count_Person_22Years_AsianAlone","[]","[]","[]","[CensusPEPSurvey_Race2000Onwards]"
"51","2020","Count_Person_66Years_Female_HispanicOrLatino_NativeHawaiianAndOtherPacificIslanderAlone","[]","[]","[]","[CensusPEPSurvey_Race2000Onwards]"
"51","2020","Count_Person_42Years_Male_AsianAlone","[]","[]","[]","[CensusPEPSurvey_Race2000Onwards]"
"51","2020","Count_Person_34Years_HispanicOrLatino_NativeHawaiianAndOtherPacificIslanderAlone","[]","[]","[]","[CensusPEPSurvey_Race2000Onwards]"
"51","2020","Count_Person_74Years_HispanicOrLatino_NativeHawaiianAndOtherPacificIslanderAlone","[]","[]","[]","[CensusPEPSurvey_Race2000Onwards]"
"51","2020","Count_Person_47Years_Female_TwoOrMoreRaces","[]","[]","[]","[CensusPEPSurvey_Race2000Onwards]"
"51","2020","Count_Person_3Years_HispanicOrLatino_TwoOrMoreRaces","[]","[]","[]","[CensusPEPSurvey_Race2000Onwards]"
"51","2020","Count_Person_56Years_Male_AsianAlone","[]","[]","[]","[CensusPEPSurvey_Race2000Onwards]"
"51","2020","Count_Person_75Years_NotHispanicOrLatino_WhiteAlone","[]","[]","[]","[CensusPEPSurvey_Race2000Onwards]"
"51","2020","Count_Person_77Years_BlackOrAfricanAmericanAlone","[]","[]","[]","[CensusPEPSurvey_Race2000Onwards]"
"51","2020","Count_Person_21Years_Male_NativeHawaiianAndOtherPacificIslanderAlone","[]","[]","[]","[CensusPEPSurvey_Race2000Onwards]"
"51","2020","Count_Person_2Years_Male_AmericanIndianAndAlaskaNativeAlone","[]","[]","[]","[CensusPEPSurvey_Race2000Onwards]"
"51","2020","Count_Person_19Years_AsianAlone","[]","[]","[]","[CensusPEPSurvey_Race2000Onwards]"
"51","2020","Count_Person_74Years_Male_NotHispanicOrLatino_BlackOrAfricanAmericanAlone","[]","[]","[]","[CensusPEPSurvey_Race2000Onwards]"
"51","2020","Count_Person_16Years_NativeHawaiianAndOtherPacificIslanderAlone","[]","[]","[]","[CensusPEPSurvey_Race2000Onwards]"
"51","2020","Count_Person_26Years_Female_HispanicOrLatino_BlackOrAfricanAmericanAlone","[]","[]","[]","[CensusPEPSurvey_Race2000Onwards]"
"51","2020","Count_Person_41Years_HispanicOrLatino_WhiteAlone","[]","[]","[]","[CensusPEPSurvey_Race2000Onwards]"
"51","2020","Count_Person_70Years_Female_AmericanIndianAndAlaskaNativeAlone","[]","[]","[]","[CensusPEPSurvey_Race2000Onwards]"
"51","2020","Count_Person_72Years_NotHispanicOrLatino_AsianAlone","[]","[]","[]","[CensusPEPSurvey_Race2000Onwards]"
"51","2020","Count_Person_44Years_TwoOrMoreRaces","[]","[]","[]","[CensusPEPSurvey_Race2000Onwards]"
"51","2020","Count_Person_85Years_Female_NotHispanicOrLatino_AmericanIndianAndAlaskaNativeAlone","[]","[]","[]","[CensusPEPSurvey_Race2000Onwards]"
"51","2020","Count_Person_5Years_Female_HispanicOrLatino_BlackOrAfricanAmericanAlone","[]","[]","[]","[CensusPEPSurvey_Race2000Onwards]"
"51","2020","Count_Person_63Years_NotHispanicOrLatino_AmericanIndianAndAlaskaNativeAlone","[]","[]","[]","[CensusPEPSurvey_Race2000Onwards]"
"51","2020","Count_Person_55Years_Female_HispanicOrLatino_NativeHawaiianAndOtherPacificIslanderAlone","[]","[]","[]","[CensusPEPSurvey_Race2000Onwards]"
"51","2020","Count_Person_2Years_NotHispanicOrLatino_AmericanIndianAndAlaskaNativeAlone","[]","[]","[]","[CensusPEPSurvey_Race2000Onwards]"
"51","2020","Count_Person_73Years_WhiteAlone","[]","[]","[]","[CensusPEPSurvey_Race2000Onwards]"
"51","2020","Count_Person_26Years_Male_NotHispanicOrLatino_NativeHawaiianAndOtherPacificIslanderAlone","[]","[]","[]","[CensusPEPSurvey_Race2000Onwards]"
"51","2020","Count_Person_8Years_HispanicOrLatino_NativeHawaiianAndOtherPacificIslanderAlone","[]","[]","[]","[CensusPEPSurvey_Race2000Onwards]"
"51","2020","Count_Person_54Years_Male_HispanicOrLatino_AsianAlone","[]","[]","[]","[CensusPEPSurvey_Race2000Onwards]"
"51","2020","Count_Person_30Years_HispanicOrLatino_WhiteAlone","[]","[]","[]","[CensusPEPSurvey_Race2000Onwards]"
"51","2020","Count_Person_78Years_TwoOrMoreRaces","[]","[]","[]","[CensusPEPSurvey_Race2000Onwards]"
"51","2020","Count_Person_52Years_Male_HispanicOrLatino_WhiteAlone","[]","[]","[]","[CensusPEPSurvey_Race2000Onwards]"
"51","2020","Count_Person_14Years_Male_NotHispanicOrLatino_BlackOrAfricanAmericanAlone","[]","[]","[]","[CensusPEPSurvey_Race2000Onwards]"
"51","2020","Count_Person_73Years_NotHispanicOrLatino_AsianAlone","[]","[]","[]","[CensusPEPSurvey_Race2000Onwards]"
"51","2020","Count_Person_85Years_Female_HispanicOrLatino_BlackOrAfricanAmericanAlone","[]","[]","[]","[CensusPEPSurvey_Race2000Onwards]"
"51","2020","Count_Person_10Years_Male_HispanicOrLatino_AsianAlone","[]","[]","[]","[CensusPEPSurvey_Race2000Onwards]"
"51","2020","Count_Person_5Years_Male_HispanicOrLatino_AsianAlone","[]","[]","[]","[CensusPEPSurvey_Race2000Onwards]"
"51","2020","Count_Person_71Years_Female_HispanicOrLatino_TwoOrMoreRaces","[]","[]","[]","[CensusPEPSurvey_Race2000Onwards]"
"51","2020","Count_Person_51Years_Female_HispanicOrLatino_NativeHawaiianAndOtherPacificIslanderAlone","[]","[]","[]","[CensusPEPSurvey_Race2000Onwards]"
"51","2020","Count_Person_19Years_Female_BlackOrAfricanAmericanAlone","[]","[]","[]","[CensusPEPSurvey_Race2000Onwards]"
"51","2020","Count_Person_60Years_Male_HispanicOrLatino_TwoOrMoreRaces","[]","[]","[]","[CensusPEPSurvey_Race2000Onwards]"
"51","2020","Count_Person_84Years_Male_TwoOrMoreRaces","[]","[]","[]","[CensusPEPSurvey_Race2000Onwards]"
"51","2020","Count_Person_53Years_Female_HispanicOrLatino_NativeHawaiianAndOtherPacificIslanderAlone","[]","[]","[]","[CensusPEPSurvey_Race2000Onwards]"
"51","2020","Count_Person_56Years_NotHispanicOrLatino_TwoOrMoreRaces","[]","[]","[]","[CensusPEPSurvey_Race2000Onwards]"
"51","2020","Count_Person_40Years_Female_NotHispanicOrLatino_AsianAlone","[]","[]","[]","[CensusPEPSurvey_Race2000Onwards]"
"51","2020","Count_Person_58Years_HispanicOrLatino_BlackOrAfricanAmericanAlone","[]","[]","[]","[CensusPEPSurvey_Race2000Onwards]"
"51","2020","Count_Person_77Years_AmericanIndianAndAlaskaNativeAlone","[]","[]","[]","[CensusPEPSurvey_Race2000Onwards]"
"51","2020","Count_Person_10Years_Male_HispanicOrLatino_TwoOrMoreRaces","[]","[]","[]","[CensusPEPSurvey_Race2000Onwards]"
"51","2020","Count_Person_31Years_Female_AsianAlone","[]","[]","[]","[CensusPEPSurvey_Race2000Onwards]"
"51","2020","Count_Person_54Years_Female_NotHispanicOrLatino_WhiteAlone","[]","[]","[]","[CensusPEPSurvey_Race2000Onwards]"
"51","2020","Count_Person_79Years_NotHispanicOrLatino_WhiteAlone","[]","[]","[]","[CensusPEPSurvey_Race2000Onwards]"
"51","2020","Count_Person_54Years_Male_HispanicOrLatino_TwoOrMoreRaces","[]","[]","[]","[CensusPEPSurvey_Race2000Onwards]"
"51","2020","Count_Person_54Years_Female_HispanicOrLatino_BlackOrAfricanAmericanAlone","[]","[]","[]","[CensusPEPSurvey_Race2000Onwards]"
"51","2020","Count_Person_64Years_Female_NotHispanicOrLatino_TwoOrMoreRaces","[]","[]","[]","[CensusPEPSurvey_Race2000Onwards]"
"51","2020","Count_Person_6Years_Female_WhiteAlone","[]","[]","[]","[CensusPEPSurvey_Race2000Onwards]"
"51","2020","Count_Person_7Years_NotHispanicOrLatino_AmericanIndianAndAlaskaNativeAlone","[]","[]","[]","[CensusPEPSurvey_Race2000Onwards]"
"51","2020","Count_Person_28Years_Female_TwoOrMoreRaces","[]","[]","[]","[CensusPEPSurvey_Race2000Onwards]"
"51","2020","Count_Person_74Years_NotHispanicOrLatino_NativeHawaiianAndOtherPacificIslanderAlone","[]","[]","[]","[CensusPEPSurvey_Race2000Onwards]"
"51","2020","Count_Person_84Years_Female_HispanicOrLatino_AsianAlone","[]","[]","[]","[CensusPEPSurvey_Race2000Onwards]"
"51","2020","Count_Person_32Years_Female_NotHispanicOrLatino_TwoOrMoreRaces","[]","[]","[]","[CensusPEPSurvey_Race2000Onwards]"
"51","2020","Count_Person_59Years_Female_HispanicOrLatino_NativeHawaiianAndOtherPacificIslanderAlone","[]","[]","[]","[CensusPEPSurvey_Race2000Onwards]"
"51","2020","Count_Person_31Years_Male_NotHispanicOrLatino_NativeHawaiianAndOtherPacificIslanderAlone","[]","[]","[]","[CensusPEPSurvey_Race2000Onwards]"
"51","2020","Count_Person_53Years_Male_HispanicOrLatino_BlackOrAfricanAmericanAlone","[]","[]","[]","[CensusPEPSurvey_Race2000Onwards]"
"51","2020","Count_Person_23Years_Male_NotHispanicOrLatino_WhiteAlone","[]","[]","[]","[CensusPEPSurvey_Race2000Onwards]"
"51","2020","Count_Person_51Years_Male_NotHispanicOrLatino_TwoOrMoreRaces","[]","[]","[]","[CensusPEPSurvey_Race2000Onwards]"
"51","2020","Count_Person_31Years_Male_HispanicOrLatino_AsianAlone","[]","[]","[]","[CensusPEPSurvey_Race2000Onwards]"
"51","2020","Count_Person_57Years_Female_HispanicOrLatino_NativeHawaiianAndOtherPacificIslanderAlone","[]","[]","[]","[CensusPEPSurvey_Race2000Onwards]"
"51","2020","Count_Person_31Years_Male_HispanicOrLatino_WhiteAlone","[]","[]","[]","[CensusPEPSurvey_Race2000Onwards]"
"51","2020","Count_Person_80Years_Male_NotHispanicOrLatino_TwoOrMoreRaces","[]","[]","[]","[CensusPEPSurvey_Race2000Onwards]"
"51","2020","Count_Person_21Years_HispanicOrLatino_TwoOrMoreRaces","[]","[]","[]","[CensusPEPSurvey_Race2000Onwards]"
"51","2020","Count_Person_57Years_Female_HispanicOrLatino_BlackOrAfricanAmericanAlone","[]","[]","[]","[CensusPEPSurvey_Race2000Onwards]"
"51","2020","Count_Person_17Years_Female_WhiteAlone","[]","[]","[]","[CensusPEPSurvey_Race2000Onwards]"
"51","2020","Count_Person_78Years_NotHispanicOrLatino_WhiteAlone","[]","[]","[]","[CensusPEPSurvey_Race2000Onwards]"
"51","2020","Count_Person_18Years_Female_AmericanIndianAndAlaskaNativeAlone","[]","[]","[]","[CensusPEPSurvey_Race2000Onwards]"
"51","2020","Count_Person_81Years_Male_HispanicOrLatino_AsianAlone","[]","[]","[]","[CensusPEPSurvey_Race2000Onwards]"
"51","2020","Count_Person_82Years_NotHispanicOrLatino_BlackOrAfricanAmericanAlone","[]","[]","[]","[CensusPEPSurvey_Race2000Onwards]"
"51","2020","Count_Person_73Years_Male_AsianAlone","[]","[]","[]","[CensusPEPSurvey_Race2000Onwards]"
"51","2020","Count_Person_80Years_Female_NotHispanicOrLatino_AmericanIndianAndAlaskaNativeAlone","[]","[]","[]","[CensusPEPSurvey_Race2000Onwards]"
"51","2020","Count_Person_79Years_Male_NotHispanicOrLatino_WhiteAlone","[]","[]","[]","[CensusPEPSurvey_Race2000Onwards]"
"51","2020","Count_Person_4Years_Female_HispanicOrLatino_TwoOrMoreRaces","[]","[]","[]","[CensusPEPSurvey_Race2000Onwards]"
"51","2020","Count_Person_2Years_Male_NotHispanicOrLatino_AmericanIndianAndAlaskaNativeAlone","[]","[]","[]","[CensusPEPSurvey_Race2000Onwards]"
"51","2020","Count_Person_68Years_Female_AsianAlone","[]","[]","[]","[CensusPEPSurvey_Race2000Onwards]"
"51","2020","Count_Person_84Years_HispanicOrLatino_NativeHawaiianAndOtherPacificIslanderAlone","[]","[]","[]","[CensusPEPSurvey_Race2000Onwards]"
"51","2020","Count_Person_30Years_Female_HispanicOrLatino_WhiteAlone","[]","[]","[]","[CensusPEPSurvey_Race2000Onwards]"
"51","2020","Count_Person_24Years_HispanicOrLatino_NativeHawaiianAndOtherPacificIslanderAlone","[]","[]","[]","[CensusPEPSurvey_Race2000Onwards]"
"51","2020","Count_Person_75Years_Male_HispanicOrLatino_AsianAlone","[]","[]","[]","[CensusPEPSurvey_Race2000Onwards]"
"51","2020","Count_Person_29Years_Female_NotHispanicOrLatino_TwoOrMoreRaces","[]","[]","[]","[CensusPEPSurvey_Race2000Onwards]"
"51","2020","Count_Person_74Years_NotHispanicOrLatino_WhiteAlone","[]","[]","[]","[CensusPEPSurvey_Race2000Onwards]"
"51","2020","Count_Person_24Years_NativeHawaiianAndOtherPacificIslanderAlone","[]","[]","[]","[CensusPEPSurvey_Race2000Onwards]"
"51","2020","Count_Person_37Years_Male_HispanicOrLatino_BlackOrAfricanAmericanAlone","[]","[]","[]","[CensusPEPSurvey_Race2000Onwards]"
"51","2020","Count_Person_33Years_Female_HispanicOrLatino_BlackOrAfricanAmericanAlone","[]","[]","[]","[CensusPEPSurvey_Race2000Onwards]"
"51","2020","Count_Person_78Years_Female_HispanicOrLatino_AmericanIndianAndAlaskaNativeAlone","[]","[]","[]","[CensusPEPSurvey_Race2000Onwards]"
"51","2020","Count_Person_20Years_NotHispanicOrLatino_TwoOrMoreRaces","[]","[]","[]","[CensusPEPSurvey_Race2000Onwards]"
"51","2020","Count_Person_21Years_Female_NotHispanicOrLatino_NativeHawaiianAndOtherPacificIslanderAlone","[]","[]","[]","[CensusPEPSurvey_Race2000Onwards]"
"51","2020","Count_Person_14Years_HispanicOrLatino_NativeHawaiianAndOtherPacificIslanderAlone","[]","[]","[]","[CensusPEPSurvey_Race2000Onwards]"
"51","2020","Count_Person_43Years_HispanicOrLatino_NativeHawaiianAndOtherPacificIslanderAlone","[]","[]","[]","[CensusPEPSurvey_Race2000Onwards]"
"51","2020","Count_Person_4Years_TwoOrMoreRaces","[]","[]","[]","[CensusPEPSurvey_Race2000Onwards]"
"51","2020","Count_Person_6Years_Female_NotHispanicOrLatino_NativeHawaiianAndOtherPacificIslanderAlone","[]","[]","[]","[CensusPEPSurvey_Race2000Onwards]"
"51","2020","Count_Person_53Years_HispanicOrLatino_NativeHawaiianAndOtherPacificIslanderAlone","[]","[]","[]","[CensusPEPSurvey_Race2000Onwards]"
"51","2020","Count_Person_72Years_Female_HispanicOrLatino_NativeHawaiianAndOtherPacificIslanderAlone","[]","[]","[]","[CensusPEPSurvey_Race2000Onwards]"
"51","2020","Count_Person_20Years_Male_HispanicOrLatino_BlackOrAfricanAmericanAlone","[]","[]","[]","[CensusPEPSurvey_Race2000Onwards]"
"51","2020","Count_Person_72Years_Male_NotHispanicOrLatino_WhiteAlone","[]","[]","[]","[CensusPEPSurvey_Race2000Onwards]"
"51","2020","Count_Person_82Years_Female_HispanicOrLatino_BlackOrAfricanAmericanAlone","[]","[]","[]","[CensusPEPSurvey_Race2000Onwards]"
"51","2020","Count_Person_21Years_Male_TwoOrMoreRaces","[]","[]","[]","[CensusPEPSurvey_Race2000Onwards]"
"51","2020","Count_Person_52Years_Female_NotHispanicOrLatino_BlackOrAfricanAmericanAlone","[]","[]","[]","[CensusPEPSurvey_Race2000Onwards]"
"51","2020","Count_Person_17Years_TwoOrMoreRaces","[]","[]","[]","[CensusPEPSurvey_Race2000Onwards]"
"51","2020","Count_Person_47Years_NotHispanicOrLatino_AmericanIndianAndAlaskaNativeAlone","[]","[]","[]","[CensusPEPSurvey_Race2000Onwards]"
"51","2020","Count_Person_75Years_Female_HispanicOrLatino_TwoOrMoreRaces","[]","[]","[]","[CensusPEPSurvey_Race2000Onwards]"
"51","2020","Count_Person_12Years_AsianAlone","[]","[]","[]","[CensusPEPSurvey_Race2000Onwards]"
"51","2020","Count_Person_50Years_Female_WhiteAlone","[]","[]","[]","[CensusPEPSurvey_Race2000Onwards]"
"51","2020","Count_Person_60Years_Male_HispanicOrLatino_WhiteAlone","[]","[]","[]","[CensusPEPSurvey_Race2000Onwards]"
"51","2020","Count_Person_72Years_HispanicOrLatino_TwoOrMoreRaces","[]","[]","[]","[CensusPEPSurvey_Race2000Onwards]"
"51","2020","Count_Person_37Years_Male_TwoOrMoreRaces","[]","[]","[]","[CensusPEPSurvey_Race2000Onwards]"
"51","2020","Count_Person_4Years_HispanicOrLatino_AsianAlone","[]","[]","[]","[CensusPEPSurvey_Race2000Onwards]"
"51","2020","Count_Person_49Years_Female_HispanicOrLatino_AsianAlone","[]","[]","[]","[CensusPEPSurvey_Race2000Onwards]"
"51","2020","Count_Person_20Years_NotHispanicOrLatino_AmericanIndianAndAlaskaNativeAlone","[]","[]","[]","[CensusPEPSurvey_Race2000Onwards]"
"51","2020","Count_Person_70Years_Female_HispanicOrLatino_NativeHawaiianAndOtherPacificIslanderAlone","[]","[]","[]","[CensusPEPSurvey_Race2000Onwards]"
"51","2020","Count_Person_2Years_Female_HispanicOrLatino_BlackOrAfricanAmericanAlone","[]","[]","[]","[CensusPEPSurvey_Race2000Onwards]"
"51","2020","Count_Person_81Years_Female_NotHispanicOrLatino_AmericanIndianAndAlaskaNativeAlone","[]","[]","[]","[CensusPEPSurvey_Race2000Onwards]"
"51","2020","Count_Person_34Years_Female_HispanicOrLatino_AmericanIndianAndAlaskaNativeAlone","[]","[]","[]","[CensusPEPSurvey_Race2000Onwards]"
"51","2020","Count_Person_48Years_Male_HispanicOrLatino_TwoOrMoreRaces","[]","[]","[]","[CensusPEPSurvey_Race2000Onwards]"
"51","2020","Count_Person_52Years_HispanicOrLatino_BlackOrAfricanAmericanAlone","[]","[]","[]","[CensusPEPSurvey_Race2000Onwards]"
"51","2020","Count_Person_67Years_NativeHawaiianAndOtherPacificIslanderAlone","[]","[]","[]","[CensusPEPSurvey_Race2000Onwards]"
"51","2020","Count_Person_72Years_Female_NotHispanicOrLatino_NativeHawaiianAndOtherPacificIslanderAlone","[]","[]","[]","[CensusPEPSurvey_Race2000Onwards]"
"51","2020","Count_Person_44Years_Male_NotHispanicOrLatino_AsianAlone","[]","[]","[]","[CensusPEPSurvey_Race2000Onwards]"
"51","2020","Count_Person_3Years_Female_NotHispanicOrLatino_TwoOrMoreRaces","[]","[]","[]","[CensusPEPSurvey_Race2000Onwards]"
"51","2020","Count_Person_32Years_Male_HispanicOrLatino_TwoOrMoreRaces","[]","[]","[]","[CensusPEPSurvey_Race2000Onwards]"
"51","2020","Count_Person_68Years_Female_HispanicOrLatino_TwoOrMoreRaces","[]","[]","[]","[CensusPEPSurvey_Race2000Onwards]"
"51","2020","Count_Person_76Years_Female_WhiteAlone","[]","[]","[]","[CensusPEPSurvey_Race2000Onwards]"
"51","2020","Count_Person_75Years_NotHispanicOrLatino_BlackOrAfricanAmericanAlone","[]","[]","[]","[CensusPEPSurvey_Race2000Onwards]"
"51","2020","Count_Person_48Years_Female_HispanicOrLatino_AsianAlone","[]","[]","[]","[CensusPEPSurvey_Race2000Onwards]"
"51","2020","Count_Person_36Years_TwoOrMoreRaces","[]","[]","[]","[CensusPEPSurvey_Race2000Onwards]"
"51","2020","Count_Person_62Years_Male_AsianAlone","[]","[]","[]","[CensusPEPSurvey_Race2000Onwards]"
"51","2020","Count_Person_4Years_NotHispanicOrLatino_BlackOrAfricanAmericanAlone","[]","[]","[]","[CensusPEPSurvey_Race2000Onwards]"
"51","2020","Count_Person_4Years_Female_HispanicOrLatino_AmericanIndianAndAlaskaNativeAlone","[]","[]","[]","[CensusPEPSurvey_Race2000Onwards]"
"51","2020","Count_Person_11Years_BlackOrAfricanAmericanAlone","[]","[]","[]","[CensusPEPSurvey_Race2000Onwards]"
"51","2020","Count_Person_71Years_Female_NotHispanicOrLatino_AsianAlone","[]","[]","[]","[CensusPEPSurvey_Race2000Onwards]"
"51","2020","Count_Person_40Years_WhiteAlone","[]","[]","[]","[CensusPEPSurvey_Race2000Onwards]"
"51","2020","Count_Person_14Years_Female_HispanicOrLatino_AsianAlone","[]","[]","[]","[CensusPEPSurvey_Race2000Onwards]"
"51","2020","Count_Person_50Years_Male_HispanicOrLatino_NativeHawaiianAndOtherPacificIslanderAlone","[]","[]","[]","[CensusPEPSurvey_Race2000Onwards]"
"51","2020","Count_Person_55Years_WhiteAlone","[]","[]","[]","[CensusPEPSurvey_Race2000Onwards]"
"51","2020","Count_Person_49Years_Female_AsianAlone","[]","[]","[]","[CensusPEPSurvey_Race2000Onwards]"
"51","2020","Count_Person_83Years_Female_HispanicOrLatino_AsianAlone","[]","[]","[]","[CensusPEPSurvey_Race2000Onwards]"
"51","2020","Count_Person_27Years_Female_NotHispanicOrLatino_AsianAlone","[]","[]","[]","[CensusPEPSurvey_Race2000Onwards]"
"51","2020","Count_Person_53Years_Female_BlackOrAfricanAmericanAlone","[]","[]","[]","[CensusPEPSurvey_Race2000Onwards]"
"51","2020","Count_Person_37Years_WhiteAlone","[]","[]","[]","[CensusPEPSurvey_Race2000Onwards]"
"51","2020","Count_Person_15Years_HispanicOrLatino_TwoOrMoreRaces","[]","[]","[]","[CensusPEPSurvey_Race2000Onwards]"
"51","2020","Count_Person_76Years_Female_NativeHawaiianAndOtherPacificIslanderAlone","[]","[]","[]","[CensusPEPSurvey_Race2000Onwards]"
"51","2020","Count_Person_59Years_Male_NotHispanicOrLatino_BlackOrAfricanAmericanAlone","[]","[]","[]","[CensusPEPSurvey_Race2000Onwards]"
"51","2020","Count_Person_10Years_Female_NativeHawaiianAndOtherPacificIslanderAlone","[]","[]","[]","[CensusPEPSurvey_Race2000Onwards]"
"51","2020","Count_Person_43Years_Female_NativeHawaiianAndOtherPacificIslanderAlone","[]","[]","[]","[CensusPEPSurvey_Race2000Onwards]"
"51","2020","Count_Person_38Years_NotHispanicOrLatino_BlackOrAfricanAmericanAlone","[]","[]","[]","[CensusPEPSurvey_Race2000Onwards]"
"51","2020","Count_Person_0Years_Female_HispanicOrLatino_TwoOrMoreRaces","[]","[]","[]","[CensusPEPSurvey_Race2000Onwards]"
"51","2020","Count_Person_37Years_Female_NotHispanicOrLatino_NativeHawaiianAndOtherPacificIslanderAlone","[]","[]","[]","[CensusPEPSurvey_Race2000Onwards]"
"51","2020","Count_Person_75Years_NotHispanicOrLatino_TwoOrMoreRaces","[]","[]","[]","[CensusPEPSurvey_Race2000Onwards]"
"51","2020","Count_Person_64Years_Female_HispanicOrLatino_WhiteAlone","[]","[]","[]","[CensusPEPSurvey_Race2000Onwards]"
"51","2020","Count_Person_16Years_HispanicOrLatino_AmericanIndianAndAlaskaNativeAlone","[]","[]","[]","[CensusPEPSurvey_Race2000Onwards]"
"51","2020","Count_Person_33Years_Female_HispanicOrLatino_TwoOrMoreRaces","[]","[]","[]","[CensusPEPSurvey_Race2000Onwards]"
"51","2020","Count_Person_55Years_Male_HispanicOrLatino_BlackOrAfricanAmericanAlone","[]","[]","[]","[CensusPEPSurvey_Race2000Onwards]"
"51","2020","Count_Person_22Years_Male_AsianAlone","[]","[]","[]","[CensusPEPSurvey_Race2000Onwards]"
"51","2020","Count_Person_60Years_Male_AmericanIndianAndAlaskaNativeAlone","[]","[]","[]","[CensusPEPSurvey_Race2000Onwards]"
"51","2020","Count_Person_1Years_Female_NotHispanicOrLatino_BlackOrAfricanAmericanAlone","[]","[]","[]","[CensusPEPSurvey_Race2000Onwards]"
"51","2020","Count_Person_19Years_Female_NotHispanicOrLatino_WhiteAlone","[]","[]","[]","[CensusPEPSurvey_Race2000Onwards]"
"51","2020","Count_Person_38Years_Male_HispanicOrLatino_AmericanIndianAndAlaskaNativeAlone","[]","[]","[]","[CensusPEPSurvey_Race2000Onwards]"
"51","2020","Count_Person_46Years_HispanicOrLatino_WhiteAlone","[]","[]","[]","[CensusPEPSurvey_Race2000Onwards]"
"51","2020","Count_Person_55Years_TwoOrMoreRaces","[]","[]","[]","[CensusPEPSurvey_Race2000Onwards]"
"51","2020","Count_Person_3Years_Male_NotHispanicOrLatino_NativeHawaiianAndOtherPacificIslanderAlone","[]","[]","[]","[CensusPEPSurvey_Race2000Onwards]"
"51","2020","Count_Person_10Years_Female_HispanicOrLatino_TwoOrMoreRaces","[]","[]","[]","[CensusPEPSurvey_Race2000Onwards]"
"51","2020","Count_Person_6Years_Female_AsianAlone","[]","[]","[]","[CensusPEPSurvey_Race2000Onwards]"
"51","2020","Count_Person_47Years_Male_HispanicOrLatino_BlackOrAfricanAmericanAlone","[]","[]","[]","[CensusPEPSurvey_Race2000Onwards]"
"51","2020","Count_Person_18Years_Male_TwoOrMoreRaces","[]","[]","[]","[CensusPEPSurvey_Race2000Onwards]"
"51","2020","Count_Person_55Years_Female_AsianAlone","[]","[]","[]","[CensusPEPSurvey_Race2000Onwards]"
"51","2020","Count_Person_30Years_AsianAlone","[]","[]","[]","[CensusPEPSurvey_Race2000Onwards]"
"51","2020","Count_Person_13Years_Male_NativeHawaiianAndOtherPacificIslanderAlone","[]","[]","[]","[CensusPEPSurvey_Race2000Onwards]"
"51","2020","Count_Person_27Years_AsianAlone","[]","[]","[]","[CensusPEPSurvey_Race2000Onwards]"
"51","2020","Count_Person_31Years_Female_NotHispanicOrLatino_WhiteAlone","[]","[]","[]","[CensusPEPSurvey_Race2000Onwards]"
"51","2020","Count_Person_76Years_Female_NotHispanicOrLatino_WhiteAlone","[]","[]","[]","[CensusPEPSurvey_Race2000Onwards]"
"51","2020","Count_Person_79Years_Female_HispanicOrLatino_NativeHawaiianAndOtherPacificIslanderAlone","[]","[]","[]","[CensusPEPSurvey_Race2000Onwards]"
"51","2020","Count_Person_39Years_Male_TwoOrMoreRaces","[]","[]","[]","[CensusPEPSurvey_Race2000Onwards]"
"51","2020","Count_Person_41Years_Female_HispanicOrLatino_AmericanIndianAndAlaskaNativeAlone","[]","[]","[]","[CensusPEPSurvey_Race2000Onwards]"
"51","2020","Count_Person_2Years_BlackOrAfricanAmericanAlone","[]","[]","[]","[CensusPEPSurvey_Race2000Onwards]"
"51","2020","Count_Person_51Years_Female_HispanicOrLatino_BlackOrAfricanAmericanAlone","[]","[]","[]","[CensusPEPSurvey_Race2000Onwards]"
"51","2020","Count_Person_39Years_Male_HispanicOrLatino_BlackOrAfricanAmericanAlone","[]","[]","[]","[CensusPEPSurvey_Race2000Onwards]"
"51","2020","Count_Person_57Years_HispanicOrLatino_WhiteAlone","[]","[]","[]","[CensusPEPSurvey_Race2000Onwards]"
"51","2020","Count_Person_31Years_Female_NotHispanicOrLatino_NativeHawaiianAndOtherPacificIslanderAlone","[]","[]","[]","[CensusPEPSurvey_Race2000Onwards]"
"51","2020","Count_Person_24Years_HispanicOrLatino_WhiteAlone","[]","[]","[]","[CensusPEPSurvey_Race2000Onwards]"
"51","2020","Count_Person_15Years_NotHispanicOrLatino_AmericanIndianAndAlaskaNativeAlone","[]","[]","[]","[CensusPEPSurvey_Race2000Onwards]"
"51","2020","Count_Person_47Years_Male_HispanicOrLatino_NativeHawaiianAndOtherPacificIslanderAlone","[]","[]","[]","[CensusPEPSurvey_Race2000Onwards]"
"51","2020","Count_Person_67Years_Male_HispanicOrLatino_AmericanIndianAndAlaskaNativeAlone","[]","[]","[]","[CensusPEPSurvey_Race2000Onwards]"
"51","2020","Count_Person_61Years_Female_HispanicOrLatino_BlackOrAfricanAmericanAlone","[]","[]","[]","[CensusPEPSurvey_Race2000Onwards]"
"51","2020","Count_Person_61Years_Male_TwoOrMoreRaces","[]","[]","[]","[CensusPEPSurvey_Race2000Onwards]"
"51","2020","Count_Person_78Years_WhiteAlone","[]","[]","[]","[CensusPEPSurvey_Race2000Onwards]"
"51","2020","Count_Person_76Years_Female_HispanicOrLatino_NativeHawaiianAndOtherPacificIslanderAlone","[]","[]","[]","[CensusPEPSurvey_Race2000Onwards]"
"51","2020","Count_Person_23Years_Female_AsianAlone","[]","[]","[]","[CensusPEPSurvey_Race2000Onwards]"
"51","2020","Count_Person_45Years_AsianAlone","[]","[]","[]","[CensusPEPSurvey_Race2000Onwards]"
"51","2020","Count_Person_64Years_Female_HispanicOrLatino_TwoOrMoreRaces","[]","[]","[]","[CensusPEPSurvey_Race2000Onwards]"
"51","2020","Count_Person_16Years_NotHispanicOrLatino_BlackOrAfricanAmericanAlone","[]","[]","[]","[CensusPEPSurvey_Race2000Onwards]"
"51","2020","Count_Person_67Years_Female_HispanicOrLatino_AsianAlone","[]","[]","[]","[CensusPEPSurvey_Race2000Onwards]"
"51","2020","Count_Person_35Years_HispanicOrLatino_WhiteAlone","[]","[]","[]","[CensusPEPSurvey_Race2000Onwards]"
"51","2020","Count_Person_78Years_Female_HispanicOrLatino_BlackOrAfricanAmericanAlone","[]","[]","[]","[CensusPEPSurvey_Race2000Onwards]"
"51","2020","Count_Person_61Years_Male_HispanicOrLatino_AmericanIndianAndAlaskaNativeAlone","[]","[]","[]","[CensusPEPSurvey_Race2000Onwards]"
"51","2020","Count_Person_81Years_WhiteAlone","[]","[]","[]","[CensusPEPSurvey_Race2000Onwards]"
"51","2020","Count_Person_48Years_Male_AmericanIndianAndAlaskaNativeAlone","[]","[]","[]","[CensusPEPSurvey_Race2000Onwards]"
"51","2020","Count_Person_59Years_TwoOrMoreRaces","[]","[]","[]","[CensusPEPSurvey_Race2000Onwards]"
"51","2020","Count_Person_11Years_Male_NotHispanicOrLatino_TwoOrMoreRaces","[]","[]","[]","[CensusPEPSurvey_Race2000Onwards]"
"51","2020","Count_Person_45Years_Female_HispanicOrLatino_TwoOrMoreRaces","[]","[]","[]","[CensusPEPSurvey_Race2000Onwards]"
"51","2020","Count_Person_42Years_AmericanIndianAndAlaskaNativeAlone","[]","[]","[]","[CensusPEPSurvey_Race2000Onwards]"
"51","2020","Count_Person_32Years_Male_HispanicOrLatino_AmericanIndianAndAlaskaNativeAlone","[]","[]","[]","[CensusPEPSurvey_Race2000Onwards]"
"51","2020","Count_Person_53Years_Female_AmericanIndianAndAlaskaNativeAlone","[]","[]","[]","[CensusPEPSurvey_Race2000Onwards]"
"51","2020","Count_Person_75Years_Female_HispanicOrLatino_NativeHawaiianAndOtherPacificIslanderAlone","[]","[]","[]","[CensusPEPSurvey_Race2000Onwards]"
"51","2020","Count_Person_67Years_Female_NotHispanicOrLatino_AsianAlone","[]","[]","[]","[CensusPEPSurvey_Race2000Onwards]"
"51","2020","Count_Person_47Years_Female_HispanicOrLatino_WhiteAlone","[]","[]","[]","[CensusPEPSurvey_Race2000Onwards]"
"51","2020","Count_Person_47Years_NotHispanicOrLatino_NativeHawaiianAndOtherPacificIslanderAlone","[]","[]","[]","[CensusPEPSurvey_Race2000Onwards]"
"51","2020","Count_Person_10Years_NativeHawaiianAndOtherPacificIslanderAlone","[]","[]","[]","[CensusPEPSurvey_Race2000Onwards]"
"51","2020","Count_Person_65Years_Male_NotHispanicOrLatino_AsianAlone","[]","[]","[]","[CensusPEPSurvey_Race2000Onwards]"
"51","2020","Count_Person_73Years_HispanicOrLatino_NativeHawaiianAndOtherPacificIslanderAlone","[]","[]","[]","[CensusPEPSurvey_Race2000Onwards]"
"51","2020","Count_Person_3Years_NativeHawaiianAndOtherPacificIslanderAlone","[]","[]","[]","[CensusPEPSurvey_Race2000Onwards]"
"51","2020","Count_Person_62Years_Female_NotHispanicOrLatino_AsianAlone","[]","[]","[]","[CensusPEPSurvey_Race2000Onwards]"
"51","2020","Count_Person_63Years_HispanicOrLatino_NativeHawaiianAndOtherPacificIslanderAlone","[]","[]","[]","[CensusPEPSurvey_Race2000Onwards]"
"51","2020","Count_Person_63Years_WhiteAlone","[]","[]","[]","[CensusPEPSurvey_Race2000Onwards]"
"51","2020","Count_Person_49Years_NotHispanicOrLatino_NativeHawaiianAndOtherPacificIslanderAlone","[]","[]","[]","[CensusPEPSurvey_Race2000Onwards]"
"51","2020","Count_Person_52Years_NotHispanicOrLatino_AmericanIndianAndAlaskaNativeAlone","[]","[]","[]","[CensusPEPSurvey_Race2000Onwards]"
"51","2020","Count_Person_8Years_HispanicOrLatino_AsianAlone","[]","[]","[]","[CensusPEPSurvey_Race2000Onwards]"
"51","2020","Count_Person_59Years_Male_NotHispanicOrLatino_TwoOrMoreRaces","[]","[]","[]","[CensusPEPSurvey_Race2000Onwards]"
"51","2020","Count_Person_23Years_Female_HispanicOrLatino_BlackOrAfricanAmericanAlone","[]","[]","[]","[CensusPEPSurvey_Race2000Onwards]"
"51","2020","Count_Person_72Years_Female_BlackOrAfricanAmericanAlone","[]","[]","[]","[CensusPEPSurvey_Race2000Onwards]"
"51","2020","Count_Person_37Years_Female_HispanicOrLatino_AmericanIndianAndAlaskaNativeAlone","[]","[]","[]","[CensusPEPSurvey_Race2000Onwards]"
"51","2020","Count_Person_85Years_Male_HispanicOrLatino_TwoOrMoreRaces","[]","[]","[]","[CensusPEPSurvey_Race2000Onwards]"
"51","2020","Count_Person_62Years_Female_NotHispanicOrLatino_NativeHawaiianAndOtherPacificIslanderAlone","[]","[]","[]","[CensusPEPSurvey_Race2000Onwards]"
"51","2020","Count_Person_21Years_Female_NotHispanicOrLatino_TwoOrMoreRaces","[]","[]","[]","[CensusPEPSurvey_Race2000Onwards]"
"51","2020","Count_Person_5Years_NotHispanicOrLatino_BlackOrAfricanAmericanAlone","[]","[]","[]","[CensusPEPSurvey_Race2000Onwards]"
"51","2020","Count_Person_35Years_HispanicOrLatino_NativeHawaiianAndOtherPacificIslanderAlone","[]","[]","[]","[CensusPEPSurvey_Race2000Onwards]"
"51","2020","Count_Person_1Years_Female_HispanicOrLatino_AmericanIndianAndAlaskaNativeAlone","[]","[]","[]","[CensusPEPSurvey_Race2000Onwards]"
"51","2020","Count_Person_45Years_HispanicOrLatino_NativeHawaiianAndOtherPacificIslanderAlone","[]","[]","[]","[CensusPEPSurvey_Race2000Onwards]"
"51","2020","Count_Person_41Years_Male_HispanicOrLatino_NativeHawaiianAndOtherPacificIslanderAlone","[]","[]","[]","[CensusPEPSurvey_Race2000Onwards]"
"51","2020","Count_Person_81Years_Female_AmericanIndianAndAlaskaNativeAlone","[]","[]","[]","[CensusPEPSurvey_Race2000Onwards]"
"51","2020","Count_Person_63Years_Male_HispanicOrLatino_TwoOrMoreRaces","[]","[]","[]","[CensusPEPSurvey_Race2000Onwards]"
"51","2020","Count_Person_4Years_Male_HispanicOrLatino_BlackOrAfricanAmericanAlone","[]","[]","[]","[CensusPEPSurvey_Race2000Onwards]"
"51","2020","Count_Person_62Years_Male_NotHispanicOrLatino_NativeHawaiianAndOtherPacificIslanderAlone","[]","[]","[]","[CensusPEPSurvey_Race2000Onwards]"
"51","2020","Count_Person_49Years_Female_HispanicOrLatino_WhiteAlone","[]","[]","[]","[CensusPEPSurvey_Race2000Onwards]"
"51","2020","Count_Person_13Years_Male_HispanicOrLatino_TwoOrMoreRaces","[]","[]","[]","[CensusPEPSurvey_Race2000Onwards]"
"51","2020","Count_Person_64Years_HispanicOrLatino_BlackOrAfricanAmericanAlone","[]","[]","[]","[CensusPEPSurvey_Race2000Onwards]"
"51","2020","Count_Person_66Years_Female_HispanicOrLatino_WhiteAlone","[]","[]","[]","[CensusPEPSurvey_Race2000Onwards]"
"51","2020","Count_Person_2Years_Male_HispanicOrLatino_BlackOrAfricanAmericanAlone","[]","[]","[]","[CensusPEPSurvey_Race2000Onwards]"
"51","2020","Count_Person_14Years_Female_NotHispanicOrLatino_WhiteAlone","[]","[]","[]","[CensusPEPSurvey_Race2000Onwards]"
"51","2020","Count_Person_79Years_HispanicOrLatino_WhiteAlone","[]","[]","[]","[CensusPEPSurvey_Race2000Onwards]"
"51","2020","Count_Person_85Years_Female_NotHispanicOrLatino_TwoOrMoreRaces","[]","[]","[]","[CensusPEPSurvey_Race2000Onwards]"
"51","2020","Count_Person_44Years_HispanicOrLatino_AmericanIndianAndAlaskaNativeAlone","[]","[]","[]","[CensusPEPSurvey_Race2000Onwards]"
"51","2020","Count_Person_22Years_NotHispanicOrLatino_TwoOrMoreRaces","[]","[]","[]","[CensusPEPSurvey_Race2000Onwards]"
"51","2020","Count_Person_79Years_Female_TwoOrMoreRaces","[]","[]","[]","[CensusPEPSurvey_Race2000Onwards]"
"51","2020","Count_Person_31Years_Female_AmericanIndianAndAlaskaNativeAlone","[]","[]","[]","[CensusPEPSurvey_Race2000Onwards]"
"51","2020","Count_Person_44Years_Female_NotHispanicOrLatino_NativeHawaiianAndOtherPacificIslanderAlone","[]","[]","[]","[CensusPEPSurvey_Race2000Onwards]"
"51","2020","Count_Person_36Years_Male_NotHispanicOrLatino_BlackOrAfricanAmericanAlone","[]","[]","[]","[CensusPEPSurvey_Race2000Onwards]"
"51","2020","Count_Person_58Years_AmericanIndianAndAlaskaNativeAlone","[]","[]","[]","[CensusPEPSurvey_Race2000Onwards]"
"51","2020","Count_Person_58Years_NotHispanicOrLatino_AmericanIndianAndAlaskaNativeAlone","[]","[]","[]","[CensusPEPSurvey_Race2000Onwards]"
"51","2020","Count_Person_63Years_HispanicOrLatino_WhiteAlone","[]","[]","[]","[CensusPEPSurvey_Race2000Onwards]"
"51","2020","Count_Person_2Years_HispanicOrLatino_AmericanIndianAndAlaskaNativeAlone","[]","[]","[]","[CensusPEPSurvey_Race2000Onwards]"
"51","2020","Count_Person_68Years_HispanicOrLatino_WhiteAlone","[]","[]","[]","[CensusPEPSurvey_Race2000Onwards]"
"51","2020","Count_Person_75Years_NativeHawaiianAndOtherPacificIslanderAlone","[]","[]","[]","[CensusPEPSurvey_Race2000Onwards]"
"51","2020","Count_Person_36Years_Female_WhiteAlone","[]","[]","[]","[CensusPEPSurvey_Race2000Onwards]"
"51","2020","Count_Person_46Years_NativeHawaiianAndOtherPacificIslanderAlone","[]","[]","[]","[CensusPEPSurvey_Race2000Onwards]"
"51","2020","Count_Person_9Years_Male_AsianAlone","[]","[]","[]","[CensusPEPSurvey_Race2000Onwards]"
"51","2020","Count_Person_8Years_Female_NotHispanicOrLatino_AsianAlone","[]","[]","[]","[CensusPEPSurvey_Race2000Onwards]"
"51","2020","Count_Person_15Years_HispanicOrLatino_BlackOrAfricanAmericanAlone","[]","[]","[]","[CensusPEPSurvey_Race2000Onwards]"
"51","2020","Count_Person_78Years_Female_NotHispanicOrLatino_AmericanIndianAndAlaskaNativeAlone","[]","[]","[]","[CensusPEPSurvey_Race2000Onwards]"
"51","2020","Count_Person_69Years_Female_TwoOrMoreRaces","[]","[]","[]","[CensusPEPSurvey_Race2000Onwards]"
"51","2020","Count_Person_52Years_HispanicOrLatino_WhiteAlone","[]","[]","[]","[CensusPEPSurvey_Race2000Onwards]"
"51","2020","Count_Person_14Years_Male_AmericanIndianAndAlaskaNativeAlone","[]","[]","[]","[CensusPEPSurvey_Race2000Onwards]"
"51","2020","Count_Person_10Years_TwoOrMoreRaces","[]","[]","[]","[CensusPEPSurvey_Race2000Onwards]"
"51","2020","Count_Person_67Years_NotHispanicOrLatino_BlackOrAfricanAmericanAlone","[]","[]","[]","[CensusPEPSurvey_Race2000Onwards]"
"51","2020","Count_Person_7Years_Male_HispanicOrLatino_AmericanIndianAndAlaskaNativeAlone","[]","[]","[]","[CensusPEPSurvey_Race2000Onwards]"
"51","2020","Count_Person_68Years_Female_NotHispanicOrLatino_TwoOrMoreRaces","[]","[]","[]","[CensusPEPSurvey_Race2000Onwards]"
"51","2020","Count_Person_45Years_Male_NotHispanicOrLatino_TwoOrMoreRaces","[]","[]","[]","[CensusPEPSurvey_Race2000Onwards]"
"51","2020","Count_Person_63Years_Male_HispanicOrLatino_AmericanIndianAndAlaskaNativeAlone","[]","[]","[]","[CensusPEPSurvey_Race2000Onwards]"
"51","2020","Count_Person_3Years_Male_NotHispanicOrLatino_WhiteAlone","[]","[]","[]","[CensusPEPSurvey_Race2000Onwards]"
"51","2020","Count_Person_23Years_Male_TwoOrMoreRaces","[]","[]","[]","[CensusPEPSurvey_Race2000Onwards]"
"51","2020","Count_Person_9Years_HispanicOrLatino_NativeHawaiianAndOtherPacificIslanderAlone","[]","[]","[]","[CensusPEPSurvey_Race2000Onwards]"
"51","2020","Count_Person_61Years_NativeHawaiianAndOtherPacificIslanderAlone","[]","[]","[]","[CensusPEPSurvey_Race2000Onwards]"
"51","2020","Count_Person_70Years_NativeHawaiianAndOtherPacificIslanderAlone","[]","[]","[]","[CensusPEPSurvey_Race2000Onwards]"
"51","2020","Count_Person_71Years_Female_NotHispanicOrLatino_TwoOrMoreRaces","[]","[]","[]","[CensusPEPSurvey_Race2000Onwards]"
"51","2020","Count_Person_25Years_Female_NotHispanicOrLatino_TwoOrMoreRaces","[]","[]","[]","[CensusPEPSurvey_Race2000Onwards]"
"51","2020","Count_Person_31Years_NotHispanicOrLatino_BlackOrAfricanAmericanAlone","[]","[]","[]","[CensusPEPSurvey_Race2000Onwards]"
"51","2020","Count_Person_60Years_Male_NotHispanicOrLatino_AsianAlone","[]","[]","[]","[CensusPEPSurvey_Race2000Onwards]"
"51","2020","Count_Person_17Years_WhiteAlone","[]","[]","[]","[CensusPEPSurvey_Race2000Onwards]"
"51","2020","Count_Person_39Years_Male_NotHispanicOrLatino_TwoOrMoreRaces","[]","[]","[]","[CensusPEPSurvey_Race2000Onwards]"
"51","2020","Count_Person_73Years_HispanicOrLatino_TwoOrMoreRaces","[]","[]","[]","[CensusPEPSurvey_Race2000Onwards]"
"51","2020","Count_Person_9Years_Male_HispanicOrLatino_AmericanIndianAndAlaskaNativeAlone","[]","[]","[]","[CensusPEPSurvey_Race2000Onwards]"
"51","2020","Count_Person_45Years_WhiteAlone","[]","[]","[]","[CensusPEPSurvey_Race2000Onwards]"
"51","2020","Count_Person_4Years_Female_NotHispanicOrLatino_WhiteAlone","[]","[]","[]","[CensusPEPSurvey_Race2000Onwards]"
"51","2020","Count_Person_72Years_NotHispanicOrLatino_TwoOrMoreRaces","[]","[]","[]","[CensusPEPSurvey_Race2000Onwards]"
"51","2020","Count_Person_72Years_Male_NativeHawaiianAndOtherPacificIslanderAlone","[]","[]","[]","[CensusPEPSurvey_Race2000Onwards]"
"51","2020","Count_Person_40Years_AmericanIndianAndAlaskaNativeAlone","[]","[]","[]","[CensusPEPSurvey_Race2000Onwards]"
"51","2020","Count_Person_82Years_Female_NativeHawaiianAndOtherPacificIslanderAlone","[]","[]","[]","[CensusPEPSurvey_Race2000Onwards]"
"51","2020","Count_Person_2Years_Male_NativeHawaiianAndOtherPacificIslanderAlone","[]","[]","[]","[CensusPEPSurvey_Race2000Onwards]"
"51","2020","Count_Person_52Years_Female_HispanicOrLatino_NativeHawaiianAndOtherPacificIslanderAlone","[]","[]","[]","[CensusPEPSurvey_Race2000Onwards]"
"51","2020","Count_Person_52Years_TwoOrMoreRaces","[]","[]","[]","[CensusPEPSurvey_Race2000Onwards]"
"51","2020","Count_Person_74Years_HispanicOrLatino_WhiteAlone","[]","[]","[]","[CensusPEPSurvey_Race2000Onwards]"
"51","2020","Count_Person_20Years_WhiteAlone","[]","[]","[]","[CensusPEPSurvey_Race2000Onwards]"
"51","2020","Count_Person_73Years_NotHispanicOrLatino_TwoOrMoreRaces","[]","[]","[]","[CensusPEPSurvey_Race2000Onwards]"
"51","2020","Count_Person_64Years_Female_HispanicOrLatino_AsianAlone","[]","[]","[]","[CensusPEPSurvey_Race2000Onwards]"
"51","2020","Count_Person_9Years_Male_HispanicOrLatino_TwoOrMoreRaces","[]","[]","[]","[CensusPEPSurvey_Race2000Onwards]"
"51","2020","Count_Person_40Years_Male_NotHispanicOrLatino_BlackOrAfricanAmericanAlone","[]","[]","[]","[CensusPEPSurvey_Race2000Onwards]"
"51","2020","Count_Person_75Years_Female_NotHispanicOrLatino_TwoOrMoreRaces","[]","[]","[]","[CensusPEPSurvey_Race2000Onwards]"
"51","2020","Count_Person_1Years_NotHispanicOrLatino_NativeHawaiianAndOtherPacificIslanderAlone","[]","[]","[]","[CensusPEPSurvey_Race2000Onwards]"
"51","2020","Count_Person_44Years_Female_HispanicOrLatino_AmericanIndianAndAlaskaNativeAlone","[]","[]","[]","[CensusPEPSurvey_Race2000Onwards]"
"51","2020","Count_Person_55Years_Female_WhiteAlone","[]","[]","[]","[CensusPEPSurvey_Race2000Onwards]"
"51","2020","Count_Person_85Years_Female_HispanicOrLatino_AmericanIndianAndAlaskaNativeAlone","[]","[]","[]","[CensusPEPSurvey_Race2000Onwards]"
"51","2020","Count_Person_71Years_NotHispanicOrLatino_AsianAlone","[]","[]","[]","[CensusPEPSurvey_Race2000Onwards]"
"51","2020","Count_Person_30Years_WhiteAlone","[]","[]","[]","[CensusPEPSurvey_Race2000Onwards]"
"51","2020","Count_Person_63Years_Male_TwoOrMoreRaces","[]","[]","[]","[CensusPEPSurvey_Race2000Onwards]"
"51","2020","Count_Person_84Years_Female_NotHispanicOrLatino_BlackOrAfricanAmericanAlone","[]","[]","[]","[CensusPEPSurvey_Race2000Onwards]"
"51","2020","Count_Person_70Years_Female_NotHispanicOrLatino_AmericanIndianAndAlaskaNativeAlone","[]","[]","[]","[CensusPEPSurvey_Race2000Onwards]"
"51","2020","Count_Person_15Years_NotHispanicOrLatino_AsianAlone","[]","[]","[]","[CensusPEPSurvey_Race2000Onwards]"
"51","2020","Count_Person_67Years_Female_HispanicOrLatino_WhiteAlone","[]","[]","[]","[CensusPEPSurvey_Race2000Onwards]"
"51","2020","Count_Person_29Years_HispanicOrLatino_AmericanIndianAndAlaskaNativeAlone","[]","[]","[]","[CensusPEPSurvey_Race2000Onwards]"
"51","2020","Count_Person_76Years_Female_NotHispanicOrLatino_AsianAlone","[]","[]","[]","[CensusPEPSurvey_Race2000Onwards]"
"51","2020","Count_Person_51Years_Male_NotHispanicOrLatino_AsianAlone","[]","[]","[]","[CensusPEPSurvey_Race2000Onwards]"
"51","2020","Count_Person_42Years_Male_TwoOrMoreRaces","[]","[]","[]","[CensusPEPSurvey_Race2000Onwards]"
"51","2020","Count_Person_71Years_Male_NativeHawaiianAndOtherPacificIslanderAlone","[]","[]","[]","[CensusPEPSurvey_Race2000Onwards]"
"51","2020","Count_Person_74Years_Male_AmericanIndianAndAlaskaNativeAlone","[]","[]","[]","[CensusPEPSurvey_Race2000Onwards]"
"51","2020","Count_Person_51Years_Female_NativeHawaiianAndOtherPacificIslanderAlone","[]","[]","[]","[CensusPEPSurvey_Race2000Onwards]"
"51","2020","Count_Person_20Years_Male_AmericanIndianAndAlaskaNativeAlone","[]","[]","[]","[CensusPEPSurvey_Race2000Onwards]"
"51","2020","Count_Person_85Years_HispanicOrLatino_WhiteAlone","[]","[]","[]","[CensusPEPSurvey_Race2000Onwards]"
"51","2020","Count_Person_66Years_Female_TwoOrMoreRaces","[]","[]","[]","[CensusPEPSurvey_Race2000Onwards]"
"51","2020","Count_Person_16Years_NotHispanicOrLatino_AsianAlone","[]","[]","[]","[CensusPEPSurvey_Race2000Onwards]"
"51","2020","Count_Person_56Years_Female_HispanicOrLatino_NativeHawaiianAndOtherPacificIslanderAlone","[]","[]","[]","[CensusPEPSurvey_Race2000Onwards]"
"51","2020","Count_Person_73Years_Female_NotHispanicOrLatino_BlackOrAfricanAmericanAlone","[]","[]","[]","[CensusPEPSurvey_Race2000Onwards]"
"51","2020","Count_Person_51Years_HispanicOrLatino_AmericanIndianAndAlaskaNativeAlone","[]","[]","[]","[CensusPEPSurvey_Race2000Onwards]"
"51","2020","Count_Person_66Years_Male_NotHispanicOrLatino_NativeHawaiianAndOtherPacificIslanderAlone","[]","[]","[]","[CensusPEPSurvey_Race2000Onwards]"
"51","2020","Count_Person_61Years_Male_HispanicOrLatino_NativeHawaiianAndOtherPacificIslanderAlone","[]","[]","[]","[CensusPEPSurvey_Race2000Onwards]"
"51","2020","Count_Person_29Years_Male_NotHispanicOrLatino_NativeHawaiianAndOtherPacificIslanderAlone","[]","[]","[]","[CensusPEPSurvey_Race2000Onwards]"
"51","2020","Count_Person_4Years_NativeHawaiianAndOtherPacificIslanderAlone","[]","[]","[]","[CensusPEPSurvey_Race2000Onwards]"
"51","2020","Count_Person_0Years_NotHispanicOrLatino_NativeHawaiianAndOtherPacificIslanderAlone","[]","[]","[]","[CensusPEPSurvey_Race2000Onwards]"
"51","2020","Count_Person_26Years_Female_HispanicOrLatino_TwoOrMoreRaces","[]","[]","[]","[CensusPEPSurvey_Race2000Onwards]"
"51","2020","Count_Person_71Years_Female_WhiteAlone","[]","[]","[]","[CensusPEPSurvey_Race2000Onwards]"
"51","2020","Count_Person_72Years_HispanicOrLatino_AmericanIndianAndAlaskaNativeAlone","[]","[]","[]","[CensusPEPSurvey_Race2000Onwards]"
"51","2020","Count_Person_67Years_Male_NotHispanicOrLatino_AsianAlone","[]","[]","[]","[CensusPEPSurvey_Race2000Onwards]"
"51","2020","Count_Person_40Years_Female_HispanicOrLatino_NativeHawaiianAndOtherPacificIslanderAlone","[]","[]","[]","[CensusPEPSurvey_Race2000Onwards]"
"51","2020","Count_Person_51Years_BlackOrAfricanAmericanAlone","[]","[]","[]","[CensusPEPSurvey_Race2000Onwards]"
"51","2020","Count_Person_21Years_NotHispanicOrLatino_NativeHawaiianAndOtherPacificIslanderAlone","[]","[]","[]","[CensusPEPSurvey_Race2000Onwards]"
"51","2020","Count_Person_16Years_Male_NotHispanicOrLatino_WhiteAlone","[]","[]","[]","[CensusPEPSurvey_Race2000Onwards]"
"51","2020","Count_Person_25Years_Male_NotHispanicOrLatino_TwoOrMoreRaces","[]","[]","[]","[CensusPEPSurvey_Race2000Onwards]"
"51","2020","Count_Person_1Years_Male_NotHispanicOrLatino_AmericanIndianAndAlaskaNativeAlone","[]","[]","[]","[CensusPEPSurvey_Race2000Onwards]"
"51","2020","Count_Person_5Years_Male_NotHispanicOrLatino_WhiteAlone","[]","[]","[]","[CensusPEPSurvey_Race2000Onwards]"
"51","2020","Count_Person_83Years_HispanicOrLatino_NativeHawaiianAndOtherPacificIslanderAlone","[]","[]","[]","[CensusPEPSurvey_Race2000Onwards]"
"51","2020","Count_Person_71Years_TwoOrMoreRaces","[]","[]","[]","[CensusPEPSurvey_Race2000Onwards]"
"51","2020","Count_Person_60Years_AmericanIndianAndAlaskaNativeAlone","[]","[]","[]","[CensusPEPSurvey_Race2000Onwards]"
"51","2020","Count_Person_40Years_NativeHawaiianAndOtherPacificIslanderAlone","[]","[]","[]","[CensusPEPSurvey_Race2000Onwards]"
"51","2020","Count_Person_36Years_Female_HispanicOrLatino_NativeHawaiianAndOtherPacificIslanderAlone","[]","[]","[]","[CensusPEPSurvey_Race2000Onwards]"
"51","2020","Count_Person_71Years_Female_HispanicOrLatino_NativeHawaiianAndOtherPacificIslanderAlone","[]","[]","[]","[CensusPEPSurvey_Race2000Onwards]"
"51","2020","Count_Person_0Years_NotHispanicOrLatino_TwoOrMoreRaces","[]","[]","[]","[CensusPEPSurvey_Race2000Onwards]"
"51","2020","Count_Person_83Years_HispanicOrLatino_BlackOrAfricanAmericanAlone","[]","[]","[]","[CensusPEPSurvey_Race2000Onwards]"
"51","2020","Count_Person_26Years_NotHispanicOrLatino_AmericanIndianAndAlaskaNativeAlone","[]","[]","[]","[CensusPEPSurvey_Race2000Onwards]"
"51","2020","Count_Person_9Years_Male_WhiteAlone","[]","[]","[]","[CensusPEPSurvey_Race2000Onwards]"
"51","2020","Count_Person_36Years_Male_AsianAlone","[]","[]","[]","[CensusPEPSurvey_Race2000Onwards]"
"51","2020","Count_Person_32Years_HispanicOrLatino_NativeHawaiianAndOtherPacificIslanderAlone","[]","[]","[]","[CensusPEPSurvey_Race2000Onwards]"
"51","2020","Count_Person_40Years_Male_AmericanIndianAndAlaskaNativeAlone","[]","[]","[]","[CensusPEPSurvey_Race2000Onwards]"
"51","2020","Count_Person_42Years_HispanicOrLatino_NativeHawaiianAndOtherPacificIslanderAlone","[]","[]","[]","[CensusPEPSurvey_Race2000Onwards]"
"51","2020","Count_Person_24Years_Female_NotHispanicOrLatino_NativeHawaiianAndOtherPacificIslanderAlone","[]","[]","[]","[CensusPEPSurvey_Race2000Onwards]"
"51","2020","Count_Person_79Years_Female_NotHispanicOrLatino_AmericanIndianAndAlaskaNativeAlone","[]","[]","[]","[CensusPEPSurvey_Race2000Onwards]"
"51","2020","Count_Person_82Years_Male_TwoOrMoreRaces","[]","[]","[]","[CensusPEPSurvey_Race2000Onwards]"
"51","2020","Count_Person_9Years_Female_NativeHawaiianAndOtherPacificIslanderAlone","[]","[]","[]","[CensusPEPSurvey_Race2000Onwards]"
"51","2020","Count_Person_65Years_Female_HispanicOrLatino_AsianAlone","[]","[]","[]","[CensusPEPSurvey_Race2000Onwards]"
"51","2020","Count_Person_74Years_Female_AmericanIndianAndAlaskaNativeAlone","[]","[]","[]","[CensusPEPSurvey_Race2000Onwards]"
"51","2020","Count_Person_78Years_HispanicOrLatino_AmericanIndianAndAlaskaNativeAlone","[]","[]","[]","[CensusPEPSurvey_Race2000Onwards]"
"51","2020","Count_Person_36Years_Male_HispanicOrLatino_AmericanIndianAndAlaskaNativeAlone","[]","[]","[]","[CensusPEPSurvey_Race2000Onwards]"
"51","2020","Count_Person_62Years_BlackOrAfricanAmericanAlone","[]","[]","[]","[CensusPEPSurvey_Race2000Onwards]"
"51","2020","Count_Person_85Years_Male_NotHispanicOrLatino_BlackOrAfricanAmericanAlone","[]","[]","[]","[CensusPEPSurvey_Race2000Onwards]"
"51","2020","Count_Person_58Years_Male_NotHispanicOrLatino_NativeHawaiianAndOtherPacificIslanderAlone","[]","[]","[]","[CensusPEPSurvey_Race2000Onwards]"
"51","2020","Count_Person_44Years_Female_HispanicOrLatino_NativeHawaiianAndOtherPacificIslanderAlone","[]","[]","[]","[CensusPEPSurvey_Race2000Onwards]"
"51","2020","Count_Person_5Years_WhiteAlone","[]","[]","[]","[CensusPEPSurvey_Race2000Onwards]"
"51","2020","Count_Person_85Years_Female_NotHispanicOrLatino_AsianAlone","[]","[]","[]","[CensusPEPSurvey_Race2000Onwards]"
"51","2020","Count_Person_25Years_HispanicOrLatino_NativeHawaiianAndOtherPacificIslanderAlone","[]","[]","[]","[CensusPEPSurvey_Race2000Onwards]"
"51","2020","Count_Person_41Years_HispanicOrLatino_AsianAlone","[]","[]","[]","[CensusPEPSurvey_Race2000Onwards]"
"51","2020","Count_Person_15Years_HispanicOrLatino_NativeHawaiianAndOtherPacificIslanderAlone","[]","[]","[]","[CensusPEPSurvey_Race2000Onwards]"
"51","2020","Count_Person_52Years_Female_HispanicOrLatino_TwoOrMoreRaces","[]","[]","[]","[CensusPEPSurvey_Race2000Onwards]"
"51","2020","Count_Person_23Years_HispanicOrLatino_AmericanIndianAndAlaskaNativeAlone","[]","[]","[]","[CensusPEPSurvey_Race2000Onwards]"
"51","2020","Count_Person_70Years_NotHispanicOrLatino_AsianAlone","[]","[]","[]","[CensusPEPSurvey_Race2000Onwards]"
"51","2020","Count_Person_21Years_Female_TwoOrMoreRaces","[]","[]","[]","[CensusPEPSurvey_Race2000Onwards]"
"51","2020","Count_Person_30Years_Female_NotHispanicOrLatino_BlackOrAfricanAmericanAlone","[]","[]","[]","[CensusPEPSurvey_Race2000Onwards]"
"51","2020","Count_Person_3Years_Male_TwoOrMoreRaces","[]","[]","[]","[CensusPEPSurvey_Race2000Onwards]"
"51","2020","Count_Person_69Years_NotHispanicOrLatino_AmericanIndianAndAlaskaNativeAlone","[]","[]","[]","[CensusPEPSurvey_Race2000Onwards]"
"51","2020","Count_Person_9Years_NativeHawaiianAndOtherPacificIslanderAlone","[]","[]","[]","[CensusPEPSurvey_Race2000Onwards]"
"51","2020","Count_Person_52Years_HispanicOrLatino_AsianAlone","[]","[]","[]","[CensusPEPSurvey_Race2000Onwards]"
"51","2020","Count_Person_13Years_HispanicOrLatino_WhiteAlone","[]","[]","[]","[CensusPEPSurvey_Race2000Onwards]"
"51","2020","Count_Person_46Years_Female_HispanicOrLatino_WhiteAlone","[]","[]","[]","[CensusPEPSurvey_Race2000Onwards]"
"51","2020","Count_Person_34Years_Male_HispanicOrLatino_AmericanIndianAndAlaskaNativeAlone","[]","[]","[]","[CensusPEPSurvey_Race2000Onwards]"
"51","2020","Count_Person_17Years_NotHispanicOrLatino_BlackOrAfricanAmericanAlone","[]","[]","[]","[CensusPEPSurvey_Race2000Onwards]"
"51","2020","Count_Person_14Years_Male_HispanicOrLatino_BlackOrAfricanAmericanAlone","[]","[]","[]","[CensusPEPSurvey_Race2000Onwards]"
"51","2020","Count_Person_19Years_Male_NotHispanicOrLatino_TwoOrMoreRaces","[]","[]","[]","[CensusPEPSurvey_Race2000Onwards]"
"51","2020","Count_Person_84Years_BlackOrAfricanAmericanAlone","[]","[]","[]","[CensusPEPSurvey_Race2000Onwards]"
"51","2020","Count_Person_36Years_Female_AsianAlone","[]","[]","[]","[CensusPEPSurvey_Race2000Onwards]"
"51","2020","Count_Person_32Years_Female_HispanicOrLatino_NativeHawaiianAndOtherPacificIslanderAlone","[]","[]","[]","[CensusPEPSurvey_Race2000Onwards]"
"51","2020","Count_Person_34Years_HispanicOrLatino_BlackOrAfricanAmericanAlone","[]","[]","[]","[CensusPEPSurvey_Race2000Onwards]"
"51","2020","Count_Person_70Years_Female_BlackOrAfricanAmericanAlone","[]","[]","[]","[CensusPEPSurvey_Race2000Onwards]"
"51","2020","Count_Person_57Years_Female_AmericanIndianAndAlaskaNativeAlone","[]","[]","[]","[CensusPEPSurvey_Race2000Onwards]"
"51","2020","Count_Person_78Years_Male_HispanicOrLatino_BlackOrAfricanAmericanAlone","[]","[]","[]","[CensusPEPSurvey_Race2000Onwards]"
"51","2020","Count_Person_72Years_NotHispanicOrLatino_NativeHawaiianAndOtherPacificIslanderAlone","[]","[]","[]","[CensusPEPSurvey_Race2000Onwards]"
"51","2020","Count_Person_42Years_Male_WhiteAlone","[]","[]","[]","[CensusPEPSurvey_Race2000Onwards]"
"51","2020","Count_Person_63Years_HispanicOrLatino_AsianAlone","[]","[]","[]","[CensusPEPSurvey_Race2000Onwards]"
"51","2020","Count_Person_54Years_Male_AmericanIndianAndAlaskaNativeAlone","[]","[]","[]","[CensusPEPSurvey_Race2000Onwards]"
"51","2020","Count_Person_56Years_Male_WhiteAlone","[]","[]","[]","[CensusPEPSurvey_Race2000Onwards]"
"51","2020","Count_Person_73Years_BlackOrAfricanAmericanAlone","[]","[]","[]","[CensusPEPSurvey_Race2000Onwards]"
"51","2020","Count_Person_68Years_Male_AmericanIndianAndAlaskaNativeAlone","[]","[]","[]","[CensusPEPSurvey_Race2000Onwards]"
"51","2020","Count_Person_83Years_Female_HispanicOrLatino_NativeHawaiianAndOtherPacificIslanderAlone","[]","[]","[]","[CensusPEPSurvey_Race2000Onwards]"
"51","2020","Count_Person_7Years_Female_NotHispanicOrLatino_BlackOrAfricanAmericanAlone","[]","[]","[]","[CensusPEPSurvey_Race2000Onwards]"
"51","2020","Count_Person_1Years_Male_NativeHawaiianAndOtherPacificIslanderAlone","[]","[]","[]","[CensusPEPSurvey_Race2000Onwards]"
"51","2020","Count_Person_84Years_Male_WhiteAlone","[]","[]","[]","[CensusPEPSurvey_Race2000Onwards]"
"51","2020","Count_Person_48Years_Female_HispanicOrLatino_NativeHawaiianAndOtherPacificIslanderAlone","[]","[]","[]","[CensusPEPSurvey_Race2000Onwards]"
"51","2020","Count_Person_12Years_Male_HispanicOrLatino_BlackOrAfricanAmericanAlone","[]","[]","[]","[CensusPEPSurvey_Race2000Onwards]"
"51","2020","Count_Person_58Years_Male_NotHispanicOrLatino_AsianAlone","[]","[]","[]","[CensusPEPSurvey_Race2000Onwards]"
"51","2020","Count_Person_45Years_Male_HispanicOrLatino_BlackOrAfricanAmericanAlone","[]","[]","[]","[CensusPEPSurvey_Race2000Onwards]"
"51","2020","Count_Person_70Years_Male_WhiteAlone","[]","[]","[]","[CensusPEPSurvey_Race2000Onwards]"
"51","2020","Count_Person_1Years_Male_NotHispanicOrLatino_NativeHawaiianAndOtherPacificIslanderAlone","[]","[]","[]","[CensusPEPSurvey_Race2000Onwards]"
"51","2020","Count_Person_25Years_Male_NotHispanicOrLatino_BlackOrAfricanAmericanAlone","[]","[]","[]","[CensusPEPSurvey_Race2000Onwards]"
"51","2020","Count_Person_35Years_Male_NativeHawaiianAndOtherPacificIslanderAlone","[]","[]","[]","[CensusPEPSurvey_Race2000Onwards]"
"51","2020","Count_Person_14Years_Female_NotHispanicOrLatino_AsianAlone","[]","[]","[]","[CensusPEPSurvey_Race2000Onwards]"
"51","2020","Count_Person_21Years_AmericanIndianAndAlaskaNativeAlone","[]","[]","[]","[CensusPEPSurvey_Race2000Onwards]"
"51","2020","Count_Person_62Years_Female_NotHispanicOrLatino_BlackOrAfricanAmericanAlone","[]","[]","[]","[CensusPEPSurvey_Race2000Onwards]"
"51","2020","Count_Person_70Years_HispanicOrLatino_AsianAlone","[]","[]","[]","[CensusPEPSurvey_Race2000Onwards]"
"51","2020","Count_Person_12Years_NotHispanicOrLatino_WhiteAlone","[]","[]","[]","[CensusPEPSurvey_Race2000Onwards]"
"51","2020","Count_Person_61Years_Male_NotHispanicOrLatino_NativeHawaiianAndOtherPacificIslanderAlone","[]","[]","[]","[CensusPEPSurvey_Race2000Onwards]"
"51","2020","Count_Person_35Years_Female_NotHispanicOrLatino_BlackOrAfricanAmericanAlone","[]","[]","[]","[CensusPEPSurvey_Race2000Onwards]"
"51","2020","Count_Person_33Years_TwoOrMoreRaces","[]","[]","[]","[CensusPEPSurvey_Race2000Onwards]"
"51","2020","Count_Person_65Years_HispanicOrLatino_AmericanIndianAndAlaskaNativeAlone","[]","[]","[]","[CensusPEPSurvey_Race2000Onwards]"
"51","2020","Count_Person_7Years_Female_NativeHawaiianAndOtherPacificIslanderAlone","[]","[]","[]","[CensusPEPSurvey_Race2000Onwards]"
"51","2020","Count_Person_40Years_Female_HispanicOrLatino_BlackOrAfricanAmericanAlone","[]","[]","[]","[CensusPEPSurvey_Race2000Onwards]"
"51","2020","Count_Person_59Years_NotHispanicOrLatino_TwoOrMoreRaces","[]","[]","[]","[CensusPEPSurvey_Race2000Onwards]"
"51","2020","Count_Person_67Years_HispanicOrLatino_AsianAlone","[]","[]","[]","[CensusPEPSurvey_Race2000Onwards]"
"51","2020","Count_Person_33Years_HispanicOrLatino_TwoOrMoreRaces","[]","[]","[]","[CensusPEPSurvey_Race2000Onwards]"
"51","2020","Count_Person_45Years_Female_NativeHawaiianAndOtherPacificIslanderAlone","[]","[]","[]","[CensusPEPSurvey_Race2000Onwards]"
"51","2020","Count_Person_3Years_WhiteAlone","[]","[]","[]","[CensusPEPSurvey_Race2000Onwards]"
"51","2020","Count_Person_45Years_HispanicOrLatino_BlackOrAfricanAmericanAlone","[]","[]","[]","[CensusPEPSurvey_Race2000Onwards]"
"51","2020","Count_Person_85Years_HispanicOrLatino_AmericanIndianAndAlaskaNativeAlone","[]","[]","[]","[CensusPEPSurvey_Race2000Onwards]"
"51","2020","Count_Person_0Years_WhiteAlone","[]","[]","[]","[CensusPEPSurvey_Race2000Onwards]"
"51","2020","Count_Person_29Years_Female_NativeHawaiianAndOtherPacificIslanderAlone","[]","[]","[]","[CensusPEPSurvey_Race2000Onwards]"
"51","2020","Count_Person_44Years_Male_HispanicOrLatino_WhiteAlone","[]","[]","[]","[CensusPEPSurvey_Race2000Onwards]"
"51","2020","Count_Person_50Years_Male_NotHispanicOrLatino_BlackOrAfricanAmericanAlone","[]","[]","[]","[CensusPEPSurvey_Race2000Onwards]"
"51","2020","Count_Person_6Years_Female_HispanicOrLatino_WhiteAlone","[]","[]","[]","[CensusPEPSurvey_Race2000Onwards]"
"51","2020","Count_Person_46Years_NotHispanicOrLatino_NativeHawaiianAndOtherPacificIslanderAlone","[]","[]","[]","[CensusPEPSurvey_Race2000Onwards]"
"51","2020","Count_Person_66Years_NotHispanicOrLatino_WhiteAlone","[]","[]","[]","[CensusPEPSurvey_Race2000Onwards]"
"51","2020","Count_Person_14Years_NotHispanicOrLatino_AmericanIndianAndAlaskaNativeAlone","[]","[]","[]","[CensusPEPSurvey_Race2000Onwards]"
"51","2020","Count_Person_72Years_Female_NotHispanicOrLatino_WhiteAlone","[]","[]","[]","[CensusPEPSurvey_Race2000Onwards]"
"51","2020","Count_Person_14Years_HispanicOrLatino_BlackOrAfricanAmericanAlone","[]","[]","[]","[CensusPEPSurvey_Race2000Onwards]"
"51","2020","Count_Person_80Years_Male_TwoOrMoreRaces","[]","[]","[]","[CensusPEPSurvey_Race2000Onwards]"
"51","2020","Count_Person_37Years_Female_TwoOrMoreRaces","[]","[]","[]","[CensusPEPSurvey_Race2000Onwards]"
"51","2020","Count_Person_46Years_HispanicOrLatino_TwoOrMoreRaces","[]","[]","[]","[CensusPEPSurvey_Race2000Onwards]"
"51","2020","Count_Person_0Years_Male_HispanicOrLatino_NativeHawaiianAndOtherPacificIslanderAlone","[]","[]","[]","[CensusPEPSurvey_Race2000Onwards]"
"51","2020","Count_Person_18Years_Female_TwoOrMoreRaces","[]","[]","[]","[CensusPEPSurvey_Race2000Onwards]"
"51","2020","Count_Person_24Years_Male_BlackOrAfricanAmericanAlone","[]","[]","[]","[CensusPEPSurvey_Race2000Onwards]"
"51","2020","Count_Person_85Years_Female_HispanicOrLatino_WhiteAlone","[]","[]","[]","[CensusPEPSurvey_Race2000Onwards]"
"51","2020","Count_Person_68Years_Male_BlackOrAfricanAmericanAlone","[]","[]","[]","[CensusPEPSurvey_Race2000Onwards]"
"51","2020","Count_Person_80Years_Male_NativeHawaiianAndOtherPacificIslanderAlone","[]","[]","[]","[CensusPEPSurvey_Race2000Onwards]"
"51","2020","Count_Person_53Years_Female_NotHispanicOrLatino_AsianAlone","[]","[]","[]","[CensusPEPSurvey_Race2000Onwards]"
"51","2020","Count_Person_23Years_NotHispanicOrLatino_BlackOrAfricanAmericanAlone","[]","[]","[]","[CensusPEPSurvey_Race2000Onwards]"
"51","2020","Count_Person_11Years_Female_HispanicOrLatino_AmericanIndianAndAlaskaNativeAlone","[]","[]","[]","[CensusPEPSurvey_Race2000Onwards]"
"51","2020","Count_Person_53Years_HispanicOrLatino_BlackOrAfricanAmericanAlone","[]","[]","[]","[CensusPEPSurvey_Race2000Onwards]"
"51","2020","Count_Person_26Years_BlackOrAfricanAmericanAlone","[]","[]","[]","[CensusPEPSurvey_Race2000Onwards]"
"51","2020","Count_Person_84Years_Female_WhiteAlone","[]","[]","[]","[CensusPEPSurvey_Race2000Onwards]"
"51","2020","Count_Person_2Years_Female_NativeHawaiianAndOtherPacificIslanderAlone","[]","[]","[]","[CensusPEPSurvey_Race2000Onwards]"
"51","2020","Count_Person_5Years_Male_HispanicOrLatino_AmericanIndianAndAlaskaNativeAlone","[]","[]","[]","[CensusPEPSurvey_Race2000Onwards]"
"51","2020","Count_Person_13Years_TwoOrMoreRaces","[]","[]","[]","[CensusPEPSurvey_Race2000Onwards]"
"51","2020","Count_Person_39Years_Female_BlackOrAfricanAmericanAlone","[]","[]","[]","[CensusPEPSurvey_Race2000Onwards]"
"51","2020","Count_Person_24Years_Male_NotHispanicOrLatino_NativeHawaiianAndOtherPacificIslanderAlone","[]","[]","[]","[CensusPEPSurvey_Race2000Onwards]"
"51","2020","Count_Person_67Years_Male_NotHispanicOrLatino_WhiteAlone","[]","[]","[]","[CensusPEPSurvey_Race2000Onwards]"
"51","2020","Count_Person_24Years_Male_NotHispanicOrLatino_BlackOrAfricanAmericanAlone","[]","[]","[]","[CensusPEPSurvey_Race2000Onwards]"
"51","2020","Count_Person_74Years_NotHispanicOrLatino_BlackOrAfricanAmericanAlone","[]","[]","[]","[CensusPEPSurvey_Race2000Onwards]"
"51","2020","Count_Person_76Years_NativeHawaiianAndOtherPacificIslanderAlone","[]","[]","[]","[CensusPEPSurvey_Race2000Onwards]"
"51","2020","Count_Person_77Years_Male_NotHispanicOrLatino_TwoOrMoreRaces","[]","[]","[]","[CensusPEPSurvey_Race2000Onwards]"
"51","2020","Count_Person_14Years_AsianAlone","[]","[]","[]","[CensusPEPSurvey_Race2000Onwards]"
"51","2020","Count_Person_83Years_NotHispanicOrLatino_AsianAlone","[]","[]","[]","[CensusPEPSurvey_Race2000Onwards]"
"51","2020","Count_Person_80Years_HispanicOrLatino_WhiteAlone","[]","[]","[]","[CensusPEPSurvey_Race2000Onwards]"
"51","2020","Count_Person_11Years_Female_NotHispanicOrLatino_TwoOrMoreRaces","[]","[]","[]","[CensusPEPSurvey_Race2000Onwards]"
"51","2020","Count_Person_83Years_BlackOrAfricanAmericanAlone","[]","[]","[]","[CensusPEPSurvey_Race2000Onwards]"
"51","2020","Count_Person_12Years_Female_HispanicOrLatino_BlackOrAfricanAmericanAlone","[]","[]","[]","[CensusPEPSurvey_Race2000Onwards]"
"51","2020","Count_Person_77Years_Female_NotHispanicOrLatino_WhiteAlone","[]","[]","[]","[CensusPEPSurvey_Race2000Onwards]"
"51","2020","Count_Person_8Years_HispanicOrLatino_WhiteAlone","[]","[]","[]","[CensusPEPSurvey_Race2000Onwards]"
"51","2020","Count_Person_78Years_Female_NotHispanicOrLatino_BlackOrAfricanAmericanAlone","[]","[]","[]","[CensusPEPSurvey_Race2000Onwards]"
"51","2020","Count_Person_67Years_TwoOrMoreRaces","[]","[]","[]","[CensusPEPSurvey_Race2000Onwards]"
"51","2020","Count_Person_57Years_Female_AsianAlone","[]","[]","[]","[CensusPEPSurvey_Race2000Onwards]"
"51","2020","Count_Person_68Years_NotHispanicOrLatino_WhiteAlone","[]","[]","[]","[CensusPEPSurvey_Race2000Onwards]"
"51","2020","Count_Person_59Years_Male_AsianAlone","[]","[]","[]","[CensusPEPSurvey_Race2000Onwards]"
"51","2020","Count_Person_70Years_Male_NotHispanicOrLatino_NativeHawaiianAndOtherPacificIslanderAlone","[]","[]","[]","[CensusPEPSurvey_Race2000Onwards]"
"51","2020","Count_Person_48Years_BlackOrAfricanAmericanAlone","[]","[]","[]","[CensusPEPSurvey_Race2000Onwards]"
"51","2020","Count_Person_22Years_NotHispanicOrLatino_NativeHawaiianAndOtherPacificIslanderAlone","[]","[]","[]","[CensusPEPSurvey_Race2000Onwards]"
"51","2020","Count_Person_39Years_Male_NotHispanicOrLatino_AsianAlone","[]","[]","[]","[CensusPEPSurvey_Race2000Onwards]"
"51","2020","Count_Person_49Years_Male_NotHispanicOrLatino_WhiteAlone","[]","[]","[]","[CensusPEPSurvey_Race2000Onwards]"
"51","2020","Count_Person_10Years_NotHispanicOrLatino_WhiteAlone","[]","[]","[]","[CensusPEPSurvey_Race2000Onwards]"
"51","2020","Count_Person_41Years_Female_NotHispanicOrLatino_NativeHawaiianAndOtherPacificIslanderAlone","[]","[]","[]","[CensusPEPSurvey_Race2000Onwards]"
"51","2020","Count_Person_3Years_Female_NotHispanicOrLatino_WhiteAlone","[]","[]","[]","[CensusPEPSurvey_Race2000Onwards]"
"51","2020","Count_Person_62Years_Female_HispanicOrLatino_AmericanIndianAndAlaskaNativeAlone","[]","[]","[]","[CensusPEPSurvey_Race2000Onwards]"
"51","2020","Count_Person_23Years_HispanicOrLatino_AsianAlone","[]","[]","[]","[CensusPEPSurvey_Race2000Onwards]"
"51","2020","Count_Person_33Years_Male_NotHispanicOrLatino_NativeHawaiianAndOtherPacificIslanderAlone","[]","[]","[]","[CensusPEPSurvey_Race2000Onwards]"
"51","2020","Count_Person_41Years_NotHispanicOrLatino_AmericanIndianAndAlaskaNativeAlone","[]","[]","[]","[CensusPEPSurvey_Race2000Onwards]"
"51","2020","Count_Person_79Years_AmericanIndianAndAlaskaNativeAlone","[]","[]","[]","[CensusPEPSurvey_Race2000Onwards]"
"51","2020","Count_Person_10Years_Female_HispanicOrLatino_WhiteAlone","[]","[]","[]","[CensusPEPSurvey_Race2000Onwards]"
"51","2020","Count_Person_71Years_Female_AsianAlone","[]","[]","[]","[CensusPEPSurvey_Race2000Onwards]"
"51","2020","Count_Person_39Years_Male_WhiteAlone","[]","[]","[]","[CensusPEPSurvey_Race2000Onwards]"
"51","2020","Count_Person_10Years_Female_AsianAlone","[]","[]","[]","[CensusPEPSurvey_Race2000Onwards]"
"51","2020","Count_Person_67Years_Female_NotHispanicOrLatino_WhiteAlone","[]","[]","[]","[CensusPEPSurvey_Race2000Onwards]"
"51","2020","Count_Person_81Years_NotHispanicOrLatino_AsianAlone","[]","[]","[]","[CensusPEPSurvey_Race2000Onwards]"
"51","2020","Count_Person_36Years_Male_NativeHawaiianAndOtherPacificIslanderAlone","[]","[]","[]","[CensusPEPSurvey_Race2000Onwards]"
"51","2020","Count_Person_78Years_Female_NotHispanicOrLatino_TwoOrMoreRaces","[]","[]","[]","[CensusPEPSurvey_Race2000Onwards]"
"51","2020","Count_Person_73Years_Male_HispanicOrLatino_AmericanIndianAndAlaskaNativeAlone","[]","[]","[]","[CensusPEPSurvey_Race2000Onwards]"
"51","2020","Count_Person_11Years_Female_HispanicOrLatino_AsianAlone","[]","[]","[]","[CensusPEPSurvey_Race2000Onwards]"
"51","2020","Count_Person_84Years_Male_AsianAlone","[]","[]","[]","[CensusPEPSurvey_Race2000Onwards]"
"51","2020","Count_Person_47Years_Female_NotHispanicOrLatino_BlackOrAfricanAmericanAlone","[]","[]","[]","[CensusPEPSurvey_Race2000Onwards]"
"51","2020","Count_Person_17Years_Male_HispanicOrLatino_TwoOrMoreRaces","[]","[]","[]","[CensusPEPSurvey_Race2000Onwards]"
"51","2020","Count_Person_30Years_Male_HispanicOrLatino_AmericanIndianAndAlaskaNativeAlone","[]","[]","[]","[CensusPEPSurvey_Race2000Onwards]"
"51","2020","Count_Person_32Years_Female_NotHispanicOrLatino_WhiteAlone","[]","[]","[]","[CensusPEPSurvey_Race2000Onwards]"
"51","2020","Count_Person_2Years_NotHispanicOrLatino_NativeHawaiianAndOtherPacificIslanderAlone","[]","[]","[]","[CensusPEPSurvey_Race2000Onwards]"
"51","2020","Count_Person_80Years_NotHispanicOrLatino_WhiteAlone","[]","[]","[]","[CensusPEPSurvey_Race2000Onwards]"
"51","2020","Count_Person_62Years_HispanicOrLatino_NativeHawaiianAndOtherPacificIslanderAlone","[]","[]","[]","[CensusPEPSurvey_Race2000Onwards]"
"51","2020","Count_Person_56Years_Female_BlackOrAfricanAmericanAlone","[]","[]","[]","[CensusPEPSurvey_Race2000Onwards]"
"51","2020","Count_Person_38Years_Male_HispanicOrLatino_AsianAlone","[]","[]","[]","[CensusPEPSurvey_Race2000Onwards]"
"51","2020","Count_Person_78Years_Male_WhiteAlone","[]","[]","[]","[CensusPEPSurvey_Race2000Onwards]"
"51","2020","Count_Person_57Years_HispanicOrLatino_AmericanIndianAndAlaskaNativeAlone","[]","[]","[]","[CensusPEPSurvey_Race2000Onwards]"
"51","2020","Count_Person_9Years_Female_NotHispanicOrLatino_AsianAlone","[]","[]","[]","[CensusPEPSurvey_Race2000Onwards]"
"51","2020","Count_Person_56Years_Male_HispanicOrLatino_AsianAlone","[]","[]","[]","[CensusPEPSurvey_Race2000Onwards]"
"51","2020","Count_Person_23Years_NotHispanicOrLatino_TwoOrMoreRaces","[]","[]","[]","[CensusPEPSurvey_Race2000Onwards]"
"51","2020","Count_Person_38Years_Female_WhiteAlone","[]","[]","[]","[CensusPEPSurvey_Race2000Onwards]"
"51","2020","Count_Person_12Years_HispanicOrLatino_NativeHawaiianAndOtherPacificIslanderAlone","[]","[]","[]","[CensusPEPSurvey_Race2000Onwards]"
"51","2020","Count_Person_52Years_NotHispanicOrLatino_BlackOrAfricanAmericanAlone","[]","[]","[]","[CensusPEPSurvey_Race2000Onwards]"
"51","2020","Count_Person_9Years_Male_BlackOrAfricanAmericanAlone","[]","[]","[]","[CensusPEPSurvey_Race2000Onwards]"
"51","2020","Count_Person_3Years_Female_NotHispanicOrLatino_NativeHawaiianAndOtherPacificIslanderAlone","[]","[]","[]","[CensusPEPSurvey_Race2000Onwards]"
"51","2020","Count_Person_21Years_Male_NotHispanicOrLatino_WhiteAlone","[]","[]","[]","[CensusPEPSurvey_Race2000Onwards]"
"51","2020","Count_Person_29Years_Female_AmericanIndianAndAlaskaNativeAlone","[]","[]","[]","[CensusPEPSurvey_Race2000Onwards]"
"51","2020","Count_Person_69Years_NotHispanicOrLatino_AsianAlone","[]","[]","[]","[CensusPEPSurvey_Race2000Onwards]"
"51","2020","Count_Person_42Years_Male_HispanicOrLatino_AmericanIndianAndAlaskaNativeAlone","[]","[]","[]","[CensusPEPSurvey_Race2000Onwards]"
"51","2020","Count_Person_16Years_Male_AsianAlone","[]","[]","[]","[CensusPEPSurvey_Race2000Onwards]"
"51","2020","Count_Person_48Years_TwoOrMoreRaces","[]","[]","[]","[CensusPEPSurvey_Race2000Onwards]"
"51","2020","Count_Person_24Years_HispanicOrLatino_AsianAlone","[]","[]","[]","[CensusPEPSurvey_Race2000Onwards]"
"51","2020","Count_Person_63Years_NotHispanicOrLatino_WhiteAlone","[]","[]","[]","[CensusPEPSurvey_Race2000Onwards]"
"51","2020","Count_Person_82Years_Male_AsianAlone","[]","[]","[]","[CensusPEPSurvey_Race2000Onwards]"
"51","2020","Count_Person_3Years_Male_HispanicOrLatino_WhiteAlone","[]","[]","[]","[CensusPEPSurvey_Race2000Onwards]"
"51","2020","Count_Person_68Years_Female_HispanicOrLatino_AsianAlone","[]","[]","[]","[CensusPEPSurvey_Race2000Onwards]"
"51","2020","Count_Person_84Years_NativeHawaiianAndOtherPacificIslanderAlone","[]","[]","[]","[CensusPEPSurvey_Race2000Onwards]"
"51","2020","Count_Person_6Years_Female_NotHispanicOrLatino_BlackOrAfricanAmericanAlone","[]","[]","[]","[CensusPEPSurvey_Race2000Onwards]"
"51","2020","Count_Person_42Years_Female_WhiteAlone","[]","[]","[]","[CensusPEPSurvey_Race2000Onwards]"
"51","2020","Count_Person_45Years_HispanicOrLatino_AsianAlone","[]","[]","[]","[CensusPEPSurvey_Race2000Onwards]"
"51","2020","Count_Person_84Years_NotHispanicOrLatino_AmericanIndianAndAlaskaNativeAlone","[]","[]","[]","[CensusPEPSurvey_Race2000Onwards]"
"51","2020","Count_Person_46Years_Male_NotHispanicOrLatino_AsianAlone","[]","[]","[]","[CensusPEPSurvey_Race2000Onwards]"
"51","2020","Count_Person_69Years_Male_HispanicOrLatino_NativeHawaiianAndOtherPacificIslanderAlone","[]","[]","[]","[CensusPEPSurvey_Race2000Onwards]"
"51","2020","Count_Person_84Years_HispanicOrLatino_BlackOrAfricanAmericanAlone","[]","[]","[]","[CensusPEPSurvey_Race2000Onwards]"
"51","2020","Count_Person_19Years_Female_NotHispanicOrLatino_TwoOrMoreRaces","[]","[]","[]","[CensusPEPSurvey_Race2000Onwards]"
"51","2020","Count_Person_54Years_HispanicOrLatino_TwoOrMoreRaces","[]","[]","[]","[CensusPEPSurvey_Race2000Onwards]"
"51","2020","Count_Person_4Years_Male_NotHispanicOrLatino_AmericanIndianAndAlaskaNativeAlone","[]","[]","[]","[CensusPEPSurvey_Race2000Onwards]"
"51","2020","Count_Person_29Years_Male_BlackOrAfricanAmericanAlone","[]","[]","[]","[CensusPEPSurvey_Race2000Onwards]"
"51","2020","Count_Person_28Years_Female_AmericanIndianAndAlaskaNativeAlone","[]","[]","[]","[CensusPEPSurvey_Race2000Onwards]"
"51","2020","Count_Person_47Years_TwoOrMoreRaces","[]","[]","[]","[CensusPEPSurvey_Race2000Onwards]"
"51","2020","Count_Person_46Years_HispanicOrLatino_NativeHawaiianAndOtherPacificIslanderAlone","[]","[]","[]","[CensusPEPSurvey_Race2000Onwards]"
"51","2020","Count_Person_74Years_Female_AsianAlone","[]","[]","[]","[CensusPEPSurvey_Race2000Onwards]"
"51","2020","Count_Person_28Years_Female_HispanicOrLatino_NativeHawaiianAndOtherPacificIslanderAlone","[]","[]","[]","[CensusPEPSurvey_Race2000Onwards]"
"51","2020","Count_Person_28Years_TwoOrMoreRaces","[]","[]","[]","[CensusPEPSurvey_Race2000Onwards]"
"51","2020","Count_Person_63Years_Female_HispanicOrLatino_AsianAlone","[]","[]","[]","[CensusPEPSurvey_Race2000Onwards]"
"51","2020","Count_Person_7Years_Female_AmericanIndianAndAlaskaNativeAlone","[]","[]","[]","[CensusPEPSurvey_Race2000Onwards]"
"51","2020","Count_Person_83Years_Male_HispanicOrLatino_WhiteAlone","[]","[]","[]","[CensusPEPSurvey_Race2000Onwards]"
"51","2020","Count_Person_61Years_BlackOrAfricanAmericanAlone","[]","[]","[]","[CensusPEPSurvey_Race2000Onwards]"
"51","2020","Count_Person_40Years_NotHispanicOrLatino_TwoOrMoreRaces","[]","[]","[]","[CensusPEPSurvey_Race2000Onwards]"
"51","2020","Count_Person_41Years_Male_BlackOrAfricanAmericanAlone","[]","[]","[]","[CensusPEPSurvey_Race2000Onwards]"
"51","2020","Count_Person_80Years_NotHispanicOrLatino_AmericanIndianAndAlaskaNativeAlone","[]","[]","[]","[CensusPEPSurvey_Race2000Onwards]"
"51","2020","Count_Person_27Years_Female_NotHispanicOrLatino_WhiteAlone","[]","[]","[]","[CensusPEPSurvey_Race2000Onwards]"
"51","2020","Count_Person_73Years_Female_BlackOrAfricanAmericanAlone","[]","[]","[]","[CensusPEPSurvey_Race2000Onwards]"
"51","2020","Count_Person_0Years_Male_BlackOrAfricanAmericanAlone","[]","[]","[]","[CensusPEPSurvey_Race2000Onwards]"
"51","2020","Count_Person_64Years_Female_NotHispanicOrLatino_AmericanIndianAndAlaskaNativeAlone","[]","[]","[]","[CensusPEPSurvey_Race2000Onwards]"
"51","2020","Count_Person_38Years_Male_HispanicOrLatino_NativeHawaiianAndOtherPacificIslanderAlone","[]","[]","[]","[CensusPEPSurvey_Race2000Onwards]"
"51","2020","Count_Person_63Years_Female_AmericanIndianAndAlaskaNativeAlone","[]","[]","[]","[CensusPEPSurvey_Race2000Onwards]"
"51","2020","Count_Person_14Years_Female_NotHispanicOrLatino_NativeHawaiianAndOtherPacificIslanderAlone","[]","[]","[]","[CensusPEPSurvey_Race2000Onwards]"
"51","2020","Count_Person_3Years_Male_WhiteAlone","[]","[]","[]","[CensusPEPSurvey_Race2000Onwards]"
"51","2020","Count_Person_66Years_TwoOrMoreRaces","[]","[]","[]","[CensusPEPSurvey_Race2000Onwards]"
"51","2020","Count_Person_72Years_Female_NotHispanicOrLatino_AmericanIndianAndAlaskaNativeAlone","[]","[]","[]","[CensusPEPSurvey_Race2000Onwards]"
"51","2020","Count_Person_58Years_Female_NotHispanicOrLatino_WhiteAlone","[]","[]","[]","[CensusPEPSurvey_Race2000Onwards]"
"51","2020","Count_Person_35Years_Male_NotHispanicOrLatino_AsianAlone","[]","[]","[]","[CensusPEPSurvey_Race2000Onwards]"
"51","2020","Count_Person_62Years_Male_WhiteAlone","[]","[]","[]","[CensusPEPSurvey_Race2000Onwards]"
"51","2020","Count_Person_15Years_Female_HispanicOrLatino_AsianAlone","[]","[]","[]","[CensusPEPSurvey_Race2000Onwards]"
"51","2020","Count_Person_67Years_Male_HispanicOrLatino_NativeHawaiianAndOtherPacificIslanderAlone","[]","[]","[]","[CensusPEPSurvey_Race2000Onwards]"
"51","2020","Count_Person_29Years_Female_HispanicOrLatino_WhiteAlone","[]","[]","[]","[CensusPEPSurvey_Race2000Onwards]"
"51","2020","Count_Person_33Years_HispanicOrLatino_BlackOrAfricanAmericanAlone","[]","[]","[]","[CensusPEPSurvey_Race2000Onwards]"
"51","2020","Count_Person_52Years_Female_BlackOrAfricanAmericanAlone","[]","[]","[]","[CensusPEPSurvey_Race2000Onwards]"
"51","2020","Count_Person_75Years_Male_NotHispanicOrLatino_BlackOrAfricanAmericanAlone","[]","[]","[]","[CensusPEPSurvey_Race2000Onwards]"
"51","2020","Count_Person_14Years_Male_NotHispanicOrLatino_WhiteAlone","[]","[]","[]","[CensusPEPSurvey_Race2000Onwards]"
"51","2020","Count_Person_31Years_Male_AsianAlone","[]","[]","[]","[CensusPEPSurvey_Race2000Onwards]"
"51","2020","Count_Person_68Years_HispanicOrLatino_AsianAlone","[]","[]","[]","[CensusPEPSurvey_Race2000Onwards]"
"51","2020","Count_Person_56Years_AmericanIndianAndAlaskaNativeAlone","[]","[]","[]","[CensusPEPSurvey_Race2000Onwards]"
"51","2020","Count_Person_66Years_Male_AmericanIndianAndAlaskaNativeAlone","[]","[]","[]","[CensusPEPSurvey_Race2000Onwards]"
"51","2020","Count_Person_45Years_NotHispanicOrLatino_BlackOrAfricanAmericanAlone","[]","[]","[]","[CensusPEPSurvey_Race2000Onwards]"
"51","2020","Count_Person_75Years_NotHispanicOrLatino_NativeHawaiianAndOtherPacificIslanderAlone","[]","[]","[]","[CensusPEPSurvey_Race2000Onwards]"
"51","2020","Count_Person_70Years_Female_NotHispanicOrLatino_TwoOrMoreRaces","[]","[]","[]","[CensusPEPSurvey_Race2000Onwards]"
"51","2020","Count_Person_43Years_Male_AmericanIndianAndAlaskaNativeAlone","[]","[]","[]","[CensusPEPSurvey_Race2000Onwards]"
"51","2020","Count_Person_34Years_HispanicOrLatino_WhiteAlone","[]","[]","[]","[CensusPEPSurvey_Race2000Onwards]"
"51","2020","Count_Person_29Years_Male_HispanicOrLatino_TwoOrMoreRaces","[]","[]","[]","[CensusPEPSurvey_Race2000Onwards]"
"51","2020","Count_Person_3Years_Male_HispanicOrLatino_AmericanIndianAndAlaskaNativeAlone","[]","[]","[]","[CensusPEPSurvey_Race2000Onwards]"
"51","2020","Count_Person_25Years_NotHispanicOrLatino_BlackOrAfricanAmericanAlone","[]","[]","[]","[CensusPEPSurvey_Race2000Onwards]"
"51","2020","Count_Person_1Years_Female_HispanicOrLatino_NativeHawaiianAndOtherPacificIslanderAlone","[]","[]","[]","[CensusPEPSurvey_Race2000Onwards]"
"51","2020","Count_Person_67Years_Female_AmericanIndianAndAlaskaNativeAlone","[]","[]","[]","[CensusPEPSurvey_Race2000Onwards]"
"51","2020","Count_Person_25Years_Female_HispanicOrLatino_NativeHawaiianAndOtherPacificIslanderAlone","[]","[]","[]","[CensusPEPSurvey_Race2000Onwards]"
"51","2020","Count_Person_23Years_Female_NotHispanicOrLatino_WhiteAlone","[]","[]","[]","[CensusPEPSurvey_Race2000Onwards]"
"51","2020","Count_Person_62Years_Male_HispanicOrLatino_WhiteAlone","[]","[]","[]","[CensusPEPSurvey_Race2000Onwards]"
"51","2020","Count_Person_27Years_Female_HispanicOrLatino_NativeHawaiianAndOtherPacificIslanderAlone","[]","[]","[]","[CensusPEPSurvey_Race2000Onwards]"
"51","2020","Count_Person_20Years_Female_AsianAlone","[]","[]","[]","[CensusPEPSurvey_Race2000Onwards]"
"51","2020","Count_Person_8Years_TwoOrMoreRaces","[]","[]","[]","[CensusPEPSurvey_Race2000Onwards]"
"51","2020","Count_Person_18Years_Female_HispanicOrLatino_TwoOrMoreRaces","[]","[]","[]","[CensusPEPSurvey_Race2000Onwards]"
"51","2020","Count_Person_20Years_Male_BlackOrAfricanAmericanAlone","[]","[]","[]","[CensusPEPSurvey_Race2000Onwards]"
"51","2020","Count_Person_65Years_Female_HispanicOrLatino_AmericanIndianAndAlaskaNativeAlone","[]","[]","[]","[CensusPEPSurvey_Race2000Onwards]"
"51","2020","Count_Person_64Years_Female_HispanicOrLatino_BlackOrAfricanAmericanAlone","[]","[]","[]","[CensusPEPSurvey_Race2000Onwards]"
"51","2020","Count_Person_72Years_Male_AmericanIndianAndAlaskaNativeAlone","[]","[]","[]","[CensusPEPSurvey_Race2000Onwards]"
"51","2020","Count_Person_Female_NotHispanicOrLatino_AsianAlone","[]","[]","[]","[dcAggregate/CensusPEPSurvey_Race2000Onwards]"
"51","2020","Count_Person_39Years_NotHispanicOrLatino_BlackOrAfricanAmericanAlone","[]","[]","[]","[CensusPEPSurvey_Race2000Onwards]"
"51","2020","Count_Person_71Years_Male_HispanicOrLatino_AmericanIndianAndAlaskaNativeAlone","[]","[]","[]","[CensusPEPSurvey_Race2000Onwards]"
"51","2020","Count_Person_22Years_Male_NotHispanicOrLatino_TwoOrMoreRaces","[]","[]","[]","[CensusPEPSurvey_Race2000Onwards]"
"51","2020","Count_Person_51Years_Male_NativeHawaiianAndOtherPacificIslanderAlone","[]","[]","[]","[CensusPEPSurvey_Race2000Onwards]"
"51","2020","Count_Person_50Years_Female_HispanicOrLatino_WhiteAlone","[]","[]","[]","[CensusPEPSurvey_Race2000Onwards]"
"51","2020","Count_Person_10Years_HispanicOrLatino_BlackOrAfricanAmericanAlone","[]","[]","[]","[CensusPEPSurvey_Race2000Onwards]"
"51","2020","Count_Person_62Years_Female_HispanicOrLatino_WhiteAlone","[]","[]","[]","[CensusPEPSurvey_Race2000Onwards]"
"51","2020","Count_Person_83Years_Female_HispanicOrLatino_TwoOrMoreRaces","[]","[]","[]","[CensusPEPSurvey_Race2000Onwards]"
"51","2020","Count_Person_46Years_HispanicOrLatino_AsianAlone","[]","[]","[]","[CensusPEPSurvey_Race2000Onwards]"
"51","2020","Count_Person_78Years_HispanicOrLatino_WhiteAlone","[]","[]","[]","[CensusPEPSurvey_Race2000Onwards]"
"51","2020","Count_Person_63Years_AsianAlone","[]","[]","[]","[CensusPEPSurvey_Race2000Onwards]"
"51","2020","Count_Person_22Years_Male_HispanicOrLatino_BlackOrAfricanAmericanAlone","[]","[]","[]","[CensusPEPSurvey_Race2000Onwards]"
"51","2020","Count_Person_61Years_Female_AsianAlone","[]","[]","[]","[CensusPEPSurvey_Race2000Onwards]"
"51","2020","Count_Person_50Years_Male_HispanicOrLatino_TwoOrMoreRaces","[]","[]","[]","[CensusPEPSurvey_Race2000Onwards]"
"51","2020","Count_Person_12Years_HispanicOrLatino_WhiteAlone","[]","[]","[]","[CensusPEPSurvey_Race2000Onwards]"
"51","2020","Count_Person_44Years_Male_HispanicOrLatino_AmericanIndianAndAlaskaNativeAlone","[]","[]","[]","[CensusPEPSurvey_Race2000Onwards]"
"51","2020","Count_Person_30Years_NotHispanicOrLatino_AmericanIndianAndAlaskaNativeAlone","[]","[]","[]","[CensusPEPSurvey_Race2000Onwards]"
"51","2020","Count_Person_76Years_Female_NotHispanicOrLatino_AmericanIndianAndAlaskaNativeAlone","[]","[]","[]","[CensusPEPSurvey_Race2000Onwards]"
"51","2020","Count_Person_40Years_TwoOrMoreRaces","[]","[]","[]","[CensusPEPSurvey_Race2000Onwards]"
"51","2020","Count_Person_28Years_Female_WhiteAlone","[]","[]","[]","[CensusPEPSurvey_Race2000Onwards]"
"51","2020","Count_Person_35Years_Male_HispanicOrLatino_BlackOrAfricanAmericanAlone","[]","[]","[]","[CensusPEPSurvey_Race2000Onwards]"
"51","2020","Count_Person_47Years_Male_WhiteAlone","[]","[]","[]","[CensusPEPSurvey_Race2000Onwards]"
"51","2020","Count_Person_11Years_Female_NotHispanicOrLatino_NativeHawaiianAndOtherPacificIslanderAlone","[]","[]","[]","[CensusPEPSurvey_Race2000Onwards]"
"51","2020","Count_Person_62Years_Female_NotHispanicOrLatino_AmericanIndianAndAlaskaNativeAlone","[]","[]","[]","[CensusPEPSurvey_Race2000Onwards]"
"51","2020","Count_Person_12Years_Female_TwoOrMoreRaces","[]","[]","[]","[CensusPEPSurvey_Race2000Onwards]"
"51","2020","Count_Person_72Years_HispanicOrLatino_BlackOrAfricanAmericanAlone","[]","[]","[]","[CensusPEPSurvey_Race2000Onwards]"
"51","2020","Count_Person_14Years_Female_HispanicOrLatino_AmericanIndianAndAlaskaNativeAlone","[]","[]","[]","[CensusPEPSurvey_Race2000Onwards]"
"51","2020","Count_Person_20Years_Female_BlackOrAfricanAmericanAlone","[]","[]","[]","[CensusPEPSurvey_Race2000Onwards]"
"51","2020","Count_Person_2Years_Male_NotHispanicOrLatino_TwoOrMoreRaces","[]","[]","[]","[CensusPEPSurvey_Race2000Onwards]"
"51","2020","Count_Person_82Years_Female_HispanicOrLatino_TwoOrMoreRaces","[]","[]","[]","[CensusPEPSurvey_Race2000Onwards]"
"51","2020","Count_Person_82Years_NotHispanicOrLatino_WhiteAlone","[]","[]","[]","[CensusPEPSurvey_Race2000Onwards]"
"51","2020","Count_Person_62Years_NativeHawaiianAndOtherPacificIslanderAlone","[]","[]","[]","[CensusPEPSurvey_Race2000Onwards]"
"51","2020","Count_Person_56Years_Male_TwoOrMoreRaces","[]","[]","[]","[CensusPEPSurvey_Race2000Onwards]"
"51","2020","Count_Person_61Years_NotHispanicOrLatino_WhiteAlone","[]","[]","[]","[CensusPEPSurvey_Race2000Onwards]"
"51","2020","Count_Person_65Years_Male_NotHispanicOrLatino_TwoOrMoreRaces","[]","[]","[]","[CensusPEPSurvey_Race2000Onwards]"
"51","2020","Count_Person_62Years_NotHispanicOrLatino_NativeHawaiianAndOtherPacificIslanderAlone","[]","[]","[]","[CensusPEPSurvey_Race2000Onwards]"
"51","2020","Count_Person_3Years_Female_AmericanIndianAndAlaskaNativeAlone","[]","[]","[]","[CensusPEPSurvey_Race2000Onwards]"
"51","2020","Count_Person_53Years_Male_NotHispanicOrLatino_AsianAlone","[]","[]","[]","[CensusPEPSurvey_Race2000Onwards]"
"51","2020","Count_Person_44Years_Male_TwoOrMoreRaces","[]","[]","[]","[CensusPEPSurvey_Race2000Onwards]"
"51","2020","Count_Person_2Years_HispanicOrLatino_BlackOrAfricanAmericanAlone","[]","[]","[]","[CensusPEPSurvey_Race2000Onwards]"
"51","2020","Count_Person_6Years_Male_HispanicOrLatino_BlackOrAfricanAmericanAlone","[]","[]","[]","[CensusPEPSurvey_Race2000Onwards]"
"51","2020","Count_Person_35Years_HispanicOrLatino_TwoOrMoreRaces","[]","[]","[]","[CensusPEPSurvey_Race2000Onwards]"
"51","2020","Count_Person_32Years_TwoOrMoreRaces","[]","[]","[]","[CensusPEPSurvey_Race2000Onwards]"
"51","2020","Count_Person_3Years_Male_NotHispanicOrLatino_BlackOrAfricanAmericanAlone","[]","[]","[]","[CensusPEPSurvey_Race2000Onwards]"
"51","2020","Count_Person_39Years_Female_HispanicOrLatino_NativeHawaiianAndOtherPacificIslanderAlone","[]","[]","[]","[CensusPEPSurvey_Race2000Onwards]"
"51","2020","Count_Person_19Years_Female_NotHispanicOrLatino_AsianAlone","[]","[]","[]","[CensusPEPSurvey_Race2000Onwards]"
"51","2020","Count_Person_78Years_AsianAlone","[]","[]","[]","[CensusPEPSurvey_Race2000Onwards]"
"51","2020","Count_Person_7Years_Female_HispanicOrLatino_NativeHawaiianAndOtherPacificIslanderAlone","[]","[]","[]","[CensusPEPSurvey_Race2000Onwards]"
"51","2020","Count_Person_36Years_Female_HispanicOrLatino_BlackOrAfricanAmericanAlone","[]","[]","[]","[CensusPEPSurvey_Race2000Onwards]"
"51","2020","Count_Person_81Years_AsianAlone","[]","[]","[]","[CensusPEPSurvey_Race2000Onwards]"
"51","2020","Count_Person_47Years_Female_HispanicOrLatino_AsianAlone","[]","[]","[]","[CensusPEPSurvey_Race2000Onwards]"
"51","2020","Count_Person_21Years_Female_AmericanIndianAndAlaskaNativeAlone","[]","[]","[]","[CensusPEPSurvey_Race2000Onwards]"
"51","2020","Count_Person_26Years_HispanicOrLatino_BlackOrAfricanAmericanAlone","[]","[]","[]","[CensusPEPSurvey_Race2000Onwards]"
"51","2020","Count_Person_22Years_Female_NotHispanicOrLatino_WhiteAlone","[]","[]","[]","[CensusPEPSurvey_Race2000Onwards]"
"51","2020","Count_Person_57Years_Male_HispanicOrLatino_TwoOrMoreRaces","[]","[]","[]","[CensusPEPSurvey_Race2000Onwards]"
"51","2020","Count_Person_82Years_Female_NotHispanicOrLatino_TwoOrMoreRaces","[]","[]","[]","[CensusPEPSurvey_Race2000Onwards]"
"51","2020","Count_Person_68Years_Female_NotHispanicOrLatino_AmericanIndianAndAlaskaNativeAlone","[]","[]","[]","[CensusPEPSurvey_Race2000Onwards]"
"51","2020","Count_Person_33Years_HispanicOrLatino_AmericanIndianAndAlaskaNativeAlone","[]","[]","[]","[CensusPEPSurvey_Race2000Onwards]"
"51","2020","Count_Person_15Years_Female_NotHispanicOrLatino_TwoOrMoreRaces","[]","[]","[]","[CensusPEPSurvey_Race2000Onwards]"
"51","2020","Count_Person_41Years_Female_NativeHawaiianAndOtherPacificIslanderAlone","[]","[]","[]","[CensusPEPSurvey_Race2000Onwards]"
"51","2020","Count_Person_31Years_Female_TwoOrMoreRaces","[]","[]","[]","[CensusPEPSurvey_Race2000Onwards]"
"51","2020","Count_Person_18Years_Female_BlackOrAfricanAmericanAlone","[]","[]","[]","[CensusPEPSurvey_Race2000Onwards]"
"51","2020","Count_Person_31Years_NativeHawaiianAndOtherPacificIslanderAlone","[]","[]","[]","[CensusPEPSurvey_Race2000Onwards]"
"51","2020","Count_Person_8Years_Male_HispanicOrLatino_NativeHawaiianAndOtherPacificIslanderAlone","[]","[]","[]","[CensusPEPSurvey_Race2000Onwards]"
"51","2020","Count_Person_82Years_HispanicOrLatino_NativeHawaiianAndOtherPacificIslanderAlone","[]","[]","[]","[CensusPEPSurvey_Race2000Onwards]"
"51","2020","Count_Person_61Years_NotHispanicOrLatino_NativeHawaiianAndOtherPacificIslanderAlone","[]","[]","[]","[CensusPEPSurvey_Race2000Onwards]"
"51","2020","Count_Person_55Years_NotHispanicOrLatino_TwoOrMoreRaces","[]","[]","[]","[CensusPEPSurvey_Race2000Onwards]"
"51","2020","Count_Person_46Years_Female_NotHispanicOrLatino_BlackOrAfricanAmericanAlone","[]","[]","[]","[CensusPEPSurvey_Race2000Onwards]"
"51","2020","Count_Person_18Years_Female_NotHispanicOrLatino_WhiteAlone","[]","[]","[]","[CensusPEPSurvey_Race2000Onwards]"
"51","2020","Count_Person_33Years_Male_TwoOrMoreRaces","[]","[]","[]","[CensusPEPSurvey_Race2000Onwards]"
"51","2020","Count_Person_37Years_Female_HispanicOrLatino_NativeHawaiianAndOtherPacificIslanderAlone","[]","[]","[]","[CensusPEPSurvey_Race2000Onwards]"
"51","2020","Count_Person_9Years_Female_HispanicOrLatino_NativeHawaiianAndOtherPacificIslanderAlone","[]","[]","[]","[CensusPEPSurvey_Race2000Onwards]"
"51","2020","Count_Person_41Years_Female_HispanicOrLatino_NativeHawaiianAndOtherPacificIslanderAlone","[]","[]","[]","[CensusPEPSurvey_Race2000Onwards]"
"51","2020","Count_Person_76Years_NotHispanicOrLatino_TwoOrMoreRaces","[]","[]","[]","[CensusPEPSurvey_Race2000Onwards]"
"51","2020","Count_Person_12Years_Male_HispanicOrLatino_AsianAlone","[]","[]","[]","[CensusPEPSurvey_Race2000Onwards]"
"51","2020","Count_Person_43Years_Female_HispanicOrLatino_NativeHawaiianAndOtherPacificIslanderAlone","[]","[]","[]","[CensusPEPSurvey_Race2000Onwards]"
"51","2020","Count_Person_32Years_Male_NotHispanicOrLatino_WhiteAlone","[]","[]","[]","[CensusPEPSurvey_Race2000Onwards]"
"51","2020","Count_Person_68Years_HispanicOrLatino_AmericanIndianAndAlaskaNativeAlone","[]","[]","[]","[CensusPEPSurvey_Race2000Onwards]"
"51","2020","Count_Person_63Years_Female_NotHispanicOrLatino_WhiteAlone","[]","[]","[]","[CensusPEPSurvey_Race2000Onwards]"
"51","2020","Count_Person_44Years_AmericanIndianAndAlaskaNativeAlone","[]","[]","[]","[CensusPEPSurvey_Race2000Onwards]"
"51","2020","Count_Person_9Years_Male_NativeHawaiianAndOtherPacificIslanderAlone","[]","[]","[]","[CensusPEPSurvey_Race2000Onwards]"
"51","2020","Count_Person_55Years_HispanicOrLatino_NativeHawaiianAndOtherPacificIslanderAlone","[]","[]","[]","[CensusPEPSurvey_Race2000Onwards]"
"51","2020","Count_Person_28Years_Female_NotHispanicOrLatino_AsianAlone","[]","[]","[]","[CensusPEPSurvey_Race2000Onwards]"
"51","2020","Count_Person_25Years_Male_TwoOrMoreRaces","[]","[]","[]","[CensusPEPSurvey_Race2000Onwards]"
"51","2020","Count_Person_37Years_Male_AmericanIndianAndAlaskaNativeAlone","[]","[]","[]","[CensusPEPSurvey_Race2000Onwards]"
"51","2020","Count_Person_84Years_Male_HispanicOrLatino_BlackOrAfricanAmericanAlone","[]","[]","[]","[CensusPEPSurvey_Race2000Onwards]"
"51","2020","Count_Person_58Years_Female_HispanicOrLatino_AmericanIndianAndAlaskaNativeAlone","[]","[]","[]","[CensusPEPSurvey_Race2000Onwards]"
"51","2020","Count_Person_52Years_Male_HispanicOrLatino_AsianAlone","[]","[]","[]","[CensusPEPSurvey_Race2000Onwards]"
"51","2020","Count_Person_AmericanIndianAndAlaskaNativeAlone","[]","[]","[]","[dcAggregate/CensusPEPSurvey_Race2000Onwards]"
"51","2020","Count_Person_75Years_HispanicOrLatino_WhiteAlone","[]","[]","[]","[CensusPEPSurvey_Race2000Onwards]"
"51","2020","Count_Person_1Years_Male_TwoOrMoreRaces","[]","[]","[]","[CensusPEPSurvey_Race2000Onwards]"
"51","2020","Count_Person_71Years_Male_NotHispanicOrLatino_TwoOrMoreRaces","[]","[]","[]","[CensusPEPSurvey_Race2000Onwards]"
"51","2020","Count_Person_19Years_WhiteAlone","[]","[]","[]","[CensusPEPSurvey_Race2000Onwards]"
"51","2020","Count_Person_80Years_Female_HispanicOrLatino_NativeHawaiianAndOtherPacificIslanderAlone","[]","[]","[]","[CensusPEPSurvey_Race2000Onwards]"
"51","2020","Count_Person_14Years_NotHispanicOrLatino_WhiteAlone","[]","[]","[]","[CensusPEPSurvey_Race2000Onwards]"
"51","2020","Count_Person_31Years_Female_HispanicOrLatino_NativeHawaiianAndOtherPacificIslanderAlone","[]","[]","[]","[CensusPEPSurvey_Race2000Onwards]"
"51","2020","Count_Person_57Years_Female_HispanicOrLatino_TwoOrMoreRaces","[]","[]","[]","[CensusPEPSurvey_Race2000Onwards]"
"51","2020","Count_Person_65Years_NotHispanicOrLatino_AsianAlone","[]","[]","[]","[CensusPEPSurvey_Race2000Onwards]"
"51","2020","Count_Person_60Years_Male_NotHispanicOrLatino_NativeHawaiianAndOtherPacificIslanderAlone","[]","[]","[]","[CensusPEPSurvey_Race2000Onwards]"
"51","2020","Count_Person_37Years_HispanicOrLatino_AmericanIndianAndAlaskaNativeAlone","[]","[]","[]","[CensusPEPSurvey_Race2000Onwards]"
"51","2020","Count_Person_0Years_TwoOrMoreRaces","[]","[]","[]","[CensusPEPSurvey_Race2000Onwards]"
"51","2020","Count_Person_35Years_Male_HispanicOrLatino_TwoOrMoreRaces","[]","[]","[]","[CensusPEPSurvey_Race2000Onwards]"
"51","2020","Count_Person_76Years_Male_AsianAlone","[]","[]","[]","[CensusPEPSurvey_Race2000Onwards]"
"51","2020","Count_Person_19Years_NotHispanicOrLatino_TwoOrMoreRaces","[]","[]","[]","[CensusPEPSurvey_Race2000Onwards]"
"51","2020","Count_Person_45Years_NotHispanicOrLatino_NativeHawaiianAndOtherPacificIslanderAlone","[]","[]","[]","[CensusPEPSurvey_Race2000Onwards]"
"51","2020","Count_Person_18Years_NotHispanicOrLatino_AsianAlone","[]","[]","[]","[CensusPEPSurvey_Race2000Onwards]"
"51","2020","Count_Person_57Years_NotHispanicOrLatino_AmericanIndianAndAlaskaNativeAlone","[]","[]","[]","[CensusPEPSurvey_Race2000Onwards]"
"51","2020","Count_Person_29Years_NativeHawaiianAndOtherPacificIslanderAlone","[]","[]","[]","[CensusPEPSurvey_Race2000Onwards]"
"51","2020","Count_Person_82Years_Female_HispanicOrLatino_NativeHawaiianAndOtherPacificIslanderAlone","[]","[]","[]","[CensusPEPSurvey_Race2000Onwards]"
"51","2020","Count_Person_33Years_Male_HispanicOrLatino_AsianAlone","[]","[]","[]","[CensusPEPSurvey_Race2000Onwards]"
"51","2020","Count_Person_3Years_BlackOrAfricanAmericanAlone","[]","[]","[]","[CensusPEPSurvey_Race2000Onwards]"
"51","2020","Count_Person_14Years_Male_NativeHawaiianAndOtherPacificIslanderAlone","[]","[]","[]","[CensusPEPSurvey_Race2000Onwards]"
"51","2020","Count_Person_49Years_Female_HispanicOrLatino_NativeHawaiianAndOtherPacificIslanderAlone","[]","[]","[]","[CensusPEPSurvey_Race2000Onwards]"
"51","2020","Count_Person_26Years_HispanicOrLatino_NativeHawaiianAndOtherPacificIslanderAlone","[]","[]","[]","[CensusPEPSurvey_Race2000Onwards]"
"51","2020","Count_Person_39Years_Male_HispanicOrLatino_TwoOrMoreRaces","[]","[]","[]","[CensusPEPSurvey_Race2000Onwards]"
"51","2020","Count_Person_65Years_HispanicOrLatino_BlackOrAfricanAmericanAlone","[]","[]","[]","[CensusPEPSurvey_Race2000Onwards]"
"51","2020","Count_Person_13Years_NotHispanicOrLatino_AsianAlone","[]","[]","[]","[CensusPEPSurvey_Race2000Onwards]"
"51","2020","Count_Person_73Years_NotHispanicOrLatino_AmericanIndianAndAlaskaNativeAlone","[]","[]","[]","[CensusPEPSurvey_Race2000Onwards]"
"51","2020","Count_Person_22Years_WhiteAlone","[]","[]","[]","[CensusPEPSurvey_Race2000Onwards]"
"51","2020","Count_Person_9Years_Female_AsianAlone","[]","[]","[]","[CensusPEPSurvey_Race2000Onwards]"
"51","2020","Count_Person_29Years_HispanicOrLatino_WhiteAlone","[]","[]","[]","[CensusPEPSurvey_Race2000Onwards]"
"51","2020","Count_Person_19Years_NotHispanicOrLatino_WhiteAlone","[]","[]","[]","[CensusPEPSurvey_Race2000Onwards]"
"51","2020","Count_Person_74Years_Male_NotHispanicOrLatino_AsianAlone","[]","[]","[]","[CensusPEPSurvey_Race2000Onwards]"
"51","2020","Count_Person_56Years_HispanicOrLatino_WhiteAlone","[]","[]","[]","[CensusPEPSurvey_Race2000Onwards]"
"51","2020","Count_Person_10Years_WhiteAlone","[]","[]","[]","[CensusPEPSurvey_Race2000Onwards]"
"51","2020","Count_Person_36Years_Female_NotHispanicOrLatino_BlackOrAfricanAmericanAlone","[]","[]","[]","[CensusPEPSurvey_Race2000Onwards]"
"51","2020","Count_Person_8Years_Female_NotHispanicOrLatino_WhiteAlone","[]","[]","[]","[CensusPEPSurvey_Race2000Onwards]"
"51","2020","Count_Person_73Years_Male_HispanicOrLatino_AsianAlone","[]","[]","[]","[CensusPEPSurvey_Race2000Onwards]"
"51","2020","Count_Person_85Years_NotHispanicOrLatino_AsianAlone","[]","[]","[]","[CensusPEPSurvey_Race2000Onwards]"
"51","2020","Count_Person_11Years_NativeHawaiianAndOtherPacificIslanderAlone","[]","[]","[]","[CensusPEPSurvey_Race2000Onwards]"
"51","2020","Count_Person_61Years_HispanicOrLatino_AmericanIndianAndAlaskaNativeAlone","[]","[]","[]","[CensusPEPSurvey_Race2000Onwards]"
"51","2020","Count_Person_25Years_WhiteAlone","[]","[]","[]","[CensusPEPSurvey_Race2000Onwards]"
"51","2020","Count_Person_53Years_Male_WhiteAlone","[]","[]","[]","[CensusPEPSurvey_Race2000Onwards]"
"51","2020","Count_Person_33Years_Female_BlackOrAfricanAmericanAlone","[]","[]","[]","[CensusPEPSurvey_Race2000Onwards]"
"51","2020","Count_Person_47Years_NotHispanicOrLatino_BlackOrAfricanAmericanAlone","[]","[]","[]","[CensusPEPSurvey_Race2000Onwards]"
"51","2020","Count_Person_72Years_Female_HispanicOrLatino_AmericanIndianAndAlaskaNativeAlone","[]","[]","[]","[CensusPEPSurvey_Race2000Onwards]"
"51","2020","Count_Person_41Years_Female_NotHispanicOrLatino_WhiteAlone","[]","[]","[]","[CensusPEPSurvey_Race2000Onwards]"
"51","2020","Count_Person_15Years_Male_HispanicOrLatino_NativeHawaiianAndOtherPacificIslanderAlone","[]","[]","[]","[CensusPEPSurvey_Race2000Onwards]"
"51","2020","Count_Person_1Years_Male_AsianAlone","[]","[]","[]","[CensusPEPSurvey_Race2000Onwards]"
"51","2020","Count_Person_82Years_Male_BlackOrAfricanAmericanAlone","[]","[]","[]","[CensusPEPSurvey_Race2000Onwards]"
"51","2020","Count_Person_21Years_Female_HispanicOrLatino_AmericanIndianAndAlaskaNativeAlone","[]","[]","[]","[CensusPEPSurvey_Race2000Onwards]"
"51","2020","Count_Person_60Years_NotHispanicOrLatino_AsianAlone","[]","[]","[]","[CensusPEPSurvey_Race2000Onwards]"
"51","2020","Count_Person_44Years_Female_HispanicOrLatino_TwoOrMoreRaces","[]","[]","[]","[CensusPEPSurvey_Race2000Onwards]"
"51","2020","Count_Person_34Years_Female_HispanicOrLatino_AsianAlone","[]","[]","[]","[CensusPEPSurvey_Race2000Onwards]"
"51","2020","Count_Person_82Years_Female_HispanicOrLatino_AsianAlone","[]","[]","[]","[CensusPEPSurvey_Race2000Onwards]"
"51","2020","Count_Person_40Years_Male_HispanicOrLatino_AmericanIndianAndAlaskaNativeAlone","[]","[]","[]","[CensusPEPSurvey_Race2000Onwards]"
"51","2020","Count_Person_50Years_Female_NotHispanicOrLatino_TwoOrMoreRaces","[]","[]","[]","[CensusPEPSurvey_Race2000Onwards]"
"51","2020","Count_Person_49Years_Male_HispanicOrLatino_NativeHawaiianAndOtherPacificIslanderAlone","[]","[]","[]","[CensusPEPSurvey_Race2000Onwards]"
"51","2020","Count_Person_26Years_HispanicOrLatino_AmericanIndianAndAlaskaNativeAlone","[]","[]","[]","[CensusPEPSurvey_Race2000Onwards]"
"51","2020","Count_Person_43Years_Male_NativeHawaiianAndOtherPacificIslanderAlone","[]","[]","[]","[CensusPEPSurvey_Race2000Onwards]"
"51","2020","Count_Person_6Years_BlackOrAfricanAmericanAlone","[]","[]","[]","[CensusPEPSurvey_Race2000Onwards]"
"51","2020","Count_Person_11Years_Male_HispanicOrLatino_AmericanIndianAndAlaskaNativeAlone","[]","[]","[]","[CensusPEPSurvey_Race2000Onwards]"
"51","2020","Count_Person_16Years_Female_HispanicOrLatino_WhiteAlone","[]","[]","[]","[CensusPEPSurvey_Race2000Onwards]"
"51","2020","Count_Person_85Years_HispanicOrLatino_TwoOrMoreRaces","[]","[]","[]","[CensusPEPSurvey_Race2000Onwards]"
"51","2020","Count_Person_53Years_HispanicOrLatino_WhiteAlone","[]","[]","[]","[CensusPEPSurvey_Race2000Onwards]"
"51","2020","Count_Person_51Years_Male_WhiteAlone","[]","[]","[]","[CensusPEPSurvey_Race2000Onwards]"
"51","2020","Count_Person_37Years_NotHispanicOrLatino_BlackOrAfricanAmericanAlone","[]","[]","[]","[CensusPEPSurvey_Race2000Onwards]"
"51","2020","Count_Person_28Years_HispanicOrLatino_WhiteAlone","[]","[]","[]","[CensusPEPSurvey_Race2000Onwards]"
"51","2020","Count_Person_56Years_Female_HispanicOrLatino_TwoOrMoreRaces","[]","[]","[]","[CensusPEPSurvey_Race2000Onwards]"
"51","2020","Count_Person_21Years_TwoOrMoreRaces","[]","[]","[]","[CensusPEPSurvey_Race2000Onwards]"
"51","2020","Count_Person_31Years_Female_NativeHawaiianAndOtherPacificIslanderAlone","[]","[]","[]","[CensusPEPSurvey_Race2000Onwards]"
"51","2020","Count_Person_17Years_Male_HispanicOrLatino_NativeHawaiianAndOtherPacificIslanderAlone","[]","[]","[]","[CensusPEPSurvey_Race2000Onwards]"
"51","2020","Count_Person_54Years_HispanicOrLatino_AmericanIndianAndAlaskaNativeAlone","[]","[]","[]","[CensusPEPSurvey_Race2000Onwards]"
"51","2020","Count_Person_63Years_Male_NativeHawaiianAndOtherPacificIslanderAlone","[]","[]","[]","[CensusPEPSurvey_Race2000Onwards]"
"51","2020","Count_Person_44Years_Female_AsianAlone","[]","[]","[]","[CensusPEPSurvey_Race2000Onwards]"
"51","2020","Count_Person_59Years_NotHispanicOrLatino_NativeHawaiianAndOtherPacificIslanderAlone","[]","[]","[]","[CensusPEPSurvey_Race2000Onwards]"
"51","2020","Count_Person_27Years_AmericanIndianAndAlaskaNativeAlone","[]","[]","[]","[CensusPEPSurvey_Race2000Onwards]"
"51","2020","Count_Person_75Years_WhiteAlone","[]","[]","[]","[CensusPEPSurvey_Race2000Onwards]"
"51","2020","Count_Person_78Years_Female_HispanicOrLatino_NativeHawaiianAndOtherPacificIslanderAlone","[]","[]","[]","[CensusPEPSurvey_Race2000Onwards]"
"51","2020","Count_Person_58Years_Female_NotHispanicOrLatino_AmericanIndianAndAlaskaNativeAlone","[]","[]","[]","[CensusPEPSurvey_Race2000Onwards]"
"51","2020","Count_Person_79Years_Female_NotHispanicOrLatino_BlackOrAfricanAmericanAlone","[]","[]","[]","[CensusPEPSurvey_Race2000Onwards]"
"51","2020","Count_Person_78Years_Male_HispanicOrLatino_NativeHawaiianAndOtherPacificIslanderAlone","[]","[]","[]","[CensusPEPSurvey_Race2000Onwards]"
"51","2020","Count_Person_81Years_HispanicOrLatino_NativeHawaiianAndOtherPacificIslanderAlone","[]","[]","[]","[CensusPEPSurvey_Race2000Onwards]"
"51","2020","Count_Person_51Years_TwoOrMoreRaces","[]","[]","[]","[CensusPEPSurvey_Race2000Onwards]"
"51","2020","Count_Person_54Years_Male_NotHispanicOrLatino_TwoOrMoreRaces","[]","[]","[]","[CensusPEPSurvey_Race2000Onwards]"
"51","2020","Count_Person_77Years_Female_HispanicOrLatino_NativeHawaiianAndOtherPacificIslanderAlone","[]","[]","[]","[CensusPEPSurvey_Race2000Onwards]"
"51","2020","Count_Person_35Years_Male_HispanicOrLatino_AsianAlone","[]","[]","[]","[CensusPEPSurvey_Race2000Onwards]"
"51","2020","Count_Person_21Years_Male_HispanicOrLatino_WhiteAlone","[]","[]","[]","[CensusPEPSurvey_Race2000Onwards]"
"51","2020","Count_Person_81Years_Male_NotHispanicOrLatino_AsianAlone","[]","[]","[]","[CensusPEPSurvey_Race2000Onwards]"
"51","2020","Count_Person_15Years_Male_HispanicOrLatino_AsianAlone","[]","[]","[]","[CensusPEPSurvey_Race2000Onwards]"
"51","2020","Count_Person_67Years_Male_TwoOrMoreRaces","[]","[]","[]","[CensusPEPSurvey_Race2000Onwards]"
"51","2020","Count_Person_79Years_Male_HispanicOrLatino_AsianAlone","[]","[]","[]","[CensusPEPSurvey_Race2000Onwards]"
"51","2020","Count_Person_31Years_HispanicOrLatino_WhiteAlone","[]","[]","[]","[CensusPEPSurvey_Race2000Onwards]"
"51","2020","Count_Person_65Years_Male_HispanicOrLatino_WhiteAlone","[]","[]","[]","[CensusPEPSurvey_Race2000Onwards]"
"51","2020","Count_Person_41Years_HispanicOrLatino_NativeHawaiianAndOtherPacificIslanderAlone","[]","[]","[]","[CensusPEPSurvey_Race2000Onwards]"
"51","2020","Count_Person_61Years_HispanicOrLatino_NativeHawaiianAndOtherPacificIslanderAlone","[]","[]","[]","[CensusPEPSurvey_Race2000Onwards]"
"51","2020","Count_Person_63Years_Male_NotHispanicOrLatino_AsianAlone","[]","[]","[]","[CensusPEPSurvey_Race2000Onwards]"
"51","2020","Count_Person_59Years_Male_HispanicOrLatino_AsianAlone","[]","[]","[]","[CensusPEPSurvey_Race2000Onwards]"
"51","2020","Count_Person_6Years_Male_BlackOrAfricanAmericanAlone","[]","[]","[]","[CensusPEPSurvey_Race2000Onwards]"
"51","2020","Count_Person_73Years_Male_HispanicOrLatino_BlackOrAfricanAmericanAlone","[]","[]","[]","[CensusPEPSurvey_Race2000Onwards]"
"51","2020","Count_Person_11Years_Male_WhiteAlone","[]","[]","[]","[CensusPEPSurvey_Race2000Onwards]"
"51","2020","Count_Person_79Years_Male_NotHispanicOrLatino_AsianAlone","[]","[]","[]","[CensusPEPSurvey_Race2000Onwards]"
"51","2020","Count_Person_63Years_Female_HispanicOrLatino_TwoOrMoreRaces","[]","[]","[]","[CensusPEPSurvey_Race2000Onwards]"
"51","2020","Count_Person_47Years_Male_BlackOrAfricanAmericanAlone","[]","[]","[]","[CensusPEPSurvey_Race2000Onwards]"
"51","2020","Count_Person_Male_BlackOrAfricanAmericanAlone","[]","[]","[]","[dcAggregate/CensusPEPSurvey_Race2000Onwards]"
"51","2020","Count_Person_25Years_Male_AsianAlone","[]","[]","[]","[CensusPEPSurvey_Race2000Onwards]"
"51","2020","Count_Person_38Years_NotHispanicOrLatino_TwoOrMoreRaces","[]","[]","[]","[CensusPEPSurvey_Race2000Onwards]"
"51","2020","Count_Person_41Years_TwoOrMoreRaces","[]","[]","[]","[CensusPEPSurvey_Race2000Onwards]"
"51","2020","Count_Person_28Years_Male_NotHispanicOrLatino_NativeHawaiianAndOtherPacificIslanderAlone","[]","[]","[]","[CensusPEPSurvey_Race2000Onwards]"
"51","2020","Count_Person_33Years_NativeHawaiianAndOtherPacificIslanderAlone","[]","[]","[]","[CensusPEPSurvey_Race2000Onwards]"
"51","2020","Count_Person_80Years_Female_AmericanIndianAndAlaskaNativeAlone","[]","[]","[]","[CensusPEPSurvey_Race2000Onwards]"
"51","2020","Count_Person_28Years_HispanicOrLatino_BlackOrAfricanAmericanAlone","[]","[]","[]","[CensusPEPSurvey_Race2000Onwards]"
"51","2020","Count_Person_59Years_Female_NotHispanicOrLatino_WhiteAlone","[]","[]","[]","[CensusPEPSurvey_Race2000Onwards]"
"51","2020","Count_Person_33Years_HispanicOrLatino_NativeHawaiianAndOtherPacificIslanderAlone","[]","[]","[]","[CensusPEPSurvey_Race2000Onwards]"
"51","2020","Count_Person_36Years_Female_NotHispanicOrLatino_TwoOrMoreRaces","[]","[]","[]","[CensusPEPSurvey_Race2000Onwards]"
"51","2020","Count_Person_80Years_Male_BlackOrAfricanAmericanAlone","[]","[]","[]","[CensusPEPSurvey_Race2000Onwards]"
"51","2020","Count_Person_60Years_TwoOrMoreRaces","[]","[]","[]","[CensusPEPSurvey_Race2000Onwards]"
"51","2020","Count_Person_84Years_Male_NotHispanicOrLatino_WhiteAlone","[]","[]","[]","[CensusPEPSurvey_Race2000Onwards]"
"51","2020","Count_Person_60Years_WhiteAlone","[]","[]","[]","[CensusPEPSurvey_Race2000Onwards]"
"51","2020","Count_Person_51Years_Female_NotHispanicOrLatino_BlackOrAfricanAmericanAlone","[]","[]","[]","[CensusPEPSurvey_Race2000Onwards]"
"51","2020","Count_Person_18Years_HispanicOrLatino_AsianAlone","[]","[]","[]","[CensusPEPSurvey_Race2000Onwards]"
"51","2020","Count_Person_25Years_NotHispanicOrLatino_AmericanIndianAndAlaskaNativeAlone","[]","[]","[]","[CensusPEPSurvey_Race2000Onwards]"
"51","2020","Count_Person_58Years_HispanicOrLatino_AmericanIndianAndAlaskaNativeAlone","[]","[]","[]","[CensusPEPSurvey_Race2000Onwards]"
"51","2020","Count_Person_51Years_Female_HispanicOrLatino_AsianAlone","[]","[]","[]","[CensusPEPSurvey_Race2000Onwards]"
"51","2020","Count_Person_3Years_Male_NotHispanicOrLatino_AmericanIndianAndAlaskaNativeAlone","[]","[]","[]","[CensusPEPSurvey_Race2000Onwards]"
"51","2020","Count_Person_29Years_Male_HispanicOrLatino_BlackOrAfricanAmericanAlone","[]","[]","[]","[CensusPEPSurvey_Race2000Onwards]"
"51","2020","Count_Person_60Years_Male_NotHispanicOrLatino_AmericanIndianAndAlaskaNativeAlone","[]","[]","[]","[CensusPEPSurvey_Race2000Onwards]"
"51","2020","Count_Person_75Years_HispanicOrLatino_NativeHawaiianAndOtherPacificIslanderAlone","[]","[]","[]","[CensusPEPSurvey_Race2000Onwards]"
"51","2020","Count_Person_16Years_Female_BlackOrAfricanAmericanAlone","[]","[]","[]","[CensusPEPSurvey_Race2000Onwards]"
"51","2020","Count_Person_51Years_Male_AmericanIndianAndAlaskaNativeAlone","[]","[]","[]","[CensusPEPSurvey_Race2000Onwards]"
"51","2020","Count_Person_65Years_HispanicOrLatino_TwoOrMoreRaces","[]","[]","[]","[CensusPEPSurvey_Race2000Onwards]"
"51","2020","Count_Person_62Years_Male_BlackOrAfricanAmericanAlone","[]","[]","[]","[CensusPEPSurvey_Race2000Onwards]"
"51","2020","Count_Person_14Years_Male_NotHispanicOrLatino_TwoOrMoreRaces","[]","[]","[]","[CensusPEPSurvey_Race2000Onwards]"
"51","2020","Count_Person_0Years_HispanicOrLatino_AsianAlone","[]","[]","[]","[CensusPEPSurvey_Race2000Onwards]"
"51","2020","Count_Person_60Years_NotHispanicOrLatino_NativeHawaiianAndOtherPacificIslanderAlone","[]","[]","[]","[CensusPEPSurvey_Race2000Onwards]"
"51","2020","Count_Person_17Years_Female_HispanicOrLatino_AmericanIndianAndAlaskaNativeAlone","[]","[]","[]","[CensusPEPSurvey_Race2000Onwards]"
"51","2020","Count_Person_0Years_AmericanIndianAndAlaskaNativeAlone","[]","[]","[]","[CensusPEPSurvey_Race2000Onwards]"
"51","2020","Count_Person_25Years_Female_NativeHawaiianAndOtherPacificIslanderAlone","[]","[]","[]","[CensusPEPSurvey_Race2000Onwards]"
"51","2020","Count_Person_15Years_Female_HispanicOrLatino_NativeHawaiianAndOtherPacificIslanderAlone","[]","[]","[]","[CensusPEPSurvey_Race2000Onwards]"
"51","2020","Count_Person_76Years_Female_HispanicOrLatino_TwoOrMoreRaces","[]","[]","[]","[CensusPEPSurvey_Race2000Onwards]"
"51","2020","Count_Person_14Years_Female_HispanicOrLatino_NativeHawaiianAndOtherPacificIslanderAlone","[]","[]","[]","[CensusPEPSurvey_Race2000Onwards]"
"51","2020","Count_Person_82Years_Female_NotHispanicOrLatino_AmericanIndianAndAlaskaNativeAlone","[]","[]","[]","[CensusPEPSurvey_Race2000Onwards]"
"51","2020","Count_Person_57Years_Female_TwoOrMoreRaces","[]","[]","[]","[CensusPEPSurvey_Race2000Onwards]"
"51","2020","Count_Person_31Years_Female_HispanicOrLatino_WhiteAlone","[]","[]","[]","[CensusPEPSurvey_Race2000Onwards]"
"51","2020","Count_Person_53Years_Female_NotHispanicOrLatino_TwoOrMoreRaces","[]","[]","[]","[CensusPEPSurvey_Race2000Onwards]"
"51","2020","Count_Person_17Years_Male_HispanicOrLatino_AmericanIndianAndAlaskaNativeAlone","[]","[]","[]","[CensusPEPSurvey_Race2000Onwards]"
"51","2020","Count_Person_32Years_Male_HispanicOrLatino_BlackOrAfricanAmericanAlone","[]","[]","[]","[CensusPEPSurvey_Race2000Onwards]"
"51","2020","Count_Person_80Years_Female_HispanicOrLatino_AsianAlone","[]","[]","[]","[CensusPEPSurvey_Race2000Onwards]"
"51","2020","Count_Person_34Years_Male_NotHispanicOrLatino_NativeHawaiianAndOtherPacificIslanderAlone","[]","[]","[]","[CensusPEPSurvey_Race2000Onwards]"
"51","2020","Count_Person_28Years_Female_HispanicOrLatino_AsianAlone","[]","[]","[]","[CensusPEPSurvey_Race2000Onwards]"
"51","2020","Count_Person_23Years_Male_HispanicOrLatino_WhiteAlone","[]","[]","[]","[CensusPEPSurvey_Race2000Onwards]"
"51","2020","Count_Person_16Years_Male_NotHispanicOrLatino_TwoOrMoreRaces","[]","[]","[]","[CensusPEPSurvey_Race2000Onwards]"
"51","2020","Count_Person_79Years_Male_HispanicOrLatino_TwoOrMoreRaces","[]","[]","[]","[CensusPEPSurvey_Race2000Onwards]"
"51","2020","Count_Person_77Years_Male_HispanicOrLatino_AsianAlone","[]","[]","[]","[CensusPEPSurvey_Race2000Onwards]"
"51","2020","Count_Person_63Years_Male_HispanicOrLatino_BlackOrAfricanAmericanAlone","[]","[]","[]","[CensusPEPSurvey_Race2000Onwards]"
"51","2020","Count_Person_14Years_Female_HispanicOrLatino_WhiteAlone","[]","[]","[]","[CensusPEPSurvey_Race2000Onwards]"
"51","2020","Count_Person_49Years_Female_HispanicOrLatino_TwoOrMoreRaces","[]","[]","[]","[CensusPEPSurvey_Race2000Onwards]"
"51","2020","Count_Person_17Years_Male_HispanicOrLatino_AsianAlone","[]","[]","[]","[CensusPEPSurvey_Race2000Onwards]"
"51","2020","Count_Person_46Years_HispanicOrLatino_BlackOrAfricanAmericanAlone","[]","[]","[]","[CensusPEPSurvey_Race2000Onwards]"
"51","2020","Count_Person_68Years_NotHispanicOrLatino_AmericanIndianAndAlaskaNativeAlone","[]","[]","[]","[CensusPEPSurvey_Race2000Onwards]"
"51","2020","Count_Person_60Years_Male_NotHispanicOrLatino_TwoOrMoreRaces","[]","[]","[]","[CensusPEPSurvey_Race2000Onwards]"
"51","2020","Count_Person_29Years_TwoOrMoreRaces","[]","[]","[]","[CensusPEPSurvey_Race2000Onwards]"
"51","2020","Count_Person_68Years_Female_HispanicOrLatino_BlackOrAfricanAmericanAlone","[]","[]","[]","[CensusPEPSurvey_Race2000Onwards]"
"51","2020","Count_Person_25Years_Female_WhiteAlone","[]","[]","[]","[CensusPEPSurvey_Race2000Onwards]"
"51","2020","Count_Person_82Years_HispanicOrLatino_AmericanIndianAndAlaskaNativeAlone","[]","[]","[]","[CensusPEPSurvey_Race2000Onwards]"
"51","2020","Count_Person_75Years_AmericanIndianAndAlaskaNativeAlone","[]","[]","[]","[CensusPEPSurvey_Race2000Onwards]"
"51","2020","Count_Person_54Years_Female_HispanicOrLatino_NativeHawaiianAndOtherPacificIslanderAlone","[]","[]","[]","[CensusPEPSurvey_Race2000Onwards]"
"51","2020","Count_Person_67Years_NotHispanicOrLatino_AsianAlone","[]","[]","[]","[CensusPEPSurvey_Race2000Onwards]"
"51","2020","Count_Person_4Years_Female_WhiteAlone","[]","[]","[]","[CensusPEPSurvey_Race2000Onwards]"
"51","2020","Count_Person_19Years_Male_HispanicOrLatino_BlackOrAfricanAmericanAlone","[]","[]","[]","[CensusPEPSurvey_Race2000Onwards]"
"51","2020","Count_Person_39Years_Male_AmericanIndianAndAlaskaNativeAlone","[]","[]","[]","[CensusPEPSurvey_Race2000Onwards]"
"51","2020","Count_Person_22Years_TwoOrMoreRaces","[]","[]","[]","[CensusPEPSurvey_Race2000Onwards]"
"51","2020","Count_Person_75Years_Female_HispanicOrLatino_BlackOrAfricanAmericanAlone","[]","[]","[]","[CensusPEPSurvey_Race2000Onwards]"
"51","2020","Count_Person_36Years_NotHispanicOrLatino_AmericanIndianAndAlaskaNativeAlone","[]","[]","[]","[CensusPEPSurvey_Race2000Onwards]"
"51","2020","Count_Person_59Years_NotHispanicOrLatino_BlackOrAfricanAmericanAlone","[]","[]","[]","[CensusPEPSurvey_Race2000Onwards]"
"51","2020","Count_Person_39Years_Male_NotHispanicOrLatino_AmericanIndianAndAlaskaNativeAlone","[]","[]","[]","[CensusPEPSurvey_Race2000Onwards]"
"51","2020","Count_Person_82Years_Female_TwoOrMoreRaces","[]","[]","[]","[CensusPEPSurvey_Race2000Onwards]"
"51","2020","Count_Person_82Years_Male_HispanicOrLatino_TwoOrMoreRaces","[]","[]","[]","[CensusPEPSurvey_Race2000Onwards]"
"51","2020","Count_Person_23Years_Male_NotHispanicOrLatino_NativeHawaiianAndOtherPacificIslanderAlone","[]","[]","[]","[CensusPEPSurvey_Race2000Onwards]"
"51","2020","Count_Person_25Years_Female_AmericanIndianAndAlaskaNativeAlone","[]","[]","[]","[CensusPEPSurvey_Race2000Onwards]"
"51","2020","Count_Person_71Years_Male_NotHispanicOrLatino_NativeHawaiianAndOtherPacificIslanderAlone","[]","[]","[]","[CensusPEPSurvey_Race2000Onwards]"
"51","2020","Count_Person_42Years_WhiteAlone","[]","[]","[]","[CensusPEPSurvey_Race2000Onwards]"
"51","2020","Count_Person_84Years_Female_NotHispanicOrLatino_AmericanIndianAndAlaskaNativeAlone","[]","[]","[]","[CensusPEPSurvey_Race2000Onwards]"
"51","2020","Count_Person_26Years_Female_HispanicOrLatino_NativeHawaiianAndOtherPacificIslanderAlone","[]","[]","[]","[CensusPEPSurvey_Race2000Onwards]"
"51","2020","Count_Person_11Years_NotHispanicOrLatino_BlackOrAfricanAmericanAlone","[]","[]","[]","[CensusPEPSurvey_Race2000Onwards]"
"51","2020","Count_Person_10Years_BlackOrAfricanAmericanAlone","[]","[]","[]","[CensusPEPSurvey_Race2000Onwards]"
"51","2020","Count_Person_76Years_NotHispanicOrLatino_NativeHawaiianAndOtherPacificIslanderAlone","[]","[]","[]","[CensusPEPSurvey_Race2000Onwards]"
"51","2020","Count_Person_48Years_Male_HispanicOrLatino_WhiteAlone","[]","[]","[]","[CensusPEPSurvey_Race2000Onwards]"
"51","2020","Count_Person_33Years_Male_AsianAlone","[]","[]","[]","[CensusPEPSurvey_Race2000Onwards]"
"51","2020","Count_Person_4Years_AmericanIndianAndAlaskaNativeAlone","[]","[]","[]","[CensusPEPSurvey_Race2000Onwards]"
"51","2020","Count_Person_39Years_WhiteAlone","[]","[]","[]","[CensusPEPSurvey_Race2000Onwards]"
"51","2020","Count_Person_14Years_Male_TwoOrMoreRaces","[]","[]","[]","[CensusPEPSurvey_Race2000Onwards]"
"51","2020","Count_Person_0Years_Female_HispanicOrLatino_NativeHawaiianAndOtherPacificIslanderAlone","[]","[]","[]","[CensusPEPSurvey_Race2000Onwards]"
"51","2020","Count_Person_13Years_Male_NotHispanicOrLatino_BlackOrAfricanAmericanAlone","[]","[]","[]","[CensusPEPSurvey_Race2000Onwards]"
"51","2020","Count_Person_68Years_Female_NotHispanicOrLatino_WhiteAlone","[]","[]","[]","[CensusPEPSurvey_Race2000Onwards]"
"51","2020","Count_Person_47Years_Female_AsianAlone","[]","[]","[]","[CensusPEPSurvey_Race2000Onwards]"
"51","2020","Count_Person_41Years_Male_NativeHawaiianAndOtherPacificIslanderAlone","[]","[]","[]","[CensusPEPSurvey_Race2000Onwards]"
"51","2020","Count_Person_9Years_Male_HispanicOrLatino_WhiteAlone","[]","[]","[]","[CensusPEPSurvey_Race2000Onwards]"
"51","2020","Count_Person_62Years_NotHispanicOrLatino_AmericanIndianAndAlaskaNativeAlone","[]","[]","[]","[CensusPEPSurvey_Race2000Onwards]"
"51","2020","Count_Person_57Years_Female_NotHispanicOrLatino_BlackOrAfricanAmericanAlone","[]","[]","[]","[CensusPEPSurvey_Race2000Onwards]"
"51","2020","Count_Person_56Years_Female_NativeHawaiianAndOtherPacificIslanderAlone","[]","[]","[]","[CensusPEPSurvey_Race2000Onwards]"
"51","2020","Count_Person_74Years_Female_NotHispanicOrLatino_AmericanIndianAndAlaskaNativeAlone","[]","[]","[]","[CensusPEPSurvey_Race2000Onwards]"
"51","2020","Count_Person_45Years_Male_AmericanIndianAndAlaskaNativeAlone","[]","[]","[]","[CensusPEPSurvey_Race2000Onwards]"
"51","2020","Count_Person_12Years_Female_WhiteAlone","[]","[]","[]","[CensusPEPSurvey_Race2000Onwards]"
"51","2020","Count_Person_84Years_NotHispanicOrLatino_WhiteAlone","[]","[]","[]","[CensusPEPSurvey_Race2000Onwards]"
"51","2020","Count_Person_1Years_HispanicOrLatino_BlackOrAfricanAmericanAlone","[]","[]","[]","[CensusPEPSurvey_Race2000Onwards]"
"51","2020","Count_Person_50Years_AsianAlone","[]","[]","[]","[CensusPEPSurvey_Race2000Onwards]"
"51","2020","Count_Person_64Years_Male_BlackOrAfricanAmericanAlone","[]","[]","[]","[CensusPEPSurvey_Race2000Onwards]"
"51","2020","Count_Person_43Years_Female_TwoOrMoreRaces","[]","[]","[]","[CensusPEPSurvey_Race2000Onwards]"
"51","2020","Count_Person_47Years_AsianAlone","[]","[]","[]","[CensusPEPSurvey_Race2000Onwards]"
"51","2020","Count_Person_75Years_Male_TwoOrMoreRaces","[]","[]","[]","[CensusPEPSurvey_Race2000Onwards]"
"51","2020","Count_Person_77Years_Male_NotHispanicOrLatino_WhiteAlone","[]","[]","[]","[CensusPEPSurvey_Race2000Onwards]"
"51","2020","Count_Person_34Years_HispanicOrLatino_TwoOrMoreRaces","[]","[]","[]","[CensusPEPSurvey_Race2000Onwards]"
"51","2020","Count_Person_32Years_AsianAlone","[]","[]","[]","[CensusPEPSurvey_Race2000Onwards]"
"51","2020","Count_Person_47Years_HispanicOrLatino_NativeHawaiianAndOtherPacificIslanderAlone","[]","[]","[]","[CensusPEPSurvey_Race2000Onwards]"
"51","2020","Count_Person_5Years_Female_HispanicOrLatino_AsianAlone","[]","[]","[]","[CensusPEPSurvey_Race2000Onwards]"
"51","2020","Count_Person_6Years_Male_WhiteAlone","[]","[]","[]","[CensusPEPSurvey_Race2000Onwards]"
"51","2020","Count_Person_13Years_Female_NotHispanicOrLatino_WhiteAlone","[]","[]","[]","[CensusPEPSurvey_Race2000Onwards]"
"51","2020","Count_Person_83Years_Female_NotHispanicOrLatino_BlackOrAfricanAmericanAlone","[]","[]","[]","[CensusPEPSurvey_Race2000Onwards]"
"51","2020","Count_Person_37Years_Male_NotHispanicOrLatino_WhiteAlone","[]","[]","[]","[CensusPEPSurvey_Race2000Onwards]"
"51","2020","Count_Person_32Years_BlackOrAfricanAmericanAlone","[]","[]","[]","[CensusPEPSurvey_Race2000Onwards]"
"51","2020","Count_Person_14Years_Female_NotHispanicOrLatino_BlackOrAfricanAmericanAlone","[]","[]","[]","[CensusPEPSurvey_Race2000Onwards]"
"51","2020","Count_Person_58Years_TwoOrMoreRaces","[]","[]","[]","[CensusPEPSurvey_Race2000Onwards]"
"51","2020","Count_Person_67Years_Male_AsianAlone","[]","[]","[]","[CensusPEPSurvey_Race2000Onwards]"
"51","2020","Count_Person_81Years_HispanicOrLatino_WhiteAlone","[]","[]","[]","[CensusPEPSurvey_Race2000Onwards]"
"51","2020","Count_Person_60Years_Female_WhiteAlone","[]","[]","[]","[CensusPEPSurvey_Race2000Onwards]"
"51","2020","Count_Person_57Years_WhiteAlone","[]","[]","[]","[CensusPEPSurvey_Race2000Onwards]"
"51","2020","Count_Person_4Years_Male_NotHispanicOrLatino_TwoOrMoreRaces","[]","[]","[]","[CensusPEPSurvey_Race2000Onwards]"
"51","2020","Count_Person_27Years_HispanicOrLatino_NativeHawaiianAndOtherPacificIslanderAlone","[]","[]","[]","[CensusPEPSurvey_Race2000Onwards]"
"51","2020","Count_Person_39Years_HispanicOrLatino_AsianAlone","[]","[]","[]","[CensusPEPSurvey_Race2000Onwards]"
"51","2020","Count_Person_30Years_Male_HispanicOrLatino_NativeHawaiianAndOtherPacificIslanderAlone","[]","[]","[]","[CensusPEPSurvey_Race2000Onwards]"
"51","2020","Count_Person_45Years_Male_WhiteAlone","[]","[]","[]","[CensusPEPSurvey_Race2000Onwards]"
"51","2020","Count_Person_38Years_NativeHawaiianAndOtherPacificIslanderAlone","[]","[]","[]","[CensusPEPSurvey_Race2000Onwards]"
"51","2020","Count_Person_25Years_Male_HispanicOrLatino_WhiteAlone","[]","[]","[]","[CensusPEPSurvey_Race2000Onwards]"
"51","2020","Count_Person_19Years_Male_HispanicOrLatino_AsianAlone","[]","[]","[]","[CensusPEPSurvey_Race2000Onwards]"
"51","2020","Count_Person_8Years_Female_HispanicOrLatino_WhiteAlone","[]","[]","[]","[CensusPEPSurvey_Race2000Onwards]"
"51","2020","Count_Person_66Years_Female_NativeHawaiianAndOtherPacificIslanderAlone","[]","[]","[]","[CensusPEPSurvey_Race2000Onwards]"
"51","2020","Count_Person_66Years_Female_NotHispanicOrLatino_AmericanIndianAndAlaskaNativeAlone","[]","[]","[]","[CensusPEPSurvey_Race2000Onwards]"
"51","2020","Count_Person_80Years_Female_NotHispanicOrLatino_BlackOrAfricanAmericanAlone","[]","[]","[]","[CensusPEPSurvey_Race2000Onwards]"
"51","2020","Count_Person_85Years_Male_HispanicOrLatino_WhiteAlone","[]","[]","[]","[CensusPEPSurvey_Race2000Onwards]"
"51","2020","Count_Person_35Years_Female_NativeHawaiianAndOtherPacificIslanderAlone","[]","[]","[]","[CensusPEPSurvey_Race2000Onwards]"
"51","2020","Count_Person_2Years_Male_NotHispanicOrLatino_NativeHawaiianAndOtherPacificIslanderAlone","[]","[]","[]","[CensusPEPSurvey_Race2000Onwards]"
"51","2020","Count_Person_5Years_Female_TwoOrMoreRaces","[]","[]","[]","[CensusPEPSurvey_Race2000Onwards]"
"51","2020","Count_Person_27Years_Male_BlackOrAfricanAmericanAlone","[]","[]","[]","[CensusPEPSurvey_Race2000Onwards]"
"51","2020","Count_Person_2Years_Male_BlackOrAfricanAmericanAlone","[]","[]","[]","[CensusPEPSurvey_Race2000Onwards]"
"51","2020","Count_Person_15Years_Female_HispanicOrLatino_BlackOrAfricanAmericanAlone","[]","[]","[]","[CensusPEPSurvey_Race2000Onwards]"
"51","2020","Count_Person_15Years_Male_HispanicOrLatino_AmericanIndianAndAlaskaNativeAlone","[]","[]","[]","[CensusPEPSurvey_Race2000Onwards]"
"51","2020","Count_Person_30Years_Male_TwoOrMoreRaces","[]","[]","[]","[CensusPEPSurvey_Race2000Onwards]"
"51","2020","Count_Person_Female_HispanicOrLatino_WhiteAlone","[]","[]","[]","[dcAggregate/CensusPEPSurvey_Race2000Onwards]"
"51","2020","Count_Person_43Years_Male_BlackOrAfricanAmericanAlone","[]","[]","[]","[CensusPEPSurvey_Race2000Onwards]"
"51","2020","Count_Person_69Years_Male_HispanicOrLatino_WhiteAlone","[]","[]","[]","[CensusPEPSurvey_Race2000Onwards]"
"51","2020","Count_Person_48Years_Male_NotHispanicOrLatino_TwoOrMoreRaces","[]","[]","[]","[CensusPEPSurvey_Race2000Onwards]"
"51","2020","Count_Person_57Years_Female_NotHispanicOrLatino_TwoOrMoreRaces","[]","[]","[]","[CensusPEPSurvey_Race2000Onwards]"
"51","2020","Count_Person_25Years_AmericanIndianAndAlaskaNativeAlone","[]","[]","[]","[CensusPEPSurvey_Race2000Onwards]"
"51","2020","Count_Person_38Years_Female_HispanicOrLatino_NativeHawaiianAndOtherPacificIslanderAlone","[]","[]","[]","[CensusPEPSurvey_Race2000Onwards]"
"51","2020","Count_Person_7Years_Female_HispanicOrLatino_AsianAlone","[]","[]","[]","[CensusPEPSurvey_Race2000Onwards]"
"51","2020","Count_Person_43Years_Female_HispanicOrLatino_BlackOrAfricanAmericanAlone","[]","[]","[]","[CensusPEPSurvey_Race2000Onwards]"
"51","2020","Count_Person_50Years_Female_NotHispanicOrLatino_WhiteAlone","[]","[]","[]","[CensusPEPSurvey_Race2000Onwards]"
"51","2020","Count_Person_54Years_BlackOrAfricanAmericanAlone","[]","[]","[]","[CensusPEPSurvey_Race2000Onwards]"
"51","2020","Count_Person_8Years_Female_HispanicOrLatino_NativeHawaiianAndOtherPacificIslanderAlone","[]","[]","[]","[CensusPEPSurvey_Race2000Onwards]"
"51","2020","Count_Person_33Years_Female_HispanicOrLatino_WhiteAlone","[]","[]","[]","[CensusPEPSurvey_Race2000Onwards]"
"51","2020","Count_Person_17Years_HispanicOrLatino_AsianAlone","[]","[]","[]","[CensusPEPSurvey_Race2000Onwards]"
"51","2020","Count_Person_30Years_Male_NotHispanicOrLatino_AsianAlone","[]","[]","[]","[CensusPEPSurvey_Race2000Onwards]"
"51","2020","Count_Person_28Years_Male_NativeHawaiianAndOtherPacificIslanderAlone","[]","[]","[]","[CensusPEPSurvey_Race2000Onwards]"
"51","2020","Count_Person_13Years_HispanicOrLatino_NativeHawaiianAndOtherPacificIslanderAlone","[]","[]","[]","[CensusPEPSurvey_Race2000Onwards]"
"51","2020","Count_Person_13Years_Male_HispanicOrLatino_AmericanIndianAndAlaskaNativeAlone","[]","[]","[]","[CensusPEPSurvey_Race2000Onwards]"
"51","2020","Count_Person_70Years_Male_NotHispanicOrLatino_AsianAlone","[]","[]","[]","[CensusPEPSurvey_Race2000Onwards]"
"51","2020","Count_Person_75Years_Female_AmericanIndianAndAlaskaNativeAlone","[]","[]","[]","[CensusPEPSurvey_Race2000Onwards]"
"51","2020","Count_Person_7Years_Male_NativeHawaiianAndOtherPacificIslanderAlone","[]","[]","[]","[CensusPEPSurvey_Race2000Onwards]"
"51","2020","Count_Person_79Years_Female_HispanicOrLatino_WhiteAlone","[]","[]","[]","[CensusPEPSurvey_Race2000Onwards]"
"51","2020","Count_Person_39Years_TwoOrMoreRaces","[]","[]","[]","[CensusPEPSurvey_Race2000Onwards]"
"51","2020","Count_Person_7Years_Male_HispanicOrLatino_WhiteAlone","[]","[]","[]","[CensusPEPSurvey_Race2000Onwards]"
"51","2020","Count_Person_59Years_Male_NotHispanicOrLatino_NativeHawaiianAndOtherPacificIslanderAlone","[]","[]","[]","[CensusPEPSurvey_Race2000Onwards]"
"51","2020","Count_Person_42Years_Female_HispanicOrLatino_NativeHawaiianAndOtherPacificIslanderAlone","[]","[]","[]","[CensusPEPSurvey_Race2000Onwards]"
"51","2020","Count_Person_70Years_HispanicOrLatino_BlackOrAfricanAmericanAlone","[]","[]","[]","[CensusPEPSurvey_Race2000Onwards]"
"51","2020","Count_Person_65Years_AsianAlone","[]","[]","[]","[CensusPEPSurvey_Race2000Onwards]"
"51","2020","Count_Person_15Years_Female_WhiteAlone","[]","[]","[]","[CensusPEPSurvey_Race2000Onwards]"
"51","2020","Count_Person_36Years_Female_NotHispanicOrLatino_WhiteAlone","[]","[]","[]","[CensusPEPSurvey_Race2000Onwards]"
"51","2020","Count_Person_9Years_Female_TwoOrMoreRaces","[]","[]","[]","[CensusPEPSurvey_Race2000Onwards]"
"51","2020","Count_Person_49Years_BlackOrAfricanAmericanAlone","[]","[]","[]","[CensusPEPSurvey_Race2000Onwards]"
"51","2020","Count_Person_26Years_Male_BlackOrAfricanAmericanAlone","[]","[]","[]","[CensusPEPSurvey_Race2000Onwards]"
"51","2020","Count_Person_56Years_Female_NotHispanicOrLatino_AmericanIndianAndAlaskaNativeAlone","[]","[]","[]","[CensusPEPSurvey_Race2000Onwards]"
"51","2020","Count_Person_29Years_AsianAlone","[]","[]","[]","[CensusPEPSurvey_Race2000Onwards]"
"51","2020","Count_Person_79Years_NotHispanicOrLatino_AmericanIndianAndAlaskaNativeAlone","[]","[]","[]","[CensusPEPSurvey_Race2000Onwards]"
"51","2020","Count_Person_47Years_HispanicOrLatino_BlackOrAfricanAmericanAlone","[]","[]","[]","[CensusPEPSurvey_Race2000Onwards]"
"51","2020","Count_Person_19Years_Female_HispanicOrLatino_BlackOrAfricanAmericanAlone","[]","[]","[]","[CensusPEPSurvey_Race2000Onwards]"
"51","2020","Count_Person_11Years_NotHispanicOrLatino_AsianAlone","[]","[]","[]","[CensusPEPSurvey_Race2000Onwards]"
"51","2020","Count_Person_53Years_NativeHawaiianAndOtherPacificIslanderAlone","[]","[]","[]","[CensusPEPSurvey_Race2000Onwards]"
"51","2020","Count_Person_20Years_HispanicOrLatino_NativeHawaiianAndOtherPacificIslanderAlone","[]","[]","[]","[CensusPEPSurvey_Race2000Onwards]"
"51","2020","Count_Person_12Years_Female_HispanicOrLatino_WhiteAlone","[]","[]","[]","[CensusPEPSurvey_Race2000Onwards]"
"51","2020","Count_Person_66Years_Male_BlackOrAfricanAmericanAlone","[]","[]","[]","[CensusPEPSurvey_Race2000Onwards]"
"51","2020","Count_Person_73Years_AmericanIndianAndAlaskaNativeAlone","[]","[]","[]","[CensusPEPSurvey_Race2000Onwards]"
"51","2020","Count_Person_37Years_Female_HispanicOrLatino_TwoOrMoreRaces","[]","[]","[]","[CensusPEPSurvey_Race2000Onwards]"
"51","2020","Count_Person_46Years_Male_HispanicOrLatino_WhiteAlone","[]","[]","[]","[CensusPEPSurvey_Race2000Onwards]"
"51","2020","Count_Person_36Years_NotHispanicOrLatino_TwoOrMoreRaces","[]","[]","[]","[CensusPEPSurvey_Race2000Onwards]"
"51","2020","Count_Person_76Years_BlackOrAfricanAmericanAlone","[]","[]","[]","[CensusPEPSurvey_Race2000Onwards]"
"51","2020","Count_Person_81Years_Female_HispanicOrLatino_WhiteAlone","[]","[]","[]","[CensusPEPSurvey_Race2000Onwards]"
"51","2020","Count_Person_65Years_Male_NativeHawaiianAndOtherPacificIslanderAlone","[]","[]","[]","[CensusPEPSurvey_Race2000Onwards]"
"51","2020","Count_Person_35Years_Female_BlackOrAfricanAmericanAlone","[]","[]","[]","[CensusPEPSurvey_Race2000Onwards]"
"51","2020","Count_Person_27Years_HispanicOrLatino_BlackOrAfricanAmericanAlone","[]","[]","[]","[CensusPEPSurvey_Race2000Onwards]"
"51","2020","Count_Person_11Years_Male_AmericanIndianAndAlaskaNativeAlone","[]","[]","[]","[CensusPEPSurvey_Race2000Onwards]"
"51","2020","Count_Person_1Years_TwoOrMoreRaces","[]","[]","[]","[CensusPEPSurvey_Race2000Onwards]"
"51","2020","Count_Person_65Years_Male_NotHispanicOrLatino_NativeHawaiianAndOtherPacificIslanderAlone","[]","[]","[]","[CensusPEPSurvey_Race2000Onwards]"
"51","2020","Count_Person_14Years_HispanicOrLatino_TwoOrMoreRaces","[]","[]","[]","[CensusPEPSurvey_Race2000Onwards]"
"51","2020","Count_Person_60Years_NotHispanicOrLatino_BlackOrAfricanAmericanAlone","[]","[]","[]","[CensusPEPSurvey_Race2000Onwards]"
"51","2020","Count_Person_63Years_Female_WhiteAlone","[]","[]","[]","[CensusPEPSurvey_Race2000Onwards]"
"51","2020","Count_Person_Male_NotHispanicOrLatino_NativeHawaiianAndOtherPacificIslanderAlone","[]","[]","[]","[dcAggregate/CensusPEPSurvey_Race2000Onwards]"
"51","2020","Count_Person_24Years_Female_HispanicOrLatino_AmericanIndianAndAlaskaNativeAlone","[]","[]","[]","[CensusPEPSurvey_Race2000Onwards]"
"51","2020","Count_Person_58Years_NativeHawaiianAndOtherPacificIslanderAlone","[]","[]","[]","[CensusPEPSurvey_Race2000Onwards]"
"51","2020","Count_Person_5Years_HispanicOrLatino_WhiteAlone","[]","[]","[]","[CensusPEPSurvey_Race2000Onwards]"
"51","2020","Count_Person_74Years_Female_NotHispanicOrLatino_TwoOrMoreRaces","[]","[]","[]","[CensusPEPSurvey_Race2000Onwards]"
"51","2020","Count_Person_9Years_Female_NotHispanicOrLatino_NativeHawaiianAndOtherPacificIslanderAlone","[]","[]","[]","[CensusPEPSurvey_Race2000Onwards]"
"51","2020","Count_Person_39Years_Female_NativeHawaiianAndOtherPacificIslanderAlone","[]","[]","[]","[CensusPEPSurvey_Race2000Onwards]"
"51","2020","Count_Person_76Years_NotHispanicOrLatino_WhiteAlone","[]","[]","[]","[CensusPEPSurvey_Race2000Onwards]"
"51","2020","Count_Person_83Years_AsianAlone","[]","[]","[]","[CensusPEPSurvey_Race2000Onwards]"
"51","2020","Count_Person_32Years_Female_HispanicOrLatino_AsianAlone","[]","[]","[]","[CensusPEPSurvey_Race2000Onwards]"
"51","2020","Count_Person_20Years_Male_NotHispanicOrLatino_TwoOrMoreRaces","[]","[]","[]","[CensusPEPSurvey_Race2000Onwards]"
"51","2020","Count_Person_58Years_Female_BlackOrAfricanAmericanAlone","[]","[]","[]","[CensusPEPSurvey_Race2000Onwards]"
"51","2020","Count_Person_80Years_Male_NotHispanicOrLatino_AmericanIndianAndAlaskaNativeAlone","[]","[]","[]","[CensusPEPSurvey_Race2000Onwards]"
"51","2020","Count_Person_81Years_Female_HispanicOrLatino_NativeHawaiianAndOtherPacificIslanderAlone","[]","[]","[]","[CensusPEPSurvey_Race2000Onwards]"
"51","2020","Count_Person_71Years_Female_HispanicOrLatino_BlackOrAfricanAmericanAlone","[]","[]","[]","[CensusPEPSurvey_Race2000Onwards]"
"51","2020","Count_Person_27Years_Male_HispanicOrLatino_WhiteAlone","[]","[]","[]","[CensusPEPSurvey_Race2000Onwards]"
"51","2020","Count_Person_1Years_Female_WhiteAlone","[]","[]","[]","[CensusPEPSurvey_Race2000Onwards]"
"51","2020","Count_Person_7Years_Male_TwoOrMoreRaces","[]","[]","[]","[CensusPEPSurvey_Race2000Onwards]"
"51","2020","Count_Person_7Years_AsianAlone","[]","[]","[]","[CensusPEPSurvey_Race2000Onwards]"
"51","2020","Count_Person_40Years_Female_NotHispanicOrLatino_BlackOrAfricanAmericanAlone","[]","[]","[]","[CensusPEPSurvey_Race2000Onwards]"
"51","2020","Count_Person_4Years_Male_BlackOrAfricanAmericanAlone","[]","[]","[]","[CensusPEPSurvey_Race2000Onwards]"
"51","2020","Count_Person_75Years_NotHispanicOrLatino_AsianAlone","[]","[]","[]","[CensusPEPSurvey_Race2000Onwards]"
"51","2020","Count_Person_84Years_Female_NotHispanicOrLatino_AsianAlone","[]","[]","[]","[CensusPEPSurvey_Race2000Onwards]"
"51","2020","Count_Person_19Years_Male_NotHispanicOrLatino_AmericanIndianAndAlaskaNativeAlone","[]","[]","[]","[CensusPEPSurvey_Race2000Onwards]"
"51","2020","Count_Person_30Years_Female_HispanicOrLatino_NativeHawaiianAndOtherPacificIslanderAlone","[]","[]","[]","[CensusPEPSurvey_Race2000Onwards]"
"51","2020","Count_Person_45Years_Male_BlackOrAfricanAmericanAlone","[]","[]","[]","[CensusPEPSurvey_Race2000Onwards]"
"51","2020","Count_Person_68Years_Female_HispanicOrLatino_AmericanIndianAndAlaskaNativeAlone","[]","[]","[]","[CensusPEPSurvey_Race2000Onwards]"
"51","2020","Count_Person_47Years_Female_HispanicOrLatino_BlackOrAfricanAmericanAlone","[]","[]","[]","[CensusPEPSurvey_Race2000Onwards]"
"51","2020","Count_Person_85Years_Male_BlackOrAfricanAmericanAlone","[]","[]","[]","[CensusPEPSurvey_Race2000Onwards]"
"51","2020","Count_Person_77Years_NotHispanicOrLatino_NativeHawaiianAndOtherPacificIslanderAlone","[]","[]","[]","[CensusPEPSurvey_Race2000Onwards]"
"51","2020","Count_Person_67Years_Male_HispanicOrLatino_WhiteAlone","[]","[]","[]","[CensusPEPSurvey_Race2000Onwards]"
"51","2020","Count_Person_28Years_Male_NotHispanicOrLatino_AsianAlone","[]","[]","[]","[CensusPEPSurvey_Race2000Onwards]"
"51","2020","Count_Person_27Years_BlackOrAfricanAmericanAlone","[]","[]","[]","[CensusPEPSurvey_Race2000Onwards]"
"51","2020","Count_Person_2Years_AmericanIndianAndAlaskaNativeAlone","[]","[]","[]","[CensusPEPSurvey_Race2000Onwards]"
"51","2020","Count_Person_54Years_HispanicOrLatino_NativeHawaiianAndOtherPacificIslanderAlone","[]","[]","[]","[CensusPEPSurvey_Race2000Onwards]"
"51","2020","Count_Person_50Years_Female_HispanicOrLatino_BlackOrAfricanAmericanAlone","[]","[]","[]","[CensusPEPSurvey_Race2000Onwards]"
"51","2020","Count_Person_Male_NotHispanicOrLatino_AsianAlone","[]","[]","[]","[dcAggregate/CensusPEPSurvey_Race2000Onwards]"
"51","2020","Count_Person_33Years_NotHispanicOrLatino_BlackOrAfricanAmericanAlone","[]","[]","[]","[CensusPEPSurvey_Race2000Onwards]"
"51","2020","Count_Person_0Years_Female_NotHispanicOrLatino_BlackOrAfricanAmericanAlone","[]","[]","[]","[CensusPEPSurvey_Race2000Onwards]"
"51","2020","Count_Person_34Years_Male_WhiteAlone","[]","[]","[]","[CensusPEPSurvey_Race2000Onwards]"
"51","2020","Count_Person_55Years_Male_NotHispanicOrLatino_AsianAlone","[]","[]","[]","[CensusPEPSurvey_Race2000Onwards]"
"51","2020","Count_Person_24Years_NotHispanicOrLatino_NativeHawaiianAndOtherPacificIslanderAlone","[]","[]","[]","[CensusPEPSurvey_Race2000Onwards]"
"51","2020","Count_Person_46Years_Female_AsianAlone","[]","[]","[]","[CensusPEPSurvey_Race2000Onwards]"
"51","2020","Count_Person_85Years_Male_HispanicOrLatino_NativeHawaiianAndOtherPacificIslanderAlone","[]","[]","[]","[CensusPEPSurvey_Race2000Onwards]"
"51","2020","Count_Person_40Years_HispanicOrLatino_WhiteAlone","[]","[]","[]","[CensusPEPSurvey_Race2000Onwards]"
"51","2020","Count_Person_21Years_Female_AsianAlone","[]","[]","[]","[CensusPEPSurvey_Race2000Onwards]"
"51","2020","Count_Person_43Years_NotHispanicOrLatino_TwoOrMoreRaces","[]","[]","[]","[CensusPEPSurvey_Race2000Onwards]"
"51","2020","Count_Person_78Years_Male_HispanicOrLatino_AmericanIndianAndAlaskaNativeAlone","[]","[]","[]","[CensusPEPSurvey_Race2000Onwards]"
"51","2020","Count_Person_49Years_Female_NotHispanicOrLatino_AmericanIndianAndAlaskaNativeAlone","[]","[]","[]","[CensusPEPSurvey_Race2000Onwards]"
"51","2020","Count_Person_76Years_Female_BlackOrAfricanAmericanAlone","[]","[]","[]","[CensusPEPSurvey_Race2000Onwards]"
"51","2020","Count_Person_41Years_Male_HispanicOrLatino_BlackOrAfricanAmericanAlone","[]","[]","[]","[CensusPEPSurvey_Race2000Onwards]"
"51","2020","Count_Person_84Years_Male_HispanicOrLatino_NativeHawaiianAndOtherPacificIslanderAlone","[]","[]","[]","[CensusPEPSurvey_Race2000Onwards]"
"51","2020","Count_Person_67Years_AsianAlone","[]","[]","[]","[CensusPEPSurvey_Race2000Onwards]"
"51","2020","Count_Person_80Years_AmericanIndianAndAlaskaNativeAlone","[]","[]","[]","[CensusPEPSurvey_Race2000Onwards]"
"51","2020","Count_Person_36Years_Male_HispanicOrLatino_AsianAlone","[]","[]","[]","[CensusPEPSurvey_Race2000Onwards]"
"51","2020","Count_Person_33Years_Male_HispanicOrLatino_BlackOrAfricanAmericanAlone","[]","[]","[]","[CensusPEPSurvey_Race2000Onwards]"
"51","2020","Count_Person_78Years_Female_AsianAlone","[]","[]","[]","[CensusPEPSurvey_Race2000Onwards]"
"51","2020","Count_Person_80Years_Male_HispanicOrLatino_AmericanIndianAndAlaskaNativeAlone","[]","[]","[]","[CensusPEPSurvey_Race2000Onwards]"
"51","2020","Count_Person_70Years_Male_HispanicOrLatino_WhiteAlone","[]","[]","[]","[CensusPEPSurvey_Race2000Onwards]"
"51","2020","Count_Person_78Years_HispanicOrLatino_BlackOrAfricanAmericanAlone","[]","[]","[]","[CensusPEPSurvey_Race2000Onwards]"
"51","2020","Count_Person_70Years_Male_NativeHawaiianAndOtherPacificIslanderAlone","[]","[]","[]","[CensusPEPSurvey_Race2000Onwards]"
"51","2020","Count_Person_8Years_Male_AmericanIndianAndAlaskaNativeAlone","[]","[]","[]","[CensusPEPSurvey_Race2000Onwards]"
"51","2020","Count_Person_84Years_Female_TwoOrMoreRaces","[]","[]","[]","[CensusPEPSurvey_Race2000Onwards]"
"51","2020","Count_Person_16Years_NotHispanicOrLatino_AmericanIndianAndAlaskaNativeAlone","[]","[]","[]","[CensusPEPSurvey_Race2000Onwards]"
"51","2020","Count_Person_2Years_AsianAlone","[]","[]","[]","[CensusPEPSurvey_Race2000Onwards]"
"51","2020","Count_Person_10Years_Female_HispanicOrLatino_BlackOrAfricanAmericanAlone","[]","[]","[]","[CensusPEPSurvey_Race2000Onwards]"
"51","2020","Count_Person_51Years_HispanicOrLatino_WhiteAlone","[]","[]","[]","[CensusPEPSurvey_Race2000Onwards]"
"51","2020","Count_Person_43Years_TwoOrMoreRaces","[]","[]","[]","[CensusPEPSurvey_Race2000Onwards]"
"51","2020","Count_Person_4Years_Female_NotHispanicOrLatino_NativeHawaiianAndOtherPacificIslanderAlone","[]","[]","[]","[CensusPEPSurvey_Race2000Onwards]"
"51","2020","Count_Person_27Years_Female_WhiteAlone","[]","[]","[]","[CensusPEPSurvey_Race2000Onwards]"
"51","2020","Count_Person_10Years_Female_NotHispanicOrLatino_WhiteAlone","[]","[]","[]","[CensusPEPSurvey_Race2000Onwards]"
"51","2020","Count_Person_82Years_Male_HispanicOrLatino_NativeHawaiianAndOtherPacificIslanderAlone","[]","[]","[]","[CensusPEPSurvey_Race2000Onwards]"
"51","2020","Count_Person_55Years_HispanicOrLatino_AmericanIndianAndAlaskaNativeAlone","[]","[]","[]","[CensusPEPSurvey_Race2000Onwards]"
"51","2020","Count_Person_15Years_Female_NotHispanicOrLatino_WhiteAlone","[]","[]","[]","[CensusPEPSurvey_Race2000Onwards]"
"51","2020","Count_Person_2Years_Female_NotHispanicOrLatino_AmericanIndianAndAlaskaNativeAlone","[]","[]","[]","[CensusPEPSurvey_Race2000Onwards]"
"51","2020","Count_Person_59Years_NotHispanicOrLatino_WhiteAlone","[]","[]","[]","[CensusPEPSurvey_Race2000Onwards]"
"51","2020","Count_Person_39Years_HispanicOrLatino_TwoOrMoreRaces","[]","[]","[]","[CensusPEPSurvey_Race2000Onwards]"
"51","2020","Count_Person_83Years_Male_BlackOrAfricanAmericanAlone","[]","[]","[]","[CensusPEPSurvey_Race2000Onwards]"
"51","2020","Count_Person_73Years_NotHispanicOrLatino_BlackOrAfricanAmericanAlone","[]","[]","[]","[CensusPEPSurvey_Race2000Onwards]"
"51","2020","Count_Person_19Years_Male_NotHispanicOrLatino_WhiteAlone","[]","[]","[]","[CensusPEPSurvey_Race2000Onwards]"
"51","2020","Count_Person_48Years_Male_TwoOrMoreRaces","[]","[]","[]","[CensusPEPSurvey_Race2000Onwards]"
"51","2020","Count_Person_54Years_AmericanIndianAndAlaskaNativeAlone","[]","[]","[]","[CensusPEPSurvey_Race2000Onwards]"
"51","2020","Count_Person_43Years_NotHispanicOrLatino_AmericanIndianAndAlaskaNativeAlone","[]","[]","[]","[CensusPEPSurvey_Race2000Onwards]"
"51","2020","Count_Person_27Years_NotHispanicOrLatino_AsianAlone","[]","[]","[]","[CensusPEPSurvey_Race2000Onwards]"
"51","2020","Count_Person_83Years_Male_NotHispanicOrLatino_WhiteAlone","[]","[]","[]","[CensusPEPSurvey_Race2000Onwards]"
"51","2020","Count_Person_41Years_Female_AmericanIndianAndAlaskaNativeAlone","[]","[]","[]","[CensusPEPSurvey_Race2000Onwards]"
"51","2020","Count_Person_58Years_NotHispanicOrLatino_WhiteAlone","[]","[]","[]","[CensusPEPSurvey_Race2000Onwards]"
"51","2020","Count_Person_44Years_Female_HispanicOrLatino_AsianAlone","[]","[]","[]","[CensusPEPSurvey_Race2000Onwards]"
"51","2020","Count_Person_83Years_Male_NotHispanicOrLatino_BlackOrAfricanAmericanAlone","[]","[]","[]","[CensusPEPSurvey_Race2000Onwards]"
"51","2020","Count_Person_38Years_HispanicOrLatino_AsianAlone","[]","[]","[]","[CensusPEPSurvey_Race2000Onwards]"
"51","2020","Count_Person_29Years_Male_HispanicOrLatino_WhiteAlone","[]","[]","[]","[CensusPEPSurvey_Race2000Onwards]"
"51","2020","Count_Person_35Years_Male_HispanicOrLatino_WhiteAlone","[]","[]","[]","[CensusPEPSurvey_Race2000Onwards]"
"51","2020","Count_Person_41Years_Male_NotHispanicOrLatino_AsianAlone","[]","[]","[]","[CensusPEPSurvey_Race2000Onwards]"
"51","2020","Count_Person_20Years_NotHispanicOrLatino_WhiteAlone","[]","[]","[]","[CensusPEPSurvey_Race2000Onwards]"
"51","2020","Count_Person_71Years_Male_HispanicOrLatino_AsianAlone","[]","[]","[]","[CensusPEPSurvey_Race2000Onwards]"
"51","2020","Count_Person_6Years_AmericanIndianAndAlaskaNativeAlone","[]","[]","[]","[CensusPEPSurvey_Race2000Onwards]"
"51","2020","Count_Person_60Years_Female_AsianAlone","[]","[]","[]","[CensusPEPSurvey_Race2000Onwards]"
"51","2020","Count_Person_69Years_Male_TwoOrMoreRaces","[]","[]","[]","[CensusPEPSurvey_Race2000Onwards]"
"51","2020","Count_Person_8Years_Female_NotHispanicOrLatino_TwoOrMoreRaces","[]","[]","[]","[CensusPEPSurvey_Race2000Onwards]"
"51","2020","Count_Person_47Years_Female_AmericanIndianAndAlaskaNativeAlone","[]","[]","[]","[CensusPEPSurvey_Race2000Onwards]"
"51","2020","Count_Person_31Years_Male_TwoOrMoreRaces","[]","[]","[]","[CensusPEPSurvey_Race2000Onwards]"
"51","2020","Count_Person_20Years_Male_HispanicOrLatino_NativeHawaiianAndOtherPacificIslanderAlone","[]","[]","[]","[CensusPEPSurvey_Race2000Onwards]"
"51","2020","Count_Person_22Years_Female_TwoOrMoreRaces","[]","[]","[]","[CensusPEPSurvey_Race2000Onwards]"
"51","2020","Count_Person_52Years_Male_TwoOrMoreRaces","[]","[]","[]","[CensusPEPSurvey_Race2000Onwards]"
"51","2020","Count_Person_69Years_Male_NotHispanicOrLatino_AsianAlone","[]","[]","[]","[CensusPEPSurvey_Race2000Onwards]"
"51","2020","Count_Person_35Years_Female_NotHispanicOrLatino_WhiteAlone","[]","[]","[]","[CensusPEPSurvey_Race2000Onwards]"
"51","2020","Count_Person_27Years_HispanicOrLatino_AsianAlone","[]","[]","[]","[CensusPEPSurvey_Race2000Onwards]"
"51","2020","Count_Person_26Years_NotHispanicOrLatino_AsianAlone","[]","[]","[]","[CensusPEPSurvey_Race2000Onwards]"
"51","2020","Count_Person_55Years_Male_NotHispanicOrLatino_NativeHawaiianAndOtherPacificIslanderAlone","[]","[]","[]","[CensusPEPSurvey_Race2000Onwards]"
"51","2020","Count_Person_79Years_Male_HispanicOrLatino_WhiteAlone","[]","[]","[]","[CensusPEPSurvey_Race2000Onwards]"
"51","2020","Count_Person_79Years_Female_AmericanIndianAndAlaskaNativeAlone","[]","[]","[]","[CensusPEPSurvey_Race2000Onwards]"
"51","2020","Count_Person_75Years_Male_AmericanIndianAndAlaskaNativeAlone","[]","[]","[]","[CensusPEPSurvey_Race2000Onwards]"
"51","2020","Count_Person_AsianAlone","[]","[]","[]","[dcAggregate/CensusPEPSurvey_Race2000Onwards]"
"51","2020","Count_Person_61Years_Female_NotHispanicOrLatino_TwoOrMoreRaces","[]","[]","[]","[CensusPEPSurvey_Race2000Onwards]"
"51","2020","Count_Person_79Years_NotHispanicOrLatino_TwoOrMoreRaces","[]","[]","[]","[CensusPEPSurvey_Race2000Onwards]"
"51","2020","Count_Person_39Years_Female_NotHispanicOrLatino_NativeHawaiianAndOtherPacificIslanderAlone","[]","[]","[]","[CensusPEPSurvey_Race2000Onwards]"
"51","2020","Count_Person_46Years_Female_TwoOrMoreRaces","[]","[]","[]","[CensusPEPSurvey_Race2000Onwards]"
"51","2020","Count_Person_8Years_Male_NotHispanicOrLatino_NativeHawaiianAndOtherPacificIslanderAlone","[]","[]","[]","[CensusPEPSurvey_Race2000Onwards]"
"51","2020","Count_Person_44Years_NotHispanicOrLatino_NativeHawaiianAndOtherPacificIslanderAlone","[]","[]","[]","[CensusPEPSurvey_Race2000Onwards]"
"51","2020","Count_Person_41Years_Female_NotHispanicOrLatino_AmericanIndianAndAlaskaNativeAlone","[]","[]","[]","[CensusPEPSurvey_Race2000Onwards]"
"51","2020","Count_Person_57Years_Male_NotHispanicOrLatino_BlackOrAfricanAmericanAlone","[]","[]","[]","[CensusPEPSurvey_Race2000Onwards]"
"51","2020","Count_Person_61Years_Male_NotHispanicOrLatino_AmericanIndianAndAlaskaNativeAlone","[]","[]","[]","[CensusPEPSurvey_Race2000Onwards]"
"51","2020","Count_Person_70Years_Female_HispanicOrLatino_AsianAlone","[]","[]","[]","[CensusPEPSurvey_Race2000Onwards]"
"51","2020","Count_Person_50Years_Male_HispanicOrLatino_AmericanIndianAndAlaskaNativeAlone","[]","[]","[]","[CensusPEPSurvey_Race2000Onwards]"
"51","2020","Count_Person_3Years_HispanicOrLatino_AmericanIndianAndAlaskaNativeAlone","[]","[]","[]","[CensusPEPSurvey_Race2000Onwards]"
"51","2020","Count_Person_22Years_NotHispanicOrLatino_AsianAlone","[]","[]","[]","[CensusPEPSurvey_Race2000Onwards]"
"51","2020","Count_Person_17Years_NotHispanicOrLatino_TwoOrMoreRaces","[]","[]","[]","[CensusPEPSurvey_Race2000Onwards]"
"51","2020","Count_Person_38Years_NotHispanicOrLatino_NativeHawaiianAndOtherPacificIslanderAlone","[]","[]","[]","[CensusPEPSurvey_Race2000Onwards]"
"51","2020","Count_Person_21Years_Male_NotHispanicOrLatino_AmericanIndianAndAlaskaNativeAlone","[]","[]","[]","[CensusPEPSurvey_Race2000Onwards]"
"51","2020","Count_Person_30Years_Female_NativeHawaiianAndOtherPacificIslanderAlone","[]","[]","[]","[CensusPEPSurvey_Race2000Onwards]"
"51","2020","Count_Person_38Years_Male_WhiteAlone","[]","[]","[]","[CensusPEPSurvey_Race2000Onwards]"
"51","2020","Count_Person_20Years_Male_HispanicOrLatino_AsianAlone","[]","[]","[]","[CensusPEPSurvey_Race2000Onwards]"
"51","2020","Count_Person_85Years_Female_BlackOrAfricanAmericanAlone","[]","[]","[]","[CensusPEPSurvey_Race2000Onwards]"
"51","2020","Count_Person_71Years_NativeHawaiianAndOtherPacificIslanderAlone","[]","[]","[]","[CensusPEPSurvey_Race2000Onwards]"
"51","2020","Count_Person_42Years_Male_HispanicOrLatino_WhiteAlone","[]","[]","[]","[CensusPEPSurvey_Race2000Onwards]"
"51","2020","Count_Person_44Years_Female_NotHispanicOrLatino_AmericanIndianAndAlaskaNativeAlone","[]","[]","[]","[CensusPEPSurvey_Race2000Onwards]"
"51","2020","Count_Person_84Years_HispanicOrLatino_WhiteAlone","[]","[]","[]","[CensusPEPSurvey_Race2000Onwards]"
"51","2020","Count_Person_66Years_Female_WhiteAlone","[]","[]","[]","[CensusPEPSurvey_Race2000Onwards]"
"51","2020","Count_Person_15Years_WhiteAlone","[]","[]","[]","[CensusPEPSurvey_Race2000Onwards]"
"51","2020","Count_Person_55Years_NativeHawaiianAndOtherPacificIslanderAlone","[]","[]","[]","[CensusPEPSurvey_Race2000Onwards]"
"51","2020","Count_Person_35Years_Female_HispanicOrLatino_AsianAlone","[]","[]","[]","[CensusPEPSurvey_Race2000Onwards]"
"51","2020","Count_Person_19Years_Male_HispanicOrLatino_AmericanIndianAndAlaskaNativeAlone","[]","[]","[]","[CensusPEPSurvey_Race2000Onwards]"
"51","2020","Count_Person_8Years_HispanicOrLatino_TwoOrMoreRaces","[]","[]","[]","[CensusPEPSurvey_Race2000Onwards]"
"51","2020","Count_Person_62Years_Female_HispanicOrLatino_BlackOrAfricanAmericanAlone","[]","[]","[]","[CensusPEPSurvey_Race2000Onwards]"
"51","2020","Count_Person_48Years_Male_NativeHawaiianAndOtherPacificIslanderAlone","[]","[]","[]","[CensusPEPSurvey_Race2000Onwards]"
"51","2020","Count_Person_13Years_Female_AmericanIndianAndAlaskaNativeAlone","[]","[]","[]","[CensusPEPSurvey_Race2000Onwards]"
"51","2020","Count_Person_83Years_TwoOrMoreRaces","[]","[]","[]","[CensusPEPSurvey_Race2000Onwards]"
"51","2020","Count_Person_7Years_Female_NotHispanicOrLatino_AsianAlone","[]","[]","[]","[CensusPEPSurvey_Race2000Onwards]"
"51","2020","Count_Person_52Years_NotHispanicOrLatino_TwoOrMoreRaces","[]","[]","[]","[CensusPEPSurvey_Race2000Onwards]"
"51","2020","Count_Person_55Years_Female_NativeHawaiianAndOtherPacificIslanderAlone","[]","[]","[]","[CensusPEPSurvey_Race2000Onwards]"
"51","2020","Count_Person_77Years_Female_NotHispanicOrLatino_NativeHawaiianAndOtherPacificIslanderAlone","[]","[]","[]","[CensusPEPSurvey_Race2000Onwards]"
"51","2020","Count_Person_22Years_Female_NativeHawaiianAndOtherPacificIslanderAlone","[]","[]","[]","[CensusPEPSurvey_Race2000Onwards]"
"51","2020","Count_Person_20Years_Male_WhiteAlone","[]","[]","[]","[CensusPEPSurvey_Race2000Onwards]"
"51","2020","Count_Person_55Years_NotHispanicOrLatino_WhiteAlone","[]","[]","[]","[CensusPEPSurvey_Race2000Onwards]"
"51","2020","Count_Person_70Years_AsianAlone","[]","[]","[]","[CensusPEPSurvey_Race2000Onwards]"
"51","2020","Count_Person_17Years_Male_NotHispanicOrLatino_NativeHawaiianAndOtherPacificIslanderAlone","[]","[]","[]","[CensusPEPSurvey_Race2000Onwards]"
"51","2020","Count_Person_20Years_Female_HispanicOrLatino_AmericanIndianAndAlaskaNativeAlone","[]","[]","[]","[CensusPEPSurvey_Race2000Onwards]"
"51","2020","Count_Person_15Years_Female_BlackOrAfricanAmericanAlone","[]","[]","[]","[CensusPEPSurvey_Race2000Onwards]"
"51","2020","Count_Person_43Years_Male_NotHispanicOrLatino_TwoOrMoreRaces","[]","[]","[]","[CensusPEPSurvey_Race2000Onwards]"
"51","2020","Count_Person_23Years_Male_NotHispanicOrLatino_BlackOrAfricanAmericanAlone","[]","[]","[]","[CensusPEPSurvey_Race2000Onwards]"
"51","2020","Count_Person_18Years_HispanicOrLatino_NativeHawaiianAndOtherPacificIslanderAlone","[]","[]","[]","[CensusPEPSurvey_Race2000Onwards]"
"51","2020","Count_Person_61Years_Female_NotHispanicOrLatino_NativeHawaiianAndOtherPacificIslanderAlone","[]","[]","[]","[CensusPEPSurvey_Race2000Onwards]"
"51","2020","Count_Person_68Years_HispanicOrLatino_TwoOrMoreRaces","[]","[]","[]","[CensusPEPSurvey_Race2000Onwards]"
"51","2020","Count_Person_76Years_AsianAlone","[]","[]","[]","[CensusPEPSurvey_Race2000Onwards]"
"51","2020","Count_Person_62Years_TwoOrMoreRaces","[]","[]","[]","[CensusPEPSurvey_Race2000Onwards]"
"51","2020","Count_Person_84Years_Female_NotHispanicOrLatino_WhiteAlone","[]","[]","[]","[CensusPEPSurvey_Race2000Onwards]"
"51","2020","Count_Person_5Years_HispanicOrLatino_NativeHawaiianAndOtherPacificIslanderAlone","[]","[]","[]","[CensusPEPSurvey_Race2000Onwards]"
"51","2020","Count_Person_38Years_Female_HispanicOrLatino_AmericanIndianAndAlaskaNativeAlone","[]","[]","[]","[CensusPEPSurvey_Race2000Onwards]"
"51","2020","Count_Person_12Years_Male_NotHispanicOrLatino_AsianAlone","[]","[]","[]","[CensusPEPSurvey_Race2000Onwards]"
"51","2020","Count_Person_69Years_Male_AmericanIndianAndAlaskaNativeAlone","[]","[]","[]","[CensusPEPSurvey_Race2000Onwards]"
"51","2020","Count_Person_15Years_HispanicOrLatino_AmericanIndianAndAlaskaNativeAlone","[]","[]","[]","[CensusPEPSurvey_Race2000Onwards]"
"51","2020","Count_Person_8Years_Female_NotHispanicOrLatino_AmericanIndianAndAlaskaNativeAlone","[]","[]","[]","[CensusPEPSurvey_Race2000Onwards]"
"51","2020","Count_Person_43Years_AsianAlone","[]","[]","[]","[CensusPEPSurvey_Race2000Onwards]"
"51","2020","Count_Person_45Years_Female_NotHispanicOrLatino_BlackOrAfricanAmericanAlone","[]","[]","[]","[CensusPEPSurvey_Race2000Onwards]"
"51","2020","Count_Person_8Years_Female_NotHispanicOrLatino_BlackOrAfricanAmericanAlone","[]","[]","[]","[CensusPEPSurvey_Race2000Onwards]"
"51","2020","Count_Person_23Years_NotHispanicOrLatino_WhiteAlone","[]","[]","[]","[CensusPEPSurvey_Race2000Onwards]"
"51","2020","Count_Person_34Years_AsianAlone","[]","[]","[]","[CensusPEPSurvey_Race2000Onwards]"
"51","2020","Count_Person_46Years_AmericanIndianAndAlaskaNativeAlone","[]","[]","[]","[CensusPEPSurvey_Race2000Onwards]"
"51","2020","Count_Person_43Years_Female_HispanicOrLatino_WhiteAlone","[]","[]","[]","[CensusPEPSurvey_Race2000Onwards]"
"51","2020","Count_Person_3Years_Female_NotHispanicOrLatino_AmericanIndianAndAlaskaNativeAlone","[]","[]","[]","[CensusPEPSurvey_Race2000Onwards]"
"51","2020","Count_Person_62Years_Male_NotHispanicOrLatino_AsianAlone","[]","[]","[]","[CensusPEPSurvey_Race2000Onwards]"
"51","2020","Count_Person_67Years_Female_BlackOrAfricanAmericanAlone","[]","[]","[]","[CensusPEPSurvey_Race2000Onwards]"
"51","2020","Count_Person_64Years_Female_HispanicOrLatino_AmericanIndianAndAlaskaNativeAlone","[]","[]","[]","[CensusPEPSurvey_Race2000Onwards]"
"51","2020","Count_Person_34Years_NotHispanicOrLatino_TwoOrMoreRaces","[]","[]","[]","[CensusPEPSurvey_Race2000Onwards]"
"51","2020","Count_Person_29Years_Female_NotHispanicOrLatino_BlackOrAfricanAmericanAlone","[]","[]","[]","[CensusPEPSurvey_Race2000Onwards]"
"51","2020","Count_Person_26Years_Male_HispanicOrLatino_NativeHawaiianAndOtherPacificIslanderAlone","[]","[]","[]","[CensusPEPSurvey_Race2000Onwards]"
"51","2020","Count_Person_76Years_Male_NotHispanicOrLatino_AsianAlone","[]","[]","[]","[CensusPEPSurvey_Race2000Onwards]"
"51","2020","Count_Person_55Years_HispanicOrLatino_TwoOrMoreRaces","[]","[]","[]","[CensusPEPSurvey_Race2000Onwards]"
"51","2020","Count_Person_73Years_HispanicOrLatino_AsianAlone","[]","[]","[]","[CensusPEPSurvey_Race2000Onwards]"
"51","2020","Count_Person_4Years_NotHispanicOrLatino_TwoOrMoreRaces","[]","[]","[]","[CensusPEPSurvey_Race2000Onwards]"
"51","2020","Count_Person_0Years_HispanicOrLatino_BlackOrAfricanAmericanAlone","[]","[]","[]","[CensusPEPSurvey_Race2000Onwards]"
"51","2020","Count_Person_83Years_Male_HispanicOrLatino_BlackOrAfricanAmericanAlone","[]","[]","[]","[CensusPEPSurvey_Race2000Onwards]"
"51","2020","Count_Person_70Years_WhiteAlone","[]","[]","[]","[CensusPEPSurvey_Race2000Onwards]"
"51","2020","Count_Person_23Years_Male_HispanicOrLatino_AmericanIndianAndAlaskaNativeAlone","[]","[]","[]","[CensusPEPSurvey_Race2000Onwards]"
"51","2020","Count_Person_54Years_Male_NotHispanicOrLatino_NativeHawaiianAndOtherPacificIslanderAlone","[]","[]","[]","[CensusPEPSurvey_Race2000Onwards]"
"51","2020","Count_Person_13Years_Male_AsianAlone","[]","[]","[]","[CensusPEPSurvey_Race2000Onwards]"
"51","2020","Count_Person_75Years_HispanicOrLatino_AsianAlone","[]","[]","[]","[CensusPEPSurvey_Race2000Onwards]"
"51","2020","Count_Person_67Years_Female_NotHispanicOrLatino_TwoOrMoreRaces","[]","[]","[]","[CensusPEPSurvey_Race2000Onwards]"
"51","2020","Count_Person_45Years_AmericanIndianAndAlaskaNativeAlone","[]","[]","[]","[CensusPEPSurvey_Race2000Onwards]"
"51","2020","Count_Person_58Years_Male_HispanicOrLatino_BlackOrAfricanAmericanAlone","[]","[]","[]","[CensusPEPSurvey_Race2000Onwards]"
"51","2020","Count_Person_29Years_AmericanIndianAndAlaskaNativeAlone","[]","[]","[]","[CensusPEPSurvey_Race2000Onwards]"
"51","2020","Count_Person_45Years_Female_HispanicOrLatino_AmericanIndianAndAlaskaNativeAlone","[]","[]","[]","[CensusPEPSurvey_Race2000Onwards]"
"51","2020","Count_Person_79Years_Male_NotHispanicOrLatino_AmericanIndianAndAlaskaNativeAlone","[]","[]","[]","[CensusPEPSurvey_Race2000Onwards]"
"51","2020","Count_Person_54Years_Male_NotHispanicOrLatino_WhiteAlone","[]","[]","[]","[CensusPEPSurvey_Race2000Onwards]"
"51","2020","Count_Person_30Years_Female_NotHispanicOrLatino_AsianAlone","[]","[]","[]","[CensusPEPSurvey_Race2000Onwards]"
"51","2020","Count_Person_45Years_Female_NotHispanicOrLatino_NativeHawaiianAndOtherPacificIslanderAlone","[]","[]","[]","[CensusPEPSurvey_Race2000Onwards]"
"51","2020","Count_Person_72Years_Female_AsianAlone","[]","[]","[]","[CensusPEPSurvey_Race2000Onwards]"
"51","2020","Count_Person_26Years_Female_HispanicOrLatino_AsianAlone","[]","[]","[]","[CensusPEPSurvey_Race2000Onwards]"
"51","2020","Count_Person_53Years_Female_WhiteAlone","[]","[]","[]","[CensusPEPSurvey_Race2000Onwards]"
"51","2020","Count_Person_49Years_Male_NotHispanicOrLatino_AmericanIndianAndAlaskaNativeAlone","[]","[]","[]","[CensusPEPSurvey_Race2000Onwards]"
"51","2020","Count_Person_71Years_Male_AmericanIndianAndAlaskaNativeAlone","[]","[]","[]","[CensusPEPSurvey_Race2000Onwards]"
"51","2020","Count_Person_84Years_HispanicOrLatino_AsianAlone","[]","[]","[]","[CensusPEPSurvey_Race2000Onwards]"
"51","2020","Count_Person_64Years_Female_NotHispanicOrLatino_WhiteAlone","[]","[]","[]","[CensusPEPSurvey_Race2000Onwards]"
"51","2020","Count_Person_15Years_Male_NativeHawaiianAndOtherPacificIslanderAlone","[]","[]","[]","[CensusPEPSurvey_Race2000Onwards]"
"51","2020","Count_Person_66Years_Male_HispanicOrLatino_BlackOrAfricanAmericanAlone","[]","[]","[]","[CensusPEPSurvey_Race2000Onwards]"
"51","2020","Count_Person_74Years_Male_NotHispanicOrLatino_NativeHawaiianAndOtherPacificIslanderAlone","[]","[]","[]","[CensusPEPSurvey_Race2000Onwards]"
"51","2020","Count_Person_28Years_Male_NotHispanicOrLatino_AmericanIndianAndAlaskaNativeAlone","[]","[]","[]","[CensusPEPSurvey_Race2000Onwards]"
"51","2020","Count_Person_1Years_Male_NotHispanicOrLatino_AsianAlone","[]","[]","[]","[CensusPEPSurvey_Race2000Onwards]"
"51","2020","Count_Person_4Years_Male_WhiteAlone","[]","[]","[]","[CensusPEPSurvey_Race2000Onwards]"
"51","2020","Count_Person_45Years_HispanicOrLatino_TwoOrMoreRaces","[]","[]","[]","[CensusPEPSurvey_Race2000Onwards]"
"51","2020","Count_Person_14Years_Male_HispanicOrLatino_TwoOrMoreRaces","[]","[]","[]","[CensusPEPSurvey_Race2000Onwards]"
"51","2020","Count_Person_72Years_Male_TwoOrMoreRaces","[]","[]","[]","[CensusPEPSurvey_Race2000Onwards]"
"51","2020","Count_Person_58Years_HispanicOrLatino_NativeHawaiianAndOtherPacificIslanderAlone","[]","[]","[]","[CensusPEPSurvey_Race2000Onwards]"
"51","2020","Count_Person_80Years_Female_WhiteAlone","[]","[]","[]","[CensusPEPSurvey_Race2000Onwards]"
"51","2020","Count_Person_40Years_Male_NotHispanicOrLatino_NativeHawaiianAndOtherPacificIslanderAlone","[]","[]","[]","[CensusPEPSurvey_Race2000Onwards]"
"51","2020","Count_Person_56Years_Female_NotHispanicOrLatino_BlackOrAfricanAmericanAlone","[]","[]","[]","[CensusPEPSurvey_Race2000Onwards]"
"51","2020","Count_Person_44Years_Male_WhiteAlone","[]","[]","[]","[CensusPEPSurvey_Race2000Onwards]"
"51","2020","Count_Person_Female_WhiteAlone","[]","[]","[]","[dcAggregate/CensusPEPSurvey_Race2000Onwards]"
"51","2020","Count_Person_12Years_HispanicOrLatino_AmericanIndianAndAlaskaNativeAlone","[]","[]","[]","[CensusPEPSurvey_Race2000Onwards]"
"51","2020","Count_Person_1Years_Male_HispanicOrLatino_WhiteAlone","[]","[]","[]","[CensusPEPSurvey_Race2000Onwards]"
"51","2020","Count_Person_18Years_Male_NotHispanicOrLatino_AmericanIndianAndAlaskaNativeAlone","[]","[]","[]","[CensusPEPSurvey_Race2000Onwards]"
"51","2020","Count_Person_30Years_Male_AsianAlone","[]","[]","[]","[CensusPEPSurvey_Race2000Onwards]"
"51","2020","Count_Person_19Years_Male_NativeHawaiianAndOtherPacificIslanderAlone","[]","[]","[]","[CensusPEPSurvey_Race2000Onwards]"
"51","2020","Count_Person_5Years_Male_NotHispanicOrLatino_AmericanIndianAndAlaskaNativeAlone","[]","[]","[]","[CensusPEPSurvey_Race2000Onwards]"
"51","2020","Count_Person_55Years_Female_NotHispanicOrLatino_NativeHawaiianAndOtherPacificIslanderAlone","[]","[]","[]","[CensusPEPSurvey_Race2000Onwards]"
"51","2020","Count_Person_37Years_Female_HispanicOrLatino_BlackOrAfricanAmericanAlone","[]","[]","[]","[CensusPEPSurvey_Race2000Onwards]"
"51","2020","Count_Person_27Years_Male_HispanicOrLatino_NativeHawaiianAndOtherPacificIslanderAlone","[]","[]","[]","[CensusPEPSurvey_Race2000Onwards]"
"51","2020","Count_Person_0Years_Male_HispanicOrLatino_AmericanIndianAndAlaskaNativeAlone","[]","[]","[]","[CensusPEPSurvey_Race2000Onwards]"
"51","2020","Count_Person_67Years_HispanicOrLatino_NativeHawaiianAndOtherPacificIslanderAlone","[]","[]","[]","[CensusPEPSurvey_Race2000Onwards]"
"51","2020","Count_Person_31Years_Female_BlackOrAfricanAmericanAlone","[]","[]","[]","[CensusPEPSurvey_Race2000Onwards]"
"51","2020","Count_Person_28Years_HispanicOrLatino_NativeHawaiianAndOtherPacificIslanderAlone","[]","[]","[]","[CensusPEPSurvey_Race2000Onwards]"
"51","2020","Count_Person_67Years_Male_HispanicOrLatino_BlackOrAfricanAmericanAlone","[]","[]","[]","[CensusPEPSurvey_Race2000Onwards]"
"51","2020","Count_Person_72Years_Female_HispanicOrLatino_TwoOrMoreRaces","[]","[]","[]","[CensusPEPSurvey_Race2000Onwards]"
"51","2020","Count_Person_0Years_Male_WhiteAlone","[]","[]","[]","[CensusPEPSurvey_Race2000Onwards]"
"51","2020","Count_Person_3Years_HispanicOrLatino_WhiteAlone","[]","[]","[]","[CensusPEPSurvey_Race2000Onwards]"
"51","2020","Count_Person_15Years_NotHispanicOrLatino_BlackOrAfricanAmericanAlone","[]","[]","[]","[CensusPEPSurvey_Race2000Onwards]"
"51","2020","Count_Person_22Years_Male_AmericanIndianAndAlaskaNativeAlone","[]","[]","[]","[CensusPEPSurvey_Race2000Onwards]"
"51","2020","Count_Person_40Years_Male_WhiteAlone","[]","[]","[]","[CensusPEPSurvey_Race2000Onwards]"
"51","2020","Count_Person_82Years_HispanicOrLatino_BlackOrAfricanAmericanAlone","[]","[]","[]","[CensusPEPSurvey_Race2000Onwards]"
"51","2020","Count_Person_78Years_Female_TwoOrMoreRaces","[]","[]","[]","[CensusPEPSurvey_Race2000Onwards]"
"51","2020","Count_Person_13Years_Female_NotHispanicOrLatino_BlackOrAfricanAmericanAlone","[]","[]","[]","[CensusPEPSurvey_Race2000Onwards]"
"51","2020","Count_Person_42Years_Male_NotHispanicOrLatino_BlackOrAfricanAmericanAlone","[]","[]","[]","[CensusPEPSurvey_Race2000Onwards]"
"51","2020","Count_Person_27Years_Female_TwoOrMoreRaces","[]","[]","[]","[CensusPEPSurvey_Race2000Onwards]"
"51","2020","Count_Person_18Years_Female_HispanicOrLatino_WhiteAlone","[]","[]","[]","[CensusPEPSurvey_Race2000Onwards]"
"51","2020","Count_Person_15Years_Female_AmericanIndianAndAlaskaNativeAlone","[]","[]","[]","[CensusPEPSurvey_Race2000Onwards]"
"51","2020","Count_Person_65Years_Male_HispanicOrLatino_AsianAlone","[]","[]","[]","[CensusPEPSurvey_Race2000Onwards]"
"51","2020","Count_Person_25Years_Male_HispanicOrLatino_TwoOrMoreRaces","[]","[]","[]","[CensusPEPSurvey_Race2000Onwards]"
"51","2020","Count_Person_35Years_HispanicOrLatino_BlackOrAfricanAmericanAlone","[]","[]","[]","[CensusPEPSurvey_Race2000Onwards]"
"51","2020","Count_Person_13Years_Female_NotHispanicOrLatino_NativeHawaiianAndOtherPacificIslanderAlone","[]","[]","[]","[CensusPEPSurvey_Race2000Onwards]"
"51","2020","Count_Person_2Years_Female_NotHispanicOrLatino_TwoOrMoreRaces","[]","[]","[]","[CensusPEPSurvey_Race2000Onwards]"
"51","2020","Count_Person_72Years_Female_NotHispanicOrLatino_BlackOrAfricanAmericanAlone","[]","[]","[]","[CensusPEPSurvey_Race2000Onwards]"
"51","2020","Count_Person_41Years_Male_HispanicOrLatino_WhiteAlone","[]","[]","[]","[CensusPEPSurvey_Race2000Onwards]"
"51","2020","Count_Person_21Years_Male_HispanicOrLatino_AsianAlone","[]","[]","[]","[CensusPEPSurvey_Race2000Onwards]"
"51","2020","Count_Person_6Years_NotHispanicOrLatino_AmericanIndianAndAlaskaNativeAlone","[]","[]","[]","[CensusPEPSurvey_Race2000Onwards]"
"51","2020","Count_Person_40Years_Female_BlackOrAfricanAmericanAlone","[]","[]","[]","[CensusPEPSurvey_Race2000Onwards]"
"51","2020","Count_Person_37Years_Male_NotHispanicOrLatino_TwoOrMoreRaces","[]","[]","[]","[CensusPEPSurvey_Race2000Onwards]"
"51","2020","Count_Person_35Years_Female_NotHispanicOrLatino_AsianAlone","[]","[]","[]","[CensusPEPSurvey_Race2000Onwards]"
"51","2020","Count_Person_69Years_Male_NotHispanicOrLatino_WhiteAlone","[]","[]","[]","[CensusPEPSurvey_Race2000Onwards]"
"51","2020","Count_Person_NotHispanicOrLatino_TwoOrMoreRaces","[]","[]","[]","[dcAggregate/CensusPEPSurvey_Race2000Onwards]"
"51","2020","Count_Person_7Years_Male_HispanicOrLatino_BlackOrAfricanAmericanAlone","[]","[]","[]","[CensusPEPSurvey_Race2000Onwards]"
"51","2020","Count_Person_83Years_Male_NotHispanicOrLatino_AsianAlone","[]","[]","[]","[CensusPEPSurvey_Race2000Onwards]"
"51","2020","Count_Person_20Years_Female_NotHispanicOrLatino_TwoOrMoreRaces","[]","[]","[]","[CensusPEPSurvey_Race2000Onwards]"
"51","2020","Count_Person_53Years_Male_TwoOrMoreRaces","[]","[]","[]","[CensusPEPSurvey_Race2000Onwards]"
"51","2020","Count_Person_42Years_HispanicOrLatino_AsianAlone","[]","[]","[]","[CensusPEPSurvey_Race2000Onwards]"
"51","2020","Count_Person_18Years_NotHispanicOrLatino_TwoOrMoreRaces","[]","[]","[]","[CensusPEPSurvey_Race2000Onwards]"
"51","2020","Count_Person_18Years_Male_NotHispanicOrLatino_NativeHawaiianAndOtherPacificIslanderAlone","[]","[]","[]","[CensusPEPSurvey_Race2000Onwards]"
"51","2020","Count_Person_58Years_Male_HispanicOrLatino_TwoOrMoreRaces","[]","[]","[]","[CensusPEPSurvey_Race2000Onwards]"
"51","2020","Count_Person_0Years_Male_HispanicOrLatino_WhiteAlone","[]","[]","[]","[CensusPEPSurvey_Race2000Onwards]"
"51","2020","Count_Person_32Years_HispanicOrLatino_BlackOrAfricanAmericanAlone","[]","[]","[]","[CensusPEPSurvey_Race2000Onwards]"
"51","2020","Count_Person_21Years_Female_WhiteAlone","[]","[]","[]","[CensusPEPSurvey_Race2000Onwards]"
"51","2020","Count_Person_13Years_Female_NativeHawaiianAndOtherPacificIslanderAlone","[]","[]","[]","[CensusPEPSurvey_Race2000Onwards]"
"51","2020","Count_Person_39Years_Female_WhiteAlone","[]","[]","[]","[CensusPEPSurvey_Race2000Onwards]"
"51","2020","Count_Person_60Years_Male_NotHispanicOrLatino_BlackOrAfricanAmericanAlone","[]","[]","[]","[CensusPEPSurvey_Race2000Onwards]"
"51","2020","Count_Person_69Years_Male_NotHispanicOrLatino_NativeHawaiianAndOtherPacificIslanderAlone","[]","[]","[]","[CensusPEPSurvey_Race2000Onwards]"
"51","2020","Count_Person_70Years_Female_NotHispanicOrLatino_AsianAlone","[]","[]","[]","[CensusPEPSurvey_Race2000Onwards]"
"51","2020","Count_Person_7Years_Female_HispanicOrLatino_TwoOrMoreRaces","[]","[]","[]","[CensusPEPSurvey_Race2000Onwards]"
"51","2020","Count_Person_54Years_Female_NotHispanicOrLatino_AmericanIndianAndAlaskaNativeAlone","[]","[]","[]","[CensusPEPSurvey_Race2000Onwards]"
"51","2020","Count_Person_27Years_NotHispanicOrLatino_WhiteAlone","[]","[]","[]","[CensusPEPSurvey_Race2000Onwards]"
"51","2020","Count_Person_44Years_NotHispanicOrLatino_BlackOrAfricanAmericanAlone","[]","[]","[]","[CensusPEPSurvey_Race2000Onwards]"
"51","2020","Count_Person_17Years_Male_AsianAlone","[]","[]","[]","[CensusPEPSurvey_Race2000Onwards]"
"51","2020","Count_Person_24Years_Male_HispanicOrLatino_NativeHawaiianAndOtherPacificIslanderAlone","[]","[]","[]","[CensusPEPSurvey_Race2000Onwards]"
"51","2020","Count_Person_58Years_NotHispanicOrLatino_AsianAlone","[]","[]","[]","[CensusPEPSurvey_Race2000Onwards]"
"51","2020","Count_Person_40Years_Female_NotHispanicOrLatino_AmericanIndianAndAlaskaNativeAlone","[]","[]","[]","[CensusPEPSurvey_Race2000Onwards]"
"51","2020","Count_Person_11Years_Male_NotHispanicOrLatino_AmericanIndianAndAlaskaNativeAlone","[]","[]","[]","[CensusPEPSurvey_Race2000Onwards]"
"51","2020","Count_Person_31Years_HispanicOrLatino_AsianAlone","[]","[]","[]","[CensusPEPSurvey_Race2000Onwards]"
"51","2020","Count_Person_70Years_TwoOrMoreRaces","[]","[]","[]","[CensusPEPSurvey_Race2000Onwards]"
"51","2020","Count_Person_44Years_Male_NativeHawaiianAndOtherPacificIslanderAlone","[]","[]","[]","[CensusPEPSurvey_Race2000Onwards]"
"51","2020","Count_Person_72Years_Female_NativeHawaiianAndOtherPacificIslanderAlone","[]","[]","[]","[CensusPEPSurvey_Race2000Onwards]"
"51","2020","Count_Person_15Years_AsianAlone","[]","[]","[]","[CensusPEPSurvey_Race2000Onwards]"
"51","2020","Count_Person_47Years_Female_NativeHawaiianAndOtherPacificIslanderAlone","[]","[]","[]","[CensusPEPSurvey_Race2000Onwards]"
"51","2020","Count_Person_67Years_HispanicOrLatino_AmericanIndianAndAlaskaNativeAlone","[]","[]","[]","[CensusPEPSurvey_Race2000Onwards]"
"51","2020","Count_Person_40Years_Male_NotHispanicOrLatino_AmericanIndianAndAlaskaNativeAlone","[]","[]","[]","[CensusPEPSurvey_Race2000Onwards]"
"51","2020","Count_Person_30Years_Male_NotHispanicOrLatino_AmericanIndianAndAlaskaNativeAlone","[]","[]","[]","[CensusPEPSurvey_Race2000Onwards]"
"51","2020","Count_Person_30Years_Male_WhiteAlone","[]","[]","[]","[CensusPEPSurvey_Race2000Onwards]"
"51","2020","Count_Person_42Years_NotHispanicOrLatino_TwoOrMoreRaces","[]","[]","[]","[CensusPEPSurvey_Race2000Onwards]"
"51","2020","Count_Person_83Years_NotHispanicOrLatino_NativeHawaiianAndOtherPacificIslanderAlone","[]","[]","[]","[CensusPEPSurvey_Race2000Onwards]"
"51","2020","Count_Person_73Years_Female_TwoOrMoreRaces","[]","[]","[]","[CensusPEPSurvey_Race2000Onwards]"
"51","2020","Count_Person_22Years_Male_HispanicOrLatino_AmericanIndianAndAlaskaNativeAlone","[]","[]","[]","[CensusPEPSurvey_Race2000Onwards]"
"51","2020","Count_Person_60Years_HispanicOrLatino_NativeHawaiianAndOtherPacificIslanderAlone","[]","[]","[]","[CensusPEPSurvey_Race2000Onwards]"
"51","2020","Count_Person_75Years_HispanicOrLatino_BlackOrAfricanAmericanAlone","[]","[]","[]","[CensusPEPSurvey_Race2000Onwards]"
"51","2020","Count_Person_8Years_Male_NotHispanicOrLatino_WhiteAlone","[]","[]","[]","[CensusPEPSurvey_Race2000Onwards]"
"51","2020","Count_Person_54Years_Female_TwoOrMoreRaces","[]","[]","[]","[CensusPEPSurvey_Race2000Onwards]"
"51","2020","Count_Person_64Years_Male_HispanicOrLatino_AsianAlone","[]","[]","[]","[CensusPEPSurvey_Race2000Onwards]"
"51","2020","Count_Person_78Years_BlackOrAfricanAmericanAlone","[]","[]","[]","[CensusPEPSurvey_Race2000Onwards]"
"51","2020","Count_Person_7Years_Female_NotHispanicOrLatino_AmericanIndianAndAlaskaNativeAlone","[]","[]","[]","[CensusPEPSurvey_Race2000Onwards]"
"51","2020","Count_Person_66Years_Female_NotHispanicOrLatino_AsianAlone","[]","[]","[]","[CensusPEPSurvey_Race2000Onwards]"
"51","2020","Count_Person_59Years_Female_NotHispanicOrLatino_AmericanIndianAndAlaskaNativeAlone","[]","[]","[]","[CensusPEPSurvey_Race2000Onwards]"
"51","2020","Count_Person_50Years_Male_HispanicOrLatino_BlackOrAfricanAmericanAlone","[]","[]","[]","[CensusPEPSurvey_Race2000Onwards]"
"51","2020","Count_Person_38Years_Male_NotHispanicOrLatino_BlackOrAfricanAmericanAlone","[]","[]","[]","[CensusPEPSurvey_Race2000Onwards]"
"51","2020","Count_Person_7Years_AmericanIndianAndAlaskaNativeAlone","[]","[]","[]","[CensusPEPSurvey_Race2000Onwards]"
"51","2020","Count_Person_71Years_Female_HispanicOrLatino_AmericanIndianAndAlaskaNativeAlone","[]","[]","[]","[CensusPEPSurvey_Race2000Onwards]"
"51","2020","Count_Person_47Years_Male_HispanicOrLatino_TwoOrMoreRaces","[]","[]","[]","[CensusPEPSurvey_Race2000Onwards]"
"51","2020","Count_Person_70Years_HispanicOrLatino_NativeHawaiianAndOtherPacificIslanderAlone","[]","[]","[]","[CensusPEPSurvey_Race2000Onwards]"
"51","2020","Count_Person_20Years_Male_AsianAlone","[]","[]","[]","[CensusPEPSurvey_Race2000Onwards]"
"51","2020","Count_Person_27Years_Female_AsianAlone","[]","[]","[]","[CensusPEPSurvey_Race2000Onwards]"
"51","2020","Count_Person_33Years_Female_NotHispanicOrLatino_TwoOrMoreRaces","[]","[]","[]","[CensusPEPSurvey_Race2000Onwards]"
"51","2020","Count_Person_77Years_HispanicOrLatino_NativeHawaiianAndOtherPacificIslanderAlone","[]","[]","[]","[CensusPEPSurvey_Race2000Onwards]"
"51","2020","Count_Person_34Years_Male_NotHispanicOrLatino_AsianAlone","[]","[]","[]","[CensusPEPSurvey_Race2000Onwards]"
"51","2020","Count_Person_45Years_Female_NotHispanicOrLatino_AmericanIndianAndAlaskaNativeAlone","[]","[]","[]","[CensusPEPSurvey_Race2000Onwards]"
"51","2020","Count_Person_81Years_Male_HispanicOrLatino_NativeHawaiianAndOtherPacificIslanderAlone","[]","[]","[]","[CensusPEPSurvey_Race2000Onwards]"
"51","2020","Count_Person_61Years_WhiteAlone","[]","[]","[]","[CensusPEPSurvey_Race2000Onwards]"
"51","2020","Count_Person_36Years_Male_HispanicOrLatino_TwoOrMoreRaces","[]","[]","[]","[CensusPEPSurvey_Race2000Onwards]"
"51","2020","Count_Person_67Years_WhiteAlone","[]","[]","[]","[CensusPEPSurvey_Race2000Onwards]"
"51","2020","Count_Person_9Years_Female_HispanicOrLatino_BlackOrAfricanAmericanAlone","[]","[]","[]","[CensusPEPSurvey_Race2000Onwards]"
"51","2020","Count_Person_60Years_Female_HispanicOrLatino_AsianAlone","[]","[]","[]","[CensusPEPSurvey_Race2000Onwards]"
"51","2020","Count_Person_BlackOrAfricanAmericanAlone","[]","[]","[]","[dcAggregate/CensusPEPSurvey_Race2000Onwards]"
"51","2020","Count_Person_49Years_Female_AmericanIndianAndAlaskaNativeAlone","[]","[]","[]","[CensusPEPSurvey_Race2000Onwards]"
"51","2020","Count_Person_47Years_Male_HispanicOrLatino_AmericanIndianAndAlaskaNativeAlone","[]","[]","[]","[CensusPEPSurvey_Race2000Onwards]"
"51","2020","Count_Person_81Years_Male_AmericanIndianAndAlaskaNativeAlone","[]","[]","[]","[CensusPEPSurvey_Race2000Onwards]"
"51","2020","Count_Person_58Years_WhiteAlone","[]","[]","[]","[CensusPEPSurvey_Race2000Onwards]"
"51","2020","Count_Person_32Years_Female_HispanicOrLatino_TwoOrMoreRaces","[]","[]","[]","[CensusPEPSurvey_Race2000Onwards]"
"51","2020","Count_Person_38Years_Male_HispanicOrLatino_TwoOrMoreRaces","[]","[]","[]","[CensusPEPSurvey_Race2000Onwards]"
"51","2020","Count_Person_46Years_Male_HispanicOrLatino_AmericanIndianAndAlaskaNativeAlone","[]","[]","[]","[CensusPEPSurvey_Race2000Onwards]"
"51","2020","Count_Person_54Years_NotHispanicOrLatino_WhiteAlone","[]","[]","[]","[CensusPEPSurvey_Race2000Onwards]"
"51","2020","Count_Person_77Years_NativeHawaiianAndOtherPacificIslanderAlone","[]","[]","[]","[CensusPEPSurvey_Race2000Onwards]"
"51","2020","Count_Person_30Years_Female_NotHispanicOrLatino_WhiteAlone","[]","[]","[]","[CensusPEPSurvey_Race2000Onwards]"
"51","2020","Count_Person_84Years_Male_NotHispanicOrLatino_AsianAlone","[]","[]","[]","[CensusPEPSurvey_Race2000Onwards]"
"51","2020","Count_Person_55Years_AmericanIndianAndAlaskaNativeAlone","[]","[]","[]","[CensusPEPSurvey_Race2000Onwards]"
"51","2020","Count_Person_5Years_NativeHawaiianAndOtherPacificIslanderAlone","[]","[]","[]","[CensusPEPSurvey_Race2000Onwards]"
"51","2020","Count_Person_34Years_WhiteAlone","[]","[]","[]","[CensusPEPSurvey_Race2000Onwards]"
"51","2020","Count_Person_29Years_HispanicOrLatino_TwoOrMoreRaces","[]","[]","[]","[CensusPEPSurvey_Race2000Onwards]"
"51","2020","Count_Person_70Years_NotHispanicOrLatino_NativeHawaiianAndOtherPacificIslanderAlone","[]","[]","[]","[CensusPEPSurvey_Race2000Onwards]"
"51","2020","Count_Person_61Years_Female_WhiteAlone","[]","[]","[]","[CensusPEPSurvey_Race2000Onwards]"
"51","2020","Count_Person_18Years_Male_NotHispanicOrLatino_WhiteAlone","[]","[]","[]","[CensusPEPSurvey_Race2000Onwards]"
"51","2020","Count_Person_55Years_Male_AmericanIndianAndAlaskaNativeAlone","[]","[]","[]","[CensusPEPSurvey_Race2000Onwards]"
"51","2020","Count_Person_79Years_Male_AsianAlone","[]","[]","[]","[CensusPEPSurvey_Race2000Onwards]"
"51","2020","Count_Person_16Years_Male_HispanicOrLatino_BlackOrAfricanAmericanAlone","[]","[]","[]","[CensusPEPSurvey_Race2000Onwards]"
"51","2020","Count_Person_10Years_Male_NotHispanicOrLatino_TwoOrMoreRaces","[]","[]","[]","[CensusPEPSurvey_Race2000Onwards]"
"51","2020","Count_Person_37Years_Female_NotHispanicOrLatino_AsianAlone","[]","[]","[]","[CensusPEPSurvey_Race2000Onwards]"
"51","2020","Count_Person_12Years_Female_NotHispanicOrLatino_AsianAlone","[]","[]","[]","[CensusPEPSurvey_Race2000Onwards]"
"51","2020","Count_Person_36Years_HispanicOrLatino_AmericanIndianAndAlaskaNativeAlone","[]","[]","[]","[CensusPEPSurvey_Race2000Onwards]"
"51","2020","Count_Person_69Years_HispanicOrLatino_AsianAlone","[]","[]","[]","[CensusPEPSurvey_Race2000Onwards]"
"51","2020","Count_Person_40Years_Male_NotHispanicOrLatino_AsianAlone","[]","[]","[]","[CensusPEPSurvey_Race2000Onwards]"
"51","2020","Count_Person_64Years_AmericanIndianAndAlaskaNativeAlone","[]","[]","[]","[CensusPEPSurvey_Race2000Onwards]"
"51","2020","Count_Person_41Years_NativeHawaiianAndOtherPacificIslanderAlone","[]","[]","[]","[CensusPEPSurvey_Race2000Onwards]"
"51","2020","Count_Person_46Years_HispanicOrLatino_AmericanIndianAndAlaskaNativeAlone","[]","[]","[]","[CensusPEPSurvey_Race2000Onwards]"
"51","2020","Count_Person_27Years_NotHispanicOrLatino_TwoOrMoreRaces","[]","[]","[]","[CensusPEPSurvey_Race2000Onwards]"
"51","2020","Count_Person_35Years_Female_NotHispanicOrLatino_AmericanIndianAndAlaskaNativeAlone","[]","[]","[]","[CensusPEPSurvey_Race2000Onwards]"
"51","2020","Count_Person_72Years_Male_HispanicOrLatino_AsianAlone","[]","[]","[]","[CensusPEPSurvey_Race2000Onwards]"
"51","2020","Count_Person_36Years_NativeHawaiianAndOtherPacificIslanderAlone","[]","[]","[]","[CensusPEPSurvey_Race2000Onwards]"
"51","2020","Count_Person_52Years_Female_HispanicOrLatino_AmericanIndianAndAlaskaNativeAlone","[]","[]","[]","[CensusPEPSurvey_Race2000Onwards]"
"51","2020","Count_Person_2Years_Female_BlackOrAfricanAmericanAlone","[]","[]","[]","[CensusPEPSurvey_Race2000Onwards]"
"51","2020","Count_Person_75Years_TwoOrMoreRaces","[]","[]","[]","[CensusPEPSurvey_Race2000Onwards]"
"51","2020","Count_Person_32Years_Female_NotHispanicOrLatino_AsianAlone","[]","[]","[]","[CensusPEPSurvey_Race2000Onwards]"
"51","2020","Count_Person_6Years_HispanicOrLatino_AmericanIndianAndAlaskaNativeAlone","[]","[]","[]","[CensusPEPSurvey_Race2000Onwards]"
"51","2020","Count_Person_78Years_Male_AsianAlone","[]","[]","[]","[CensusPEPSurvey_Race2000Onwards]"
"51","2020","Count_Person_84Years_Male_NativeHawaiianAndOtherPacificIslanderAlone","[]","[]","[]","[CensusPEPSurvey_Race2000Onwards]"
"51","2020","Count_Person_23Years_Male_AsianAlone","[]","[]","[]","[CensusPEPSurvey_Race2000Onwards]"
"51","2020","Count_Person_61Years_Female_NotHispanicOrLatino_BlackOrAfricanAmericanAlone","[]","[]","[]","[CensusPEPSurvey_Race2000Onwards]"
"51","2020","Count_Person_39Years_Male_NotHispanicOrLatino_BlackOrAfricanAmericanAlone","[]","[]","[]","[CensusPEPSurvey_Race2000Onwards]"
"51","2020","Count_Person_11Years_Female_HispanicOrLatino_TwoOrMoreRaces","[]","[]","[]","[CensusPEPSurvey_Race2000Onwards]"
"51","2020","Count_Person_19Years_Female_HispanicOrLatino_AmericanIndianAndAlaskaNativeAlone","[]","[]","[]","[CensusPEPSurvey_Race2000Onwards]"
"51","2020","Count_Person_24Years_Male_HispanicOrLatino_BlackOrAfricanAmericanAlone","[]","[]","[]","[CensusPEPSurvey_Race2000Onwards]"
"51","2020","Count_Person_17Years_Female_HispanicOrLatino_NativeHawaiianAndOtherPacificIslanderAlone","[]","[]","[]","[CensusPEPSurvey_Race2000Onwards]"
"51","2020","Count_Person_49Years_Male_HispanicOrLatino_TwoOrMoreRaces","[]","[]","[]","[CensusPEPSurvey_Race2000Onwards]"
"51","2020","Count_Person_31Years_Female_HispanicOrLatino_BlackOrAfricanAmericanAlone","[]","[]","[]","[CensusPEPSurvey_Race2000Onwards]"
"51","2020","Count_Person_45Years_Female_HispanicOrLatino_AsianAlone","[]","[]","[]","[CensusPEPSurvey_Race2000Onwards]"
"51","2020","Count_Person_69Years_HispanicOrLatino_BlackOrAfricanAmericanAlone","[]","[]","[]","[CensusPEPSurvey_Race2000Onwards]"
"51","2020","Count_Person_2Years_Female_NotHispanicOrLatino_WhiteAlone","[]","[]","[]","[CensusPEPSurvey_Race2000Onwards]"
"51","2020","Count_Person_7Years_Male_NotHispanicOrLatino_WhiteAlone","[]","[]","[]","[CensusPEPSurvey_Race2000Onwards]"
"51","2020","Count_Person_23Years_NotHispanicOrLatino_NativeHawaiianAndOtherPacificIslanderAlone","[]","[]","[]","[CensusPEPSurvey_Race2000Onwards]"
"51","2020","Count_Person_76Years_HispanicOrLatino_AmericanIndianAndAlaskaNativeAlone","[]","[]","[]","[CensusPEPSurvey_Race2000Onwards]"
"51","2020","Count_Person_85Years_TwoOrMoreRaces","[]","[]","[]","[CensusPEPSurvey_Race2000Onwards]"
"51","2020","Count_Person_13Years_Male_WhiteAlone","[]","[]","[]","[CensusPEPSurvey_Race2000Onwards]"
"51","2020","Count_Person_77Years_NotHispanicOrLatino_BlackOrAfricanAmericanAlone","[]","[]","[]","[CensusPEPSurvey_Race2000Onwards]"
"51","2020","Count_Person_85Years_NativeHawaiianAndOtherPacificIslanderAlone","[]","[]","[]","[CensusPEPSurvey_Race2000Onwards]"
"51","2020","Count_Person_72Years_Male_NotHispanicOrLatino_NativeHawaiianAndOtherPacificIslanderAlone","[]","[]","[]","[CensusPEPSurvey_Race2000Onwards]"
"51","2020","Count_Person_67Years_Female_NotHispanicOrLatino_BlackOrAfricanAmericanAlone","[]","[]","[]","[CensusPEPSurvey_Race2000Onwards]"
"51","2020","Count_Person_Male_NotHispanicOrLatino_TwoOrMoreRaces","[]","[]","[]","[dcAggregate/CensusPEPSurvey_Race2000Onwards]"
"51","2020","Count_Person_18Years_Male_HispanicOrLatino_NativeHawaiianAndOtherPacificIslanderAlone","[]","[]","[]","[CensusPEPSurvey_Race2000Onwards]"
"51","2020","Count_Person_69Years_NotHispanicOrLatino_TwoOrMoreRaces","[]","[]","[]","[CensusPEPSurvey_Race2000Onwards]"
"51","2020","Count_Person_38Years_Female_AmericanIndianAndAlaskaNativeAlone","[]","[]","[]","[CensusPEPSurvey_Race2000Onwards]"
"51","2020","Count_Person_66Years_Female_BlackOrAfricanAmericanAlone","[]","[]","[]","[CensusPEPSurvey_Race2000Onwards]"
"51","2020","Count_Person_44Years_HispanicOrLatino_BlackOrAfricanAmericanAlone","[]","[]","[]","[CensusPEPSurvey_Race2000Onwards]"
"51","2020","Count_Person_53Years_NotHispanicOrLatino_TwoOrMoreRaces","[]","[]","[]","[CensusPEPSurvey_Race2000Onwards]"
"51","2020","Count_Person_49Years_Male_AmericanIndianAndAlaskaNativeAlone","[]","[]","[]","[CensusPEPSurvey_Race2000Onwards]"
"51","2020","Count_Person_77Years_HispanicOrLatino_TwoOrMoreRaces","[]","[]","[]","[CensusPEPSurvey_Race2000Onwards]"
"51","2020","Count_Person_74Years_Male_NativeHawaiianAndOtherPacificIslanderAlone","[]","[]","[]","[CensusPEPSurvey_Race2000Onwards]"
"51","2020","Count_Person_25Years_Male_NotHispanicOrLatino_WhiteAlone","[]","[]","[]","[CensusPEPSurvey_Race2000Onwards]"
"51","2020","Count_Person_35Years_Male_NotHispanicOrLatino_BlackOrAfricanAmericanAlone","[]","[]","[]","[CensusPEPSurvey_Race2000Onwards]"
"51","2020","Count_Person_61Years_Male_AmericanIndianAndAlaskaNativeAlone","[]","[]","[]","[CensusPEPSurvey_Race2000Onwards]"
"51","2020","Count_Person_36Years_Female_HispanicOrLatino_TwoOrMoreRaces","[]","[]","[]","[CensusPEPSurvey_Race2000Onwards]"
"51","2020","Count_Person_82Years_NotHispanicOrLatino_NativeHawaiianAndOtherPacificIslanderAlone","[]","[]","[]","[CensusPEPSurvey_Race2000Onwards]"
"51","2020","Count_Person_22Years_Male_NotHispanicOrLatino_NativeHawaiianAndOtherPacificIslanderAlone","[]","[]","[]","[CensusPEPSurvey_Race2000Onwards]"
"51","2020","Count_Person_21Years_HispanicOrLatino_NativeHawaiianAndOtherPacificIslanderAlone","[]","[]","[]","[CensusPEPSurvey_Race2000Onwards]"
"51","2020","Count_Person_22Years_Male_HispanicOrLatino_TwoOrMoreRaces","[]","[]","[]","[CensusPEPSurvey_Race2000Onwards]"
"51","2020","Count_Person_36Years_HispanicOrLatino_TwoOrMoreRaces","[]","[]","[]","[CensusPEPSurvey_Race2000Onwards]"
"51","2020","Count_Person_36Years_AmericanIndianAndAlaskaNativeAlone","[]","[]","[]","[CensusPEPSurvey_Race2000Onwards]"
"51","2020","Count_Person_57Years_NotHispanicOrLatino_AsianAlone","[]","[]","[]","[CensusPEPSurvey_Race2000Onwards]"
"51","2020","Count_Person_70Years_Female_NativeHawaiianAndOtherPacificIslanderAlone","[]","[]","[]","[CensusPEPSurvey_Race2000Onwards]"
"51","2020","Count_Person_34Years_Female_NotHispanicOrLatino_AmericanIndianAndAlaskaNativeAlone","[]","[]","[]","[CensusPEPSurvey_Race2000Onwards]"
"51","2020","Count_Person_50Years_Female_AmericanIndianAndAlaskaNativeAlone","[]","[]","[]","[CensusPEPSurvey_Race2000Onwards]"
"51","2020","Count_Person_52Years_Female_NotHispanicOrLatino_TwoOrMoreRaces","[]","[]","[]","[CensusPEPSurvey_Race2000Onwards]"
"51","2020","Count_Person_47Years_Male_NotHispanicOrLatino_AsianAlone","[]","[]","[]","[CensusPEPSurvey_Race2000Onwards]"
"51","2020","Count_Person_72Years_Male_NotHispanicOrLatino_AmericanIndianAndAlaskaNativeAlone","[]","[]","[]","[CensusPEPSurvey_Race2000Onwards]"
"51","2020","Count_Person_35Years_Male_NotHispanicOrLatino_NativeHawaiianAndOtherPacificIslanderAlone","[]","[]","[]","[CensusPEPSurvey_Race2000Onwards]"
"51","2020","Count_Person_44Years_Female_HispanicOrLatino_WhiteAlone","[]","[]","[]","[CensusPEPSurvey_Race2000Onwards]"
"51","2020","Count_Person_74Years_Female_HispanicOrLatino_TwoOrMoreRaces","[]","[]","[]","[CensusPEPSurvey_Race2000Onwards]"
"51","2020","Count_Person_25Years_Female_HispanicOrLatino_WhiteAlone","[]","[]","[]","[CensusPEPSurvey_Race2000Onwards]"
"51","2020","Count_Person_76Years_Male_HispanicOrLatino_NativeHawaiianAndOtherPacificIslanderAlone","[]","[]","[]","[CensusPEPSurvey_Race2000Onwards]"
"51","2020","Count_Person_64Years_NotHispanicOrLatino_AsianAlone","[]","[]","[]","[CensusPEPSurvey_Race2000Onwards]"
"51","2020","Count_Person_83Years_Male_HispanicOrLatino_TwoOrMoreRaces","[]","[]","[]","[CensusPEPSurvey_Race2000Onwards]"
"51","2020","Count_Person_Female_NotHispanicOrLatino_BlackOrAfricanAmericanAlone","[]","[]","[]","[dcAggregate/CensusPEPSurvey_Race2000Onwards]"
"51","2020","Count_Person_33Years_Male_NotHispanicOrLatino_AsianAlone","[]","[]","[]","[CensusPEPSurvey_Race2000Onwards]"
"51","2020","Count_Person_19Years_Male_HispanicOrLatino_TwoOrMoreRaces","[]","[]","[]","[CensusPEPSurvey_Race2000Onwards]"
"51","2020","Count_Person_35Years_Female_NotHispanicOrLatino_TwoOrMoreRaces","[]","[]","[]","[CensusPEPSurvey_Race2000Onwards]"
"51","2020","Count_Person_17Years_Female_NotHispanicOrLatino_NativeHawaiianAndOtherPacificIslanderAlone","[]","[]","[]","[CensusPEPSurvey_Race2000Onwards]"
"51","2020","Count_Person_38Years_Female_TwoOrMoreRaces","[]","[]","[]","[CensusPEPSurvey_Race2000Onwards]"
"51","2020","Count_Person_9Years_Male_NotHispanicOrLatino_AsianAlone","[]","[]","[]","[CensusPEPSurvey_Race2000Onwards]"
"51","2020","Count_Person_28Years_Male_TwoOrMoreRaces","[]","[]","[]","[CensusPEPSurvey_Race2000Onwards]"
"51","2020","Count_Person_70Years_Male_HispanicOrLatino_AsianAlone","[]","[]","[]","[CensusPEPSurvey_Race2000Onwards]"
"51","2020","Count_Person_45Years_BlackOrAfricanAmericanAlone","[]","[]","[]","[CensusPEPSurvey_Race2000Onwards]"
"51","2020","Count_Person_69Years_Male_HispanicOrLatino_TwoOrMoreRaces","[]","[]","[]","[CensusPEPSurvey_Race2000Onwards]"
"51","2020","Count_Person_26Years_Female_HispanicOrLatino_AmericanIndianAndAlaskaNativeAlone","[]","[]","[]","[CensusPEPSurvey_Race2000Onwards]"
"51","2020","Count_Person_61Years_Male_HispanicOrLatino_TwoOrMoreRaces","[]","[]","[]","[CensusPEPSurvey_Race2000Onwards]"
"51","2020","Count_Person_11Years_Male_HispanicOrLatino_TwoOrMoreRaces","[]","[]","[]","[CensusPEPSurvey_Race2000Onwards]"
"51","2020","Count_Person_53Years_Female_HispanicOrLatino_BlackOrAfricanAmericanAlone","[]","[]","[]","[CensusPEPSurvey_Race2000Onwards]"
"51","2020","Count_Person_12Years_Male_TwoOrMoreRaces","[]","[]","[]","[CensusPEPSurvey_Race2000Onwards]"
"51","2020","Count_Person_34Years_Male_NativeHawaiianAndOtherPacificIslanderAlone","[]","[]","[]","[CensusPEPSurvey_Race2000Onwards]"
"51","2020","Count_Person_21Years_NotHispanicOrLatino_AmericanIndianAndAlaskaNativeAlone","[]","[]","[]","[CensusPEPSurvey_Race2000Onwards]"
"51","2020","Count_Person_2Years_Female_HispanicOrLatino_WhiteAlone","[]","[]","[]","[CensusPEPSurvey_Race2000Onwards]"
"51","2020","Count_Person_71Years_Male_TwoOrMoreRaces","[]","[]","[]","[CensusPEPSurvey_Race2000Onwards]"
"51","2020","Count_Person_40Years_NotHispanicOrLatino_BlackOrAfricanAmericanAlone","[]","[]","[]","[CensusPEPSurvey_Race2000Onwards]"
"51","2020","Count_Person_2Years_Female_WhiteAlone","[]","[]","[]","[CensusPEPSurvey_Race2000Onwards]"
"51","2020","Count_Person_41Years_Male_WhiteAlone","[]","[]","[]","[CensusPEPSurvey_Race2000Onwards]"
"51","2020","Count_Person_56Years_Male_NotHispanicOrLatino_AsianAlone","[]","[]","[]","[CensusPEPSurvey_Race2000Onwards]"
"51","2020","Count_Person_19Years_Female_HispanicOrLatino_WhiteAlone","[]","[]","[]","[CensusPEPSurvey_Race2000Onwards]"
"51","2020","Count_Person_81Years_Female_NotHispanicOrLatino_AsianAlone","[]","[]","[]","[CensusPEPSurvey_Race2000Onwards]"
"51","2020","Count_Person_58Years_Female_WhiteAlone","[]","[]","[]","[CensusPEPSurvey_Race2000Onwards]"
"51","2020","Count_Person_3Years_Male_HispanicOrLatino_TwoOrMoreRaces","[]","[]","[]","[CensusPEPSurvey_Race2000Onwards]"
"51","2020","Count_Person_50Years_Female_NotHispanicOrLatino_AmericanIndianAndAlaskaNativeAlone","[]","[]","[]","[CensusPEPSurvey_Race2000Onwards]"
"51","2020","Count_Person_35Years_Female_TwoOrMoreRaces","[]","[]","[]","[CensusPEPSurvey_Race2000Onwards]"
"51","2020","Count_Person_18Years_NotHispanicOrLatino_BlackOrAfricanAmericanAlone","[]","[]","[]","[CensusPEPSurvey_Race2000Onwards]"
"51","2020","Count_Person_0Years_Female_NotHispanicOrLatino_NativeHawaiianAndOtherPacificIslanderAlone","[]","[]","[]","[CensusPEPSurvey_Race2000Onwards]"
"51","2020","Count_Person_53Years_Female_NotHispanicOrLatino_WhiteAlone","[]","[]","[]","[CensusPEPSurvey_Race2000Onwards]"
"51","2020","Count_Person_46Years_Female_NotHispanicOrLatino_WhiteAlone","[]","[]","[]","[CensusPEPSurvey_Race2000Onwards]"
"51","2020","Count_Person_50Years_Female_BlackOrAfricanAmericanAlone","[]","[]","[]","[CensusPEPSurvey_Race2000Onwards]"
"51","2020","Count_Person_34Years_BlackOrAfricanAmericanAlone","[]","[]","[]","[CensusPEPSurvey_Race2000Onwards]"
"51","2020","Count_Person_74Years_Male_HispanicOrLatino_AmericanIndianAndAlaskaNativeAlone","[]","[]","[]","[CensusPEPSurvey_Race2000Onwards]"
"51","2020","Count_Person_50Years_Male_WhiteAlone","[]","[]","[]","[CensusPEPSurvey_Race2000Onwards]"
"51","2020","Count_Person_31Years_NotHispanicOrLatino_NativeHawaiianAndOtherPacificIslanderAlone","[]","[]","[]","[CensusPEPSurvey_Race2000Onwards]"
"51","2020","Count_Person_85Years_BlackOrAfricanAmericanAlone","[]","[]","[]","[CensusPEPSurvey_Race2000Onwards]"
"51","2020","Count_Person_73Years_Male_NativeHawaiianAndOtherPacificIslanderAlone","[]","[]","[]","[CensusPEPSurvey_Race2000Onwards]"
"51","2020","Count_Person_12Years_Female_HispanicOrLatino_NativeHawaiianAndOtherPacificIslanderAlone","[]","[]","[]","[CensusPEPSurvey_Race2000Onwards]"
"51","2020","Count_Person_72Years_Male_HispanicOrLatino_TwoOrMoreRaces","[]","[]","[]","[CensusPEPSurvey_Race2000Onwards]"
"51","2020","Count_Person_81Years_TwoOrMoreRaces","[]","[]","[]","[CensusPEPSurvey_Race2000Onwards]"
"51","2020","Count_Person_57Years_Male_NotHispanicOrLatino_TwoOrMoreRaces","[]","[]","[]","[CensusPEPSurvey_Race2000Onwards]"
"51","2020","Count_Person_11Years_HispanicOrLatino_NativeHawaiianAndOtherPacificIslanderAlone","[]","[]","[]","[CensusPEPSurvey_Race2000Onwards]"
"51","2020","Count_Person_26Years_Female_AsianAlone","[]","[]","[]","[CensusPEPSurvey_Race2000Onwards]"
"51","2020","Count_Person_8Years_Male_TwoOrMoreRaces","[]","[]","[]","[CensusPEPSurvey_Race2000Onwards]"
"51","2020","Count_Person_10Years_AsianAlone","[]","[]","[]","[CensusPEPSurvey_Race2000Onwards]"
"51","2020","Count_Person_52Years_Female_AsianAlone","[]","[]","[]","[CensusPEPSurvey_Race2000Onwards]"
"51","2020","Count_Person_8Years_Female_HispanicOrLatino_AmericanIndianAndAlaskaNativeAlone","[]","[]","[]","[CensusPEPSurvey_Race2000Onwards]"
"51","2020","Count_Person_14Years_Male_HispanicOrLatino_NativeHawaiianAndOtherPacificIslanderAlone","[]","[]","[]","[CensusPEPSurvey_Race2000Onwards]"
"51","2020","Count_Person_54Years_NotHispanicOrLatino_AsianAlone","[]","[]","[]","[CensusPEPSurvey_Race2000Onwards]"
"51","2020","Count_Person_40Years_HispanicOrLatino_AsianAlone","[]","[]","[]","[CensusPEPSurvey_Race2000Onwards]"
"51","2020","Count_Person_24Years_Female_AmericanIndianAndAlaskaNativeAlone","[]","[]","[]","[CensusPEPSurvey_Race2000Onwards]"
"51","2020","Count_Person_24Years_NotHispanicOrLatino_TwoOrMoreRaces","[]","[]","[]","[CensusPEPSurvey_Race2000Onwards]"
"51","2020","Count_Person_16Years_Female_HispanicOrLatino_BlackOrAfricanAmericanAlone","[]","[]","[]","[CensusPEPSurvey_Race2000Onwards]"
"51","2020","Count_Person_16Years_Male_AmericanIndianAndAlaskaNativeAlone","[]","[]","[]","[CensusPEPSurvey_Race2000Onwards]"
"51","2020","Count_Person_47Years_Male_TwoOrMoreRaces","[]","[]","[]","[CensusPEPSurvey_Race2000Onwards]"
"51","2020","Count_Person_27Years_Male_NotHispanicOrLatino_AsianAlone","[]","[]","[]","[CensusPEPSurvey_Race2000Onwards]"
"51","2020","Count_Person_60Years_Female_NotHispanicOrLatino_AmericanIndianAndAlaskaNativeAlone","[]","[]","[]","[CensusPEPSurvey_Race2000Onwards]"
"51","2020","Count_Person_25Years_Female_BlackOrAfricanAmericanAlone","[]","[]","[]","[CensusPEPSurvey_Race2000Onwards]"
"51","2020","Count_Person_47Years_HispanicOrLatino_WhiteAlone","[]","[]","[]","[CensusPEPSurvey_Race2000Onwards]"
"51","2020","Count_Person_73Years_HispanicOrLatino_BlackOrAfricanAmericanAlone","[]","[]","[]","[CensusPEPSurvey_Race2000Onwards]"
"51","2020","Count_Person_19Years_Female_HispanicOrLatino_TwoOrMoreRaces","[]","[]","[]","[CensusPEPSurvey_Race2000Onwards]"
"51","2020","Count_Person_0Years_Female_NotHispanicOrLatino_TwoOrMoreRaces","[]","[]","[]","[CensusPEPSurvey_Race2000Onwards]"
"51","2020","Count_Person_55Years_Female_NotHispanicOrLatino_AsianAlone","[]","[]","[]","[CensusPEPSurvey_Race2000Onwards]"
"51","2020","Count_Person_11Years_Male_NativeHawaiianAndOtherPacificIslanderAlone","[]","[]","[]","[CensusPEPSurvey_Race2000Onwards]"
"51","2020","Count_Person_20Years_Male_NotHispanicOrLatino_NativeHawaiianAndOtherPacificIslanderAlone","[]","[]","[]","[CensusPEPSurvey_Race2000Onwards]"
"51","2020","Count_Person_0Years_Female_NotHispanicOrLatino_WhiteAlone","[]","[]","[]","[CensusPEPSurvey_Race2000Onwards]"
"51","2020","Count_Person_23Years_Female_NotHispanicOrLatino_NativeHawaiianAndOtherPacificIslanderAlone","[]","[]","[]","[CensusPEPSurvey_Race2000Onwards]"
"51","2020","Count_Person_24Years_NotHispanicOrLatino_WhiteAlone","[]","[]","[]","[CensusPEPSurvey_Race2000Onwards]"
"51","2020","Count_Person_19Years_Female_WhiteAlone","[]","[]","[]","[CensusPEPSurvey_Race2000Onwards]"
"51","2020","Count_Person_68Years_Male_NotHispanicOrLatino_AmericanIndianAndAlaskaNativeAlone","[]","[]","[]","[CensusPEPSurvey_Race2000Onwards]"
"51","2020","Count_Person_36Years_HispanicOrLatino_WhiteAlone","[]","[]","[]","[CensusPEPSurvey_Race2000Onwards]"
"51","2020","Count_Person_74Years_Female_HispanicOrLatino_BlackOrAfricanAmericanAlone","[]","[]","[]","[CensusPEPSurvey_Race2000Onwards]"
"51","2020","Count_Person_11Years_Male_NotHispanicOrLatino_AsianAlone","[]","[]","[]","[CensusPEPSurvey_Race2000Onwards]"
"51","2020","Count_Person_58Years_Male_NotHispanicOrLatino_AmericanIndianAndAlaskaNativeAlone","[]","[]","[]","[CensusPEPSurvey_Race2000Onwards]"
"51","2020","Count_Person_56Years_TwoOrMoreRaces","[]","[]","[]","[CensusPEPSurvey_Race2000Onwards]"
"51","2020","Count_Person_37Years_Male_NotHispanicOrLatino_NativeHawaiianAndOtherPacificIslanderAlone","[]","[]","[]","[CensusPEPSurvey_Race2000Onwards]"
"51","2020","Count_Person_0Years_Male_NotHispanicOrLatino_AsianAlone","[]","[]","[]","[CensusPEPSurvey_Race2000Onwards]"
"51","2020","Count_Person_2Years_Female_HispanicOrLatino_NativeHawaiianAndOtherPacificIslanderAlone","[]","[]","[]","[CensusPEPSurvey_Race2000Onwards]"
"51","2020","Count_Person_7Years_Male_NotHispanicOrLatino_AsianAlone","[]","[]","[]","[CensusPEPSurvey_Race2000Onwards]"
"51","2020","Count_Person_53Years_AsianAlone","[]","[]","[]","[CensusPEPSurvey_Race2000Onwards]"
"51","2020","Count_Person_59Years_AsianAlone","[]","[]","[]","[CensusPEPSurvey_Race2000Onwards]"
"51","2020","Count_Person_30Years_NotHispanicOrLatino_NativeHawaiianAndOtherPacificIslanderAlone","[]","[]","[]","[CensusPEPSurvey_Race2000Onwards]"
"51","2020","Count_Person_26Years_Male_TwoOrMoreRaces","[]","[]","[]","[CensusPEPSurvey_Race2000Onwards]"
"51","2020","Count_Person_77Years_Female_HispanicOrLatino_AmericanIndianAndAlaskaNativeAlone","[]","[]","[]","[CensusPEPSurvey_Race2000Onwards]"
"51","2020","Count_Person_24Years_TwoOrMoreRaces","[]","[]","[]","[CensusPEPSurvey_Race2000Onwards]"
"51","2020","Count_Person_77Years_Male_HispanicOrLatino_AmericanIndianAndAlaskaNativeAlone","[]","[]","[]","[CensusPEPSurvey_Race2000Onwards]"
"51","2020","Count_Person_39Years_AmericanIndianAndAlaskaNativeAlone","[]","[]","[]","[CensusPEPSurvey_Race2000Onwards]"
"51","2020","Count_Person_32Years_NotHispanicOrLatino_AmericanIndianAndAlaskaNativeAlone","[]","[]","[]","[CensusPEPSurvey_Race2000Onwards]"
"51","2020","Count_Person_17Years_NotHispanicOrLatino_WhiteAlone","[]","[]","[]","[CensusPEPSurvey_Race2000Onwards]"
"51","2020","Count_Person_70Years_Female_NotHispanicOrLatino_BlackOrAfricanAmericanAlone","[]","[]","[]","[CensusPEPSurvey_Race2000Onwards]"
"51","2020","Count_Person_2Years_Female_NotHispanicOrLatino_AsianAlone","[]","[]","[]","[CensusPEPSurvey_Race2000Onwards]"
"51","2020","Count_Person_67Years_Female_WhiteAlone","[]","[]","[]","[CensusPEPSurvey_Race2000Onwards]"
"51","2020","Count_Person_49Years_Male_HispanicOrLatino_BlackOrAfricanAmericanAlone","[]","[]","[]","[CensusPEPSurvey_Race2000Onwards]"
"51","2020","Count_Person_47Years_Male_NotHispanicOrLatino_WhiteAlone","[]","[]","[]","[CensusPEPSurvey_Race2000Onwards]"
"51","2020","Count_Person_39Years_NotHispanicOrLatino_NativeHawaiianAndOtherPacificIslanderAlone","[]","[]","[]","[CensusPEPSurvey_Race2000Onwards]"
"51","2020","Count_Person_12Years_Female_NotHispanicOrLatino_WhiteAlone","[]","[]","[]","[CensusPEPSurvey_Race2000Onwards]"
"51","2020","Count_Person_56Years_HispanicOrLatino_NativeHawaiianAndOtherPacificIslanderAlone","[]","[]","[]","[CensusPEPSurvey_Race2000Onwards]"
"51","2020","Count_Person_14Years_TwoOrMoreRaces","[]","[]","[]","[CensusPEPSurvey_Race2000Onwards]"
"51","2020","Count_Person_1Years_BlackOrAfricanAmericanAlone","[]","[]","[]","[CensusPEPSurvey_Race2000Onwards]"
"51","2020","Count_Person_32Years_Male_HispanicOrLatino_NativeHawaiianAndOtherPacificIslanderAlone","[]","[]","[]","[CensusPEPSurvey_Race2000Onwards]"
"51","2020","Count_Person_6Years_Female_HispanicOrLatino_NativeHawaiianAndOtherPacificIslanderAlone","[]","[]","[]","[CensusPEPSurvey_Race2000Onwards]"
"51","2020","Count_Person_24Years_Female_HispanicOrLatino_WhiteAlone","[]","[]","[]","[CensusPEPSurvey_Race2000Onwards]"
"51","2020","Count_Person_61Years_Female_NotHispanicOrLatino_AmericanIndianAndAlaskaNativeAlone","[]","[]","[]","[CensusPEPSurvey_Race2000Onwards]"
"51","2020","Count_Person_6Years_NotHispanicOrLatino_BlackOrAfricanAmericanAlone","[]","[]","[]","[CensusPEPSurvey_Race2000Onwards]"
"51","2020","Count_Person_33Years_Female_WhiteAlone","[]","[]","[]","[CensusPEPSurvey_Race2000Onwards]"
"51","2020","Count_Person_49Years_Male_NotHispanicOrLatino_AsianAlone","[]","[]","[]","[CensusPEPSurvey_Race2000Onwards]"
"51","2020","Count_Person_18Years_Male_HispanicOrLatino_BlackOrAfricanAmericanAlone","[]","[]","[]","[CensusPEPSurvey_Race2000Onwards]"
"51","2020","Count_Person_58Years_Female_NotHispanicOrLatino_TwoOrMoreRaces","[]","[]","[]","[CensusPEPSurvey_Race2000Onwards]"
"51","2020","Count_Person_66Years_Male_TwoOrMoreRaces","[]","[]","[]","[CensusPEPSurvey_Race2000Onwards]"
"51","2020","Count_Person_39Years_HispanicOrLatino_NativeHawaiianAndOtherPacificIslanderAlone","[]","[]","[]","[CensusPEPSurvey_Race2000Onwards]"
"51","2020","Count_Person_19Years_Female_HispanicOrLatino_AsianAlone","[]","[]","[]","[CensusPEPSurvey_Race2000Onwards]"
"51","2020","Count_Person_15Years_NativeHawaiianAndOtherPacificIslanderAlone","[]","[]","[]","[CensusPEPSurvey_Race2000Onwards]"
"51","2020","Count_Person_20Years_AsianAlone","[]","[]","[]","[CensusPEPSurvey_Race2000Onwards]"
"51","2020","Count_Person_82Years_Male_NotHispanicOrLatino_AmericanIndianAndAlaskaNativeAlone","[]","[]","[]","[CensusPEPSurvey_Race2000Onwards]"
"51","2020","Count_Person_76Years_Male_NotHispanicOrLatino_WhiteAlone","[]","[]","[]","[CensusPEPSurvey_Race2000Onwards]"
"51","2020","Count_Person_71Years_NotHispanicOrLatino_TwoOrMoreRaces","[]","[]","[]","[CensusPEPSurvey_Race2000Onwards]"
"51","2020","Count_Person_74Years_Male_TwoOrMoreRaces","[]","[]","[]","[CensusPEPSurvey_Race2000Onwards]"
"51","2020","Count_Person_58Years_Female_AsianAlone","[]","[]","[]","[CensusPEPSurvey_Race2000Onwards]"
"51","2020","Count_Person_48Years_Female_HispanicOrLatino_TwoOrMoreRaces","[]","[]","[]","[CensusPEPSurvey_Race2000Onwards]"
"51","2020","Count_Person_1Years_Female_BlackOrAfricanAmericanAlone","[]","[]","[]","[CensusPEPSurvey_Race2000Onwards]"
"51","2020","Count_Person_30Years_NotHispanicOrLatino_BlackOrAfricanAmericanAlone","[]","[]","[]","[CensusPEPSurvey_Race2000Onwards]"
"51","2020","Count_Person_72Years_Female_HispanicOrLatino_BlackOrAfricanAmericanAlone","[]","[]","[]","[CensusPEPSurvey_Race2000Onwards]"
"51","2020","Count_Person_26Years_AsianAlone","[]","[]","[]","[CensusPEPSurvey_Race2000Onwards]"
"51","2020","Count_Person_50Years_Female_NotHispanicOrLatino_BlackOrAfricanAmericanAlone","[]","[]","[]","[CensusPEPSurvey_Race2000Onwards]"
"51","2020","Count_Person_61Years_Male_NotHispanicOrLatino_BlackOrAfricanAmericanAlone","[]","[]","[]","[CensusPEPSurvey_Race2000Onwards]"
"51","2020","Count_Person_51Years_Male_NotHispanicOrLatino_AmericanIndianAndAlaskaNativeAlone","[]","[]","[]","[CensusPEPSurvey_Race2000Onwards]"
"51","2020","Count_Person_33Years_Female_HispanicOrLatino_AmericanIndianAndAlaskaNativeAlone","[]","[]","[]","[CensusPEPSurvey_Race2000Onwards]"
"51","2020","Count_Person_48Years_Female_BlackOrAfricanAmericanAlone","[]","[]","[]","[CensusPEPSurvey_Race2000Onwards]"
"51","2020","Count_Person_75Years_Male_HispanicOrLatino_NativeHawaiianAndOtherPacificIslanderAlone","[]","[]","[]","[CensusPEPSurvey_Race2000Onwards]"
"51","2020","Count_Person_50Years_Male_TwoOrMoreRaces","[]","[]","[]","[CensusPEPSurvey_Race2000Onwards]"
"51","2020","Count_Person_51Years_Female_NotHispanicOrLatino_NativeHawaiianAndOtherPacificIslanderAlone","[]","[]","[]","[CensusPEPSurvey_Race2000Onwards]"
"51","2020","Count_Person_85Years_Male_AsianAlone","[]","[]","[]","[CensusPEPSurvey_Race2000Onwards]"
"51","2020","Count_Person_18Years_Female_HispanicOrLatino_BlackOrAfricanAmericanAlone","[]","[]","[]","[CensusPEPSurvey_Race2000Onwards]"
"51","2020","Count_Person_62Years_AsianAlone","[]","[]","[]","[CensusPEPSurvey_Race2000Onwards]"
"51","2020","Count_Person_84Years_Female_HispanicOrLatino_TwoOrMoreRaces","[]","[]","[]","[CensusPEPSurvey_Race2000Onwards]"
"51","2020","Count_Person_23Years_Male_HispanicOrLatino_NativeHawaiianAndOtherPacificIslanderAlone","[]","[]","[]","[CensusPEPSurvey_Race2000Onwards]"
"51","2020","Count_Person_63Years_NotHispanicOrLatino_AsianAlone","[]","[]","[]","[CensusPEPSurvey_Race2000Onwards]"
"51","2020","Count_Person_26Years_HispanicOrLatino_TwoOrMoreRaces","[]","[]","[]","[CensusPEPSurvey_Race2000Onwards]"
"51","2020","Count_Person_38Years_Female_NativeHawaiianAndOtherPacificIslanderAlone","[]","[]","[]","[CensusPEPSurvey_Race2000Onwards]"
"51","2020","Count_Person_17Years_AsianAlone","[]","[]","[]","[CensusPEPSurvey_Race2000Onwards]"
"51","2020","Count_Person_18Years_Female_NotHispanicOrLatino_BlackOrAfricanAmericanAlone","[]","[]","[]","[CensusPEPSurvey_Race2000Onwards]"
"51","2020","Count_Person_24Years_Female_NotHispanicOrLatino_BlackOrAfricanAmericanAlone","[]","[]","[]","[CensusPEPSurvey_Race2000Onwards]"
"51","2020","Count_Person_62Years_Female_TwoOrMoreRaces","[]","[]","[]","[CensusPEPSurvey_Race2000Onwards]"
"51","2020","Count_Person_63Years_Male_NotHispanicOrLatino_TwoOrMoreRaces","[]","[]","[]","[CensusPEPSurvey_Race2000Onwards]"
"51","2020","Count_Person_18Years_TwoOrMoreRaces","[]","[]","[]","[CensusPEPSurvey_Race2000Onwards]"
"51","2020","Count_Person_51Years_Female_NotHispanicOrLatino_AmericanIndianAndAlaskaNativeAlone","[]","[]","[]","[CensusPEPSurvey_Race2000Onwards]"
"51","2020","Count_Person_65Years_Female_TwoOrMoreRaces","[]","[]","[]","[CensusPEPSurvey_Race2000Onwards]"
"51","2020","Count_Person_54Years_NotHispanicOrLatino_BlackOrAfricanAmericanAlone","[]","[]","[]","[CensusPEPSurvey_Race2000Onwards]"
"51","2020","Count_Person_2Years_Male_NotHispanicOrLatino_BlackOrAfricanAmericanAlone","[]","[]","[]","[CensusPEPSurvey_Race2000Onwards]"
"51","2020","Count_Person_77Years_Female_AsianAlone","[]","[]","[]","[CensusPEPSurvey_Race2000Onwards]"
"51","2020","Count_Person_40Years_Female_AsianAlone","[]","[]","[]","[CensusPEPSurvey_Race2000Onwards]"
"51","2020","Count_Person_28Years_Male_WhiteAlone","[]","[]","[]","[CensusPEPSurvey_Race2000Onwards]"
"51","2020","Count_Person_64Years_NotHispanicOrLatino_WhiteAlone","[]","[]","[]","[CensusPEPSurvey_Race2000Onwards]"
"51","2020","Count_Person_33Years_Female_NotHispanicOrLatino_NativeHawaiianAndOtherPacificIslanderAlone","[]","[]","[]","[CensusPEPSurvey_Race2000Onwards]"
"51","2020","Count_Person_29Years_NotHispanicOrLatino_BlackOrAfricanAmericanAlone","[]","[]","[]","[CensusPEPSurvey_Race2000Onwards]"
"51","2020","Count_Person_36Years_HispanicOrLatino_AsianAlone","[]","[]","[]","[CensusPEPSurvey_Race2000Onwards]"
"51","2020","Count_Person_23Years_Female_HispanicOrLatino_TwoOrMoreRaces","[]","[]","[]","[CensusPEPSurvey_Race2000Onwards]"
"51","2020","Count_Person_14Years_Male_WhiteAlone","[]","[]","[]","[CensusPEPSurvey_Race2000Onwards]"
"51","2020","Count_Person_4Years_Female_NotHispanicOrLatino_AsianAlone","[]","[]","[]","[CensusPEPSurvey_Race2000Onwards]"
"51","2020","Count_Person_59Years_Male_NativeHawaiianAndOtherPacificIslanderAlone","[]","[]","[]","[CensusPEPSurvey_Race2000Onwards]"
"51","2020","Count_Person_49Years_HispanicOrLatino_NativeHawaiianAndOtherPacificIslanderAlone","[]","[]","[]","[CensusPEPSurvey_Race2000Onwards]"
"51","2020","Count_Person_16Years_HispanicOrLatino_TwoOrMoreRaces","[]","[]","[]","[CensusPEPSurvey_Race2000Onwards]"
"51","2020","Count_Person_69Years_Female_NotHispanicOrLatino_WhiteAlone","[]","[]","[]","[CensusPEPSurvey_Race2000Onwards]"
"51","2020","Count_Person_61Years_AmericanIndianAndAlaskaNativeAlone","[]","[]","[]","[CensusPEPSurvey_Race2000Onwards]"
"51","2020","Count_Person_75Years_NotHispanicOrLatino_AmericanIndianAndAlaskaNativeAlone","[]","[]","[]","[CensusPEPSurvey_Race2000Onwards]"
"51","2020","Count_Person_64Years_Male_NotHispanicOrLatino_BlackOrAfricanAmericanAlone","[]","[]","[]","[CensusPEPSurvey_Race2000Onwards]"
"51","2020","Count_Person_1Years_NotHispanicOrLatino_TwoOrMoreRaces","[]","[]","[]","[CensusPEPSurvey_Race2000Onwards]"
"51","2020","Count_Person_42Years_Female_NotHispanicOrLatino_TwoOrMoreRaces","[]","[]","[]","[CensusPEPSurvey_Race2000Onwards]"
"51","2020","Count_Person_24Years_Female_BlackOrAfricanAmericanAlone","[]","[]","[]","[CensusPEPSurvey_Race2000Onwards]"
"51","2020","Count_Person_8Years_Female_WhiteAlone","[]","[]","[]","[CensusPEPSurvey_Race2000Onwards]"
"51","2020","Count_Person_4Years_Male_AmericanIndianAndAlaskaNativeAlone","[]","[]","[]","[CensusPEPSurvey_Race2000Onwards]"
"51","2020","Count_Person_37Years_TwoOrMoreRaces","[]","[]","[]","[CensusPEPSurvey_Race2000Onwards]"
"51","2020","Count_Person_25Years_HispanicOrLatino_AsianAlone","[]","[]","[]","[CensusPEPSurvey_Race2000Onwards]"
"51","2020","Count_Person_52Years_Female_WhiteAlone","[]","[]","[]","[CensusPEPSurvey_Race2000Onwards]"
"51","2020","Count_Person_78Years_Male_NotHispanicOrLatino_AsianAlone","[]","[]","[]","[CensusPEPSurvey_Race2000Onwards]"
"51","2020","Count_Person_18Years_Male_NotHispanicOrLatino_AsianAlone","[]","[]","[]","[CensusPEPSurvey_Race2000Onwards]"
"51","2020","Count_Person_23Years_NotHispanicOrLatino_AsianAlone","[]","[]","[]","[CensusPEPSurvey_Race2000Onwards]"
"51","2020","Count_Person_81Years_Female_NotHispanicOrLatino_WhiteAlone","[]","[]","[]","[CensusPEPSurvey_Race2000Onwards]"
"51","2020","Count_Person_50Years_Female_HispanicOrLatino_AsianAlone","[]","[]","[]","[CensusPEPSurvey_Race2000Onwards]"
"51","2020","Count_Person_43Years_Male_HispanicOrLatino_AmericanIndianAndAlaskaNativeAlone","[]","[]","[]","[CensusPEPSurvey_Race2000Onwards]"
"51","2020","Count_Person_24Years_Female_NotHispanicOrLatino_AmericanIndianAndAlaskaNativeAlone","[]","[]","[]","[CensusPEPSurvey_Race2000Onwards]"
"51","2020","Count_Person_79Years_Male_NotHispanicOrLatino_TwoOrMoreRaces","[]","[]","[]","[CensusPEPSurvey_Race2000Onwards]"
"51","2020","Count_Person_10Years_Male_HispanicOrLatino_BlackOrAfricanAmericanAlone","[]","[]","[]","[CensusPEPSurvey_Race2000Onwards]"
"51","2020","Count_Person_0Years_Female_HispanicOrLatino_BlackOrAfricanAmericanAlone","[]","[]","[]","[CensusPEPSurvey_Race2000Onwards]"
"51","2020","Count_Person_84Years_NotHispanicOrLatino_AsianAlone","[]","[]","[]","[CensusPEPSurvey_Race2000Onwards]"
"51","2020","Count_Person_65Years_NotHispanicOrLatino_WhiteAlone","[]","[]","[]","[CensusPEPSurvey_Race2000Onwards]"
"51","2020","Count_Person_44Years_HispanicOrLatino_WhiteAlone","[]","[]","[]","[CensusPEPSurvey_Race2000Onwards]"
"51","2020","Count_Person_20Years_Male_NotHispanicOrLatino_BlackOrAfricanAmericanAlone","[]","[]","[]","[CensusPEPSurvey_Race2000Onwards]"
"51","2020","Count_Person_74Years_Male_NotHispanicOrLatino_WhiteAlone","[]","[]","[]","[CensusPEPSurvey_Race2000Onwards]"
"51","2020","Count_Person_9Years_Male_AmericanIndianAndAlaskaNativeAlone","[]","[]","[]","[CensusPEPSurvey_Race2000Onwards]"
"51","2020","Count_Person_2Years_Female_NotHispanicOrLatino_BlackOrAfricanAmericanAlone","[]","[]","[]","[CensusPEPSurvey_Race2000Onwards]"
"51","2020","Count_Person_35Years_Male_WhiteAlone","[]","[]","[]","[CensusPEPSurvey_Race2000Onwards]"
"51","2020","Count_Person_81Years_NotHispanicOrLatino_NativeHawaiianAndOtherPacificIslanderAlone","[]","[]","[]","[CensusPEPSurvey_Race2000Onwards]"
"51","2020","Count_Person_67Years_HispanicOrLatino_TwoOrMoreRaces","[]","[]","[]","[CensusPEPSurvey_Race2000Onwards]"
"51","2020","Count_Person_63Years_Female_NotHispanicOrLatino_AsianAlone","[]","[]","[]","[CensusPEPSurvey_Race2000Onwards]"
"51","2020","Count_Person_1Years_Male_HispanicOrLatino_NativeHawaiianAndOtherPacificIslanderAlone","[]","[]","[]","[CensusPEPSurvey_Race2000Onwards]"
"51","2020","Count_Person_81Years_HispanicOrLatino_AsianAlone","[]","[]","[]","[CensusPEPSurvey_Race2000Onwards]"
"51","2020","Count_Person_14Years_NativeHawaiianAndOtherPacificIslanderAlone","[]","[]","[]","[CensusPEPSurvey_Race2000Onwards]"
"51","2020","Count_Person_9Years_WhiteAlone","[]","[]","[]","[CensusPEPSurvey_Race2000Onwards]"
"51","2020","Count_Person_1Years_Female_HispanicOrLatino_WhiteAlone","[]","[]","[]","[CensusPEPSurvey_Race2000Onwards]"
"51","2020","Count_Person_33Years_Male_WhiteAlone","[]","[]","[]","[CensusPEPSurvey_Race2000Onwards]"
"51","2020","Count_Person_68Years_Female_NotHispanicOrLatino_AsianAlone","[]","[]","[]","[CensusPEPSurvey_Race2000Onwards]"
"51","2020","Count_Person_53Years_TwoOrMoreRaces","[]","[]","[]","[CensusPEPSurvey_Race2000Onwards]"
"51","2020","Count_Person_9Years_HispanicOrLatino_TwoOrMoreRaces","[]","[]","[]","[CensusPEPSurvey_Race2000Onwards]"
"51","2020","Count_Person_36Years_NotHispanicOrLatino_NativeHawaiianAndOtherPacificIslanderAlone","[]","[]","[]","[CensusPEPSurvey_Race2000Onwards]"
"51","2020","Count_Person_69Years_Female_HispanicOrLatino_AmericanIndianAndAlaskaNativeAlone","[]","[]","[]","[CensusPEPSurvey_Race2000Onwards]"
"51","2020","Count_Person_45Years_HispanicOrLatino_AmericanIndianAndAlaskaNativeAlone","[]","[]","[]","[CensusPEPSurvey_Race2000Onwards]"
"51","2020","Count_Person_53Years_WhiteAlone","[]","[]","[]","[CensusPEPSurvey_Race2000Onwards]"
"51","2020","Count_Person_68Years_NativeHawaiianAndOtherPacificIslanderAlone","[]","[]","[]","[CensusPEPSurvey_Race2000Onwards]"
"51","2020","Count_Person_65Years_WhiteAlone","[]","[]","[]","[CensusPEPSurvey_Race2000Onwards]"
"51","2020","Count_Person_29Years_Female_HispanicOrLatino_AsianAlone","[]","[]","[]","[CensusPEPSurvey_Race2000Onwards]"
"51","2020","Count_Person_6Years_Male_NotHispanicOrLatino_WhiteAlone","[]","[]","[]","[CensusPEPSurvey_Race2000Onwards]"
"51","2020","Count_Person_78Years_HispanicOrLatino_AsianAlone","[]","[]","[]","[CensusPEPSurvey_Race2000Onwards]"
"51","2020","Count_Person_20Years_Female_HispanicOrLatino_BlackOrAfricanAmericanAlone","[]","[]","[]","[CensusPEPSurvey_Race2000Onwards]"
"51","2020","Count_Person_62Years_Male_HispanicOrLatino_AsianAlone","[]","[]","[]","[CensusPEPSurvey_Race2000Onwards]"
"51","2020","Count_Person_5Years_HispanicOrLatino_AmericanIndianAndAlaskaNativeAlone","[]","[]","[]","[CensusPEPSurvey_Race2000Onwards]"
"51","2020","Count_Person_59Years_Female_HispanicOrLatino_BlackOrAfricanAmericanAlone","[]","[]","[]","[CensusPEPSurvey_Race2000Onwards]"
"51","2020","Count_Person_17Years_Male_NotHispanicOrLatino_WhiteAlone","[]","[]","[]","[CensusPEPSurvey_Race2000Onwards]"
"51","2020","Count_Person_10Years_NotHispanicOrLatino_TwoOrMoreRaces","[]","[]","[]","[CensusPEPSurvey_Race2000Onwards]"
"51","2020","Count_Person_Male_NativeHawaiianAndOtherPacificIslanderAlone","[]","[]","[]","[dcAggregate/CensusPEPSurvey_Race2000Onwards]"
"51","2020","Count_Person_15Years_Female_HispanicOrLatino_WhiteAlone","[]","[]","[]","[CensusPEPSurvey_Race2000Onwards]"
"51","2020","Count_Person_27Years_Female_NotHispanicOrLatino_NativeHawaiianAndOtherPacificIslanderAlone","[]","[]","[]","[CensusPEPSurvey_Race2000Onwards]"
"51","2020","Count_Person_4Years_Female_AsianAlone","[]","[]","[]","[CensusPEPSurvey_Race2000Onwards]"
"51","2020","Count_Person_58Years_Female_NotHispanicOrLatino_AsianAlone","[]","[]","[]","[CensusPEPSurvey_Race2000Onwards]"
"51","2020","Count_Person_16Years_Female_WhiteAlone","[]","[]","[]","[CensusPEPSurvey_Race2000Onwards]"
"51","2020","Count_Person_53Years_Female_NativeHawaiianAndOtherPacificIslanderAlone","[]","[]","[]","[CensusPEPSurvey_Race2000Onwards]"
"51","2020","Count_Person_70Years_Male_BlackOrAfricanAmericanAlone","[]","[]","[]","[CensusPEPSurvey_Race2000Onwards]"
"51","2020","Count_Person_31Years_Male_WhiteAlone","[]","[]","[]","[CensusPEPSurvey_Race2000Onwards]"
"51","2020","Count_Person_0Years_HispanicOrLatino_WhiteAlone","[]","[]","[]","[CensusPEPSurvey_Race2000Onwards]"
"51","2020","Count_Person_76Years_Male_AmericanIndianAndAlaskaNativeAlone","[]","[]","[]","[CensusPEPSurvey_Race2000Onwards]"
"51","2020","Count_Person_Male_WhiteAlone","[]","[]","[]","[dcAggregate/CensusPEPSurvey_Race2000Onwards]"
"51","2020","Count_Person_37Years_BlackOrAfricanAmericanAlone","[]","[]","[]","[CensusPEPSurvey_Race2000Onwards]"
"51","2020","Count_Person_66Years_Female_NotHispanicOrLatino_BlackOrAfricanAmericanAlone","[]","[]","[]","[CensusPEPSurvey_Race2000Onwards]"
"51","2020","Count_Person_39Years_Female_HispanicOrLatino_BlackOrAfricanAmericanAlone","[]","[]","[]","[CensusPEPSurvey_Race2000Onwards]"
"51","2020","Count_Person_43Years_Female_NotHispanicOrLatino_TwoOrMoreRaces","[]","[]","[]","[CensusPEPSurvey_Race2000Onwards]"
"51","2020","Count_Person_74Years_AmericanIndianAndAlaskaNativeAlone","[]","[]","[]","[CensusPEPSurvey_Race2000Onwards]"
"51","2020","Count_Person_34Years_HispanicOrLatino_AsianAlone","[]","[]","[]","[CensusPEPSurvey_Race2000Onwards]"
"51","2020","Count_Person_6Years_Female_TwoOrMoreRaces","[]","[]","[]","[CensusPEPSurvey_Race2000Onwards]"
"51","2020","Count_Person_32Years_Female_AsianAlone","[]","[]","[]","[CensusPEPSurvey_Race2000Onwards]"
"51","2020","Count_Person_26Years_Male_NotHispanicOrLatino_TwoOrMoreRaces","[]","[]","[]","[CensusPEPSurvey_Race2000Onwards]"
"51","2020","Count_Person_34Years_Female_BlackOrAfricanAmericanAlone","[]","[]","[]","[CensusPEPSurvey_Race2000Onwards]"
"51","2020","Count_Person_81Years_Male_NotHispanicOrLatino_WhiteAlone","[]","[]","[]","[CensusPEPSurvey_Race2000Onwards]"
"51","2020","Count_Person_59Years_Female_NotHispanicOrLatino_NativeHawaiianAndOtherPacificIslanderAlone","[]","[]","[]","[CensusPEPSurvey_Race2000Onwards]"
"51","2020","Count_Person_33Years_Male_AmericanIndianAndAlaskaNativeAlone","[]","[]","[]","[CensusPEPSurvey_Race2000Onwards]"
"51","2020","Count_Person_45Years_NativeHawaiianAndOtherPacificIslanderAlone","[]","[]","[]","[CensusPEPSurvey_Race2000Onwards]"
"51","2020","Count_Person_76Years_HispanicOrLatino_BlackOrAfricanAmericanAlone","[]","[]","[]","[CensusPEPSurvey_Race2000Onwards]"
"51","2020","Count_Person_4Years_Male_HispanicOrLatino_AmericanIndianAndAlaskaNativeAlone","[]","[]","[]","[CensusPEPSurvey_Race2000Onwards]"
"51","2020","Count_Person_72Years_Male_HispanicOrLatino_BlackOrAfricanAmericanAlone","[]","[]","[]","[CensusPEPSurvey_Race2000Onwards]"
"51","2020","Count_Person_69Years_Male_HispanicOrLatino_BlackOrAfricanAmericanAlone","[]","[]","[]","[CensusPEPSurvey_Race2000Onwards]"
"51","2020","Count_Person_78Years_Male_NativeHawaiianAndOtherPacificIslanderAlone","[]","[]","[]","[CensusPEPSurvey_Race2000Onwards]"
"51","2020","Count_Person_51Years_Female_HispanicOrLatino_AmericanIndianAndAlaskaNativeAlone","[]","[]","[]","[CensusPEPSurvey_Race2000Onwards]"
"51","2020","Count_Person_18Years_Female_HispanicOrLatino_AmericanIndianAndAlaskaNativeAlone","[]","[]","[]","[CensusPEPSurvey_Race2000Onwards]"
"51","2020","Count_Person_40Years_BlackOrAfricanAmericanAlone","[]","[]","[]","[CensusPEPSurvey_Race2000Onwards]"
"51","2020","Count_Person_50Years_Female_TwoOrMoreRaces","[]","[]","[]","[CensusPEPSurvey_Race2000Onwards]"
"51","2020","Count_Person_20Years_Female_NotHispanicOrLatino_AmericanIndianAndAlaskaNativeAlone","[]","[]","[]","[CensusPEPSurvey_Race2000Onwards]"
"51","2020","Count_Person_81Years_NativeHawaiianAndOtherPacificIslanderAlone","[]","[]","[]","[CensusPEPSurvey_Race2000Onwards]"
"51","2020","Count_Person_73Years_Female_NotHispanicOrLatino_AsianAlone","[]","[]","[]","[CensusPEPSurvey_Race2000Onwards]"
"51","2020","Count_Person_25Years_Female_NotHispanicOrLatino_AmericanIndianAndAlaskaNativeAlone","[]","[]","[]","[CensusPEPSurvey_Race2000Onwards]"
"51","2020","Count_Person_50Years_BlackOrAfricanAmericanAlone","[]","[]","[]","[CensusPEPSurvey_Race2000Onwards]"
"51","2020","Count_Person_58Years_Female_NativeHawaiianAndOtherPacificIslanderAlone","[]","[]","[]","[CensusPEPSurvey_Race2000Onwards]"
"51","2020","Count_Person_58Years_Male_NotHispanicOrLatino_BlackOrAfricanAmericanAlone","[]","[]","[]","[CensusPEPSurvey_Race2000Onwards]"
"51","2020","Count_Person_17Years_NotHispanicOrLatino_AsianAlone","[]","[]","[]","[CensusPEPSurvey_Race2000Onwards]"
"51","2020","Count_Person_39Years_Male_HispanicOrLatino_NativeHawaiianAndOtherPacificIslanderAlone","[]","[]","[]","[CensusPEPSurvey_Race2000Onwards]"
"51","2020","Count_Person_7Years_Male_HispanicOrLatino_NativeHawaiianAndOtherPacificIslanderAlone","[]","[]","[]","[CensusPEPSurvey_Race2000Onwards]"
"51","2020","Count_Person_34Years_NotHispanicOrLatino_BlackOrAfricanAmericanAlone","[]","[]","[]","[CensusPEPSurvey_Race2000Onwards]"
"51","2020","Count_Person_21Years_Female_BlackOrAfricanAmericanAlone","[]","[]","[]","[CensusPEPSurvey_Race2000Onwards]"
"51","2020","Count_Person_27Years_TwoOrMoreRaces","[]","[]","[]","[CensusPEPSurvey_Race2000Onwards]"
"51","2020","Count_Person_32Years_WhiteAlone","[]","[]","[]","[CensusPEPSurvey_Race2000Onwards]"
"51","2020","Count_Person_6Years_Female_AmericanIndianAndAlaskaNativeAlone","[]","[]","[]","[CensusPEPSurvey_Race2000Onwards]"
"51","2020","Count_Person_73Years_Female_NotHispanicOrLatino_NativeHawaiianAndOtherPacificIslanderAlone","[]","[]","[]","[CensusPEPSurvey_Race2000Onwards]"
"51","2020","Count_Person_76Years_Female_HispanicOrLatino_WhiteAlone","[]","[]","[]","[CensusPEPSurvey_Race2000Onwards]"
"51","2020","Count_Person_81Years_Female_TwoOrMoreRaces","[]","[]","[]","[CensusPEPSurvey_Race2000Onwards]"
"51","2020","Count_Person_24Years_Male_NotHispanicOrLatino_WhiteAlone","[]","[]","[]","[CensusPEPSurvey_Race2000Onwards]"
"51","2020","Count_Person_52Years_Male_NotHispanicOrLatino_NativeHawaiianAndOtherPacificIslanderAlone","[]","[]","[]","[CensusPEPSurvey_Race2000Onwards]"
"51","2020","Count_Person_58Years_Male_NativeHawaiianAndOtherPacificIslanderAlone","[]","[]","[]","[CensusPEPSurvey_Race2000Onwards]"
"51","2020","Count_Person_16Years_Female_HispanicOrLatino_AsianAlone","[]","[]","[]","[CensusPEPSurvey_Race2000Onwards]"
"51","2020","Count_Person_83Years_NotHispanicOrLatino_BlackOrAfricanAmericanAlone","[]","[]","[]","[CensusPEPSurvey_Race2000Onwards]"
"51","2020","Count_Person_76Years_Female_NotHispanicOrLatino_TwoOrMoreRaces","[]","[]","[]","[CensusPEPSurvey_Race2000Onwards]"
"51","2020","Count_Person_84Years_Male_NotHispanicOrLatino_BlackOrAfricanAmericanAlone","[]","[]","[]","[CensusPEPSurvey_Race2000Onwards]"
"51","2020","Count_Person_HispanicOrLatino_NativeHawaiianAndOtherPacificIslanderAlone","[]","[]","[]","[dcAggregate/CensusPEPSurvey_Race2000Onwards]"
"51","2020","Count_Person_37Years_NativeHawaiianAndOtherPacificIslanderAlone","[]","[]","[]","[CensusPEPSurvey_Race2000Onwards]"
"51","2020","Count_Person_72Years_Male_HispanicOrLatino_WhiteAlone","[]","[]","[]","[CensusPEPSurvey_Race2000Onwards]"
"51","2020","Count_Person_30Years_Male_BlackOrAfricanAmericanAlone","[]","[]","[]","[CensusPEPSurvey_Race2000Onwards]"
"51","2020","Count_Person_13Years_HispanicOrLatino_AmericanIndianAndAlaskaNativeAlone","[]","[]","[]","[CensusPEPSurvey_Race2000Onwards]"
"51","2020","Count_Person_35Years_Female_AsianAlone","[]","[]","[]","[CensusPEPSurvey_Race2000Onwards]"
"51","2020","Count_Person_41Years_Female_HispanicOrLatino_AsianAlone","[]","[]","[]","[CensusPEPSurvey_Race2000Onwards]"
"51","2020","Count_Person_28Years_Female_NotHispanicOrLatino_WhiteAlone","[]","[]","[]","[CensusPEPSurvey_Race2000Onwards]"
"51","2020","Count_Person_9Years_Female_HispanicOrLatino_AmericanIndianAndAlaskaNativeAlone","[]","[]","[]","[CensusPEPSurvey_Race2000Onwards]"
"51","2020","Count_Person_23Years_Female_NotHispanicOrLatino_BlackOrAfricanAmericanAlone","[]","[]","[]","[CensusPEPSurvey_Race2000Onwards]"
"51","2020","Count_Person_52Years_Female_HispanicOrLatino_BlackOrAfricanAmericanAlone","[]","[]","[]","[CensusPEPSurvey_Race2000Onwards]"
"51","2020","Count_Person_59Years_HispanicOrLatino_TwoOrMoreRaces","[]","[]","[]","[CensusPEPSurvey_Race2000Onwards]"
"51","2020","Count_Person_27Years_Female_HispanicOrLatino_BlackOrAfricanAmericanAlone","[]","[]","[]","[CensusPEPSurvey_Race2000Onwards]"
"51","2020","Count_Person_79Years_Male_NotHispanicOrLatino_BlackOrAfricanAmericanAlone","[]","[]","[]","[CensusPEPSurvey_Race2000Onwards]"
"51","2020","Count_Person_85Years_NotHispanicOrLatino_TwoOrMoreRaces","[]","[]","[]","[CensusPEPSurvey_Race2000Onwards]"
"51","2020","Count_Person_64Years_Male_HispanicOrLatino_BlackOrAfricanAmericanAlone","[]","[]","[]","[CensusPEPSurvey_Race2000Onwards]"
"51","2020","Count_Person_1Years_HispanicOrLatino_WhiteAlone","[]","[]","[]","[CensusPEPSurvey_Race2000Onwards]"
"51","2020","Count_Person_71Years_NotHispanicOrLatino_NativeHawaiianAndOtherPacificIslanderAlone","[]","[]","[]","[CensusPEPSurvey_Race2000Onwards]"
"51","2020","Count_Person_60Years_Male_NotHispanicOrLatino_WhiteAlone","[]","[]","[]","[CensusPEPSurvey_Race2000Onwards]"
"51","2020","Count_Person_33Years_Male_HispanicOrLatino_WhiteAlone","[]","[]","[]","[CensusPEPSurvey_Race2000Onwards]"
"51","2020","Count_Person_NotHispanicOrLatino_AsianAlone","[]","[]","[]","[dcAggregate/CensusPEPSurvey_Race2000Onwards]"
"51","2020","Count_Person_1Years_Female_AsianAlone","[]","[]","[]","[CensusPEPSurvey_Race2000Onwards]"
"51","2020","Count_Person_27Years_Male_HispanicOrLatino_AsianAlone","[]","[]","[]","[CensusPEPSurvey_Race2000Onwards]"
"51","2020","Count_Person_32Years_Male_NotHispanicOrLatino_AsianAlone","[]","[]","[]","[CensusPEPSurvey_Race2000Onwards]"
"51","2020","Count_Person_13Years_NotHispanicOrLatino_WhiteAlone","[]","[]","[]","[CensusPEPSurvey_Race2000Onwards]"
"51","2020","Count_Person_67Years_Male_HispanicOrLatino_AsianAlone","[]","[]","[]","[CensusPEPSurvey_Race2000Onwards]"
"51","2020","Count_Person_35Years_Female_NotHispanicOrLatino_NativeHawaiianAndOtherPacificIslanderAlone","[]","[]","[]","[CensusPEPSurvey_Race2000Onwards]"
"51","2020","Count_Person_67Years_Male_NotHispanicOrLatino_NativeHawaiianAndOtherPacificIslanderAlone","[]","[]","[]","[CensusPEPSurvey_Race2000Onwards]"
"51","2020","Count_Person_14Years_Male_AsianAlone","[]","[]","[]","[CensusPEPSurvey_Race2000Onwards]"
"51","2020","Count_Person_40Years_Male_NativeHawaiianAndOtherPacificIslanderAlone","[]","[]","[]","[CensusPEPSurvey_Race2000Onwards]"
"51","2020","Count_Person_69Years_Female_NotHispanicOrLatino_AmericanIndianAndAlaskaNativeAlone","[]","[]","[]","[CensusPEPSurvey_Race2000Onwards]"
"51","2020","Count_Person_65Years_Female_NotHispanicOrLatino_NativeHawaiianAndOtherPacificIslanderAlone","[]","[]","[]","[CensusPEPSurvey_Race2000Onwards]"
"51","2020","Count_Person_27Years_Male_HispanicOrLatino_BlackOrAfricanAmericanAlone","[]","[]","[]","[CensusPEPSurvey_Race2000Onwards]"
"51","2020","Count_Person_61Years_Female_NativeHawaiianAndOtherPacificIslanderAlone","[]","[]","[]","[CensusPEPSurvey_Race2000Onwards]"
"51","2020","Count_Person_5Years_Male_AmericanIndianAndAlaskaNativeAlone","[]","[]","[]","[CensusPEPSurvey_Race2000Onwards]"
"51","2020","Count_Person_82Years_Male_AmericanIndianAndAlaskaNativeAlone","[]","[]","[]","[CensusPEPSurvey_Race2000Onwards]"
"51","2020","Count_Person_1Years_Male_HispanicOrLatino_BlackOrAfricanAmericanAlone","[]","[]","[]","[CensusPEPSurvey_Race2000Onwards]"
"51","2020","Count_Person_79Years_Male_BlackOrAfricanAmericanAlone","[]","[]","[]","[CensusPEPSurvey_Race2000Onwards]"
"51","2020","Count_Person_76Years_Female_HispanicOrLatino_AmericanIndianAndAlaskaNativeAlone","[]","[]","[]","[CensusPEPSurvey_Race2000Onwards]"
"51","2020","Count_Person_23Years_Female_HispanicOrLatino_NativeHawaiianAndOtherPacificIslanderAlone","[]","[]","[]","[CensusPEPSurvey_Race2000Onwards]"
"51","2020","Count_Person_64Years_NotHispanicOrLatino_AmericanIndianAndAlaskaNativeAlone","[]","[]","[]","[CensusPEPSurvey_Race2000Onwards]"
"51","2020","Count_Person_37Years_NotHispanicOrLatino_AmericanIndianAndAlaskaNativeAlone","[]","[]","[]","[CensusPEPSurvey_Race2000Onwards]"
"51","2020","Count_Person_71Years_Female_NotHispanicOrLatino_NativeHawaiianAndOtherPacificIslanderAlone","[]","[]","[]","[CensusPEPSurvey_Race2000Onwards]"
"51","2020","Count_Person_17Years_Male_NotHispanicOrLatino_BlackOrAfricanAmericanAlone","[]","[]","[]","[CensusPEPSurvey_Race2000Onwards]"
"51","2020","Count_Person_40Years_Female_HispanicOrLatino_WhiteAlone","[]","[]","[]","[CensusPEPSurvey_Race2000Onwards]"
"51","2020","Count_Person_45Years_HispanicOrLatino_WhiteAlone","[]","[]","[]","[CensusPEPSurvey_Race2000Onwards]"
"51","2020","Count_Person_33Years_Female_NotHispanicOrLatino_WhiteAlone","[]","[]","[]","[CensusPEPSurvey_Race2000Onwards]"
"51","2020","Count_Person_65Years_Female_AmericanIndianAndAlaskaNativeAlone","[]","[]","[]","[CensusPEPSurvey_Race2000Onwards]"
"51","2020","Count_Person_39Years_Male_BlackOrAfricanAmericanAlone","[]","[]","[]","[CensusPEPSurvey_Race2000Onwards]"
"51","2020","Count_Person_15Years_Male_NotHispanicOrLatino_BlackOrAfricanAmericanAlone","[]","[]","[]","[CensusPEPSurvey_Race2000Onwards]"
"51","2020","Count_Person_25Years_Male_NativeHawaiianAndOtherPacificIslanderAlone","[]","[]","[]","[CensusPEPSurvey_Race2000Onwards]"
"51","2020","Count_Person_80Years_HispanicOrLatino_AsianAlone","[]","[]","[]","[CensusPEPSurvey_Race2000Onwards]"
"51","2020","Count_Person_27Years_HispanicOrLatino_TwoOrMoreRaces","[]","[]","[]","[CensusPEPSurvey_Race2000Onwards]"
"51","2020","Count_Person_38Years_NotHispanicOrLatino_AmericanIndianAndAlaskaNativeAlone","[]","[]","[]","[CensusPEPSurvey_Race2000Onwards]"
"51","2020","Count_Person_72Years_Female_HispanicOrLatino_WhiteAlone","[]","[]","[]","[CensusPEPSurvey_Race2000Onwards]"
"51","2020","Count_Person_22Years_Male_HispanicOrLatino_AsianAlone","[]","[]","[]","[CensusPEPSurvey_Race2000Onwards]"
"51","2020","Count_Person_34Years_TwoOrMoreRaces","[]","[]","[]","[CensusPEPSurvey_Race2000Onwards]"
"51","2020","Count_Person_66Years_Male_HispanicOrLatino_AsianAlone","[]","[]","[]","[CensusPEPSurvey_Race2000Onwards]"
"51","2020","Count_Person_31Years_Male_NotHispanicOrLatino_WhiteAlone","[]","[]","[]","[CensusPEPSurvey_Race2000Onwards]"
"51","2020","Count_Person_64Years_Female_AmericanIndianAndAlaskaNativeAlone","[]","[]","[]","[CensusPEPSurvey_Race2000Onwards]"
"51","2020","Count_Person_17Years_Male_AmericanIndianAndAlaskaNativeAlone","[]","[]","[]","[CensusPEPSurvey_Race2000Onwards]"
"51","2020","Count_Person_19Years_Female_NotHispanicOrLatino_NativeHawaiianAndOtherPacificIslanderAlone","[]","[]","[]","[CensusPEPSurvey_Race2000Onwards]"
"51","2020","Count_Person_81Years_HispanicOrLatino_BlackOrAfricanAmericanAlone","[]","[]","[]","[CensusPEPSurvey_Race2000Onwards]"
"51","2020","Count_Person_23Years_Male_WhiteAlone","[]","[]","[]","[CensusPEPSurvey_Race2000Onwards]"
"51","2020","Count_Person_18Years_NotHispanicOrLatino_WhiteAlone","[]","[]","[]","[CensusPEPSurvey_Race2000Onwards]"
"51","2020","Count_Person_0Years_NativeHawaiianAndOtherPacificIslanderAlone","[]","[]","[]","[CensusPEPSurvey_Race2000Onwards]"
"51","2020","Count_Person_NativeHawaiianAndOtherPacificIslanderAlone","[]","[]","[]","[dcAggregate/CensusPEPSurvey_Race2000Onwards]"
"51","2020","Count_Person_84Years_Female_HispanicOrLatino_BlackOrAfricanAmericanAlone","[]","[]","[]","[CensusPEPSurvey_Race2000Onwards]"
"51","2020","Count_Person_27Years_Male_WhiteAlone","[]","[]","[]","[CensusPEPSurvey_Race2000Onwards]"
"51","2020","Count_Person_1Years_Male_WhiteAlone","[]","[]","[]","[CensusPEPSurvey_Race2000Onwards]"
"51","2020","Count_Person_42Years_HispanicOrLatino_BlackOrAfricanAmericanAlone","[]","[]","[]","[CensusPEPSurvey_Race2000Onwards]"
"51","2020","Count_Person_81Years_NotHispanicOrLatino_WhiteAlone","[]","[]","[]","[CensusPEPSurvey_Race2000Onwards]"
"51","2020","Count_Person_82Years_Female_NotHispanicOrLatino_BlackOrAfricanAmericanAlone","[]","[]","[]","[CensusPEPSurvey_Race2000Onwards]"
"51","2020","Count_Person_19Years_HispanicOrLatino_TwoOrMoreRaces","[]","[]","[]","[CensusPEPSurvey_Race2000Onwards]"
"51","2020","Count_Person_0Years_AsianAlone","[]","[]","[]","[CensusPEPSurvey_Race2000Onwards]"
"51","2020","Count_Person_69Years_AsianAlone","[]","[]","[]","[CensusPEPSurvey_Race2000Onwards]"
"51","2020","Count_Person_18Years_Female_NotHispanicOrLatino_TwoOrMoreRaces","[]","[]","[]","[CensusPEPSurvey_Race2000Onwards]"
"51","2020","Count_Person_77Years_Male_TwoOrMoreRaces","[]","[]","[]","[CensusPEPSurvey_Race2000Onwards]"
"51","2020","Count_Person_19Years_NotHispanicOrLatino_BlackOrAfricanAmericanAlone","[]","[]","[]","[CensusPEPSurvey_Race2000Onwards]"
"51","2020","Count_Person_83Years_Female_HispanicOrLatino_BlackOrAfricanAmericanAlone","[]","[]","[]","[CensusPEPSurvey_Race2000Onwards]"
"51","2020","Count_Person_23Years_Male_AmericanIndianAndAlaskaNativeAlone","[]","[]","[]","[CensusPEPSurvey_Race2000Onwards]"
"51","2020","Count_Person_36Years_BlackOrAfricanAmericanAlone","[]","[]","[]","[CensusPEPSurvey_Race2000Onwards]"
"51","2020","Count_Person_10Years_Male_AsianAlone","[]","[]","[]","[CensusPEPSurvey_Race2000Onwards]"
"51","2020","Count_Person_29Years_Female_NotHispanicOrLatino_NativeHawaiianAndOtherPacificIslanderAlone","[]","[]","[]","[CensusPEPSurvey_Race2000Onwards]"
"51","2020","Count_Person_53Years_Male_NotHispanicOrLatino_WhiteAlone","[]","[]","[]","[CensusPEPSurvey_Race2000Onwards]"
"51","2020","Count_Person_17Years_Female_NotHispanicOrLatino_TwoOrMoreRaces","[]","[]","[]","[CensusPEPSurvey_Race2000Onwards]"
"51","2020","Count_Person_35Years_HispanicOrLatino_AsianAlone","[]","[]","[]","[CensusPEPSurvey_Race2000Onwards]"
"51","2020","Count_Person_79Years_HispanicOrLatino_NativeHawaiianAndOtherPacificIslanderAlone","[]","[]","[]","[CensusPEPSurvey_Race2000Onwards]"
"51","2020","Count_Person_83Years_Female_AsianAlone","[]","[]","[]","[CensusPEPSurvey_Race2000Onwards]"
"51","2020","Count_Person_12Years_Female_NotHispanicOrLatino_BlackOrAfricanAmericanAlone","[]","[]","[]","[CensusPEPSurvey_Race2000Onwards]"
"51","2020","Count_Person_48Years_Female_NotHispanicOrLatino_WhiteAlone","[]","[]","[]","[CensusPEPSurvey_Race2000Onwards]"
"51","2020","Count_Person_71Years_Female_NotHispanicOrLatino_AmericanIndianAndAlaskaNativeAlone","[]","[]","[]","[CensusPEPSurvey_Race2000Onwards]"
"51","2020","Count_Person_37Years_NotHispanicOrLatino_AsianAlone","[]","[]","[]","[CensusPEPSurvey_Race2000Onwards]"
"51","2020","Count_Person_16Years_HispanicOrLatino_NativeHawaiianAndOtherPacificIslanderAlone","[]","[]","[]","[CensusPEPSurvey_Race2000Onwards]"
"51","2020","Count_Person_26Years_Male_HispanicOrLatino_AmericanIndianAndAlaskaNativeAlone","[]","[]","[]","[CensusPEPSurvey_Race2000Onwards]"
"51","2020","Count_Person_10Years_Female_WhiteAlone","[]","[]","[]","[CensusPEPSurvey_Race2000Onwards]"
"51","2020","Count_Person_25Years_Female_HispanicOrLatino_AmericanIndianAndAlaskaNativeAlone","[]","[]","[]","[CensusPEPSurvey_Race2000Onwards]"
"51","2020","Count_Person_72Years_AsianAlone","[]","[]","[]","[CensusPEPSurvey_Race2000Onwards]"
"51","2020","Count_Person_77Years_Male_NotHispanicOrLatino_NativeHawaiianAndOtherPacificIslanderAlone","[]","[]","[]","[CensusPEPSurvey_Race2000Onwards]"
"51","2020","Count_Person_73Years_Female_HispanicOrLatino_AsianAlone","[]","[]","[]","[CensusPEPSurvey_Race2000Onwards]"
"51","2020","Count_Person_60Years_AsianAlone","[]","[]","[]","[CensusPEPSurvey_Race2000Onwards]"
"51","2020","Count_Person_39Years_Male_NotHispanicOrLatino_WhiteAlone","[]","[]","[]","[CensusPEPSurvey_Race2000Onwards]"
"51","2020","Count_Person_37Years_Male_NotHispanicOrLatino_AmericanIndianAndAlaskaNativeAlone","[]","[]","[]","[CensusPEPSurvey_Race2000Onwards]"
"51","2020","Count_Person_1Years_Male_NotHispanicOrLatino_BlackOrAfricanAmericanAlone","[]","[]","[]","[CensusPEPSurvey_Race2000Onwards]"
"51","2020","Count_Person_16Years_Female_NativeHawaiianAndOtherPacificIslanderAlone","[]","[]","[]","[CensusPEPSurvey_Race2000Onwards]"
"51","2020","Count_Person_81Years_Female_NotHispanicOrLatino_BlackOrAfricanAmericanAlone","[]","[]","[]","[CensusPEPSurvey_Race2000Onwards]"
"51","2020","Count_Person_21Years_Female_HispanicOrLatino_NativeHawaiianAndOtherPacificIslanderAlone","[]","[]","[]","[CensusPEPSurvey_Race2000Onwards]"
"51","2020","Count_Person_49Years_Male_NativeHawaiianAndOtherPacificIslanderAlone","[]","[]","[]","[CensusPEPSurvey_Race2000Onwards]"
"51","2020","Count_Person_5Years_Female_AmericanIndianAndAlaskaNativeAlone","[]","[]","[]","[CensusPEPSurvey_Race2000Onwards]"
"51","2020","Count_Person_20Years_Male_NativeHawaiianAndOtherPacificIslanderAlone","[]","[]","[]","[CensusPEPSurvey_Race2000Onwards]"
"51","2020","Count_Person_32Years_Male_NotHispanicOrLatino_NativeHawaiianAndOtherPacificIslanderAlone","[]","[]","[]","[CensusPEPSurvey_Race2000Onwards]"
"51","2020","Count_Person_57Years_AsianAlone","[]","[]","[]","[CensusPEPSurvey_Race2000Onwards]"
"51","2020","Count_Person_8Years_Female_HispanicOrLatino_BlackOrAfricanAmericanAlone","[]","[]","[]","[CensusPEPSurvey_Race2000Onwards]"
"51","2020","Count_Person_42Years_Male_NotHispanicOrLatino_AmericanIndianAndAlaskaNativeAlone","[]","[]","[]","[CensusPEPSurvey_Race2000Onwards]"
"51","2020","Count_Person_25Years_Male_NotHispanicOrLatino_AsianAlone","[]","[]","[]","[CensusPEPSurvey_Race2000Onwards]"
"51","2020","Count_Person_44Years_Female_NativeHawaiianAndOtherPacificIslanderAlone","[]","[]","[]","[CensusPEPSurvey_Race2000Onwards]"
"51","2020","Count_Person_36Years_Male_NotHispanicOrLatino_TwoOrMoreRaces","[]","[]","[]","[CensusPEPSurvey_Race2000Onwards]"
"51","2020","Count_Person_0Years_Male_NotHispanicOrLatino_AmericanIndianAndAlaskaNativeAlone","[]","[]","[]","[CensusPEPSurvey_Race2000Onwards]"
"51","2020","Count_Person_72Years_HispanicOrLatino_NativeHawaiianAndOtherPacificIslanderAlone","[]","[]","[]","[CensusPEPSurvey_Race2000Onwards]"
"51","2020","Count_Person_5Years_Female_HispanicOrLatino_WhiteAlone","[]","[]","[]","[CensusPEPSurvey_Race2000Onwards]"
"51","2020","Count_Person_52Years_Male_NotHispanicOrLatino_WhiteAlone","[]","[]","[]","[CensusPEPSurvey_Race2000Onwards]"
"51","2020","Count_Person_2Years_Female_HispanicOrLatino_AsianAlone","[]","[]","[]","[CensusPEPSurvey_Race2000Onwards]"
"51","2020","Count_Person_80Years_NotHispanicOrLatino_AsianAlone","[]","[]","[]","[CensusPEPSurvey_Race2000Onwards]"
"51","2020","Count_Person_65Years_HispanicOrLatino_NativeHawaiianAndOtherPacificIslanderAlone","[]","[]","[]","[CensusPEPSurvey_Race2000Onwards]"
"51","2020","Count_Person_53Years_NotHispanicOrLatino_AmericanIndianAndAlaskaNativeAlone","[]","[]","[]","[CensusPEPSurvey_Race2000Onwards]"
"51","2020","Count_Person_34Years_HispanicOrLatino_AmericanIndianAndAlaskaNativeAlone","[]","[]","[]","[CensusPEPSurvey_Race2000Onwards]"
"51","2020","Count_Person_25Years_Female_HispanicOrLatino_AsianAlone","[]","[]","[]","[CensusPEPSurvey_Race2000Onwards]"
"51","2020","Count_Person_25Years_Male_NotHispanicOrLatino_NativeHawaiianAndOtherPacificIslanderAlone","[]","[]","[]","[CensusPEPSurvey_Race2000Onwards]"
"51","2020","Count_Person_61Years_Female_HispanicOrLatino_TwoOrMoreRaces","[]","[]","[]","[CensusPEPSurvey_Race2000Onwards]"
"51","2020","Count_Person_68Years_NotHispanicOrLatino_BlackOrAfricanAmericanAlone","[]","[]","[]","[CensusPEPSurvey_Race2000Onwards]"
"51","2020","Count_Person_41Years_BlackOrAfricanAmericanAlone","[]","[]","[]","[CensusPEPSurvey_Race2000Onwards]"
"51","2020","Count_Person_42Years_Male_NotHispanicOrLatino_TwoOrMoreRaces","[]","[]","[]","[CensusPEPSurvey_Race2000Onwards]"
"51","2020","Count_Person_23Years_Male_NotHispanicOrLatino_AmericanIndianAndAlaskaNativeAlone","[]","[]","[]","[CensusPEPSurvey_Race2000Onwards]"
"51","2020","Count_Person_5Years_Male_NotHispanicOrLatino_NativeHawaiianAndOtherPacificIslanderAlone","[]","[]","[]","[CensusPEPSurvey_Race2000Onwards]"
"51","2020","Count_Person_74Years_TwoOrMoreRaces","[]","[]","[]","[CensusPEPSurvey_Race2000Onwards]"
"51","2020","Count_Person_36Years_Male_HispanicOrLatino_NativeHawaiianAndOtherPacificIslanderAlone","[]","[]","[]","[CensusPEPSurvey_Race2000Onwards]"
"51","2020","Count_Person_13Years_WhiteAlone","[]","[]","[]","[CensusPEPSurvey_Race2000Onwards]"
"51","2020","Count_Person_81Years_Female_NotHispanicOrLatino_NativeHawaiianAndOtherPacificIslanderAlone","[]","[]","[]","[CensusPEPSurvey_Race2000Onwards]"
"51","2020","Count_Person_44Years_Male_HispanicOrLatino_TwoOrMoreRaces","[]","[]","[]","[CensusPEPSurvey_Race2000Onwards]"
"51","2020","Count_Person_79Years_Male_HispanicOrLatino_NativeHawaiianAndOtherPacificIslanderAlone","[]","[]","[]","[CensusPEPSurvey_Race2000Onwards]"
"51","2020","Count_Person_45Years_Female_HispanicOrLatino_NativeHawaiianAndOtherPacificIslanderAlone","[]","[]","[]","[CensusPEPSurvey_Race2000Onwards]"
"51","2020","Count_Person_33Years_NotHispanicOrLatino_AsianAlone","[]","[]","[]","[CensusPEPSurvey_Race2000Onwards]"
"51","2020","Count_Person_34Years_NotHispanicOrLatino_WhiteAlone","[]","[]","[]","[CensusPEPSurvey_Race2000Onwards]"
"51","2020","Count_Person_47Years_Female_HispanicOrLatino_NativeHawaiianAndOtherPacificIslanderAlone","[]","[]","[]","[CensusPEPSurvey_Race2000Onwards]"
"51","2020","Count_Person_13Years_Female_WhiteAlone","[]","[]","[]","[CensusPEPSurvey_Race2000Onwards]"
"51","2020","Count_Person_53Years_NotHispanicOrLatino_AsianAlone","[]","[]","[]","[CensusPEPSurvey_Race2000Onwards]"
"51","2020","Count_Person_14Years_NotHispanicOrLatino_BlackOrAfricanAmericanAlone","[]","[]","[]","[CensusPEPSurvey_Race2000Onwards]"
"51","2020","Count_Person_41Years_Male_HispanicOrLatino_TwoOrMoreRaces","[]","[]","[]","[CensusPEPSurvey_Race2000Onwards]"
"51","2020","Count_Person_30Years_Male_HispanicOrLatino_TwoOrMoreRaces","[]","[]","[]","[CensusPEPSurvey_Race2000Onwards]"
"51","2020","Count_Person_17Years_HispanicOrLatino_TwoOrMoreRaces","[]","[]","[]","[CensusPEPSurvey_Race2000Onwards]"
"51","2020","Count_Person_78Years_Female_NativeHawaiianAndOtherPacificIslanderAlone","[]","[]","[]","[CensusPEPSurvey_Race2000Onwards]"
"51","2020","Count_Person_63Years_NotHispanicOrLatino_BlackOrAfricanAmericanAlone","[]","[]","[]","[CensusPEPSurvey_Race2000Onwards]"
"51","2020","Count_Person_78Years_AmericanIndianAndAlaskaNativeAlone","[]","[]","[]","[CensusPEPSurvey_Race2000Onwards]"
"51","2020","Count_Person_33Years_Male_HispanicOrLatino_TwoOrMoreRaces","[]","[]","[]","[CensusPEPSurvey_Race2000Onwards]"
"51","2020","Count_Person_38Years_Female_AsianAlone","[]","[]","[]","[CensusPEPSurvey_Race2000Onwards]"
"51","2020","Count_Person_23Years_Male_HispanicOrLatino_AsianAlone","[]","[]","[]","[CensusPEPSurvey_Race2000Onwards]"
"51","2020","Count_Person_63Years_Female_HispanicOrLatino_WhiteAlone","[]","[]","[]","[CensusPEPSurvey_Race2000Onwards]"
"51","2020","Count_Person_82Years_Male_NotHispanicOrLatino_WhiteAlone","[]","[]","[]","[CensusPEPSurvey_Race2000Onwards]"
"51","2020","Count_Person_63Years_Female_NotHispanicOrLatino_NativeHawaiianAndOtherPacificIslanderAlone","[]","[]","[]","[CensusPEPSurvey_Race2000Onwards]"
"51","2020","Count_Person_70Years_Male_HispanicOrLatino_AmericanIndianAndAlaskaNativeAlone","[]","[]","[]","[CensusPEPSurvey_Race2000Onwards]"
"51","2020","Count_Person_37Years_NotHispanicOrLatino_NativeHawaiianAndOtherPacificIslanderAlone","[]","[]","[]","[CensusPEPSurvey_Race2000Onwards]"
"51","2020","Count_Person_32Years_NotHispanicOrLatino_NativeHawaiianAndOtherPacificIslanderAlone","[]","[]","[]","[CensusPEPSurvey_Race2000Onwards]"
"51","2020","Count_Person_85Years_Male_NotHispanicOrLatino_TwoOrMoreRaces","[]","[]","[]","[CensusPEPSurvey_Race2000Onwards]"
"51","2020","Count_Person_10Years_NotHispanicOrLatino_AmericanIndianAndAlaskaNativeAlone","[]","[]","[]","[CensusPEPSurvey_Race2000Onwards]"
"51","2020","Count_Person_28Years_Female_HispanicOrLatino_WhiteAlone","[]","[]","[]","[CensusPEPSurvey_Race2000Onwards]"
"51","2020","Count_Person_7Years_Male_NotHispanicOrLatino_AmericanIndianAndAlaskaNativeAlone","[]","[]","[]","[CensusPEPSurvey_Race2000Onwards]"
"51","2020","Count_Person_30Years_Female_BlackOrAfricanAmericanAlone","[]","[]","[]","[CensusPEPSurvey_Race2000Onwards]"
"51","2020","Count_Person_54Years_Male_NotHispanicOrLatino_AsianAlone","[]","[]","[]","[CensusPEPSurvey_Race2000Onwards]"
"51","2020","Count_Person_27Years_Male_AmericanIndianAndAlaskaNativeAlone","[]","[]","[]","[CensusPEPSurvey_Race2000Onwards]"
"51","2020","Count_Person_81Years_Male_HispanicOrLatino_BlackOrAfricanAmericanAlone","[]","[]","[]","[CensusPEPSurvey_Race2000Onwards]"
"51","2020","Count_Person_84Years_Female_HispanicOrLatino_NativeHawaiianAndOtherPacificIslanderAlone","[]","[]","[]","[CensusPEPSurvey_Race2000Onwards]"
"51","2020","Count_Person_5Years_Male_TwoOrMoreRaces","[]","[]","[]","[CensusPEPSurvey_Race2000Onwards]"
"51","2020","Count_Person_72Years_TwoOrMoreRaces","[]","[]","[]","[CensusPEPSurvey_Race2000Onwards]"
"51","2020","Count_Person_79Years_HispanicOrLatino_AsianAlone","[]","[]","[]","[CensusPEPSurvey_Race2000Onwards]"
"51","2020","Count_Person_32Years_Male_NotHispanicOrLatino_TwoOrMoreRaces","[]","[]","[]","[CensusPEPSurvey_Race2000Onwards]"
"51","2020","Count_Person_63Years_Male_HispanicOrLatino_AsianAlone","[]","[]","[]","[CensusPEPSurvey_Race2000Onwards]"
"51","2020","Count_Person_66Years_Female_NotHispanicOrLatino_WhiteAlone","[]","[]","[]","[CensusPEPSurvey_Race2000Onwards]"
"51","2020","Count_Person_49Years_HispanicOrLatino_TwoOrMoreRaces","[]","[]","[]","[CensusPEPSurvey_Race2000Onwards]"
"51","2020","Count_Person_76Years_HispanicOrLatino_AsianAlone","[]","[]","[]","[CensusPEPSurvey_Race2000Onwards]"
"51","2020","Count_Person_80Years_Female_AsianAlone","[]","[]","[]","[CensusPEPSurvey_Race2000Onwards]"
"51","2020","Count_Person_0Years_Male_NotHispanicOrLatino_NativeHawaiianAndOtherPacificIslanderAlone","[]","[]","[]","[CensusPEPSurvey_Race2000Onwards]"
"51","2020","Count_Person_42Years_HispanicOrLatino_WhiteAlone","[]","[]","[]","[CensusPEPSurvey_Race2000Onwards]"
"51","2020","Count_Person_22Years_Female_NotHispanicOrLatino_AsianAlone","[]","[]","[]","[CensusPEPSurvey_Race2000Onwards]"
"51","2020","Count_Person_10Years_Female_NotHispanicOrLatino_AmericanIndianAndAlaskaNativeAlone","[]","[]","[]","[CensusPEPSurvey_Race2000Onwards]"
"51","2020","Count_Person_71Years_Male_BlackOrAfricanAmericanAlone","[]","[]","[]","[CensusPEPSurvey_Race2000Onwards]"
"51","2020","Count_Person_51Years_Female_NotHispanicOrLatino_TwoOrMoreRaces","[]","[]","[]","[CensusPEPSurvey_Race2000Onwards]"
"51","2020","Count_Person_38Years_HispanicOrLatino_BlackOrAfricanAmericanAlone","[]","[]","[]","[CensusPEPSurvey_Race2000Onwards]"
"51","2020","Count_Person_34Years_Female_NotHispanicOrLatino_BlackOrAfricanAmericanAlone","[]","[]","[]","[CensusPEPSurvey_Race2000Onwards]"
"51","2020","Count_Person_16Years_Male_HispanicOrLatino_TwoOrMoreRaces","[]","[]","[]","[CensusPEPSurvey_Race2000Onwards]"
"51","2020","Count_Person_16Years_Male_WhiteAlone","[]","[]","[]","[CensusPEPSurvey_Race2000Onwards]"
"51","2020","Count_Person_19Years_Female_HispanicOrLatino_NativeHawaiianAndOtherPacificIslanderAlone","[]","[]","[]","[CensusPEPSurvey_Race2000Onwards]"
"51","2020","Count_Person_83Years_HispanicOrLatino_AsianAlone","[]","[]","[]","[CensusPEPSurvey_Race2000Onwards]"
"51","2020","Count_Person_35Years_NotHispanicOrLatino_NativeHawaiianAndOtherPacificIslanderAlone","[]","[]","[]","[CensusPEPSurvey_Race2000Onwards]"
"51","2020","Count_Person_23Years_NativeHawaiianAndOtherPacificIslanderAlone","[]","[]","[]","[CensusPEPSurvey_Race2000Onwards]"
"51","2020","Count_Person_21Years_Female_HispanicOrLatino_TwoOrMoreRaces","[]","[]","[]","[CensusPEPSurvey_Race2000Onwards]"
"51","2020","Count_Person_27Years_Male_HispanicOrLatino_TwoOrMoreRaces","[]","[]","[]","[CensusPEPSurvey_Race2000Onwards]"
"51","2020","Count_Person_30Years_Female_TwoOrMoreRaces","[]","[]","[]","[CensusPEPSurvey_Race2000Onwards]"
"51","2020","Count_Person_77Years_HispanicOrLatino_BlackOrAfricanAmericanAlone","[]","[]","[]","[CensusPEPSurvey_Race2000Onwards]"
"51","2020","Count_Person_54Years_NativeHawaiianAndOtherPacificIslanderAlone","[]","[]","[]","[CensusPEPSurvey_Race2000Onwards]"
"51","2020","Count_Person_26Years_Male_HispanicOrLatino_AsianAlone","[]","[]","[]","[CensusPEPSurvey_Race2000Onwards]"
"51","2020","Count_Person_34Years_Female_HispanicOrLatino_TwoOrMoreRaces","[]","[]","[]","[CensusPEPSurvey_Race2000Onwards]"
"51","2020","Count_Person_39Years_Female_AmericanIndianAndAlaskaNativeAlone","[]","[]","[]","[CensusPEPSurvey_Race2000Onwards]"
"51","2020","Count_Person_17Years_Male_WhiteAlone","[]","[]","[]","[CensusPEPSurvey_Race2000Onwards]"
"51","2020","Count_Person_75Years_Female_NotHispanicOrLatino_NativeHawaiianAndOtherPacificIslanderAlone","[]","[]","[]","[CensusPEPSurvey_Race2000Onwards]"
"51","2020","Count_Person_80Years_Male_HispanicOrLatino_TwoOrMoreRaces","[]","[]","[]","[CensusPEPSurvey_Race2000Onwards]"
"51","2020","Count_Person_12Years_Female_HispanicOrLatino_AsianAlone","[]","[]","[]","[CensusPEPSurvey_Race2000Onwards]"
"51","2020","Count_Person_9Years_Male_HispanicOrLatino_BlackOrAfricanAmericanAlone","[]","[]","[]","[CensusPEPSurvey_Race2000Onwards]"
"51","2020","Count_Person_12Years_Female_AsianAlone","[]","[]","[]","[CensusPEPSurvey_Race2000Onwards]"
"51","2020","Count_Person_36Years_Male_BlackOrAfricanAmericanAlone","[]","[]","[]","[CensusPEPSurvey_Race2000Onwards]"
"51","2020","Count_Person_56Years_HispanicOrLatino_AmericanIndianAndAlaskaNativeAlone","[]","[]","[]","[CensusPEPSurvey_Race2000Onwards]"
"51","2020","Count_Person_66Years_Male_HispanicOrLatino_TwoOrMoreRaces","[]","[]","[]","[CensusPEPSurvey_Race2000Onwards]"
"51","2020","Count_Person_1Years_Female_HispanicOrLatino_BlackOrAfricanAmericanAlone","[]","[]","[]","[CensusPEPSurvey_Race2000Onwards]"
"51","2020","Count_Person_66Years_HispanicOrLatino_AmericanIndianAndAlaskaNativeAlone","[]","[]","[]","[CensusPEPSurvey_Race2000Onwards]"
"51","2020","Count_Person_78Years_Male_HispanicOrLatino_WhiteAlone","[]","[]","[]","[CensusPEPSurvey_Race2000Onwards]"
"51","2020","Count_Person_41Years_Female_HispanicOrLatino_BlackOrAfricanAmericanAlone","[]","[]","[]","[CensusPEPSurvey_Race2000Onwards]"
"51","2020","Count_Person_61Years_Female_NotHispanicOrLatino_WhiteAlone","[]","[]","[]","[CensusPEPSurvey_Race2000Onwards]"
"51","2020","Count_Person_84Years_Male_NotHispanicOrLatino_NativeHawaiianAndOtherPacificIslanderAlone","[]","[]","[]","[CensusPEPSurvey_Race2000Onwards]"
"51","2020","Count_Person_49Years_Female_NotHispanicOrLatino_NativeHawaiianAndOtherPacificIslanderAlone","[]","[]","[]","[CensusPEPSurvey_Race2000Onwards]"
"51","2020","Count_Person_6Years_Male_HispanicOrLatino_TwoOrMoreRaces","[]","[]","[]","[CensusPEPSurvey_Race2000Onwards]"
"51","2020","Count_Person_35Years_TwoOrMoreRaces","[]","[]","[]","[CensusPEPSurvey_Race2000Onwards]"
"51","2020","Count_Person_72Years_NativeHawaiianAndOtherPacificIslanderAlone","[]","[]","[]","[CensusPEPSurvey_Race2000Onwards]"
"51","2020","Count_Person_34Years_Male_HispanicOrLatino_WhiteAlone","[]","[]","[]","[CensusPEPSurvey_Race2000Onwards]"
"51","2020","Count_Person_18Years_Male_WhiteAlone","[]","[]","[]","[CensusPEPSurvey_Race2000Onwards]"
"51","2020","Count_Person_46Years_Female_HispanicOrLatino_TwoOrMoreRaces","[]","[]","[]","[CensusPEPSurvey_Race2000Onwards]"
"51","2020","Count_Person_37Years_Male_NotHispanicOrLatino_BlackOrAfricanAmericanAlone","[]","[]","[]","[CensusPEPSurvey_Race2000Onwards]"
"51","2020","Count_Person_75Years_Male_NotHispanicOrLatino_WhiteAlone","[]","[]","[]","[CensusPEPSurvey_Race2000Onwards]"
"51","2020","Count_Person_81Years_NotHispanicOrLatino_TwoOrMoreRaces","[]","[]","[]","[CensusPEPSurvey_Race2000Onwards]"
"51","2020","Count_Person_72Years_Female_WhiteAlone","[]","[]","[]","[CensusPEPSurvey_Race2000Onwards]"
"51","2020","Count_Person_11Years_Female_BlackOrAfricanAmericanAlone","[]","[]","[]","[CensusPEPSurvey_Race2000Onwards]"
"51","2020","Count_Person_69Years_Female_AsianAlone","[]","[]","[]","[CensusPEPSurvey_Race2000Onwards]"
"51","2020","Count_Person_33Years_NotHispanicOrLatino_TwoOrMoreRaces","[]","[]","[]","[CensusPEPSurvey_Race2000Onwards]"
"51","2020","Count_Person_70Years_Male_NotHispanicOrLatino_AmericanIndianAndAlaskaNativeAlone","[]","[]","[]","[CensusPEPSurvey_Race2000Onwards]"
"51","2020","Count_Person_NotHispanicOrLatino_BlackOrAfricanAmericanAlone","[]","[]","[]","[dcAggregate/CensusPEPSurvey_Race2000Onwards]"
"51","2020","Count_Person_32Years_Female_HispanicOrLatino_AmericanIndianAndAlaskaNativeAlone","[]","[]","[]","[CensusPEPSurvey_Race2000Onwards]"
"51","2020","Count_Person_24Years_AsianAlone","[]","[]","[]","[CensusPEPSurvey_Race2000Onwards]"
"51","2020","Count_Person_25Years_TwoOrMoreRaces","[]","[]","[]","[CensusPEPSurvey_Race2000Onwards]"
"51","2020","Count_Person_63Years_Male_NotHispanicOrLatino_BlackOrAfricanAmericanAlone","[]","[]","[]","[CensusPEPSurvey_Race2000Onwards]"
"51","2020","Count_Person_82Years_Female_AmericanIndianAndAlaskaNativeAlone","[]","[]","[]","[CensusPEPSurvey_Race2000Onwards]"
"51","2020","Count_Person_53Years_Female_HispanicOrLatino_WhiteAlone","[]","[]","[]","[CensusPEPSurvey_Race2000Onwards]"
"51","2020","Count_Person_27Years_NotHispanicOrLatino_AmericanIndianAndAlaskaNativeAlone","[]","[]","[]","[CensusPEPSurvey_Race2000Onwards]"
"51","2020","Count_Person_28Years_NativeHawaiianAndOtherPacificIslanderAlone","[]","[]","[]","[CensusPEPSurvey_Race2000Onwards]"
"51","2020","Count_Person_39Years_Female_NotHispanicOrLatino_AmericanIndianAndAlaskaNativeAlone","[]","[]","[]","[CensusPEPSurvey_Race2000Onwards]"
"51","2020","Count_Person_19Years_Male_WhiteAlone","[]","[]","[]","[CensusPEPSurvey_Race2000Onwards]"
"51","2020","Count_Person_22Years_AmericanIndianAndAlaskaNativeAlone","[]","[]","[]","[CensusPEPSurvey_Race2000Onwards]"
"51","2020","Count_Person_73Years_Female_HispanicOrLatino_NativeHawaiianAndOtherPacificIslanderAlone","[]","[]","[]","[CensusPEPSurvey_Race2000Onwards]"
"51","2020","Count_Person_84Years_Female_NotHispanicOrLatino_TwoOrMoreRaces","[]","[]","[]","[CensusPEPSurvey_Race2000Onwards]"
"51","2020","Count_Person_77Years_Female_NotHispanicOrLatino_BlackOrAfricanAmericanAlone","[]","[]","[]","[CensusPEPSurvey_Race2000Onwards]"
"51","2020","Count_Person_38Years_Female_HispanicOrLatino_WhiteAlone","[]","[]","[]","[CensusPEPSurvey_Race2000Onwards]"
"51","2020","Count_Person_42Years_NotHispanicOrLatino_AmericanIndianAndAlaskaNativeAlone","[]","[]","[]","[CensusPEPSurvey_Race2000Onwards]"
"51","2020","Count_Person_71Years_Male_HispanicOrLatino_WhiteAlone","[]","[]","[]","[CensusPEPSurvey_Race2000Onwards]"
"51","2020","Count_Person_11Years_Female_TwoOrMoreRaces","[]","[]","[]","[CensusPEPSurvey_Race2000Onwards]"
"51","2020","Count_Person_39Years_HispanicOrLatino_WhiteAlone","[]","[]","[]","[CensusPEPSurvey_Race2000Onwards]"
"51","2020","Count_Person_54Years_Male_NativeHawaiianAndOtherPacificIslanderAlone","[]","[]","[]","[CensusPEPSurvey_Race2000Onwards]"
"51","2020","Count_Person_59Years_NativeHawaiianAndOtherPacificIslanderAlone","[]","[]","[]","[CensusPEPSurvey_Race2000Onwards]"
"51","2020","Count_Person_73Years_Male_BlackOrAfricanAmericanAlone","[]","[]","[]","[CensusPEPSurvey_Race2000Onwards]"
"51","2020","Count_Person_84Years_WhiteAlone","[]","[]","[]","[CensusPEPSurvey_Race2000Onwards]"
"51","2020","Count_Person_55Years_Male_HispanicOrLatino_TwoOrMoreRaces","[]","[]","[]","[CensusPEPSurvey_Race2000Onwards]"
"51","2020","Count_Person_77Years_Male_NotHispanicOrLatino_AsianAlone","[]","[]","[]","[CensusPEPSurvey_Race2000Onwards]"
"51","2020","Count_Person_48Years_NotHispanicOrLatino_BlackOrAfricanAmericanAlone","[]","[]","[]","[CensusPEPSurvey_Race2000Onwards]"
"51","2020","Count_Person_53Years_Male_HispanicOrLatino_AmericanIndianAndAlaskaNativeAlone","[]","[]","[]","[CensusPEPSurvey_Race2000Onwards]"
"51","2020","Count_Person_85Years_Female_HispanicOrLatino_TwoOrMoreRaces","[]","[]","[]","[CensusPEPSurvey_Race2000Onwards]"
"51","2020","Count_Person_55Years_Female_NotHispanicOrLatino_AmericanIndianAndAlaskaNativeAlone","[]","[]","[]","[CensusPEPSurvey_Race2000Onwards]"
"51","2020","Count_Person_69Years_HispanicOrLatino_TwoOrMoreRaces","[]","[]","[]","[CensusPEPSurvey_Race2000Onwards]"
"51","2020","Count_Person_23Years_HispanicOrLatino_NativeHawaiianAndOtherPacificIslanderAlone","[]","[]","[]","[CensusPEPSurvey_Race2000Onwards]"
"51","2020","Count_Person_9Years_Female_BlackOrAfricanAmericanAlone","[]","[]","[]","[CensusPEPSurvey_Race2000Onwards]"
"51","2020","Count_Person_53Years_Male_NotHispanicOrLatino_TwoOrMoreRaces","[]","[]","[]","[CensusPEPSurvey_Race2000Onwards]"
"51","2020","Count_Person_84Years_NotHispanicOrLatino_NativeHawaiianAndOtherPacificIslanderAlone","[]","[]","[]","[CensusPEPSurvey_Race2000Onwards]"
"51","2020","Count_Person_50Years_NotHispanicOrLatino_WhiteAlone","[]","[]","[]","[CensusPEPSurvey_Race2000Onwards]"
"51","2020","Count_Person_10Years_Female_HispanicOrLatino_NativeHawaiianAndOtherPacificIslanderAlone","[]","[]","[]","[CensusPEPSurvey_Race2000Onwards]"
"51","2020","Count_Person_69Years_Female_NotHispanicOrLatino_NativeHawaiianAndOtherPacificIslanderAlone","[]","[]","[]","[CensusPEPSurvey_Race2000Onwards]"
"51","2020","Count_Person_59Years_Male_AmericanIndianAndAlaskaNativeAlone","[]","[]","[]","[CensusPEPSurvey_Race2000Onwards]"
"51","2020","Count_Person_78Years_HispanicOrLatino_TwoOrMoreRaces","[]","[]","[]","[CensusPEPSurvey_Race2000Onwards]"
"51","2020","Count_Person_58Years_NotHispanicOrLatino_BlackOrAfricanAmericanAlone","[]","[]","[]","[CensusPEPSurvey_Race2000Onwards]"
"51","2020","Count_Person_19Years_Female_NotHispanicOrLatino_BlackOrAfricanAmericanAlone","[]","[]","[]","[CensusPEPSurvey_Race2000Onwards]"
"51","2020","Count_Person_62Years_Male_NotHispanicOrLatino_BlackOrAfricanAmericanAlone","[]","[]","[]","[CensusPEPSurvey_Race2000Onwards]"
"51","2020","Count_Person_47Years_Female_WhiteAlone","[]","[]","[]","[CensusPEPSurvey_Race2000Onwards]"
"51","2020","Count_Person_38Years_Female_HispanicOrLatino_BlackOrAfricanAmericanAlone","[]","[]","[]","[CensusPEPSurvey_Race2000Onwards]"
"51","2020","Count_Person_28Years_Female_HispanicOrLatino_BlackOrAfricanAmericanAlone","[]","[]","[]","[CensusPEPSurvey_Race2000Onwards]"
"51","2020","Count_Person_19Years_Female_NotHispanicOrLatino_AmericanIndianAndAlaskaNativeAlone","[]","[]","[]","[CensusPEPSurvey_Race2000Onwards]"
"51","2020","Count_Person_2Years_Female_TwoOrMoreRaces","[]","[]","[]","[CensusPEPSurvey_Race2000Onwards]"
"51","2020","Count_Person_28Years_Male_HispanicOrLatino_AsianAlone","[]","[]","[]","[CensusPEPSurvey_Race2000Onwards]"
"51","2020","Count_Person_32Years_Male_HispanicOrLatino_WhiteAlone","[]","[]","[]","[CensusPEPSurvey_Race2000Onwards]"
"51","2020","Count_Person_68Years_Male_HispanicOrLatino_AsianAlone","[]","[]","[]","[CensusPEPSurvey_Race2000Onwards]"
"51","2020","Count_Person_12Years_Male_AmericanIndianAndAlaskaNativeAlone","[]","[]","[]","[CensusPEPSurvey_Race2000Onwards]"
"51","2020","Count_Person_0Years_HispanicOrLatino_NativeHawaiianAndOtherPacificIslanderAlone","[]","[]","[]","[CensusPEPSurvey_Race2000Onwards]"
"51","2020","Count_Person_30Years_Female_NotHispanicOrLatino_AmericanIndianAndAlaskaNativeAlone","[]","[]","[]","[CensusPEPSurvey_Race2000Onwards]"
"51","2020","Count_Person_47Years_Female_HispanicOrLatino_TwoOrMoreRaces","[]","[]","[]","[CensusPEPSurvey_Race2000Onwards]"
"51","2020","Count_Person_47Years_Male_NotHispanicOrLatino_TwoOrMoreRaces","[]","[]","[]","[CensusPEPSurvey_Race2000Onwards]"
"51","2020","Count_Person_16Years_Male_HispanicOrLatino_AmericanIndianAndAlaskaNativeAlone","[]","[]","[]","[CensusPEPSurvey_Race2000Onwards]"
"51","2020","Count_Person_32Years_Female_AmericanIndianAndAlaskaNativeAlone","[]","[]","[]","[CensusPEPSurvey_Race2000Onwards]"
"51","2020","Count_Person_38Years_Male_BlackOrAfricanAmericanAlone","[]","[]","[]","[CensusPEPSurvey_Race2000Onwards]"
"51","2020","Count_Person_36Years_HispanicOrLatino_BlackOrAfricanAmericanAlone","[]","[]","[]","[CensusPEPSurvey_Race2000Onwards]"
"51","2020","Count_Person_38Years_NotHispanicOrLatino_WhiteAlone","[]","[]","[]","[CensusPEPSurvey_Race2000Onwards]"
"51","2020","Count_Person_26Years_TwoOrMoreRaces","[]","[]","[]","[CensusPEPSurvey_Race2000Onwards]"
"51","2020","Count_Person_48Years_NotHispanicOrLatino_AmericanIndianAndAlaskaNativeAlone","[]","[]","[]","[CensusPEPSurvey_Race2000Onwards]"
"51","2020","Count_Person_28Years_NotHispanicOrLatino_WhiteAlone","[]","[]","[]","[CensusPEPSurvey_Race2000Onwards]"
"51","2020","Count_Person_64Years_Female_NativeHawaiianAndOtherPacificIslanderAlone","[]","[]","[]","[CensusPEPSurvey_Race2000Onwards]"
"51","2020","Count_Person_78Years_Male_BlackOrAfricanAmericanAlone","[]","[]","[]","[CensusPEPSurvey_Race2000Onwards]"
"51","2020","Count_Person_2Years_NotHispanicOrLatino_WhiteAlone","[]","[]","[]","[CensusPEPSurvey_Race2000Onwards]"
"51","2020","Count_Person_Male_NotHispanicOrLatino_AmericanIndianAndAlaskaNativeAlone","[]","[]","[]","[dcAggregate/CensusPEPSurvey_Race2000Onwards]"
"51","2020","Count_Person_33Years_NotHispanicOrLatino_NativeHawaiianAndOtherPacificIslanderAlone","[]","[]","[]","[CensusPEPSurvey_Race2000Onwards]"
"51","2020","Count_Person_70Years_AmericanIndianAndAlaskaNativeAlone","[]","[]","[]","[CensusPEPSurvey_Race2000Onwards]"
"51","2020","Count_Person_65Years_Male_AmericanIndianAndAlaskaNativeAlone","[]","[]","[]","[CensusPEPSurvey_Race2000Onwards]"
"51","2020","Count_Person_26Years_Male_NotHispanicOrLatino_AsianAlone","[]","[]","[]","[CensusPEPSurvey_Race2000Onwards]"
"51","2020","Count_Person_16Years_Male_NotHispanicOrLatino_AmericanIndianAndAlaskaNativeAlone","[]","[]","[]","[CensusPEPSurvey_Race2000Onwards]"
"51","2020","Count_Person_64Years_Male_NativeHawaiianAndOtherPacificIslanderAlone","[]","[]","[]","[CensusPEPSurvey_Race2000Onwards]"
"51","2020","Count_Person_79Years_Female_NotHispanicOrLatino_WhiteAlone","[]","[]","[]","[CensusPEPSurvey_Race2000Onwards]"
"51","2020","Count_Person_12Years_NotHispanicOrLatino_AsianAlone","[]","[]","[]","[CensusPEPSurvey_Race2000Onwards]"
"51","2020","Count_Person_56Years_Male_NotHispanicOrLatino_AmericanIndianAndAlaskaNativeAlone","[]","[]","[]","[CensusPEPSurvey_Race2000Onwards]"
"51","2020","Count_Person_17Years_Female_NotHispanicOrLatino_AsianAlone","[]","[]","[]","[CensusPEPSurvey_Race2000Onwards]"
"51","2020","Count_Person_60Years_Female_HispanicOrLatino_TwoOrMoreRaces","[]","[]","[]","[CensusPEPSurvey_Race2000Onwards]"
"51","2020","Count_Person_41Years_Male_NotHispanicOrLatino_BlackOrAfricanAmericanAlone","[]","[]","[]","[CensusPEPSurvey_Race2000Onwards]"
"51","2020","Count_Person_39Years_BlackOrAfricanAmericanAlone","[]","[]","[]","[CensusPEPSurvey_Race2000Onwards]"
"51","2020","Count_Person_59Years_Female_NotHispanicOrLatino_TwoOrMoreRaces","[]","[]","[]","[CensusPEPSurvey_Race2000Onwards]"
"51","2020","Count_Person_15Years_Female_AsianAlone","[]","[]","[]","[CensusPEPSurvey_Race2000Onwards]"
"51","2020","Count_Person_45Years_Male_HispanicOrLatino_NativeHawaiianAndOtherPacificIslanderAlone","[]","[]","[]","[CensusPEPSurvey_Race2000Onwards]"
"51","2020","Count_Person_72Years_Male_HispanicOrLatino_NativeHawaiianAndOtherPacificIslanderAlone","[]","[]","[]","[CensusPEPSurvey_Race2000Onwards]"
"51","2020","Count_Person_71Years_Female_NotHispanicOrLatino_WhiteAlone","[]","[]","[]","[CensusPEPSurvey_Race2000Onwards]"
"51","2020","Count_Person_5Years_Female_NotHispanicOrLatino_WhiteAlone","[]","[]","[]","[CensusPEPSurvey_Race2000Onwards]"
"51","2020","Count_Person_77Years_Male_HispanicOrLatino_TwoOrMoreRaces","[]","[]","[]","[CensusPEPSurvey_Race2000Onwards]"
"51","2020","Count_Person_32Years_HispanicOrLatino_AsianAlone","[]","[]","[]","[CensusPEPSurvey_Race2000Onwards]"
"51","2020","Count_Person_80Years_HispanicOrLatino_AmericanIndianAndAlaskaNativeAlone","[]","[]","[]","[CensusPEPSurvey_Race2000Onwards]"
"51","2020","Count_Person_30Years_Male_HispanicOrLatino_BlackOrAfricanAmericanAlone","[]","[]","[]","[CensusPEPSurvey_Race2000Onwards]"
"51","2020","Count_Person_38Years_Female_BlackOrAfricanAmericanAlone","[]","[]","[]","[CensusPEPSurvey_Race2000Onwards]"
"51","2020","Count_Person_84Years_Male_NotHispanicOrLatino_AmericanIndianAndAlaskaNativeAlone","[]","[]","[]","[CensusPEPSurvey_Race2000Onwards]"
"51","2020","Count_Person_45Years_TwoOrMoreRaces","[]","[]","[]","[CensusPEPSurvey_Race2000Onwards]"
"51","2020","Count_Person_42Years_BlackOrAfricanAmericanAlone","[]","[]","[]","[CensusPEPSurvey_Race2000Onwards]"
"51","2020","Count_Person_64Years_TwoOrMoreRaces","[]","[]","[]","[CensusPEPSurvey_Race2000Onwards]"
"51","2020","Count_Person_51Years_HispanicOrLatino_NativeHawaiianAndOtherPacificIslanderAlone","[]","[]","[]","[CensusPEPSurvey_Race2000Onwards]"
"51","2020","Count_Person_7Years_WhiteAlone","[]","[]","[]","[CensusPEPSurvey_Race2000Onwards]"
"51","2020","Count_Person_85Years_NotHispanicOrLatino_WhiteAlone","[]","[]","[]","[CensusPEPSurvey_Race2000Onwards]"
"51","2020","Count_Person_73Years_Male_HispanicOrLatino_WhiteAlone","[]","[]","[]","[CensusPEPSurvey_Race2000Onwards]"
"51","2020","Count_Person_75Years_Female_WhiteAlone","[]","[]","[]","[CensusPEPSurvey_Race2000Onwards]"
"51","2020","Count_Person_68Years_Male_NotHispanicOrLatino_WhiteAlone","[]","[]","[]","[CensusPEPSurvey_Race2000Onwards]"
"51","2020","Count_Person_22Years_Female_HispanicOrLatino_TwoOrMoreRaces","[]","[]","[]","[CensusPEPSurvey_Race2000Onwards]"
"51","2020","Count_Person_29Years_HispanicOrLatino_AsianAlone","[]","[]","[]","[CensusPEPSurvey_Race2000Onwards]"
"51","2020","Count_Person_10Years_NotHispanicOrLatino_BlackOrAfricanAmericanAlone","[]","[]","[]","[CensusPEPSurvey_Race2000Onwards]"
"51","2020","Count_Person_31Years_Male_BlackOrAfricanAmericanAlone","[]","[]","[]","[CensusPEPSurvey_Race2000Onwards]"
"51","2020","Count_Person_63Years_Female_AsianAlone","[]","[]","[]","[CensusPEPSurvey_Race2000Onwards]"
"51","2020","Count_Person_2Years_Male_TwoOrMoreRaces","[]","[]","[]","[CensusPEPSurvey_Race2000Onwards]"
"51","2020","Count_Person_43Years_NotHispanicOrLatino_AsianAlone","[]","[]","[]","[CensusPEPSurvey_Race2000Onwards]"
"51","2020","Count_Person_3Years_Male_NotHispanicOrLatino_TwoOrMoreRaces","[]","[]","[]","[CensusPEPSurvey_Race2000Onwards]"
"51","2020","Count_Person_77Years_HispanicOrLatino_AsianAlone","[]","[]","[]","[CensusPEPSurvey_Race2000Onwards]"
"51","2020","Count_Person_9Years_Female_HispanicOrLatino_WhiteAlone","[]","[]","[]","[CensusPEPSurvey_Race2000Onwards]"
"51","2020","Count_Person_Female_NativeHawaiianAndOtherPacificIslanderAlone","[]","[]","[]","[dcAggregate/CensusPEPSurvey_Race2000Onwards]"
"51","2020","Count_Person_44Years_Female_WhiteAlone","[]","[]","[]","[CensusPEPSurvey_Race2000Onwards]"
"51","2020","Count_Person_25Years_Male_WhiteAlone","[]","[]","[]","[CensusPEPSurvey_Race2000Onwards]"
"51","2020","Count_Person_43Years_HispanicOrLatino_WhiteAlone","[]","[]","[]","[CensusPEPSurvey_Race2000Onwards]"
"51","2020","Count_Person_16Years_Male_NotHispanicOrLatino_BlackOrAfricanAmericanAlone","[]","[]","[]","[CensusPEPSurvey_Race2000Onwards]"
"51","2020","Count_Person_46Years_Male_NotHispanicOrLatino_WhiteAlone","[]","[]","[]","[CensusPEPSurvey_Race2000Onwards]"
"51","2020","Count_Person_13Years_Male_HispanicOrLatino_BlackOrAfricanAmericanAlone","[]","[]","[]","[CensusPEPSurvey_Race2000Onwards]"
"51","2020","Count_Person_45Years_Female_NotHispanicOrLatino_AsianAlone","[]","[]","[]","[CensusPEPSurvey_Race2000Onwards]"
"51","2020","Count_Person_67Years_Female_NotHispanicOrLatino_NativeHawaiianAndOtherPacificIslanderAlone","[]","[]","[]","[CensusPEPSurvey_Race2000Onwards]"
"51","2020","Count_Person_41Years_HispanicOrLatino_BlackOrAfricanAmericanAlone","[]","[]","[]","[CensusPEPSurvey_Race2000Onwards]"
"51","2020","Count_Person_23Years_Female_AmericanIndianAndAlaskaNativeAlone","[]","[]","[]","[CensusPEPSurvey_Race2000Onwards]"
"51","2020","Count_Person_58Years_HispanicOrLatino_TwoOrMoreRaces","[]","[]","[]","[CensusPEPSurvey_Race2000Onwards]"
"51","2020","Count_Person_44Years_Male_HispanicOrLatino_BlackOrAfricanAmericanAlone","[]","[]","[]","[CensusPEPSurvey_Race2000Onwards]"
"51","2020","Count_Person_57Years_Male_NotHispanicOrLatino_NativeHawaiianAndOtherPacificIslanderAlone","[]","[]","[]","[CensusPEPSurvey_Race2000Onwards]"
"51","2020","Count_Person_6Years_Male_NativeHawaiianAndOtherPacificIslanderAlone","[]","[]","[]","[CensusPEPSurvey_Race2000Onwards]"
"51","2020","Count_Person_12Years_Male_AsianAlone","[]","[]","[]","[CensusPEPSurvey_Race2000Onwards]"
"51","2020","Count_Person_78Years_Female_WhiteAlone","[]","[]","[]","[CensusPEPSurvey_Race2000Onwards]"
"51","2020","Count_Person_82Years_HispanicOrLatino_AsianAlone","[]","[]","[]","[CensusPEPSurvey_Race2000Onwards]"
"51","2020","Count_Person_48Years_WhiteAlone","[]","[]","[]","[CensusPEPSurvey_Race2000Onwards]"
"51","2020","Count_Person_3Years_Female_HispanicOrLatino_AmericanIndianAndAlaskaNativeAlone","[]","[]","[]","[CensusPEPSurvey_Race2000Onwards]"
"51","2020","Count_Person_21Years_Male_NotHispanicOrLatino_TwoOrMoreRaces","[]","[]","[]","[CensusPEPSurvey_Race2000Onwards]"
"51","2020","Count_Person_75Years_Male_HispanicOrLatino_BlackOrAfricanAmericanAlone","[]","[]","[]","[CensusPEPSurvey_Race2000Onwards]"
"51","2020","Count_Person_29Years_Male_NativeHawaiianAndOtherPacificIslanderAlone","[]","[]","[]","[CensusPEPSurvey_Race2000Onwards]"
"51","2020","Count_Person_62Years_NotHispanicOrLatino_TwoOrMoreRaces","[]","[]","[]","[CensusPEPSurvey_Race2000Onwards]"
"51","2020","Count_Person_38Years_Male_HispanicOrLatino_WhiteAlone","[]","[]","[]","[CensusPEPSurvey_Race2000Onwards]"
"51","2020","Count_Person_38Years_Male_AmericanIndianAndAlaskaNativeAlone","[]","[]","[]","[CensusPEPSurvey_Race2000Onwards]"
"51","2020","Count_Person_6Years_Female_HispanicOrLatino_AsianAlone","[]","[]","[]","[CensusPEPSurvey_Race2000Onwards]"
"51","2020","Count_Person_74Years_Male_HispanicOrLatino_WhiteAlone","[]","[]","[]","[CensusPEPSurvey_Race2000Onwards]"
"51","2020","Count_Person_24Years_Male_WhiteAlone","[]","[]","[]","[CensusPEPSurvey_Race2000Onwards]"
"51","2020","Count_Person_38Years_HispanicOrLatino_WhiteAlone","[]","[]","[]","[CensusPEPSurvey_Race2000Onwards]"
"51","2020","Count_Person_61Years_Male_HispanicOrLatino_BlackOrAfricanAmericanAlone","[]","[]","[]","[CensusPEPSurvey_Race2000Onwards]"
"51","2020","Count_Person_30Years_Male_NotHispanicOrLatino_WhiteAlone","[]","[]","[]","[CensusPEPSurvey_Race2000Onwards]"
"51","2020","Count_Person_8Years_Male_NotHispanicOrLatino_AsianAlone","[]","[]","[]","[CensusPEPSurvey_Race2000Onwards]"
"51","2020","Count_Person_41Years_AsianAlone","[]","[]","[]","[CensusPEPSurvey_Race2000Onwards]"
"51","2020","Count_Person_68Years_Male_NotHispanicOrLatino_TwoOrMoreRaces","[]","[]","[]","[CensusPEPSurvey_Race2000Onwards]"
"51","2020","Count_Person_32Years_Male_BlackOrAfricanAmericanAlone","[]","[]","[]","[CensusPEPSurvey_Race2000Onwards]"
"51","2020","Count_Person_60Years_NotHispanicOrLatino_WhiteAlone","[]","[]","[]","[CensusPEPSurvey_Race2000Onwards]"
"51","2020","Count_Person_31Years_Female_HispanicOrLatino_AsianAlone","[]","[]","[]","[CensusPEPSurvey_Race2000Onwards]"
"51","2020","Count_Person_7Years_Female_AsianAlone","[]","[]","[]","[CensusPEPSurvey_Race2000Onwards]"
"51","2020","Count_Person_44Years_Male_AmericanIndianAndAlaskaNativeAlone","[]","[]","[]","[CensusPEPSurvey_Race2000Onwards]"
"51","2020","Count_Person_76Years_Male_BlackOrAfricanAmericanAlone","[]","[]","[]","[CensusPEPSurvey_Race2000Onwards]"
"51","2020","Count_Person_18Years_Female_AsianAlone","[]","[]","[]","[CensusPEPSurvey_Race2000Onwards]"
"51","2020","Count_Person_73Years_Female_AmericanIndianAndAlaskaNativeAlone","[]","[]","[]","[CensusPEPSurvey_Race2000Onwards]"
"51","2020","Count_Person_79Years_HispanicOrLatino_TwoOrMoreRaces","[]","[]","[]","[CensusPEPSurvey_Race2000Onwards]"
"51","2020","Count_Person_51Years_WhiteAlone","[]","[]","[]","[CensusPEPSurvey_Race2000Onwards]"
"51","2020","Count_Person_38Years_AsianAlone","[]","[]","[]","[CensusPEPSurvey_Race2000Onwards]"
"51","2020","Count_Person_83Years_Female_NotHispanicOrLatino_NativeHawaiianAndOtherPacificIslanderAlone","[]","[]","[]","[CensusPEPSurvey_Race2000Onwards]"
"51","2020","Count_Person_48Years_HispanicOrLatino_TwoOrMoreRaces","[]","[]","[]","[CensusPEPSurvey_Race2000Onwards]"
"51","2020","Count_Person_50Years_Female_NativeHawaiianAndOtherPacificIslanderAlone","[]","[]","[]","[CensusPEPSurvey_Race2000Onwards]"
"51","2020","Count_Person_82Years_Female_HispanicOrLatino_WhiteAlone","[]","[]","[]","[CensusPEPSurvey_Race2000Onwards]"
"51","2020","Count_Person_0Years_Male_AmericanIndianAndAlaskaNativeAlone","[]","[]","[]","[CensusPEPSurvey_Race2000Onwards]"
"51","2020","Count_Person_29Years_WhiteAlone","[]","[]","[]","[CensusPEPSurvey_Race2000Onwards]"
"51","2020","Count_Person_50Years_Female_NotHispanicOrLatino_AsianAlone","[]","[]","[]","[CensusPEPSurvey_Race2000Onwards]"
"51","2020","Count_Person_50Years_Male_AmericanIndianAndAlaskaNativeAlone","[]","[]","[]","[CensusPEPSurvey_Race2000Onwards]"
"51","2020","Count_Person_31Years_NotHispanicOrLatino_AmericanIndianAndAlaskaNativeAlone","[]","[]","[]","[CensusPEPSurvey_Race2000Onwards]"
"51","2020","Count_Person_38Years_Female_NotHispanicOrLatino_WhiteAlone","[]","[]","[]","[CensusPEPSurvey_Race2000Onwards]"
"51","2020","Count_Person_4Years_Female_HispanicOrLatino_NativeHawaiianAndOtherPacificIslanderAlone","[]","[]","[]","[CensusPEPSurvey_Race2000Onwards]"
"51","2020","Count_Person_75Years_Female_NotHispanicOrLatino_AmericanIndianAndAlaskaNativeAlone","[]","[]","[]","[CensusPEPSurvey_Race2000Onwards]"
"51","2020","Count_Person_3Years_AmericanIndianAndAlaskaNativeAlone","[]","[]","[]","[CensusPEPSurvey_Race2000Onwards]"
"51","2020","Count_Person_63Years_Male_HispanicOrLatino_NativeHawaiianAndOtherPacificIslanderAlone","[]","[]","[]","[CensusPEPSurvey_Race2000Onwards]"
"51","2020","Count_Person_17Years_Female_HispanicOrLatino_BlackOrAfricanAmericanAlone","[]","[]","[]","[CensusPEPSurvey_Race2000Onwards]"
"51","2020","Count_Person_57Years_Female_NotHispanicOrLatino_NativeHawaiianAndOtherPacificIslanderAlone","[]","[]","[]","[CensusPEPSurvey_Race2000Onwards]"
"51","2020","Count_Person_39Years_Male_HispanicOrLatino_WhiteAlone","[]","[]","[]","[CensusPEPSurvey_Race2000Onwards]"
"51","2020","Count_Person_33Years_Female_NativeHawaiianAndOtherPacificIslanderAlone","[]","[]","[]","[CensusPEPSurvey_Race2000Onwards]"
"51","2020","Count_Person_29Years_Male_HispanicOrLatino_AsianAlone","[]","[]","[]","[CensusPEPSurvey_Race2000Onwards]"
"51","2020","Count_Person_61Years_Male_NotHispanicOrLatino_AsianAlone","[]","[]","[]","[CensusPEPSurvey_Race2000Onwards]"
"51","2020","Count_Person_84Years_Male_HispanicOrLatino_AmericanIndianAndAlaskaNativeAlone","[]","[]","[]","[CensusPEPSurvey_Race2000Onwards]"
"51","2020","Count_Person_75Years_Male_HispanicOrLatino_WhiteAlone","[]","[]","[]","[CensusPEPSurvey_Race2000Onwards]"
"51","2020","Count_Person_68Years_NotHispanicOrLatino_AsianAlone","[]","[]","[]","[CensusPEPSurvey_Race2000Onwards]"
"51","2020","Count_Person_73Years_Female_HispanicOrLatino_TwoOrMoreRaces","[]","[]","[]","[CensusPEPSurvey_Race2000Onwards]"
"51","2020","Count_Person_4Years_Female_NativeHawaiianAndOtherPacificIslanderAlone","[]","[]","[]","[CensusPEPSurvey_Race2000Onwards]"
"51","2020","Count_Person_56Years_Female_AmericanIndianAndAlaskaNativeAlone","[]","[]","[]","[CensusPEPSurvey_Race2000Onwards]"
"51","2020","Count_Person_19Years_Male_NotHispanicOrLatino_AsianAlone","[]","[]","[]","[CensusPEPSurvey_Race2000Onwards]"
"51","2020","Count_Person_77Years_Male_NotHispanicOrLatino_AmericanIndianAndAlaskaNativeAlone","[]","[]","[]","[CensusPEPSurvey_Race2000Onwards]"
"51","2020","Count_Person_11Years_Male_AsianAlone","[]","[]","[]","[CensusPEPSurvey_Race2000Onwards]"
"51","2020","Count_Person_51Years_AmericanIndianAndAlaskaNativeAlone","[]","[]","[]","[CensusPEPSurvey_Race2000Onwards]"
"51","2020","Count_Person_33Years_Male_BlackOrAfricanAmericanAlone","[]","[]","[]","[CensusPEPSurvey_Race2000Onwards]"
"51","2020","Count_Person_7Years_HispanicOrLatino_NativeHawaiianAndOtherPacificIslanderAlone","[]","[]","[]","[CensusPEPSurvey_Race2000Onwards]"
"51","2020","Count_Person_58Years_Female_HispanicOrLatino_NativeHawaiianAndOtherPacificIslanderAlone","[]","[]","[]","[CensusPEPSurvey_Race2000Onwards]"
"51","2020","Count_Person_24Years_NotHispanicOrLatino_BlackOrAfricanAmericanAlone","[]","[]","[]","[CensusPEPSurvey_Race2000Onwards]"
"51","2020","Count_Person_44Years_HispanicOrLatino_NativeHawaiianAndOtherPacificIslanderAlone","[]","[]","[]","[CensusPEPSurvey_Race2000Onwards]"
"51","2020","Count_Person_26Years_Female_NotHispanicOrLatino_TwoOrMoreRaces","[]","[]","[]","[CensusPEPSurvey_Race2000Onwards]"
"51","2020","Count_Person_57Years_Female_BlackOrAfricanAmericanAlone","[]","[]","[]","[CensusPEPSurvey_Race2000Onwards]"
"51","2020","Count_Person_77Years_Male_BlackOrAfricanAmericanAlone","[]","[]","[]","[CensusPEPSurvey_Race2000Onwards]"
"51","2020","Count_Person_5Years_NotHispanicOrLatino_AmericanIndianAndAlaskaNativeAlone","[]","[]","[]","[CensusPEPSurvey_Race2000Onwards]"
"51","2020","Count_Person_49Years_AmericanIndianAndAlaskaNativeAlone","[]","[]","[]","[CensusPEPSurvey_Race2000Onwards]"
"51","2020","Count_Person_16Years_TwoOrMoreRaces","[]","[]","[]","[CensusPEPSurvey_Race2000Onwards]"
"51","2020","Count_Person_38Years_HispanicOrLatino_TwoOrMoreRaces","[]","[]","[]","[CensusPEPSurvey_Race2000Onwards]"
"51","2020","Count_Person_59Years_Female_HispanicOrLatino_TwoOrMoreRaces","[]","[]","[]","[CensusPEPSurvey_Race2000Onwards]"
"51","2020","Count_Person_42Years_Male_NotHispanicOrLatino_NativeHawaiianAndOtherPacificIslanderAlone","[]","[]","[]","[CensusPEPSurvey_Race2000Onwards]"
"51","2020","Count_Person_10Years_Male_NotHispanicOrLatino_AsianAlone","[]","[]","[]","[CensusPEPSurvey_Race2000Onwards]"
"51","2020","Count_Person_30Years_Male_NativeHawaiianAndOtherPacificIslanderAlone","[]","[]","[]","[CensusPEPSurvey_Race2000Onwards]"
"51","2020","Count_Person_54Years_Female_HispanicOrLatino_AsianAlone","[]","[]","[]","[CensusPEPSurvey_Race2000Onwards]"
"51","2020","Count_Person_15Years_Male_NotHispanicOrLatino_NativeHawaiianAndOtherPacificIslanderAlone","[]","[]","[]","[CensusPEPSurvey_Race2000Onwards]"
"51","2020","Count_Person_33Years_HispanicOrLatino_AsianAlone","[]","[]","[]","[CensusPEPSurvey_Race2000Onwards]"
"51","2020","Count_Person_36Years_Male_HispanicOrLatino_WhiteAlone","[]","[]","[]","[CensusPEPSurvey_Race2000Onwards]"
"51","2020","Count_Person_34Years_Female_HispanicOrLatino_NativeHawaiianAndOtherPacificIslanderAlone","[]","[]","[]","[CensusPEPSurvey_Race2000Onwards]"
"51","2020","Count_Person_76Years_Male_HispanicOrLatino_WhiteAlone","[]","[]","[]","[CensusPEPSurvey_Race2000Onwards]"
"51","2020","Count_Person_60Years_Female_NotHispanicOrLatino_TwoOrMoreRaces","[]","[]","[]","[CensusPEPSurvey_Race2000Onwards]"
"51","2020","Count_Person_43Years_BlackOrAfricanAmericanAlone","[]","[]","[]","[CensusPEPSurvey_Race2000Onwards]"
"51","2020","Count_Person_66Years_Female_AsianAlone","[]","[]","[]","[CensusPEPSurvey_Race2000Onwards]"
"51","2020","Count_Person_11Years_Male_HispanicOrLatino_NativeHawaiianAndOtherPacificIslanderAlone","[]","[]","[]","[CensusPEPSurvey_Race2000Onwards]"
"51","2020","Count_Person_24Years_HispanicOrLatino_AmericanIndianAndAlaskaNativeAlone","[]","[]","[]","[CensusPEPSurvey_Race2000Onwards]"
"51","2020","Count_Person_1Years_NotHispanicOrLatino_BlackOrAfricanAmericanAlone","[]","[]","[]","[CensusPEPSurvey_Race2000Onwards]"
"51","2020","Count_Person_74Years_AsianAlone","[]","[]","[]","[CensusPEPSurvey_Race2000Onwards]"
"51","2020","Count_Person_34Years_Male_BlackOrAfricanAmericanAlone","[]","[]","[]","[CensusPEPSurvey_Race2000Onwards]"
"51","2020","Count_Person_69Years_NotHispanicOrLatino_WhiteAlone","[]","[]","[]","[CensusPEPSurvey_Race2000Onwards]"
"51","2020","Count_Person_29Years_Female_NotHispanicOrLatino_AmericanIndianAndAlaskaNativeAlone","[]","[]","[]","[CensusPEPSurvey_Race2000Onwards]"
"51","2020","Count_Person_65Years_Female_NotHispanicOrLatino_AmericanIndianAndAlaskaNativeAlone","[]","[]","[]","[CensusPEPSurvey_Race2000Onwards]"
"51","2020","Count_Person_63Years_Male_NotHispanicOrLatino_AmericanIndianAndAlaskaNativeAlone","[]","[]","[]","[CensusPEPSurvey_Race2000Onwards]"
"51","2020","Count_Person_74Years_Male_BlackOrAfricanAmericanAlone","[]","[]","[]","[CensusPEPSurvey_Race2000Onwards]"
"51","2020","Count_Person_73Years_Female_HispanicOrLatino_BlackOrAfricanAmericanAlone","[]","[]","[]","[CensusPEPSurvey_Race2000Onwards]"
"51","2020","Count_Person_77Years_HispanicOrLatino_AmericanIndianAndAlaskaNativeAlone","[]","[]","[]","[CensusPEPSurvey_Race2000Onwards]"
"51","2020","Count_Person_28Years_HispanicOrLatino_AsianAlone","[]","[]","[]","[CensusPEPSurvey_Race2000Onwards]"
"51","2020","Count_Person_13Years_Female_HispanicOrLatino_AmericanIndianAndAlaskaNativeAlone","[]","[]","[]","[CensusPEPSurvey_Race2000Onwards]"
"51","2020","Count_Person_30Years_HispanicOrLatino_NativeHawaiianAndOtherPacificIslanderAlone","[]","[]","[]","[CensusPEPSurvey_Race2000Onwards]"
"51","2020","Count_Person_85Years_Female_TwoOrMoreRaces","[]","[]","[]","[CensusPEPSurvey_Race2000Onwards]"
"51","2020","Count_Person_37Years_HispanicOrLatino_NativeHawaiianAndOtherPacificIslanderAlone","[]","[]","[]","[CensusPEPSurvey_Race2000Onwards]"
"51","2020","Count_Person_14Years_NotHispanicOrLatino_TwoOrMoreRaces","[]","[]","[]","[CensusPEPSurvey_Race2000Onwards]"
"51","2020","Count_Person_82Years_Female_BlackOrAfricanAmericanAlone","[]","[]","[]","[CensusPEPSurvey_Race2000Onwards]"
"51","2020","Count_Person_85Years_NotHispanicOrLatino_AmericanIndianAndAlaskaNativeAlone","[]","[]","[]","[CensusPEPSurvey_Race2000Onwards]"
"51","2020","Count_Person_15Years_Male_NotHispanicOrLatino_TwoOrMoreRaces","[]","[]","[]","[CensusPEPSurvey_Race2000Onwards]"
"51","2020","Count_Person_28Years_HispanicOrLatino_TwoOrMoreRaces","[]","[]","[]","[CensusPEPSurvey_Race2000Onwards]"
"51","2020","Count_Person_9Years_Female_HispanicOrLatino_TwoOrMoreRaces","[]","[]","[]","[CensusPEPSurvey_Race2000Onwards]"
"51","2020","Count_Person_42Years_Female_TwoOrMoreRaces","[]","[]","[]","[CensusPEPSurvey_Race2000Onwards]"
"51","2020","Count_Person_85Years_NotHispanicOrLatino_NativeHawaiianAndOtherPacificIslanderAlone","[]","[]","[]","[CensusPEPSurvey_Race2000Onwards]"
"51","2020","Count_Person_38Years_BlackOrAfricanAmericanAlone","[]","[]","[]","[CensusPEPSurvey_Race2000Onwards]"
"51","2020","Count_Person_83Years_Female_HispanicOrLatino_AmericanIndianAndAlaskaNativeAlone","[]","[]","[]","[CensusPEPSurvey_Race2000Onwards]"
"51","2020","Count_Person_81Years_Female_NativeHawaiianAndOtherPacificIslanderAlone","[]","[]","[]","[CensusPEPSurvey_Race2000Onwards]"
"51","2020","Count_Person_73Years_TwoOrMoreRaces","[]","[]","[]","[CensusPEPSurvey_Race2000Onwards]"
"51","2020","Count_Person_11Years_Female_HispanicOrLatino_WhiteAlone","[]","[]","[]","[CensusPEPSurvey_Race2000Onwards]"
"51","2020","Count_Person_49Years_Female_HispanicOrLatino_BlackOrAfricanAmericanAlone","[]","[]","[]","[CensusPEPSurvey_Race2000Onwards]"
"51","2020","Count_Person_4Years_Male_HispanicOrLatino_NativeHawaiianAndOtherPacificIslanderAlone","[]","[]","[]","[CensusPEPSurvey_Race2000Onwards]"
"51","2020","Count_Person_57Years_Male_HispanicOrLatino_AmericanIndianAndAlaskaNativeAlone","[]","[]","[]","[CensusPEPSurvey_Race2000Onwards]"
"51","2020","Count_Person_37Years_NotHispanicOrLatino_TwoOrMoreRaces","[]","[]","[]","[CensusPEPSurvey_Race2000Onwards]"
"51","2020","Count_Person_37Years_Male_HispanicOrLatino_WhiteAlone","[]","[]","[]","[CensusPEPSurvey_Race2000Onwards]"
"51","2020","Count_Person_57Years_Female_HispanicOrLatino_AmericanIndianAndAlaskaNativeAlone","[]","[]","[]","[CensusPEPSurvey_Race2000Onwards]"
"51","2020","Count_Person_63Years_NativeHawaiianAndOtherPacificIslanderAlone","[]","[]","[]","[CensusPEPSurvey_Race2000Onwards]"
"51","2020","Count_Person_41Years_Female_WhiteAlone","[]","[]","[]","[CensusPEPSurvey_Race2000Onwards]"
"51","2020","Count_Person_77Years_Male_HispanicOrLatino_WhiteAlone","[]","[]","[]","[CensusPEPSurvey_Race2000Onwards]"
"51","2020","Count_Person_77Years_Female_HispanicOrLatino_AsianAlone","[]","[]","[]","[CensusPEPSurvey_Race2000Onwards]"
"51","2020","Count_Person_59Years_NotHispanicOrLatino_AmericanIndianAndAlaskaNativeAlone","[]","[]","[]","[CensusPEPSurvey_Race2000Onwards]"
"51","2020","Count_Person_26Years_AmericanIndianAndAlaskaNativeAlone","[]","[]","[]","[CensusPEPSurvey_Race2000Onwards]"
"51","2020","Count_Person_43Years_Female_NotHispanicOrLatino_WhiteAlone","[]","[]","[]","[CensusPEPSurvey_Race2000Onwards]"
"51","2020","Count_Person_19Years_Female_TwoOrMoreRaces","[]","[]","[]","[CensusPEPSurvey_Race2000Onwards]"
"51","2020","Count_Person_34Years_Female_HispanicOrLatino_WhiteAlone","[]","[]","[]","[CensusPEPSurvey_Race2000Onwards]"
"51","2020","Count_Person_80Years_HispanicOrLatino_BlackOrAfricanAmericanAlone","[]","[]","[]","[CensusPEPSurvey_Race2000Onwards]"
"51","2020","Count_Person_54Years_TwoOrMoreRaces","[]","[]","[]","[CensusPEPSurvey_Race2000Onwards]"
"51","2020","Count_Person_12Years_Male_HispanicOrLatino_AmericanIndianAndAlaskaNativeAlone","[]","[]","[]","[CensusPEPSurvey_Race2000Onwards]"
"51","2020","Count_Person_35Years_Male_BlackOrAfricanAmericanAlone","[]","[]","[]","[CensusPEPSurvey_Race2000Onwards]"
"51","2020","Count_Person_37Years_HispanicOrLatino_BlackOrAfricanAmericanAlone","[]","[]","[]","[CensusPEPSurvey_Race2000Onwards]"
"51","2020","Count_Person_57Years_Female_HispanicOrLatino_WhiteAlone","[]","[]","[]","[CensusPEPSurvey_Race2000Onwards]"
"51","2020","Count_Person_44Years_NotHispanicOrLatino_WhiteAlone","[]","[]","[]","[CensusPEPSurvey_Race2000Onwards]"
"51","2020","Count_Person_75Years_Male_BlackOrAfricanAmericanAlone","[]","[]","[]","[CensusPEPSurvey_Race2000Onwards]"
"51","2020","Count_Person_10Years_Female_NotHispanicOrLatino_TwoOrMoreRaces","[]","[]","[]","[CensusPEPSurvey_Race2000Onwards]"
"51","2020","Count_Person_Male_HispanicOrLatino_AsianAlone","[]","[]","[]","[dcAggregate/CensusPEPSurvey_Race2000Onwards]"
"51","2020","Count_Person_48Years_Male_NotHispanicOrLatino_AsianAlone","[]","[]","[]","[CensusPEPSurvey_Race2000Onwards]"
"51","2020","Count_Person_84Years_Male_NotHispanicOrLatino_TwoOrMoreRaces","[]","[]","[]","[CensusPEPSurvey_Race2000Onwards]"
"51","2020","Count_Person_12Years_NotHispanicOrLatino_AmericanIndianAndAlaskaNativeAlone","[]","[]","[]","[CensusPEPSurvey_Race2000Onwards]"
"51","2020","Count_Person_48Years_HispanicOrLatino_WhiteAlone","[]","[]","[]","[CensusPEPSurvey_Race2000Onwards]"
"51","2020","Count_Person_70Years_Female_WhiteAlone","[]","[]","[]","[CensusPEPSurvey_Race2000Onwards]"
"51","2020","Count_Person_18Years_HispanicOrLatino_TwoOrMoreRaces","[]","[]","[]","[CensusPEPSurvey_Race2000Onwards]"
"51","2020","Count_Person_49Years_Female_HispanicOrLatino_AmericanIndianAndAlaskaNativeAlone","[]","[]","[]","[CensusPEPSurvey_Race2000Onwards]"
"51","2020","Count_Person_25Years_Female_NotHispanicOrLatino_WhiteAlone","[]","[]","[]","[CensusPEPSurvey_Race2000Onwards]"
"51","2020","Count_Person_64Years_AsianAlone","[]","[]","[]","[CensusPEPSurvey_Race2000Onwards]"
"51","2020","Count_Person_44Years_Female_AmericanIndianAndAlaskaNativeAlone","[]","[]","[]","[CensusPEPSurvey_Race2000Onwards]"
"51","2020","Count_Person_21Years_Female_HispanicOrLatino_WhiteAlone","[]","[]","[]","[CensusPEPSurvey_Race2000Onwards]"
"51","2020","Count_Person_33Years_Female_NotHispanicOrLatino_BlackOrAfricanAmericanAlone","[]","[]","[]","[CensusPEPSurvey_Race2000Onwards]"
"51","2020","Count_Person_51Years_Male_HispanicOrLatino_NativeHawaiianAndOtherPacificIslanderAlone","[]","[]","[]","[CensusPEPSurvey_Race2000Onwards]"
"51","2020","Count_Person_29Years_Male_NotHispanicOrLatino_TwoOrMoreRaces","[]","[]","[]","[CensusPEPSurvey_Race2000Onwards]"
"51","2020","Count_Person_53Years_Male_HispanicOrLatino_NativeHawaiianAndOtherPacificIslanderAlone","[]","[]","[]","[CensusPEPSurvey_Race2000Onwards]"
"51","2020","Count_Person_0Years_BlackOrAfricanAmericanAlone","[]","[]","[]","[CensusPEPSurvey_Race2000Onwards]"
"51","2020","Count_Person_21Years_Male_NotHispanicOrLatino_BlackOrAfricanAmericanAlone","[]","[]","[]","[CensusPEPSurvey_Race2000Onwards]"
"51","2020","Count_Person_17Years_Male_NativeHawaiianAndOtherPacificIslanderAlone","[]","[]","[]","[CensusPEPSurvey_Race2000Onwards]"
"51","2020","Count_Person_13Years_NotHispanicOrLatino_BlackOrAfricanAmericanAlone","[]","[]","[]","[CensusPEPSurvey_Race2000Onwards]"
"51","2020","Count_Person_60Years_Female_NotHispanicOrLatino_BlackOrAfricanAmericanAlone","[]","[]","[]","[CensusPEPSurvey_Race2000Onwards]"
"51","2020","Count_Person_4Years_HispanicOrLatino_BlackOrAfricanAmericanAlone","[]","[]","[]","[CensusPEPSurvey_Race2000Onwards]"
"51","2020","Count_Person_35Years_HispanicOrLatino_AmericanIndianAndAlaskaNativeAlone","[]","[]","[]","[CensusPEPSurvey_Race2000Onwards]"
"51","2020","Count_Person_3Years_Male_HispanicOrLatino_BlackOrAfricanAmericanAlone","[]","[]","[]","[CensusPEPSurvey_Race2000Onwards]"
"51","2020","Count_Person_26Years_HispanicOrLatino_WhiteAlone","[]","[]","[]","[CensusPEPSurvey_Race2000Onwards]"
"51","2020","Count_Person_53Years_Female_NotHispanicOrLatino_NativeHawaiianAndOtherPacificIslanderAlone","[]","[]","[]","[CensusPEPSurvey_Race2000Onwards]"
"51","2020","Count_Person_50Years_Male_BlackOrAfricanAmericanAlone","[]","[]","[]","[CensusPEPSurvey_Race2000Onwards]"
"51","2020","Count_Person_59Years_HispanicOrLatino_WhiteAlone","[]","[]","[]","[CensusPEPSurvey_Race2000Onwards]"
"51","2020","Count_Person_57Years_TwoOrMoreRaces","[]","[]","[]","[CensusPEPSurvey_Race2000Onwards]"
"51","2020","Count_Person_81Years_Male_NotHispanicOrLatino_BlackOrAfricanAmericanAlone","[]","[]","[]","[CensusPEPSurvey_Race2000Onwards]"
"51","2020","Count_Person_68Years_NotHispanicOrLatino_NativeHawaiianAndOtherPacificIslanderAlone","[]","[]","[]","[CensusPEPSurvey_Race2000Onwards]"
"51","2020","Count_Person_14Years_NotHispanicOrLatino_NativeHawaiianAndOtherPacificIslanderAlone","[]","[]","[]","[CensusPEPSurvey_Race2000Onwards]"
"51","2020","Count_Person_6Years_Female_NotHispanicOrLatino_WhiteAlone","[]","[]","[]","[CensusPEPSurvey_Race2000Onwards]"
"51","2020","Count_Person_7Years_HispanicOrLatino_AmericanIndianAndAlaskaNativeAlone","[]","[]","[]","[CensusPEPSurvey_Race2000Onwards]"
"51","2020","Count_Person_38Years_Male_HispanicOrLatino_BlackOrAfricanAmericanAlone","[]","[]","[]","[CensusPEPSurvey_Race2000Onwards]"
"51","2020","Count_Person_15Years_HispanicOrLatino_WhiteAlone","[]","[]","[]","[CensusPEPSurvey_Race2000Onwards]"
"51","2020","Count_Person_16Years_Female_NotHispanicOrLatino_AsianAlone","[]","[]","[]","[CensusPEPSurvey_Race2000Onwards]"
"51","2020","Count_Person_85Years_AmericanIndianAndAlaskaNativeAlone","[]","[]","[]","[CensusPEPSurvey_Race2000Onwards]"
"51","2020","Count_Person_54Years_Male_HispanicOrLatino_BlackOrAfricanAmericanAlone","[]","[]","[]","[CensusPEPSurvey_Race2000Onwards]"
"51","2020","Count_Person_28Years_Female_BlackOrAfricanAmericanAlone","[]","[]","[]","[CensusPEPSurvey_Race2000Onwards]"
"51","2020","Count_Person_78Years_Male_NotHispanicOrLatino_TwoOrMoreRaces","[]","[]","[]","[CensusPEPSurvey_Race2000Onwards]"
"51","2020","Count_Person_23Years_TwoOrMoreRaces","[]","[]","[]","[CensusPEPSurvey_Race2000Onwards]"
"51","2020","Count_Person_73Years_Male_NotHispanicOrLatino_AsianAlone","[]","[]","[]","[CensusPEPSurvey_Race2000Onwards]"
"51","2020","Count_Person_15Years_Female_NotHispanicOrLatino_NativeHawaiianAndOtherPacificIslanderAlone","[]","[]","[]","[CensusPEPSurvey_Race2000Onwards]"
"51","2020","Count_Person_66Years_Female_NotHispanicOrLatino_NativeHawaiianAndOtherPacificIslanderAlone","[]","[]","[]","[CensusPEPSurvey_Race2000Onwards]"
"51","2020","Count_Person_56Years_Female_WhiteAlone","[]","[]","[]","[CensusPEPSurvey_Race2000Onwards]"
"51","2020","Count_Person_59Years_Male_HispanicOrLatino_TwoOrMoreRaces","[]","[]","[]","[CensusPEPSurvey_Race2000Onwards]"
"51","2020","Count_Person_32Years_Male_WhiteAlone","[]","[]","[]","[CensusPEPSurvey_Race2000Onwards]"
"51","2020","Count_Person_28Years_NotHispanicOrLatino_AmericanIndianAndAlaskaNativeAlone","[]","[]","[]","[CensusPEPSurvey_Race2000Onwards]"
"51","2020","Count_Person_12Years_NotHispanicOrLatino_TwoOrMoreRaces","[]","[]","[]","[CensusPEPSurvey_Race2000Onwards]"
"51","2020","Count_Person_80Years_Female_BlackOrAfricanAmericanAlone","[]","[]","[]","[CensusPEPSurvey_Race2000Onwards]"
"51","2020","Count_Person_62Years_Male_HispanicOrLatino_BlackOrAfricanAmericanAlone","[]","[]","[]","[CensusPEPSurvey_Race2000Onwards]"
"51","2020","Count_Person_8Years_NotHispanicOrLatino_TwoOrMoreRaces","[]","[]","[]","[CensusPEPSurvey_Race2000Onwards]"
"51","2020","Count_Person_0Years_Female_WhiteAlone","[]","[]","[]","[CensusPEPSurvey_Race2000Onwards]"
"51","2020","Count_Person_8Years_Male_NotHispanicOrLatino_BlackOrAfricanAmericanAlone","[]","[]","[]","[CensusPEPSurvey_Race2000Onwards]"
"51","2020","Count_Person_76Years_Female_NotHispanicOrLatino_BlackOrAfricanAmericanAlone","[]","[]","[]","[CensusPEPSurvey_Race2000Onwards]"
"51","2020","Count_Person_82Years_AsianAlone","[]","[]","[]","[CensusPEPSurvey_Race2000Onwards]"
"51","2020","Count_Person_65Years_Female_NotHispanicOrLatino_WhiteAlone","[]","[]","[]","[CensusPEPSurvey_Race2000Onwards]"
"51","2020","Count_Person_41Years_Male_NotHispanicOrLatino_TwoOrMoreRaces","[]","[]","[]","[CensusPEPSurvey_Race2000Onwards]"
"51","2020","Count_Person_5Years_Male_NativeHawaiianAndOtherPacificIslanderAlone","[]","[]","[]","[CensusPEPSurvey_Race2000Onwards]"
"51","2020","Count_Person_57Years_Male_HispanicOrLatino_NativeHawaiianAndOtherPacificIslanderAlone","[]","[]","[]","[CensusPEPSurvey_Race2000Onwards]"
"51","2020","Count_Person_79Years_Male_NotHispanicOrLatino_NativeHawaiianAndOtherPacificIslanderAlone","[]","[]","[]","[CensusPEPSurvey_Race2000Onwards]"
"51","2020","Count_Person_68Years_AmericanIndianAndAlaskaNativeAlone","[]","[]","[]","[CensusPEPSurvey_Race2000Onwards]"
"51","2020","Count_Person_24Years_Male_HispanicOrLatino_WhiteAlone","[]","[]","[]","[CensusPEPSurvey_Race2000Onwards]"
"51","2020","Count_Person_43Years_Female_AsianAlone","[]","[]","[]","[CensusPEPSurvey_Race2000Onwards]"
"51","2020","Count_Person_21Years_WhiteAlone","[]","[]","[]","[CensusPEPSurvey_Race2000Onwards]"
"51","2020","Count_Person_75Years_Female_HispanicOrLatino_AsianAlone","[]","[]","[]","[CensusPEPSurvey_Race2000Onwards]"
"51","2020","Count_Person_22Years_Female_HispanicOrLatino_AsianAlone","[]","[]","[]","[CensusPEPSurvey_Race2000Onwards]"
"51","2020","Count_Person_18Years_WhiteAlone","[]","[]","[]","[CensusPEPSurvey_Race2000Onwards]"
"51","2020","Count_Person_24Years_Female_AsianAlone","[]","[]","[]","[CensusPEPSurvey_Race2000Onwards]"
"51","2020","Count_Person_70Years_Male_HispanicOrLatino_BlackOrAfricanAmericanAlone","[]","[]","[]","[CensusPEPSurvey_Race2000Onwards]"
"51","2020","Count_Person_46Years_Male_NativeHawaiianAndOtherPacificIslanderAlone","[]","[]","[]","[CensusPEPSurvey_Race2000Onwards]"
"51","2020","Count_Person_10Years_Male_NativeHawaiianAndOtherPacificIslanderAlone","[]","[]","[]","[CensusPEPSurvey_Race2000Onwards]"
"51","2020","Count_Person_6Years_Female_HispanicOrLatino_TwoOrMoreRaces","[]","[]","[]","[CensusPEPSurvey_Race2000Onwards]"
"51","2020","Count_Person_15Years_Male_HispanicOrLatino_TwoOrMoreRaces","[]","[]","[]","[CensusPEPSurvey_Race2000Onwards]"
"51","2020","Count_Person_65Years_Male_HispanicOrLatino_TwoOrMoreRaces","[]","[]","[]","[CensusPEPSurvey_Race2000Onwards]"
"51","2020","Count_Person_83Years_Male_TwoOrMoreRaces","[]","[]","[]","[CensusPEPSurvey_Race2000Onwards]"
"51","2020","Count_Person_45Years_Female_BlackOrAfricanAmericanAlone","[]","[]","[]","[CensusPEPSurvey_Race2000Onwards]"
"51","2020","Count_Person_35Years_Male_NotHispanicOrLatino_TwoOrMoreRaces","[]","[]","[]","[CensusPEPSurvey_Race2000Onwards]"
"51","2020","Count_Person_49Years_Female_NotHispanicOrLatino_BlackOrAfricanAmericanAlone","[]","[]","[]","[CensusPEPSurvey_Race2000Onwards]"
"51","2020","Count_Person_24Years_Male_AmericanIndianAndAlaskaNativeAlone","[]","[]","[]","[CensusPEPSurvey_Race2000Onwards]"
"51","2020","Count_Person_1Years_NotHispanicOrLatino_AsianAlone","[]","[]","[]","[CensusPEPSurvey_Race2000Onwards]"
"51","2020","Count_Person_66Years_Male_NotHispanicOrLatino_AsianAlone","[]","[]","[]","[CensusPEPSurvey_Race2000Onwards]"
"51","2020","Count_Person_59Years_HispanicOrLatino_AmericanIndianAndAlaskaNativeAlone","[]","[]","[]","[CensusPEPSurvey_Race2000Onwards]"
"51","2020","Count_Person_74Years_HispanicOrLatino_BlackOrAfricanAmericanAlone","[]","[]","[]","[CensusPEPSurvey_Race2000Onwards]"
"51","2020","Count_Person_4Years_Male_HispanicOrLatino_TwoOrMoreRaces","[]","[]","[]","[CensusPEPSurvey_Race2000Onwards]"
"51","2020","Count_Person_28Years_AsianAlone","[]","[]","[]","[CensusPEPSurvey_Race2000Onwards]"
"51","2020","Count_Person_64Years_NotHispanicOrLatino_BlackOrAfricanAmericanAlone","[]","[]","[]","[CensusPEPSurvey_Race2000Onwards]"
"51","2020","Count_Person_79Years_AsianAlone","[]","[]","[]","[CensusPEPSurvey_Race2000Onwards]"
"51","2020","Count_Person_83Years_Male_WhiteAlone","[]","[]","[]","[CensusPEPSurvey_Race2000Onwards]"
"51","2020","Count_Person_64Years_Male_HispanicOrLatino_AmericanIndianAndAlaskaNativeAlone","[]","[]","[]","[CensusPEPSurvey_Race2000Onwards]"
"51","2020","Count_Person_8Years_NotHispanicOrLatino_BlackOrAfricanAmericanAlone","[]","[]","[]","[CensusPEPSurvey_Race2000Onwards]"
"51","2020","Count_Person_4Years_Female_NotHispanicOrLatino_BlackOrAfricanAmericanAlone","[]","[]","[]","[CensusPEPSurvey_Race2000Onwards]"
"51","2020","Count_Person_12Years_Male_NotHispanicOrLatino_NativeHawaiianAndOtherPacificIslanderAlone","[]","[]","[]","[CensusPEPSurvey_Race2000Onwards]"
"51","2020","Count_Person_15Years_Male_NotHispanicOrLatino_AmericanIndianAndAlaskaNativeAlone","[]","[]","[]","[CensusPEPSurvey_Race2000Onwards]"
"51","2020","Count_Person_12Years_HispanicOrLatino_BlackOrAfricanAmericanAlone","[]","[]","[]","[CensusPEPSurvey_Race2000Onwards]"
"51","2020","Count_Person_20Years_Female_NotHispanicOrLatino_WhiteAlone","[]","[]","[]","[CensusPEPSurvey_Race2000Onwards]"
"51","2020","Count_Person_61Years_Male_NativeHawaiianAndOtherPacificIslanderAlone","[]","[]","[]","[CensusPEPSurvey_Race2000Onwards]"
"51","2020","Count_Person_62Years_Female_BlackOrAfricanAmericanAlone","[]","[]","[]","[CensusPEPSurvey_Race2000Onwards]"
"51","2020","Count_Person_11Years_Female_NotHispanicOrLatino_AsianAlone","[]","[]","[]","[CensusPEPSurvey_Race2000Onwards]"
"51","2020","Count_Person_72Years_Female_AmericanIndianAndAlaskaNativeAlone","[]","[]","[]","[CensusPEPSurvey_Race2000Onwards]"
"51","2020","Count_Person_55Years_Male_NotHispanicOrLatino_AmericanIndianAndAlaskaNativeAlone","[]","[]","[]","[CensusPEPSurvey_Race2000Onwards]"
"51","2020","Count_Person_56Years_Female_NotHispanicOrLatino_AsianAlone","[]","[]","[]","[CensusPEPSurvey_Race2000Onwards]"
"51","2020","Count_Person_47Years_Male_HispanicOrLatino_AsianAlone","[]","[]","[]","[CensusPEPSurvey_Race2000Onwards]"
"51","2020","Count_Person_40Years_Female_AmericanIndianAndAlaskaNativeAlone","[]","[]","[]","[CensusPEPSurvey_Race2000Onwards]"
"51","2020","Count_Person_53Years_Female_HispanicOrLatino_AmericanIndianAndAlaskaNativeAlone","[]","[]","[]","[CensusPEPSurvey_Race2000Onwards]"
"51","2020","Count_Person_57Years_Female_HispanicOrLatino_AsianAlone","[]","[]","[]","[CensusPEPSurvey_Race2000Onwards]"
"51","2020","Count_Person_46Years_AsianAlone","[]","[]","[]","[CensusPEPSurvey_Race2000Onwards]"
"51","2020","Count_Person_82Years_NotHispanicOrLatino_AmericanIndianAndAlaskaNativeAlone","[]","[]","[]","[CensusPEPSurvey_Race2000Onwards]"
"51","2020","Count_Person_53Years_Male_HispanicOrLatino_WhiteAlone","[]","[]","[]","[CensusPEPSurvey_Race2000Onwards]"
"51","2020","Count_Person_45Years_Male_NotHispanicOrLatino_NativeHawaiianAndOtherPacificIslanderAlone","[]","[]","[]","[CensusPEPSurvey_Race2000Onwards]"
"51","2020","Count_Person_40Years_Female_NotHispanicOrLatino_NativeHawaiianAndOtherPacificIslanderAlone","[]","[]","[]","[CensusPEPSurvey_Race2000Onwards]"
"51","2020","Count_Person_27Years_NativeHawaiianAndOtherPacificIslanderAlone","[]","[]","[]","[CensusPEPSurvey_Race2000Onwards]"
"51","2020","Count_Person_6Years_Male_HispanicOrLatino_AsianAlone","[]","[]","[]","[CensusPEPSurvey_Race2000Onwards]"
"51","2020","Count_Person_31Years_AsianAlone","[]","[]","[]","[CensusPEPSurvey_Race2000Onwards]"
"51","2020","Count_Person_0Years_Male_NotHispanicOrLatino_BlackOrAfricanAmericanAlone","[]","[]","[]","[CensusPEPSurvey_Race2000Onwards]"
"51","2020","Count_Person_18Years_Male_NotHispanicOrLatino_BlackOrAfricanAmericanAlone","[]","[]","[]","[CensusPEPSurvey_Race2000Onwards]"
"51","2020","Count_Person_62Years_Female_NotHispanicOrLatino_TwoOrMoreRaces","[]","[]","[]","[CensusPEPSurvey_Race2000Onwards]"
"51","2020","Count_Person_HispanicOrLatino_AmericanIndianAndAlaskaNativeAlone","[]","[]","[]","[dcAggregate/CensusPEPSurvey_Race2000Onwards]"
"51","2020","Count_Person_69Years_Female_HispanicOrLatino_BlackOrAfricanAmericanAlone","[]","[]","[]","[CensusPEPSurvey_Race2000Onwards]"
"51","2020","Count_Person_59Years_Male_BlackOrAfricanAmericanAlone","[]","[]","[]","[CensusPEPSurvey_Race2000Onwards]"
"51","2020","Count_Person_43Years_HispanicOrLatino_BlackOrAfricanAmericanAlone","[]","[]","[]","[CensusPEPSurvey_Race2000Onwards]"
"51","2020","Count_Person_10Years_Female_BlackOrAfricanAmericanAlone","[]","[]","[]","[CensusPEPSurvey_Race2000Onwards]"
"51","2020","Count_Person_58Years_Female_TwoOrMoreRaces","[]","[]","[]","[CensusPEPSurvey_Race2000Onwards]"
"51","2020","Count_Person_1Years_Female_NotHispanicOrLatino_AsianAlone","[]","[]","[]","[CensusPEPSurvey_Race2000Onwards]"
"51","2020","Count_Person_6Years_NotHispanicOrLatino_AsianAlone","[]","[]","[]","[CensusPEPSurvey_Race2000Onwards]"
"51","2020","Count_Person_9Years_Male_NotHispanicOrLatino_AmericanIndianAndAlaskaNativeAlone","[]","[]","[]","[CensusPEPSurvey_Race2000Onwards]"
"51","2020","Count_Person_58Years_Female_HispanicOrLatino_AsianAlone","[]","[]","[]","[CensusPEPSurvey_Race2000Onwards]"
"51","2020","Count_Person_5Years_Female_BlackOrAfricanAmericanAlone","[]","[]","[]","[CensusPEPSurvey_Race2000Onwards]"
"51","2020","Count_Person_39Years_Male_NativeHawaiianAndOtherPacificIslanderAlone","[]","[]","[]","[CensusPEPSurvey_Race2000Onwards]"
"51","2020","Count_Person_74Years_Female_HispanicOrLatino_AsianAlone","[]","[]","[]","[CensusPEPSurvey_Race2000Onwards]"
"51","2020","Count_Person_44Years_Male_NotHispanicOrLatino_BlackOrAfricanAmericanAlone","[]","[]","[]","[CensusPEPSurvey_Race2000Onwards]"
"51","2020","Count_Person_50Years_HispanicOrLatino_WhiteAlone","[]","[]","[]","[CensusPEPSurvey_Race2000Onwards]"
"51","2020","Count_Person_49Years_NotHispanicOrLatino_BlackOrAfricanAmericanAlone","[]","[]","[]","[CensusPEPSurvey_Race2000Onwards]"
"51","2020","Count_Person_1Years_Female_NotHispanicOrLatino_TwoOrMoreRaces","[]","[]","[]","[CensusPEPSurvey_Race2000Onwards]"
"51","2020","Count_Person_11Years_HispanicOrLatino_AmericanIndianAndAlaskaNativeAlone","[]","[]","[]","[CensusPEPSurvey_Race2000Onwards]"
"51","2020","Count_Person_29Years_NotHispanicOrLatino_NativeHawaiianAndOtherPacificIslanderAlone","[]","[]","[]","[CensusPEPSurvey_Race2000Onwards]"
"51","2020","Count_Person_79Years_WhiteAlone","[]","[]","[]","[CensusPEPSurvey_Race2000Onwards]"
"51","2020","Count_Person_32Years_Male_HispanicOrLatino_AsianAlone","[]","[]","[]","[CensusPEPSurvey_Race2000Onwards]"
"51","2020","Count_Person_66Years_Female_NotHispanicOrLatino_TwoOrMoreRaces","[]","[]","[]","[CensusPEPSurvey_Race2000Onwards]"
"51","2020","Count_Person_56Years_Female_HispanicOrLatino_AmericanIndianAndAlaskaNativeAlone","[]","[]","[]","[CensusPEPSurvey_Race2000Onwards]"
"51","2020","Count_Person_22Years_Male_NotHispanicOrLatino_WhiteAlone","[]","[]","[]","[CensusPEPSurvey_Race2000Onwards]"
"51","2020","Count_Person_30Years_Male_HispanicOrLatino_WhiteAlone","[]","[]","[]","[CensusPEPSurvey_Race2000Onwards]"
"51","2020","Count_Person_21Years_NativeHawaiianAndOtherPacificIslanderAlone","[]","[]","[]","[CensusPEPSurvey_Race2000Onwards]"
"51","2020","Count_Person_11Years_HispanicOrLatino_TwoOrMoreRaces","[]","[]","[]","[CensusPEPSurvey_Race2000Onwards]"
"51","2020","Count_Person_69Years_Female_WhiteAlone","[]","[]","[]","[CensusPEPSurvey_Race2000Onwards]"
"51","2020","Count_Person_40Years_NotHispanicOrLatino_NativeHawaiianAndOtherPacificIslanderAlone","[]","[]","[]","[CensusPEPSurvey_Race2000Onwards]"
"51","2020","Count_Person_76Years_Male_HispanicOrLatino_AsianAlone","[]","[]","[]","[CensusPEPSurvey_Race2000Onwards]"
"51","2020","Count_Person_67Years_AmericanIndianAndAlaskaNativeAlone","[]","[]","[]","[CensusPEPSurvey_Race2000Onwards]"
"51","2020","Count_Person_72Years_HispanicOrLatino_WhiteAlone","[]","[]","[]","[CensusPEPSurvey_Race2000Onwards]"
"51","2020","Count_Person_53Years_NotHispanicOrLatino_NativeHawaiianAndOtherPacificIslanderAlone","[]","[]","[]","[CensusPEPSurvey_Race2000Onwards]"
"51","2020","Count_Person_29Years_BlackOrAfricanAmericanAlone","[]","[]","[]","[CensusPEPSurvey_Race2000Onwards]"
"51","2020","Count_Person_46Years_Male_NotHispanicOrLatino_NativeHawaiianAndOtherPacificIslanderAlone","[]","[]","[]","[CensusPEPSurvey_Race2000Onwards]"
"51","2020","Count_Person_25Years_Female_NotHispanicOrLatino_AsianAlone","[]","[]","[]","[CensusPEPSurvey_Race2000Onwards]"
"51","2020","Count_Person_54Years_NotHispanicOrLatino_NativeHawaiianAndOtherPacificIslanderAlone","[]","[]","[]","[CensusPEPSurvey_Race2000Onwards]"
"51","2020","Count_Person_Female_NotHispanicOrLatino_AmericanIndianAndAlaskaNativeAlone","[]","[]","[]","[dcAggregate/CensusPEPSurvey_Race2000Onwards]"
"51","2020","Count_Person_41Years_NotHispanicOrLatino_AsianAlone","[]","[]","[]","[CensusPEPSurvey_Race2000Onwards]"
"51","2020","Count_Person_25Years_Male_NotHispanicOrLatino_AmericanIndianAndAlaskaNativeAlone","[]","[]","[]","[CensusPEPSurvey_Race2000Onwards]"
"51","2020","Count_Person_75Years_Male_NativeHawaiianAndOtherPacificIslanderAlone","[]","[]","[]","[CensusPEPSurvey_Race2000Onwards]"
"51","2020","Count_Person_20Years_Male_TwoOrMoreRaces","[]","[]","[]","[CensusPEPSurvey_Race2000Onwards]"
"51","2020","Count_Person_32Years_HispanicOrLatino_AmericanIndianAndAlaskaNativeAlone","[]","[]","[]","[CensusPEPSurvey_Race2000Onwards]"
"51","2020","Count_Person_18Years_Female_NativeHawaiianAndOtherPacificIslanderAlone","[]","[]","[]","[CensusPEPSurvey_Race2000Onwards]"
"51","2020","Count_Person_37Years_HispanicOrLatino_TwoOrMoreRaces","[]","[]","[]","[CensusPEPSurvey_Race2000Onwards]"
"51","2020","Count_Person_28Years_NotHispanicOrLatino_NativeHawaiianAndOtherPacificIslanderAlone","[]","[]","[]","[CensusPEPSurvey_Race2000Onwards]"
"51","2020","Count_Person_18Years_BlackOrAfricanAmericanAlone","[]","[]","[]","[CensusPEPSurvey_Race2000Onwards]"
"51","2020","Count_Person_71Years_Female_NotHispanicOrLatino_BlackOrAfricanAmericanAlone","[]","[]","[]","[CensusPEPSurvey_Race2000Onwards]"
"51","2020","Count_Person_45Years_Male_NotHispanicOrLatino_AmericanIndianAndAlaskaNativeAlone","[]","[]","[]","[CensusPEPSurvey_Race2000Onwards]"
"51","2020","Count_Person_18Years_Male_AmericanIndianAndAlaskaNativeAlone","[]","[]","[]","[CensusPEPSurvey_Race2000Onwards]"
"51","2020","Count_Person_21Years_Male_HispanicOrLatino_BlackOrAfricanAmericanAlone","[]","[]","[]","[CensusPEPSurvey_Race2000Onwards]"
"51","2020","Count_Person_26Years_Male_WhiteAlone","[]","[]","[]","[CensusPEPSurvey_Race2000Onwards]"
"51","2020","Count_Person_16Years_Female_NotHispanicOrLatino_WhiteAlone","[]","[]","[]","[CensusPEPSurvey_Race2000Onwards]"
"51","2020","Count_Person_83Years_Female_WhiteAlone","[]","[]","[]","[CensusPEPSurvey_Race2000Onwards]"
"51","2020","Count_Person_76Years_HispanicOrLatino_TwoOrMoreRaces","[]","[]","[]","[CensusPEPSurvey_Race2000Onwards]"
"51","2020","Count_Person_41Years_Male_TwoOrMoreRaces","[]","[]","[]","[CensusPEPSurvey_Race2000Onwards]"
"51","2020","Count_Person_42Years_TwoOrMoreRaces","[]","[]","[]","[CensusPEPSurvey_Race2000Onwards]"
"51","2020","Count_Person_74Years_Male_NotHispanicOrLatino_AmericanIndianAndAlaskaNativeAlone","[]","[]","[]","[CensusPEPSurvey_Race2000Onwards]"
"51","2020","Count_Person_61Years_HispanicOrLatino_WhiteAlone","[]","[]","[]","[CensusPEPSurvey_Race2000Onwards]"
"51","2020","Count_Person_TwoOrMoreRaces","[]","[]","[]","[dcAggregate/CensusPEPSurvey_Race2000Onwards]"
"51","2020","Count_Person_9Years_BlackOrAfricanAmericanAlone","[]","[]","[]","[CensusPEPSurvey_Race2000Onwards]"
"51","2020","Count_Person_5Years_Female_NotHispanicOrLatino_TwoOrMoreRaces","[]","[]","[]","[CensusPEPSurvey_Race2000Onwards]"
"51","2020","Count_Person_5Years_Female_AsianAlone","[]","[]","[]","[CensusPEPSurvey_Race2000Onwards]"
"51","2020","Count_Person_11Years_Male_NotHispanicOrLatino_NativeHawaiianAndOtherPacificIslanderAlone","[]","[]","[]","[CensusPEPSurvey_Race2000Onwards]"
"51","2020","Count_Person_52Years_Male_AsianAlone","[]","[]","[]","[CensusPEPSurvey_Race2000Onwards]"
"51","2020","Count_Person_77Years_Female_TwoOrMoreRaces","[]","[]","[]","[CensusPEPSurvey_Race2000Onwards]"
"51","2020","Count_Person_54Years_Male_NotHispanicOrLatino_AmericanIndianAndAlaskaNativeAlone","[]","[]","[]","[CensusPEPSurvey_Race2000Onwards]"
"51","2020","Count_Person_66Years_Male_AsianAlone","[]","[]","[]","[CensusPEPSurvey_Race2000Onwards]"
"51","2020","Count_Person_60Years_Female_NotHispanicOrLatino_WhiteAlone","[]","[]","[]","[CensusPEPSurvey_Race2000Onwards]"
"51","2020","Count_Person_21Years_Male_HispanicOrLatino_TwoOrMoreRaces","[]","[]","[]","[CensusPEPSurvey_Race2000Onwards]"
"51","2020","Count_Person_76Years_TwoOrMoreRaces","[]","[]","[]","[CensusPEPSurvey_Race2000Onwards]"
"51","2020","Count_Person_75Years_BlackOrAfricanAmericanAlone","[]","[]","[]","[CensusPEPSurvey_Race2000Onwards]"
"51","2020","Count_Person_29Years_Male_NotHispanicOrLatino_WhiteAlone","[]","[]","[]","[CensusPEPSurvey_Race2000Onwards]"
"51","2020","Count_Person_3Years_NotHispanicOrLatino_AsianAlone","[]","[]","[]","[CensusPEPSurvey_Race2000Onwards]"
"51","2020","Count_Person_0Years_Female_HispanicOrLatino_AsianAlone","[]","[]","[]","[CensusPEPSurvey_Race2000Onwards]"
"51","2020","Count_Person_66Years_Male_HispanicOrLatino_AmericanIndianAndAlaskaNativeAlone","[]","[]","[]","[CensusPEPSurvey_Race2000Onwards]"
"51","2020","Count_Person_30Years_NotHispanicOrLatino_TwoOrMoreRaces","[]","[]","[]","[CensusPEPSurvey_Race2000Onwards]"
"51","2020","Count_Person_56Years_Female_AsianAlone","[]","[]","[]","[CensusPEPSurvey_Race2000Onwards]"
"51","2020","Count_Person_73Years_Female_HispanicOrLatino_WhiteAlone","[]","[]","[]","[CensusPEPSurvey_Race2000Onwards]"
"51","2020","Count_Person_6Years_TwoOrMoreRaces","[]","[]","[]","[CensusPEPSurvey_Race2000Onwards]"
"51","2020","Count_Person_63Years_Female_BlackOrAfricanAmericanAlone","[]","[]","[]","[CensusPEPSurvey_Race2000Onwards]"
"51","2020","Count_Person_22Years_Female_NotHispanicOrLatino_BlackOrAfricanAmericanAlone","[]","[]","[]","[CensusPEPSurvey_Race2000Onwards]"
"51","2020","Count_Person_60Years_Female_HispanicOrLatino_AmericanIndianAndAlaskaNativeAlone","[]","[]","[]","[CensusPEPSurvey_Race2000Onwards]"
"51","2020","Count_Person_28Years_Female_NotHispanicOrLatino_NativeHawaiianAndOtherPacificIslanderAlone","[]","[]","[]","[CensusPEPSurvey_Race2000Onwards]"
"51","2020","Count_Person_38Years_HispanicOrLatino_AmericanIndianAndAlaskaNativeAlone","[]","[]","[]","[CensusPEPSurvey_Race2000Onwards]"
"51","2020","Count_Person_20Years_NotHispanicOrLatino_BlackOrAfricanAmericanAlone","[]","[]","[]","[CensusPEPSurvey_Race2000Onwards]"
"51","2020","Count_Person_83Years_Male_NotHispanicOrLatino_NativeHawaiianAndOtherPacificIslanderAlone","[]","[]","[]","[CensusPEPSurvey_Race2000Onwards]"
"51","2020","Count_Person_45Years_Male_NotHispanicOrLatino_AsianAlone","[]","[]","[]","[CensusPEPSurvey_Race2000Onwards]"
"51","2020","Count_Person_38Years_TwoOrMoreRaces","[]","[]","[]","[CensusPEPSurvey_Race2000Onwards]"
"51","2020","Count_Person_33Years_AmericanIndianAndAlaskaNativeAlone","[]","[]","[]","[CensusPEPSurvey_Race2000Onwards]"
"51","2020","Count_Person_32Years_Male_NativeHawaiianAndOtherPacificIslanderAlone","[]","[]","[]","[CensusPEPSurvey_Race2000Onwards]"
"51","2020","Count_Person_1Years_HispanicOrLatino_NativeHawaiianAndOtherPacificIslanderAlone","[]","[]","[]","[CensusPEPSurvey_Race2000Onwards]"
"51","2020","Count_Person_40Years_NotHispanicOrLatino_AsianAlone","[]","[]","[]","[CensusPEPSurvey_Race2000Onwards]"
"51","2020","Count_Person_57Years_Male_TwoOrMoreRaces","[]","[]","[]","[CensusPEPSurvey_Race2000Onwards]"
"51","2020","Count_Person_83Years_Male_AsianAlone","[]","[]","[]","[CensusPEPSurvey_Race2000Onwards]"
"51","2020","Count_Person_55Years_HispanicOrLatino_BlackOrAfricanAmericanAlone","[]","[]","[]","[CensusPEPSurvey_Race2000Onwards]"
"51","2020","Count_Person_29Years_Male_NotHispanicOrLatino_BlackOrAfricanAmericanAlone","[]","[]","[]","[CensusPEPSurvey_Race2000Onwards]"
"51","2020","Count_Person_39Years_NotHispanicOrLatino_WhiteAlone","[]","[]","[]","[CensusPEPSurvey_Race2000Onwards]"
"51","2020","Count_Person_5Years_Male_AsianAlone","[]","[]","[]","[CensusPEPSurvey_Race2000Onwards]"
"51","2020","Count_Person_6Years_Male_AmericanIndianAndAlaskaNativeAlone","[]","[]","[]","[CensusPEPSurvey_Race2000Onwards]"
"51","2020","Count_Person_10Years_Female_TwoOrMoreRaces","[]","[]","[]","[CensusPEPSurvey_Race2000Onwards]"
"51","2020","Count_Person_24Years_Male_HispanicOrLatino_AsianAlone","[]","[]","[]","[CensusPEPSurvey_Race2000Onwards]"
"51","2020","Count_Person_24Years_Female_WhiteAlone","[]","[]","[]","[CensusPEPSurvey_Race2000Onwards]"
"51","2020","Count_Person_82Years_Male_HispanicOrLatino_AsianAlone","[]","[]","[]","[CensusPEPSurvey_Race2000Onwards]"
"51","2020","Count_Person_19Years_NativeHawaiianAndOtherPacificIslanderAlone","[]","[]","[]","[CensusPEPSurvey_Race2000Onwards]"
"51","2020","Count_Person_6Years_Female_BlackOrAfricanAmericanAlone","[]","[]","[]","[CensusPEPSurvey_Race2000Onwards]"
"51","2020","Count_Person_66Years_NotHispanicOrLatino_TwoOrMoreRaces","[]","[]","[]","[CensusPEPSurvey_Race2000Onwards]"
"51","2020","Count_Person_2Years_NotHispanicOrLatino_AsianAlone","[]","[]","[]","[CensusPEPSurvey_Race2000Onwards]"
"51","2020","Count_Person_39Years_Female_HispanicOrLatino_WhiteAlone","[]","[]","[]","[CensusPEPSurvey_Race2000Onwards]"
"51","2020","Count_Person_34Years_Female_NotHispanicOrLatino_TwoOrMoreRaces","[]","[]","[]","[CensusPEPSurvey_Race2000Onwards]"
"51","2020","Count_Person_16Years_Female_AmericanIndianAndAlaskaNativeAlone","[]","[]","[]","[CensusPEPSurvey_Race2000Onwards]"
"51","2020","Count_Person_29Years_Female_BlackOrAfricanAmericanAlone","[]","[]","[]","[CensusPEPSurvey_Race2000Onwards]"
"51","2020","Count_Person_45Years_NotHispanicOrLatino_AsianAlone","[]","[]","[]","[CensusPEPSurvey_Race2000Onwards]"
"51","2020","Count_Person_48Years_Female_AmericanIndianAndAlaskaNativeAlone","[]","[]","[]","[CensusPEPSurvey_Race2000Onwards]"
"51","2020","Count_Person_79Years_Female_NotHispanicOrLatino_NativeHawaiianAndOtherPacificIslanderAlone","[]","[]","[]","[CensusPEPSurvey_Race2000Onwards]"
"51","2020","Count_Person_28Years_Female_HispanicOrLatino_TwoOrMoreRaces","[]","[]","[]","[CensusPEPSurvey_Race2000Onwards]"
"51","2020","Count_Person_43Years_Male_HispanicOrLatino_TwoOrMoreRaces","[]","[]","[]","[CensusPEPSurvey_Race2000Onwards]"
"51","2020","Count_Person_65Years_NotHispanicOrLatino_TwoOrMoreRaces","[]","[]","[]","[CensusPEPSurvey_Race2000Onwards]"
"51","2020","Count_Person_83Years_Female_AmericanIndianAndAlaskaNativeAlone","[]","[]","[]","[CensusPEPSurvey_Race2000Onwards]"
"51","2020","Count_Person_55Years_Male_HispanicOrLatino_NativeHawaiianAndOtherPacificIslanderAlone","[]","[]","[]","[CensusPEPSurvey_Race2000Onwards]"
"51","2020","Count_Person_68Years_Male_NativeHawaiianAndOtherPacificIslanderAlone","[]","[]","[]","[CensusPEPSurvey_Race2000Onwards]"
"51","2020","Count_Person_77Years_Female_NativeHawaiianAndOtherPacificIslanderAlone","[]","[]","[]","[CensusPEPSurvey_Race2000Onwards]"
"51","2020","Count_Person_19Years_TwoOrMoreRaces","[]","[]","[]","[CensusPEPSurvey_Race2000Onwards]"
"51","2020","Count_Person_64Years_WhiteAlone","[]","[]","[]","[CensusPEPSurvey_Race2000Onwards]"
"51","2020","Count_Person_62Years_HispanicOrLatino_BlackOrAfricanAmericanAlone","[]","[]","[]","[CensusPEPSurvey_Race2000Onwards]"
"51","2020","Count_Person_35Years_Male_NotHispanicOrLatino_AmericanIndianAndAlaskaNativeAlone","[]","[]","[]","[CensusPEPSurvey_Race2000Onwards]"
"51","2020","Count_Person_37Years_Male_HispanicOrLatino_TwoOrMoreRaces","[]","[]","[]","[CensusPEPSurvey_Race2000Onwards]"
"51","2020","Count_Person_83Years_HispanicOrLatino_WhiteAlone","[]","[]","[]","[CensusPEPSurvey_Race2000Onwards]"
"51","2020","Count_Person_82Years_Male_NotHispanicOrLatino_NativeHawaiianAndOtherPacificIslanderAlone","[]","[]","[]","[CensusPEPSurvey_Race2000Onwards]"
"51","2020","Count_Person_82Years_WhiteAlone","[]","[]","[]","[CensusPEPSurvey_Race2000Onwards]"
"51","2020","Count_Person_17Years_Male_TwoOrMoreRaces","[]","[]","[]","[CensusPEPSurvey_Race2000Onwards]"
"51","2020","Count_Person_74Years_Female_HispanicOrLatino_WhiteAlone","[]","[]","[]","[CensusPEPSurvey_Race2000Onwards]"
"51","2020","Count_Person_75Years_Female_NativeHawaiianAndOtherPacificIslanderAlone","[]","[]","[]","[CensusPEPSurvey_Race2000Onwards]"
"51","2020","Count_Person_63Years_HispanicOrLatino_AmericanIndianAndAlaskaNativeAlone","[]","[]","[]","[CensusPEPSurvey_Race2000Onwards]"
"51","2020","Count_Person_12Years_Female_NotHispanicOrLatino_NativeHawaiianAndOtherPacificIslanderAlone","[]","[]","[]","[CensusPEPSurvey_Race2000Onwards]"
"51","2020","Count_Person_56Years_Female_NotHispanicOrLatino_WhiteAlone","[]","[]","[]","[CensusPEPSurvey_Race2000Onwards]"
"51","2020","Count_Person_53Years_Male_HispanicOrLatino_AsianAlone","[]","[]","[]","[CensusPEPSurvey_Race2000Onwards]"
"51","2020","Count_Person_64Years_Male_NotHispanicOrLatino_AmericanIndianAndAlaskaNativeAlone","[]","[]","[]","[CensusPEPSurvey_Race2000Onwards]"
"51","2020","Count_Person_9Years_Female_NotHispanicOrLatino_BlackOrAfricanAmericanAlone","[]","[]","[]","[CensusPEPSurvey_Race2000Onwards]"
"51","2020","Count_Person_46Years_WhiteAlone","[]","[]","[]","[CensusPEPSurvey_Race2000Onwards]"
"51","2020","Count_Person_42Years_Female_NativeHawaiianAndOtherPacificIslanderAlone","[]","[]","[]","[CensusPEPSurvey_Race2000Onwards]"
"51","2020","Count_Person_7Years_NotHispanicOrLatino_AsianAlone","[]","[]","[]","[CensusPEPSurvey_Race2000Onwards]"
"51","2020","Count_Person_32Years_AmericanIndianAndAlaskaNativeAlone","[]","[]","[]","[CensusPEPSurvey_Race2000Onwards]"
"51","2020","Count_Person_37Years_HispanicOrLatino_WhiteAlone","[]","[]","[]","[CensusPEPSurvey_Race2000Onwards]"
"51","2020","Count_Person_8Years_NotHispanicOrLatino_NativeHawaiianAndOtherPacificIslanderAlone","[]","[]","[]","[CensusPEPSurvey_Race2000Onwards]"
"51","2020","Count_Person_82Years_HispanicOrLatino_TwoOrMoreRaces","[]","[]","[]","[CensusPEPSurvey_Race2000Onwards]"
"51","2020","Count_Person_65Years_Female_NotHispanicOrLatino_AsianAlone","[]","[]","[]","[CensusPEPSurvey_Race2000Onwards]"
"51","2020","Count_Person_75Years_Female_AsianAlone","[]","[]","[]","[CensusPEPSurvey_Race2000Onwards]"
"51","2020","Count_Person_60Years_HispanicOrLatino_AmericanIndianAndAlaskaNativeAlone","[]","[]","[]","[CensusPEPSurvey_Race2000Onwards]"
"51","2020","Count_Person_10Years_Male_NotHispanicOrLatino_NativeHawaiianAndOtherPacificIslanderAlone","[]","[]","[]","[CensusPEPSurvey_Race2000Onwards]"
"51","2020","Count_Person_50Years_Female_HispanicOrLatino_TwoOrMoreRaces","[]","[]","[]","[CensusPEPSurvey_Race2000Onwards]"
"51","2020","Count_Person_31Years_WhiteAlone","[]","[]","[]","[CensusPEPSurvey_Race2000Onwards]"
"51","2020","Count_Person_12Years_Female_HispanicOrLatino_AmericanIndianAndAlaskaNativeAlone","[]","[]","[]","[CensusPEPSurvey_Race2000Onwards]"
"51","2020","Count_Person_48Years_Male_HispanicOrLatino_NativeHawaiianAndOtherPacificIslanderAlone","[]","[]","[]","[CensusPEPSurvey_Race2000Onwards]"
"51","2020","Count_Person_11Years_Female_WhiteAlone","[]","[]","[]","[CensusPEPSurvey_Race2000Onwards]"
"51","2020","Count_Person_4Years_NotHispanicOrLatino_WhiteAlone","[]","[]","[]","[CensusPEPSurvey_Race2000Onwards]"
"51","2020","Count_Person_49Years_NotHispanicOrLatino_AsianAlone","[]","[]","[]","[CensusPEPSurvey_Race2000Onwards]"
"51","2020","Count_Person_36Years_AsianAlone","[]","[]","[]","[CensusPEPSurvey_Race2000Onwards]"
"51","2020","Count_Person_Female_HispanicOrLatino_BlackOrAfricanAmericanAlone","[]","[]","[]","[dcAggregate/CensusPEPSurvey_Race2000Onwards]"
"51","2020","Count_Person_30Years_Female_AsianAlone","[]","[]","[]","[CensusPEPSurvey_Race2000Onwards]"
"51","2020","Count_Person_43Years_Female_WhiteAlone","[]","[]","[]","[CensusPEPSurvey_Race2000Onwards]"
"51","2020","Count_Person_62Years_Female_AsianAlone","[]","[]","[]","[CensusPEPSurvey_Race2000Onwards]"
"51","2020","Count_Person_5Years_NotHispanicOrLatino_WhiteAlone","[]","[]","[]","[CensusPEPSurvey_Race2000Onwards]"
"51","2020","Count_Person_43Years_Female_HispanicOrLatino_TwoOrMoreRaces","[]","[]","[]","[CensusPEPSurvey_Race2000Onwards]"
"51","2020","Count_Person_27Years_NotHispanicOrLatino_BlackOrAfricanAmericanAlone","[]","[]","[]","[CensusPEPSurvey_Race2000Onwards]"
"51","2020","Count_Person_1Years_Female_NativeHawaiianAndOtherPacificIslanderAlone","[]","[]","[]","[CensusPEPSurvey_Race2000Onwards]"
"51","2020","Count_Person_15Years_Male_TwoOrMoreRaces","[]","[]","[]","[CensusPEPSurvey_Race2000Onwards]"
"51","2020","Count_Person_26Years_Female_TwoOrMoreRaces","[]","[]","[]","[CensusPEPSurvey_Race2000Onwards]"
"51","2020","Count_Person_65Years_TwoOrMoreRaces","[]","[]","[]","[CensusPEPSurvey_Race2000Onwards]"
"51","2020","Count_Person_21Years_Female_HispanicOrLatino_BlackOrAfricanAmericanAlone","[]","[]","[]","[CensusPEPSurvey_Race2000Onwards]"
"51","2020","Count_Person_47Years_Male_NotHispanicOrLatino_NativeHawaiianAndOtherPacificIslanderAlone","[]","[]","[]","[CensusPEPSurvey_Race2000Onwards]"
"51","2020","Count_Person_28Years_Female_NativeHawaiianAndOtherPacificIslanderAlone","[]","[]","[]","[CensusPEPSurvey_Race2000Onwards]"
"51","2020","Count_Person_24Years_BlackOrAfricanAmericanAlone","[]","[]","[]","[CensusPEPSurvey_Race2000Onwards]"
"51","2020","Count_Person_20Years_Female_HispanicOrLatino_TwoOrMoreRaces","[]","[]","[]","[CensusPEPSurvey_Race2000Onwards]"
"51","2020","Count_Person_13Years_NotHispanicOrLatino_NativeHawaiianAndOtherPacificIslanderAlone","[]","[]","[]","[CensusPEPSurvey_Race2000Onwards]"
"51","2020","Count_Person_39Years_Female_HispanicOrLatino_AsianAlone","[]","[]","[]","[CensusPEPSurvey_Race2000Onwards]"
"51","2020","Count_Person_15Years_Female_NotHispanicOrLatino_AmericanIndianAndAlaskaNativeAlone","[]","[]","[]","[CensusPEPSurvey_Race2000Onwards]"
"51","2020","Count_Person_12Years_Male_NotHispanicOrLatino_TwoOrMoreRaces","[]","[]","[]","[CensusPEPSurvey_Race2000Onwards]"
"51","2020","Count_Person_35Years_Female_HispanicOrLatino_TwoOrMoreRaces","[]","[]","[]","[CensusPEPSurvey_Race2000Onwards]"
"51","2020","Count_Person_67Years_Female_NativeHawaiianAndOtherPacificIslanderAlone","[]","[]","[]","[CensusPEPSurvey_Race2000Onwards]"
"51","2020","Count_Person_52Years_Male_HispanicOrLatino_TwoOrMoreRaces","[]","[]","[]","[CensusPEPSurvey_Race2000Onwards]"
"51","2020","Count_Person_36Years_Male_TwoOrMoreRaces","[]","[]","[]","[CensusPEPSurvey_Race2000Onwards]"
"51","2020","Count_Person_39Years_Female_NotHispanicOrLatino_WhiteAlone","[]","[]","[]","[CensusPEPSurvey_Race2000Onwards]"
"51","2020","Count_Person_78Years_NotHispanicOrLatino_BlackOrAfricanAmericanAlone","[]","[]","[]","[CensusPEPSurvey_Race2000Onwards]"
"51","2020","Count_Person_17Years_NotHispanicOrLatino_AmericanIndianAndAlaskaNativeAlone","[]","[]","[]","[CensusPEPSurvey_Race2000Onwards]"
"51","2020","Count_Person_46Years_Male_HispanicOrLatino_NativeHawaiianAndOtherPacificIslanderAlone","[]","[]","[]","[CensusPEPSurvey_Race2000Onwards]"
"51","2020","Count_Person_85Years_Male_TwoOrMoreRaces","[]","[]","[]","[CensusPEPSurvey_Race2000Onwards]"
"51","2020","Count_Person_48Years_NotHispanicOrLatino_AsianAlone","[]","[]","[]","[CensusPEPSurvey_Race2000Onwards]"
"51","2020","Count_Person_36Years_Female_NativeHawaiianAndOtherPacificIslanderAlone","[]","[]","[]","[CensusPEPSurvey_Race2000Onwards]"
"51","2020","Count_Person_49Years_NotHispanicOrLatino_TwoOrMoreRaces","[]","[]","[]","[CensusPEPSurvey_Race2000Onwards]"
"51","2020","Count_Person_18Years_AsianAlone","[]","[]","[]","[CensusPEPSurvey_Race2000Onwards]"
"51","2020","Count_Person_50Years_Female_NotHispanicOrLatino_NativeHawaiianAndOtherPacificIslanderAlone","[]","[]","[]","[CensusPEPSurvey_Race2000Onwards]"
"51","2020","Count_Person_21Years_AsianAlone","[]","[]","[]","[CensusPEPSurvey_Race2000Onwards]"
"51","2020","Count_Person_31Years_Male_NotHispanicOrLatino_AsianAlone","[]","[]","[]","[CensusPEPSurvey_Race2000Onwards]"
"51","2020","Count_Person_43Years_Male_NotHispanicOrLatino_WhiteAlone","[]","[]","[]","[CensusPEPSurvey_Race2000Onwards]"
"51","2020","Count_Person_44Years_NotHispanicOrLatino_AmericanIndianAndAlaskaNativeAlone","[]","[]","[]","[CensusPEPSurvey_Race2000Onwards]"
"51","2020","Count_Person_40Years_NotHispanicOrLatino_WhiteAlone","[]","[]","[]","[CensusPEPSurvey_Race2000Onwards]"
"51","2020","Count_Person_13Years_BlackOrAfricanAmericanAlone","[]","[]","[]","[CensusPEPSurvey_Race2000Onwards]"
"51","2020","Count_Person_61Years_Male_HispanicOrLatino_AsianAlone","[]","[]","[]","[CensusPEPSurvey_Race2000Onwards]"
"51","2020","Count_Person_51Years_Female_NotHispanicOrLatino_WhiteAlone","[]","[]","[]","[CensusPEPSurvey_Race2000Onwards]"
"51","2020","Count_Person_47Years_NotHispanicOrLatino_AsianAlone","[]","[]","[]","[CensusPEPSurvey_Race2000Onwards]"
"51","2020","Count_Person_5Years_Female_WhiteAlone","[]","[]","[]","[CensusPEPSurvey_Race2000Onwards]"
"51","2020","Count_Person_16Years_Female_NotHispanicOrLatino_AmericanIndianAndAlaskaNativeAlone","[]","[]","[]","[CensusPEPSurvey_Race2000Onwards]"
"51","2020","Count_Person_15Years_TwoOrMoreRaces","[]","[]","[]","[CensusPEPSurvey_Race2000Onwards]"
"51","2020","Count_Person_72Years_WhiteAlone","[]","[]","[]","[CensusPEPSurvey_Race2000Onwards]"
"51","2020","Count_Person_33Years_Male_NotHispanicOrLatino_BlackOrAfricanAmericanAlone","[]","[]","[]","[CensusPEPSurvey_Race2000Onwards]"
"51","2020","Count_Person_83Years_Male_NativeHawaiianAndOtherPacificIslanderAlone","[]","[]","[]","[CensusPEPSurvey_Race2000Onwards]"
"51","2020","Count_Person_29Years_Female_WhiteAlone","[]","[]","[]","[CensusPEPSurvey_Race2000Onwards]"
"51","2020","Count_Person_67Years_Male_NotHispanicOrLatino_BlackOrAfricanAmericanAlone","[]","[]","[]","[CensusPEPSurvey_Race2000Onwards]"
"51","2020","Count_Person_79Years_HispanicOrLatino_BlackOrAfricanAmericanAlone","[]","[]","[]","[CensusPEPSurvey_Race2000Onwards]"
"51","2020","Count_Person_41Years_NotHispanicOrLatino_WhiteAlone","[]","[]","[]","[CensusPEPSurvey_Race2000Onwards]"
"51","2020","Count_Person_16Years_AmericanIndianAndAlaskaNativeAlone","[]","[]","[]","[CensusPEPSurvey_Race2000Onwards]"
"51","2020","Count_Person_59Years_Female_HispanicOrLatino_AmericanIndianAndAlaskaNativeAlone","[]","[]","[]","[CensusPEPSurvey_Race2000Onwards]"
"51","2020","Count_Person_61Years_Female_TwoOrMoreRaces","[]","[]","[]","[CensusPEPSurvey_Race2000Onwards]"
"51","2020","Count_Person_0Years_Female_HispanicOrLatino_WhiteAlone","[]","[]","[]","[CensusPEPSurvey_Race2000Onwards]"
"51","2020","Count_Person_29Years_Male_NotHispanicOrLatino_AsianAlone","[]","[]","[]","[CensusPEPSurvey_Race2000Onwards]"
"51","2020","Count_Person_47Years_Male_AmericanIndianAndAlaskaNativeAlone","[]","[]","[]","[CensusPEPSurvey_Race2000Onwards]"
"51","2020","Count_Person_15Years_NotHispanicOrLatino_NativeHawaiianAndOtherPacificIslanderAlone","[]","[]","[]","[CensusPEPSurvey_Race2000Onwards]"
"51","2020","Count_Person_43Years_Female_NotHispanicOrLatino_NativeHawaiianAndOtherPacificIslanderAlone","[]","[]","[]","[CensusPEPSurvey_Race2000Onwards]"
"51","2020","Count_Person_55Years_Female_AmericanIndianAndAlaskaNativeAlone","[]","[]","[]","[CensusPEPSurvey_Race2000Onwards]"
"51","2020","Count_Person_69Years_WhiteAlone","[]","[]","[]","[CensusPEPSurvey_Race2000Onwards]"
"51","2020","Count_Person_Male_HispanicOrLatino_BlackOrAfricanAmericanAlone","[]","[]","[]","[dcAggregate/CensusPEPSurvey_Race2000Onwards]"
"51","2020","Count_Person_24Years_Male_NativeHawaiianAndOtherPacificIslanderAlone","[]","[]","[]","[CensusPEPSurvey_Race2000Onwards]"
"51","2020","Count_Person_50Years_NotHispanicOrLatino_AmericanIndianAndAlaskaNativeAlone","[]","[]","[]","[CensusPEPSurvey_Race2000Onwards]"
"51","2020","Count_Person_15Years_HispanicOrLatino_AsianAlone","[]","[]","[]","[CensusPEPSurvey_Race2000Onwards]"
"51","2020","Count_Person_62Years_Female_HispanicOrLatino_TwoOrMoreRaces","[]","[]","[]","[CensusPEPSurvey_Race2000Onwards]"
"51","2020","Count_Person_83Years_Female_NotHispanicOrLatino_WhiteAlone","[]","[]","[]","[CensusPEPSurvey_Race2000Onwards]"
"51","2020","Count_Person_60Years_Male_HispanicOrLatino_NativeHawaiianAndOtherPacificIslanderAlone","[]","[]","[]","[CensusPEPSurvey_Race2000Onwards]"
"51","2020","Count_Person_33Years_NotHispanicOrLatino_WhiteAlone","[]","[]","[]","[CensusPEPSurvey_Race2000Onwards]"
"51","2020","Count_Person_51Years_NativeHawaiianAndOtherPacificIslanderAlone","[]","[]","[]","[CensusPEPSurvey_Race2000Onwards]"
"51","2020","Count_Person_55Years_NotHispanicOrLatino_NativeHawaiianAndOtherPacificIslanderAlone","[]","[]","[]","[CensusPEPSurvey_Race2000Onwards]"
"51","2020","Count_Person_64Years_Male_NotHispanicOrLatino_TwoOrMoreRaces","[]","[]","[]","[CensusPEPSurvey_Race2000Onwards]"
"51","2020","Count_Person_23Years_Female_TwoOrMoreRaces","[]","[]","[]","[CensusPEPSurvey_Race2000Onwards]"
"51","2020","Count_Person_46Years_NotHispanicOrLatino_AsianAlone","[]","[]","[]","[CensusPEPSurvey_Race2000Onwards]"
"51","2020","Count_Person_30Years_Male_HispanicOrLatino_AsianAlone","[]","[]","[]","[CensusPEPSurvey_Race2000Onwards]"
"51","2020","Count_Person_63Years_Female_HispanicOrLatino_BlackOrAfricanAmericanAlone","[]","[]","[]","[CensusPEPSurvey_Race2000Onwards]"
"51","2020","Count_Person_17Years_Female_NotHispanicOrLatino_AmericanIndianAndAlaskaNativeAlone","[]","[]","[]","[CensusPEPSurvey_Race2000Onwards]"
"51","2020","Count_Person_14Years_HispanicOrLatino_AmericanIndianAndAlaskaNativeAlone","[]","[]","[]","[CensusPEPSurvey_Race2000Onwards]"
"51","2020","Count_Person_8Years_Male_HispanicOrLatino_AmericanIndianAndAlaskaNativeAlone","[]","[]","[]","[CensusPEPSurvey_Race2000Onwards]"
"51","2020","Count_Person_23Years_NotHispanicOrLatino_AmericanIndianAndAlaskaNativeAlone","[]","[]","[]","[CensusPEPSurvey_Race2000Onwards]"
"51","2020","Count_Person_61Years_TwoOrMoreRaces","[]","[]","[]","[CensusPEPSurvey_Race2000Onwards]"
"51","2020","Count_Person_63Years_Female_HispanicOrLatino_AmericanIndianAndAlaskaNativeAlone","[]","[]","[]","[CensusPEPSurvey_Race2000Onwards]"
"51","2020","Count_Person_0Years_Male_NotHispanicOrLatino_TwoOrMoreRaces","[]","[]","[]","[CensusPEPSurvey_Race2000Onwards]"
"51","2020","Count_Person_26Years_HispanicOrLatino_AsianAlone","[]","[]","[]","[CensusPEPSurvey_Race2000Onwards]"
"51","2020","Count_Person_62Years_Male_HispanicOrLatino_AmericanIndianAndAlaskaNativeAlone","[]","[]","[]","[CensusPEPSurvey_Race2000Onwards]"
"51","2020","Count_Person_39Years_Male_HispanicOrLatino_AmericanIndianAndAlaskaNativeAlone","[]","[]","[]","[CensusPEPSurvey_Race2000Onwards]"
"51","2020","Count_Person_70Years_Male_NotHispanicOrLatino_TwoOrMoreRaces","[]","[]","[]","[CensusPEPSurvey_Race2000Onwards]"
"51","2020","Count_Person_4Years_HispanicOrLatino_AmericanIndianAndAlaskaNativeAlone","[]","[]","[]","[CensusPEPSurvey_Race2000Onwards]"
"51","2020","Count_Person_55Years_Female_NotHispanicOrLatino_BlackOrAfricanAmericanAlone","[]","[]","[]","[CensusPEPSurvey_Race2000Onwards]"
"51","2020","Count_Person_1Years_Male_HispanicOrLatino_TwoOrMoreRaces","[]","[]","[]","[CensusPEPSurvey_Race2000Onwards]"
"51","2020","Count_Person_74Years_Female_NotHispanicOrLatino_AsianAlone","[]","[]","[]","[CensusPEPSurvey_Race2000Onwards]"
"51","2020","Count_Person_69Years_Female_AmericanIndianAndAlaskaNativeAlone","[]","[]","[]","[CensusPEPSurvey_Race2000Onwards]"
"51","2020","Count_Person_77Years_Male_AsianAlone","[]","[]","[]","[CensusPEPSurvey_Race2000Onwards]"
"51","2020","Count_Person_40Years_Female_HispanicOrLatino_AsianAlone","[]","[]","[]","[CensusPEPSurvey_Race2000Onwards]"
"51","2020","Count_Person_36Years_Male_NotHispanicOrLatino_AsianAlone","[]","[]","[]","[CensusPEPSurvey_Race2000Onwards]"
"51","2020","Count_Person_48Years_HispanicOrLatino_AsianAlone","[]","[]","[]","[CensusPEPSurvey_Race2000Onwards]"
"51","2020","Count_Person_80Years_TwoOrMoreRaces","[]","[]","[]","[CensusPEPSurvey_Race2000Onwards]"
"51","2020","Count_Person_79Years_NotHispanicOrLatino_BlackOrAfricanAmericanAlone","[]","[]","[]","[CensusPEPSurvey_Race2000Onwards]"
"51","2020","Count_Person_27Years_Female_BlackOrAfricanAmericanAlone","[]","[]","[]","[CensusPEPSurvey_Race2000Onwards]"
"51","2020","Count_Person_42Years_Female_NotHispanicOrLatino_AsianAlone","[]","[]","[]","[CensusPEPSurvey_Race2000Onwards]"
"51","2020","Count_Person_56Years_NativeHawaiianAndOtherPacificIslanderAlone","[]","[]","[]","[CensusPEPSurvey_Race2000Onwards]"
"51","2020","Count_Person_48Years_Female_AsianAlone","[]","[]","[]","[CensusPEPSurvey_Race2000Onwards]"
"51","2020","Count_Person_0Years_HispanicOrLatino_TwoOrMoreRaces","[]","[]","[]","[CensusPEPSurvey_Race2000Onwards]"
"51","2020","Count_Person_18Years_Female_NotHispanicOrLatino_NativeHawaiianAndOtherPacificIslanderAlone","[]","[]","[]","[CensusPEPSurvey_Race2000Onwards]"
"51","2020","Count_Person_39Years_NotHispanicOrLatino_AsianAlone","[]","[]","[]","[CensusPEPSurvey_Race2000Onwards]"
"51","2020","Count_Person_53Years_Male_AmericanIndianAndAlaskaNativeAlone","[]","[]","[]","[CensusPEPSurvey_Race2000Onwards]"
"51","2020","Count_Person_57Years_HispanicOrLatino_TwoOrMoreRaces","[]","[]","[]","[CensusPEPSurvey_Race2000Onwards]"
"51","2020","Count_Person_80Years_Male_NotHispanicOrLatino_WhiteAlone","[]","[]","[]","[CensusPEPSurvey_Race2000Onwards]"
"51","2020","Count_Person_43Years_HispanicOrLatino_TwoOrMoreRaces","[]","[]","[]","[CensusPEPSurvey_Race2000Onwards]"
"51","2020","Count_Person_22Years_Male_NotHispanicOrLatino_AsianAlone","[]","[]","[]","[CensusPEPSurvey_Race2000Onwards]"
"51","2020","Count_Person_37Years_HispanicOrLatino_AsianAlone","[]","[]","[]","[CensusPEPSurvey_Race2000Onwards]"
"51","2020","Count_Person_14Years_Female_NotHispanicOrLatino_AmericanIndianAndAlaskaNativeAlone","[]","[]","[]","[CensusPEPSurvey_Race2000Onwards]"
"51","2020","Count_Person_42Years_HispanicOrLatino_AmericanIndianAndAlaskaNativeAlone","[]","[]","[]","[CensusPEPSurvey_Race2000Onwards]"
"51","2020","Count_Person_9Years_NotHispanicOrLatino_NativeHawaiianAndOtherPacificIslanderAlone","[]","[]","[]","[CensusPEPSurvey_Race2000Onwards]"
"51","2020","Count_Person_64Years_Female_WhiteAlone","[]","[]","[]","[CensusPEPSurvey_Race2000Onwards]"
"51","2020","Count_Person_80Years_NativeHawaiianAndOtherPacificIslanderAlone","[]","[]","[]","[CensusPEPSurvey_Race2000Onwards]"
"51","2020","Count_Person_4Years_WhiteAlone","[]","[]","[]","[CensusPEPSurvey_Race2000Onwards]"
"51","2020","Count_Person_44Years_Female_BlackOrAfricanAmericanAlone","[]","[]","[]","[CensusPEPSurvey_Race2000Onwards]"
"51","2020","Count_Person_57Years_Male_WhiteAlone","[]","[]","[]","[CensusPEPSurvey_Race2000Onwards]"
"51","2020","Count_Person_59Years_Female_NativeHawaiianAndOtherPacificIslanderAlone","[]","[]","[]","[CensusPEPSurvey_Race2000Onwards]"
"51","2020","Count_Person_7Years_NotHispanicOrLatino_WhiteAlone","[]","[]","[]","[CensusPEPSurvey_Race2000Onwards]"
"51","2020","Count_Person_26Years_Female_NativeHawaiianAndOtherPacificIslanderAlone","[]","[]","[]","[CensusPEPSurvey_Race2000Onwards]"
"51","2020","Count_Person_29Years_Male_WhiteAlone","[]","[]","[]","[CensusPEPSurvey_Race2000Onwards]"
"51","2020","Count_Person_44Years_Male_NotHispanicOrLatino_AmericanIndianAndAlaskaNativeAlone","[]","[]","[]","[CensusPEPSurvey_Race2000Onwards]"
"51","2020","Count_Person_56Years_HispanicOrLatino_TwoOrMoreRaces","[]","[]","[]","[CensusPEPSurvey_Race2000Onwards]"
"51","2020","Count_Person_58Years_Female_HispanicOrLatino_TwoOrMoreRaces","[]","[]","[]","[CensusPEPSurvey_Race2000Onwards]"
"51","2020","Count_Person_2Years_Male_AsianAlone","[]","[]","[]","[CensusPEPSurvey_Race2000Onwards]"
"51","2020","Count_Person_74Years_Male_HispanicOrLatino_TwoOrMoreRaces","[]","[]","[]","[CensusPEPSurvey_Race2000Onwards]"
"51","2020","Count_Person_21Years_Male_AsianAlone","[]","[]","[]","[CensusPEPSurvey_Race2000Onwards]"
"51","2020","Count_Person_63Years_Male_AsianAlone","[]","[]","[]","[CensusPEPSurvey_Race2000Onwards]"
"51","2020","Count_Person_23Years_Female_HispanicOrLatino_AsianAlone","[]","[]","[]","[CensusPEPSurvey_Race2000Onwards]"
"51","2020","Count_Person_20Years_Female_HispanicOrLatino_WhiteAlone","[]","[]","[]","[CensusPEPSurvey_Race2000Onwards]"
"51","2020","Count_Person_35Years_Male_AsianAlone","[]","[]","[]","[CensusPEPSurvey_Race2000Onwards]"
"51","2020","Count_Person_66Years_NotHispanicOrLatino_AmericanIndianAndAlaskaNativeAlone","[]","[]","[]","[CensusPEPSurvey_Race2000Onwards]"
"51","2020","Count_Person_78Years_Male_NotHispanicOrLatino_WhiteAlone","[]","[]","[]","[CensusPEPSurvey_Race2000Onwards]"
"51","2020","Count_Person_15Years_Male_WhiteAlone","[]","[]","[]","[CensusPEPSurvey_Race2000Onwards]"
"51","2020","Count_Person_32Years_Male_NotHispanicOrLatino_BlackOrAfricanAmericanAlone","[]","[]","[]","[CensusPEPSurvey_Race2000Onwards]"
"51","2020","Count_Person_46Years_TwoOrMoreRaces","[]","[]","[]","[CensusPEPSurvey_Race2000Onwards]"
"51","2020","Count_Person_36Years_Female_TwoOrMoreRaces","[]","[]","[]","[CensusPEPSurvey_Race2000Onwards]"
"51","2020","Count_Person_39Years_Female_TwoOrMoreRaces","[]","[]","[]","[CensusPEPSurvey_Race2000Onwards]"
"51","2020","Count_Person_48Years_NotHispanicOrLatino_WhiteAlone","[]","[]","[]","[CensusPEPSurvey_Race2000Onwards]"
"51","2020","Count_Person_81Years_Female_HispanicOrLatino_TwoOrMoreRaces","[]","[]","[]","[CensusPEPSurvey_Race2000Onwards]"
"51","2020","Count_Person_30Years_Female_NotHispanicOrLatino_TwoOrMoreRaces","[]","[]","[]","[CensusPEPSurvey_Race2000Onwards]"
"51","2020","Count_Person_34Years_Female_NativeHawaiianAndOtherPacificIslanderAlone","[]","[]","[]","[CensusPEPSurvey_Race2000Onwards]"
"51","2020","Count_Person_6Years_Female_NotHispanicOrLatino_AsianAlone","[]","[]","[]","[CensusPEPSurvey_Race2000Onwards]"
"51","2020","Count_Person_38Years_Male_NotHispanicOrLatino_WhiteAlone","[]","[]","[]","[CensusPEPSurvey_Race2000Onwards]"
"51","2020","Count_Person_67Years_Male_AmericanIndianAndAlaskaNativeAlone","[]","[]","[]","[CensusPEPSurvey_Race2000Onwards]"
"51","2020","Count_Person_29Years_Female_AsianAlone","[]","[]","[]","[CensusPEPSurvey_Race2000Onwards]"
"51","2020","Count_Person_8Years_Male_NotHispanicOrLatino_AmericanIndianAndAlaskaNativeAlone","[]","[]","[]","[CensusPEPSurvey_Race2000Onwards]"
"51","2020","Count_Person_43Years_Male_NotHispanicOrLatino_BlackOrAfricanAmericanAlone","[]","[]","[]","[CensusPEPSurvey_Race2000Onwards]"
"51","2020","Count_Person_13Years_AmericanIndianAndAlaskaNativeAlone","[]","[]","[]","[CensusPEPSurvey_Race2000Onwards]"
"51","2020","Count_Person_66Years_Male_HispanicOrLatino_NativeHawaiianAndOtherPacificIslanderAlone","[]","[]","[]","[CensusPEPSurvey_Race2000Onwards]"
"51","2020","Count_Person_11Years_WhiteAlone","[]","[]","[]","[CensusPEPSurvey_Race2000Onwards]"
"51","2020","Count_Person_31Years_Male_HispanicOrLatino_AmericanIndianAndAlaskaNativeAlone","[]","[]","[]","[CensusPEPSurvey_Race2000Onwards]"
"51","2020","Count_Person_85Years_Male_NotHispanicOrLatino_NativeHawaiianAndOtherPacificIslanderAlone","[]","[]","[]","[CensusPEPSurvey_Race2000Onwards]"
"51","2020","Count_Person_51Years_Female_NotHispanicOrLatino_AsianAlone","[]","[]","[]","[CensusPEPSurvey_Race2000Onwards]"
"51","2020","Count_Person_73Years_Female_NotHispanicOrLatino_TwoOrMoreRaces","[]","[]","[]","[CensusPEPSurvey_Race2000Onwards]"
"51","2020","Count_Person_61Years_NotHispanicOrLatino_AmericanIndianAndAlaskaNativeAlone","[]","[]","[]","[CensusPEPSurvey_Race2000Onwards]"
"51","2020","Count_Person_60Years_Male_HispanicOrLatino_AmericanIndianAndAlaskaNativeAlone","[]","[]","[]","[CensusPEPSurvey_Race2000Onwards]"
"51","2020","Count_Person_49Years_NotHispanicOrLatino_WhiteAlone","[]","[]","[]","[CensusPEPSurvey_Race2000Onwards]"
"51","2020","Count_Person_81Years_Female_AsianAlone","[]","[]","[]","[CensusPEPSurvey_Race2000Onwards]"
"51","2020","Count_Person_27Years_Female_NotHispanicOrLatino_TwoOrMoreRaces","[]","[]","[]","[CensusPEPSurvey_Race2000Onwards]"
"51","2020","Count_Person_59Years_HispanicOrLatino_AsianAlone","[]","[]","[]","[CensusPEPSurvey_Race2000Onwards]"
"51","2020","Count_Person_2Years_Female_HispanicOrLatino_TwoOrMoreRaces","[]","[]","[]","[CensusPEPSurvey_Race2000Onwards]"
"51","2020","Count_Person_46Years_NotHispanicOrLatino_TwoOrMoreRaces","[]","[]","[]","[CensusPEPSurvey_Race2000Onwards]"
"51","2020","Count_Person_50Years_Male_NotHispanicOrLatino_TwoOrMoreRaces","[]","[]","[]","[CensusPEPSurvey_Race2000Onwards]"
"51","2020","Count_Person_51Years_Male_NotHispanicOrLatino_NativeHawaiianAndOtherPacificIslanderAlone","[]","[]","[]","[CensusPEPSurvey_Race2000Onwards]"
"51","2020","Count_Person_39Years_Female_NotHispanicOrLatino_AsianAlone","[]","[]","[]","[CensusPEPSurvey_Race2000Onwards]"
"51","2020","Count_Person_60Years_Male_HispanicOrLatino_BlackOrAfricanAmericanAlone","[]","[]","[]","[CensusPEPSurvey_Race2000Onwards]"
"51","2020","Count_Person_5Years_NotHispanicOrLatino_AsianAlone","[]","[]","[]","[CensusPEPSurvey_Race2000Onwards]"
"51","2020","Count_Person_83Years_AmericanIndianAndAlaskaNativeAlone","[]","[]","[]","[CensusPEPSurvey_Race2000Onwards]"
"51","2020","Count_Person_15Years_Female_HispanicOrLatino_AmericanIndianAndAlaskaNativeAlone","[]","[]","[]","[CensusPEPSurvey_Race2000Onwards]"
"51","2020","Count_Person_74Years_Female_NotHispanicOrLatino_WhiteAlone","[]","[]","[]","[CensusPEPSurvey_Race2000Onwards]"
"51","2020","Count_Person_76Years_Female_HispanicOrLatino_BlackOrAfricanAmericanAlone","[]","[]","[]","[CensusPEPSurvey_Race2000Onwards]"
"51","2020","Count_Person_54Years_WhiteAlone","[]","[]","[]","[CensusPEPSurvey_Race2000Onwards]"
"51","2020","Count_Person_31Years_NotHispanicOrLatino_WhiteAlone","[]","[]","[]","[CensusPEPSurvey_Race2000Onwards]"
"51","2020","Count_Person_38Years_Male_NotHispanicOrLatino_TwoOrMoreRaces","[]","[]","[]","[CensusPEPSurvey_Race2000Onwards]"
"51","2020","Count_Person_85Years_Male_NotHispanicOrLatino_WhiteAlone","[]","[]","[]","[CensusPEPSurvey_Race2000Onwards]"
"51","2020","Count_Person_73Years_Male_AmericanIndianAndAlaskaNativeAlone","[]","[]","[]","[CensusPEPSurvey_Race2000Onwards]"
"51","2020","Count_Person_21Years_Female_HispanicOrLatino_AsianAlone","[]","[]","[]","[CensusPEPSurvey_Race2000Onwards]"
"51","2020","Count_Person_59Years_Female_AmericanIndianAndAlaskaNativeAlone","[]","[]","[]","[CensusPEPSurvey_Race2000Onwards]"
"51","2020","Count_Person_78Years_Male_NotHispanicOrLatino_BlackOrAfricanAmericanAlone","[]","[]","[]","[CensusPEPSurvey_Race2000Onwards]"
"51","2020","Count_Person_16Years_Female_HispanicOrLatino_TwoOrMoreRaces","[]","[]","[]","[CensusPEPSurvey_Race2000Onwards]"
"51","2020","Count_Person_11Years_Female_AsianAlone","[]","[]","[]","[CensusPEPSurvey_Race2000Onwards]"
"51","2020","Count_Person_65Years_Male_NotHispanicOrLatino_AmericanIndianAndAlaskaNativeAlone","[]","[]","[]","[CensusPEPSurvey_Race2000Onwards]"
"51","2020","Count_Person_4Years_NotHispanicOrLatino_AsianAlone","[]","[]","[]","[CensusPEPSurvey_Race2000Onwards]"
"51","2020","Count_Person_45Years_Male_NotHispanicOrLatino_WhiteAlone","[]","[]","[]","[CensusPEPSurvey_Race2000Onwards]"
"51","2020","Count_Person_26Years_WhiteAlone","[]","[]","[]","[CensusPEPSurvey_Race2000Onwards]"
"51","2020","Count_Person_85Years_Male_NotHispanicOrLatino_AmericanIndianAndAlaskaNativeAlone","[]","[]","[]","[CensusPEPSurvey_Race2000Onwards]"
"51","2020","Count_Person_36Years_WhiteAlone","[]","[]","[]","[CensusPEPSurvey_Race2000Onwards]"
"51","2020","Count_Person_46Years_Female_BlackOrAfricanAmericanAlone","[]","[]","[]","[CensusPEPSurvey_Race2000Onwards]"
"51","2020","Count_Person_37Years_Male_HispanicOrLatino_AmericanIndianAndAlaskaNativeAlone","[]","[]","[]","[CensusPEPSurvey_Race2000Onwards]"
"51","2020","Count_Person_63Years_HispanicOrLatino_TwoOrMoreRaces","[]","[]","[]","[CensusPEPSurvey_Race2000Onwards]"
"51","2020","Count_Person_84Years_TwoOrMoreRaces","[]","[]","[]","[CensusPEPSurvey_Race2000Onwards]"
"51","2020","Count_Person_28Years_NotHispanicOrLatino_BlackOrAfricanAmericanAlone","[]","[]","[]","[CensusPEPSurvey_Race2000Onwards]"
"51","2020","Count_Person_14Years_Male_NotHispanicOrLatino_AmericanIndianAndAlaskaNativeAlone","[]","[]","[]","[CensusPEPSurvey_Race2000Onwards]"
"51","2020","Count_Person_70Years_HispanicOrLatino_AmericanIndianAndAlaskaNativeAlone","[]","[]","[]","[CensusPEPSurvey_Race2000Onwards]"
"51","2020","Count_Person_34Years_Male_NotHispanicOrLatino_AmericanIndianAndAlaskaNativeAlone","[]","[]","[]","[CensusPEPSurvey_Race2000Onwards]"
"51","2020","Count_Person_66Years_Female_HispanicOrLatino_AmericanIndianAndAlaskaNativeAlone","[]","[]","[]","[CensusPEPSurvey_Race2000Onwards]"
"51","2020","Count_Person_60Years_Female_NotHispanicOrLatino_AsianAlone","[]","[]","[]","[CensusPEPSurvey_Race2000Onwards]"
"51","2020","Count_Person_4Years_NotHispanicOrLatino_AmericanIndianAndAlaskaNativeAlone","[]","[]","[]","[CensusPEPSurvey_Race2000Onwards]"
"51","2020","Count_Person_23Years_Female_NotHispanicOrLatino_TwoOrMoreRaces","[]","[]","[]","[CensusPEPSurvey_Race2000Onwards]"
"51","2020","Count_Person_14Years_Female_HispanicOrLatino_BlackOrAfricanAmericanAlone","[]","[]","[]","[CensusPEPSurvey_Race2000Onwards]"
"51","2020","Count_Person_21Years_Male_AmericanIndianAndAlaskaNativeAlone","[]","[]","[]","[CensusPEPSurvey_Race2000Onwards]"
"51","2020","Count_Person_79Years_BlackOrAfricanAmericanAlone","[]","[]","[]","[CensusPEPSurvey_Race2000Onwards]"
"51","2020","Count_Person_84Years_AmericanIndianAndAlaskaNativeAlone","[]","[]","[]","[CensusPEPSurvey_Race2000Onwards]"
"51","2020","Count_Person_2Years_HispanicOrLatino_NativeHawaiianAndOtherPacificIslanderAlone","[]","[]","[]","[CensusPEPSurvey_Race2000Onwards]"
"51","2020","Count_Person_57Years_BlackOrAfricanAmericanAlone","[]","[]","[]","[CensusPEPSurvey_Race2000Onwards]"
"51","2020","Count_Person_36Years_Male_NotHispanicOrLatino_WhiteAlone","[]","[]","[]","[CensusPEPSurvey_Race2000Onwards]"
"51","2020","Count_Person_33Years_Male_HispanicOrLatino_AmericanIndianAndAlaskaNativeAlone","[]","[]","[]","[CensusPEPSurvey_Race2000Onwards]"
"51","2020","Count_Person_76Years_Female_AmericanIndianAndAlaskaNativeAlone","[]","[]","[]","[CensusPEPSurvey_Race2000Onwards]"
"51","2020","Count_Person_70Years_Female_HispanicOrLatino_AmericanIndianAndAlaskaNativeAlone","[]","[]","[]","[CensusPEPSurvey_Race2000Onwards]"
"51","2020","Count_Person_49Years_NotHispanicOrLatino_AmericanIndianAndAlaskaNativeAlone","[]","[]","[]","[CensusPEPSurvey_Race2000Onwards]"
"51","2020","Count_Person_48Years_Female_HispanicOrLatino_BlackOrAfricanAmericanAlone","[]","[]","[]","[CensusPEPSurvey_Race2000Onwards]"
"51","2020","Count_Person_69Years_Female_NativeHawaiianAndOtherPacificIslanderAlone","[]","[]","[]","[CensusPEPSurvey_Race2000Onwards]"
"51","2020","Count_Person_47Years_NotHispanicOrLatino_TwoOrMoreRaces","[]","[]","[]","[CensusPEPSurvey_Race2000Onwards]"
"51","2020","Count_Person_42Years_Male_HispanicOrLatino_NativeHawaiianAndOtherPacificIslanderAlone","[]","[]","[]","[CensusPEPSurvey_Race2000Onwards]"
"51","2020","Count_Person_12Years_Female_AmericanIndianAndAlaskaNativeAlone","[]","[]","[]","[CensusPEPSurvey_Race2000Onwards]"
"51","2020","Count_Person_68Years_BlackOrAfricanAmericanAlone","[]","[]","[]","[CensusPEPSurvey_Race2000Onwards]"
"51","2020","Count_Person_2Years_Female_NotHispanicOrLatino_NativeHawaiianAndOtherPacificIslanderAlone","[]","[]","[]","[CensusPEPSurvey_Race2000Onwards]"
"51","2020","Count_Person_55Years_NotHispanicOrLatino_AmericanIndianAndAlaskaNativeAlone","[]","[]","[]","[CensusPEPSurvey_Race2000Onwards]"
"51","2020","Count_Person_42Years_NotHispanicOrLatino_BlackOrAfricanAmericanAlone","[]","[]","[]","[CensusPEPSurvey_Race2000Onwards]"
"51","2020","Count_Person_14Years_Male_NotHispanicOrLatino_NativeHawaiianAndOtherPacificIslanderAlone","[]","[]","[]","[CensusPEPSurvey_Race2000Onwards]"
"51","2020","Count_Person_42Years_Female_HispanicOrLatino_BlackOrAfricanAmericanAlone","[]","[]","[]","[CensusPEPSurvey_Race2000Onwards]"
"51","2020","Count_Person_22Years_Female_HispanicOrLatino_WhiteAlone","[]","[]","[]","[CensusPEPSurvey_Race2000Onwards]"
"51","2020","Count_Person_25Years_Female_NotHispanicOrLatino_NativeHawaiianAndOtherPacificIslanderAlone","[]","[]","[]","[CensusPEPSurvey_Race2000Onwards]"
"51","2020","Count_Person_14Years_AmericanIndianAndAlaskaNativeAlone","[]","[]","[]","[CensusPEPSurvey_Race2000Onwards]"
"51","2020","Count_Person_42Years_Female_NotHispanicOrLatino_WhiteAlone","[]","[]","[]","[CensusPEPSurvey_Race2000Onwards]"
"51","2020","Count_Person_32Years_NotHispanicOrLatino_WhiteAlone","[]","[]","[]","[CensusPEPSurvey_Race2000Onwards]"
"51","2020","Count_Person_35Years_NativeHawaiianAndOtherPacificIslanderAlone","[]","[]","[]","[CensusPEPSurvey_Race2000Onwards]"
"51","2020","Count_Person_6Years_NotHispanicOrLatino_WhiteAlone","[]","[]","[]","[CensusPEPSurvey_Race2000Onwards]"
"51","2020","Count_Person_43Years_Male_NotHispanicOrLatino_NativeHawaiianAndOtherPacificIslanderAlone","[]","[]","[]","[CensusPEPSurvey_Race2000Onwards]"
"51","2020","Count_Person_80Years_NotHispanicOrLatino_NativeHawaiianAndOtherPacificIslanderAlone","[]","[]","[]","[CensusPEPSurvey_Race2000Onwards]"
"51","2020","Count_Person_30Years_Female_WhiteAlone","[]","[]","[]","[CensusPEPSurvey_Race2000Onwards]"
"51","2020","Count_Person_82Years_Male_NotHispanicOrLatino_BlackOrAfricanAmericanAlone","[]","[]","[]","[CensusPEPSurvey_Race2000Onwards]"
"51","2020","Count_Person_0Years_Female_AsianAlone","[]","[]","[]","[CensusPEPSurvey_Race2000Onwards]"
"51","2020","Count_Person_15Years_Male_AsianAlone","[]","[]","[]","[CensusPEPSurvey_Race2000Onwards]"
"51","2020","Count_Person_2Years_HispanicOrLatino_WhiteAlone","[]","[]","[]","[CensusPEPSurvey_Race2000Onwards]"
"51","2020","Count_Person_64Years_Female_TwoOrMoreRaces","[]","[]","[]","[CensusPEPSurvey_Race2000Onwards]"
"51","2020","Count_Person_75Years_Male_NotHispanicOrLatino_AmericanIndianAndAlaskaNativeAlone","[]","[]","[]","[CensusPEPSurvey_Race2000Onwards]"
"51","2020","Count_Person_35Years_BlackOrAfricanAmericanAlone","[]","[]","[]","[CensusPEPSurvey_Race2000Onwards]"
"51","2020","Count_Person_60Years_Male_NativeHawaiianAndOtherPacificIslanderAlone","[]","[]","[]","[CensusPEPSurvey_Race2000Onwards]"
"51","2020","Count_Person_23Years_Female_HispanicOrLatino_WhiteAlone","[]","[]","[]","[CensusPEPSurvey_Race2000Onwards]"
"51","2020","Count_Person_15Years_AmericanIndianAndAlaskaNativeAlone","[]","[]","[]","[CensusPEPSurvey_Race2000Onwards]"
"51","2020","Count_Person_12Years_HispanicOrLatino_TwoOrMoreRaces","[]","[]","[]","[CensusPEPSurvey_Race2000Onwards]"
"51","2020","Count_Person_9Years_Female_NotHispanicOrLatino_TwoOrMoreRaces","[]","[]","[]","[CensusPEPSurvey_Race2000Onwards]"
"51","2020","Count_Person_57Years_Male_AsianAlone","[]","[]","[]","[CensusPEPSurvey_Race2000Onwards]"
"51","2020","Count_Person_15Years_Male_AmericanIndianAndAlaskaNativeAlone","[]","[]","[]","[CensusPEPSurvey_Race2000Onwards]"
"51","2020","Count_Person_38Years_Female_NotHispanicOrLatino_BlackOrAfricanAmericanAlone","[]","[]","[]","[CensusPEPSurvey_Race2000Onwards]"
"51","2020","Count_Person_21Years_Male_WhiteAlone","[]","[]","[]","[CensusPEPSurvey_Race2000Onwards]"
"51","2020","Count_Person_24Years_HispanicOrLatino_BlackOrAfricanAmericanAlone","[]","[]","[]","[CensusPEPSurvey_Race2000Onwards]"
"51","2020","Count_Person_2Years_Male_WhiteAlone","[]","[]","[]","[CensusPEPSurvey_Race2000Onwards]"
"51","2020","Count_Person_77Years_Female_HispanicOrLatino_TwoOrMoreRaces","[]","[]","[]","[CensusPEPSurvey_Race2000Onwards]"
"51","2020","Count_Person_44Years_Male_NotHispanicOrLatino_TwoOrMoreRaces","[]","[]","[]","[CensusPEPSurvey_Race2000Onwards]"
"51","2020","Count_Person_24Years_Male_NotHispanicOrLatino_AmericanIndianAndAlaskaNativeAlone","[]","[]","[]","[CensusPEPSurvey_Race2000Onwards]"
"51","2020","Count_Person_80Years_Male_NotHispanicOrLatino_AsianAlone","[]","[]","[]","[CensusPEPSurvey_Race2000Onwards]"
"51","2020","Count_Person_4Years_AsianAlone","[]","[]","[]","[CensusPEPSurvey_Race2000Onwards]"
"51","2020","Count_Person_29Years_Male_AsianAlone","[]","[]","[]","[CensusPEPSurvey_Race2000Onwards]"
"51","2020","Count_Person_70Years_Female_HispanicOrLatino_BlackOrAfricanAmericanAlone","[]","[]","[]","[CensusPEPSurvey_Race2000Onwards]"
"51","2020","Count_Person_46Years_BlackOrAfricanAmericanAlone","[]","[]","[]","[CensusPEPSurvey_Race2000Onwards]"
"51","2020","Count_Person_44Years_Female_NotHispanicOrLatino_BlackOrAfricanAmericanAlone","[]","[]","[]","[CensusPEPSurvey_Race2000Onwards]"
"51","2020","Count_Person_20Years_Female_HispanicOrLatino_AsianAlone","[]","[]","[]","[CensusPEPSurvey_Race2000Onwards]"
"51","2020","Count_Person_63Years_Male_WhiteAlone","[]","[]","[]","[CensusPEPSurvey_Race2000Onwards]"
"51","2020","Count_Person_47Years_Male_NativeHawaiianAndOtherPacificIslanderAlone","[]","[]","[]","[CensusPEPSurvey_Race2000Onwards]"
"51","2020","Count_Person_48Years_Female_WhiteAlone","[]","[]","[]","[CensusPEPSurvey_Race2000Onwards]"
"51","2020","Count_Person_48Years_NotHispanicOrLatino_TwoOrMoreRaces","[]","[]","[]","[CensusPEPSurvey_Race2000Onwards]"
"51","2020","Count_Person_58Years_Male_NotHispanicOrLatino_TwoOrMoreRaces","[]","[]","[]","[CensusPEPSurvey_Race2000Onwards]"
"51","2020","Count_Person_8Years_Male_NotHispanicOrLatino_TwoOrMoreRaces","[]","[]","[]","[CensusPEPSurvey_Race2000Onwards]"
"51","2020","Count_Person_38Years_Male_NotHispanicOrLatino_AsianAlone","[]","[]","[]","[CensusPEPSurvey_Race2000Onwards]"
"51","2020","Count_Person_35Years_Male_HispanicOrLatino_AmericanIndianAndAlaskaNativeAlone","[]","[]","[]","[CensusPEPSurvey_Race2000Onwards]"
"51","2020","Count_Person_47Years_Female_BlackOrAfricanAmericanAlone","[]","[]","[]","[CensusPEPSurvey_Race2000Onwards]"
"51","2020","Count_Person_77Years_Male_WhiteAlone","[]","[]","[]","[CensusPEPSurvey_Race2000Onwards]"
"51","2020","Count_Person_41Years_Male_AsianAlone","[]","[]","[]","[CensusPEPSurvey_Race2000Onwards]"
"51","2020","Count_Person_9Years_TwoOrMoreRaces","[]","[]","[]","[CensusPEPSurvey_Race2000Onwards]"
"51","2020","Count_Person_50Years_NativeHawaiianAndOtherPacificIslanderAlone","[]","[]","[]","[CensusPEPSurvey_Race2000Onwards]"
"51","2020","Count_Person_80Years_Male_HispanicOrLatino_BlackOrAfricanAmericanAlone","[]","[]","[]","[CensusPEPSurvey_Race2000Onwards]"
"51","2020","Count_Person_78Years_Female_NotHispanicOrLatino_AsianAlone","[]","[]","[]","[CensusPEPSurvey_Race2000Onwards]"
"51","2020","Count_Person_82Years_Female_NotHispanicOrLatino_WhiteAlone","[]","[]","[]","[CensusPEPSurvey_Race2000Onwards]"
"51","2020","Count_Person_37Years_Female_HispanicOrLatino_WhiteAlone","[]","[]","[]","[CensusPEPSurvey_Race2000Onwards]"
"51","2020","Count_Person_23Years_Female_NotHispanicOrLatino_AmericanIndianAndAlaskaNativeAlone","[]","[]","[]","[CensusPEPSurvey_Race2000Onwards]"
"51","2020","Count_Person_60Years_Female_HispanicOrLatino_BlackOrAfricanAmericanAlone","[]","[]","[]","[CensusPEPSurvey_Race2000Onwards]"
"51","2020","Count_Person_60Years_Female_BlackOrAfricanAmericanAlone","[]","[]","[]","[CensusPEPSurvey_Race2000Onwards]"
"51","2020","Count_Person_26Years_Female_NotHispanicOrLatino_AmericanIndianAndAlaskaNativeAlone","[]","[]","[]","[CensusPEPSurvey_Race2000Onwards]"
"51","2020","Count_Person_22Years_Male_HispanicOrLatino_WhiteAlone","[]","[]","[]","[CensusPEPSurvey_Race2000Onwards]"
"51","2020","Count_Person_4Years_BlackOrAfricanAmericanAlone","[]","[]","[]","[CensusPEPSurvey_Race2000Onwards]"
"51","2020","Count_Person_55Years_Female_HispanicOrLatino_AsianAlone","[]","[]","[]","[CensusPEPSurvey_Race2000Onwards]"
"51","2020","Count_Person_66Years_Male_HispanicOrLatino_WhiteAlone","[]","[]","[]","[CensusPEPSurvey_Race2000Onwards]"
"51","2020","Count_Person_48Years_AmericanIndianAndAlaskaNativeAlone","[]","[]","[]","[CensusPEPSurvey_Race2000Onwards]"
"51","2020","Count_Person_25Years_HispanicOrLatino_AmericanIndianAndAlaskaNativeAlone","[]","[]","[]","[CensusPEPSurvey_Race2000Onwards]"
"51","2020","Count_Person_10Years_Male_NotHispanicOrLatino_WhiteAlone","[]","[]","[]","[CensusPEPSurvey_Race2000Onwards]"
"51","2020","Count_Person_32Years_NotHispanicOrLatino_AsianAlone","[]","[]","[]","[CensusPEPSurvey_Race2000Onwards]"
"51","2020","Count_Person_21Years_Female_NotHispanicOrLatino_AmericanIndianAndAlaskaNativeAlone","[]","[]","[]","[CensusPEPSurvey_Race2000Onwards]"
"51","2020","Count_Person_56Years_WhiteAlone","[]","[]","[]","[CensusPEPSurvey_Race2000Onwards]"
"51","2020","Count_Person_12Years_Female_BlackOrAfricanAmericanAlone","[]","[]","[]","[CensusPEPSurvey_Race2000Onwards]"
"51","2020","Count_Person_46Years_Male_BlackOrAfricanAmericanAlone","[]","[]","[]","[CensusPEPSurvey_Race2000Onwards]"
"51","2020","Count_Person_55Years_HispanicOrLatino_WhiteAlone","[]","[]","[]","[CensusPEPSurvey_Race2000Onwards]"
"51","2020","Count_Person_77Years_Female_WhiteAlone","[]","[]","[]","[CensusPEPSurvey_Race2000Onwards]"
"51","2020","Count_Person_Female_NotHispanicOrLatino_NativeHawaiianAndOtherPacificIslanderAlone","[]","[]","[]","[dcAggregate/CensusPEPSurvey_Race2000Onwards]"
"51","2020","Count_Person_44Years_Female_NotHispanicOrLatino_TwoOrMoreRaces","[]","[]","[]","[CensusPEPSurvey_Race2000Onwards]"
"51","2020","Count_Person_32Years_NotHispanicOrLatino_TwoOrMoreRaces","[]","[]","[]","[CensusPEPSurvey_Race2000Onwards]"
"51","2020","Count_Person_59Years_WhiteAlone","[]","[]","[]","[CensusPEPSurvey_Race2000Onwards]"
"51","2020","Count_Person_62Years_WhiteAlone","[]","[]","[]","[CensusPEPSurvey_Race2000Onwards]"
"51","2020","Count_Person_34Years_Male_TwoOrMoreRaces","[]","[]","[]","[CensusPEPSurvey_Race2000Onwards]"
"51","2020","Count_Person_77Years_HispanicOrLatino_WhiteAlone","[]","[]","[]","[CensusPEPSurvey_Race2000Onwards]"
"51","2020","Count_Person_43Years_Female_BlackOrAfricanAmericanAlone","[]","[]","[]","[CensusPEPSurvey_Race2000Onwards]"
"51","2020","Count_Person_11Years_AsianAlone","[]","[]","[]","[CensusPEPSurvey_Race2000Onwards]"
"51","2020","Count_Person_44Years_WhiteAlone","[]","[]","[]","[CensusPEPSurvey_Race2000Onwards]"
"51","2020","Count_Person_32Years_Female_HispanicOrLatino_BlackOrAfricanAmericanAlone","[]","[]","[]","[CensusPEPSurvey_Race2000Onwards]"
"51","2020","Count_Person_12Years_Female_NotHispanicOrLatino_TwoOrMoreRaces","[]","[]","[]","[CensusPEPSurvey_Race2000Onwards]"
"51","2020","Count_Person_5Years_Male_HispanicOrLatino_NativeHawaiianAndOtherPacificIslanderAlone","[]","[]","[]","[CensusPEPSurvey_Race2000Onwards]"
"51","2020","Count_Person_22Years_Female_NotHispanicOrLatino_NativeHawaiianAndOtherPacificIslanderAlone","[]","[]","[]","[CensusPEPSurvey_Race2000Onwards]"
"51","2020","Count_Person_49Years_Female_TwoOrMoreRaces","[]","[]","[]","[CensusPEPSurvey_Race2000Onwards]"
"51","2020","Count_Person_32Years_Female_NativeHawaiianAndOtherPacificIslanderAlone","[]","[]","[]","[CensusPEPSurvey_Race2000Onwards]"
"51","2020","Count_Person_56Years_Male_HispanicOrLatino_BlackOrAfricanAmericanAlone","[]","[]","[]","[CensusPEPSurvey_Race2000Onwards]"
"51","2020","Count_Person_11Years_HispanicOrLatino_WhiteAlone","[]","[]","[]","[CensusPEPSurvey_Race2000Onwards]"
"51","2020","Count_Person_49Years_Female_NotHispanicOrLatino_TwoOrMoreRaces","[]","[]","[]","[CensusPEPSurvey_Race2000Onwards]"
"51","2020","Count_Person_24Years_Female_HispanicOrLatino_AsianAlone","[]","[]","[]","[CensusPEPSurvey_Race2000Onwards]"
"51","2020","Count_Person_6Years_NotHispanicOrLatino_NativeHawaiianAndOtherPacificIslanderAlone","[]","[]","[]","[CensusPEPSurvey_Race2000Onwards]"
"51","2020","Count_Person_22Years_Male_NotHispanicOrLatino_BlackOrAfricanAmericanAlone","[]","[]","[]","[CensusPEPSurvey_Race2000Onwards]"
"51","2020","Count_Person_18Years_NotHispanicOrLatino_AmericanIndianAndAlaskaNativeAlone","[]","[]","[]","[CensusPEPSurvey_Race2000Onwards]"
"51","2020","Count_Person_27Years_Male_HispanicOrLatino_AmericanIndianAndAlaskaNativeAlone","[]","[]","[]","[CensusPEPSurvey_Race2000Onwards]"
"51","2020","Count_Person_29Years_HispanicOrLatino_BlackOrAfricanAmericanAlone","[]","[]","[]","[CensusPEPSurvey_Race2000Onwards]"
"51","2020","Count_Person_83Years_Female_NotHispanicOrLatino_AsianAlone","[]","[]","[]","[CensusPEPSurvey_Race2000Onwards]"
"51","2020","Count_Person_71Years_Male_NotHispanicOrLatino_AsianAlone","[]","[]","[]","[CensusPEPSurvey_Race2000Onwards]"
"51","2020","Count_Person_80Years_Male_AsianAlone","[]","[]","[]","[CensusPEPSurvey_Race2000Onwards]"
"51","2020","Count_Person_55Years_Male_TwoOrMoreRaces","[]","[]","[]","[CensusPEPSurvey_Race2000Onwards]"
"51","2020","Count_Person_45Years_Female_WhiteAlone","[]","[]","[]","[CensusPEPSurvey_Race2000Onwards]"
"51","2020","Count_Person_3Years_Male_HispanicOrLatino_NativeHawaiianAndOtherPacificIslanderAlone","[]","[]","[]","[CensusPEPSurvey_Race2000Onwards]"
"51","2020","Count_Person_15Years_NotHispanicOrLatino_TwoOrMoreRaces","[]","[]","[]","[CensusPEPSurvey_Race2000Onwards]"
"51","2020","Count_Person_40Years_Female_HispanicOrLatino_AmericanIndianAndAlaskaNativeAlone","[]","[]","[]","[CensusPEPSurvey_Race2000Onwards]"
"51","2020","Count_Person_29Years_Female_HispanicOrLatino_AmericanIndianAndAlaskaNativeAlone","[]","[]","[]","[CensusPEPSurvey_Race2000Onwards]"
"51","2020","Count_Person_48Years_Female_NotHispanicOrLatino_AsianAlone","[]","[]","[]","[CensusPEPSurvey_Race2000Onwards]"
"51","2020","Count_Person_35Years_Male_AmericanIndianAndAlaskaNativeAlone","[]","[]","[]","[CensusPEPSurvey_Race2000Onwards]"
"51","2020","Count_Person_16Years_Male_NativeHawaiianAndOtherPacificIslanderAlone","[]","[]","[]","[CensusPEPSurvey_Race2000Onwards]"
"51","2020","Count_Person_75Years_HispanicOrLatino_TwoOrMoreRaces","[]","[]","[]","[CensusPEPSurvey_Race2000Onwards]"
"51","2020","Count_Person_65Years_AmericanIndianAndAlaskaNativeAlone","[]","[]","[]","[CensusPEPSurvey_Race2000Onwards]"
"51","2020","Count_Person_79Years_Female_HispanicOrLatino_BlackOrAfricanAmericanAlone","[]","[]","[]","[CensusPEPSurvey_Race2000Onwards]"
"51","2020","Count_Person_51Years_Male_HispanicOrLatino_AsianAlone","[]","[]","[]","[CensusPEPSurvey_Race2000Onwards]"
"51","2020","Count_Person_18Years_Male_AsianAlone","[]","[]","[]","[CensusPEPSurvey_Race2000Onwards]"
"51","2020","Count_Person_42Years_NativeHawaiianAndOtherPacificIslanderAlone","[]","[]","[]","[CensusPEPSurvey_Race2000Onwards]"
"51","2020","Count_Person_63Years_NotHispanicOrLatino_TwoOrMoreRaces","[]","[]","[]","[CensusPEPSurvey_Race2000Onwards]"
"51","2020","Count_Person_38Years_Female_NotHispanicOrLatino_AsianAlone","[]","[]","[]","[CensusPEPSurvey_Race2000Onwards]"
"51","2020","Count_Person_31Years_Male_HispanicOrLatino_BlackOrAfricanAmericanAlone","[]","[]","[]","[CensusPEPSurvey_Race2000Onwards]"
"51","2020","Count_Person_0Years_Male_TwoOrMoreRaces","[]","[]","[]","[CensusPEPSurvey_Race2000Onwards]"
"51","2020","Count_Person_38Years_WhiteAlone","[]","[]","[]","[CensusPEPSurvey_Race2000Onwards]"
"51","2020","Count_Person_22Years_NativeHawaiianAndOtherPacificIslanderAlone","[]","[]","[]","[CensusPEPSurvey_Race2000Onwards]"
"51","2020","Count_Person_7Years_Female_WhiteAlone","[]","[]","[]","[CensusPEPSurvey_Race2000Onwards]"
"51","2020","Count_Person_34Years_NotHispanicOrLatino_AsianAlone","[]","[]","[]","[CensusPEPSurvey_Race2000Onwards]"
"51","2020","Count_Person_52Years_AmericanIndianAndAlaskaNativeAlone","[]","[]","[]","[CensusPEPSurvey_Race2000Onwards]"
"51","2020","Count_Person_17Years_AmericanIndianAndAlaskaNativeAlone","[]","[]","[]","[CensusPEPSurvey_Race2000Onwards]"
"51","2020","Count_Person_76Years_NotHispanicOrLatino_AmericanIndianAndAlaskaNativeAlone","[]","[]","[]","[CensusPEPSurvey_Race2000Onwards]"
"51","2020","Count_Person_67Years_Female_AsianAlone","[]","[]","[]","[CensusPEPSurvey_Race2000Onwards]"
"51","2020","Count_Person_24Years_Female_NativeHawaiianAndOtherPacificIslanderAlone","[]","[]","[]","[CensusPEPSurvey_Race2000Onwards]"
"51","2020","Count_Person_53Years_HispanicOrLatino_AmericanIndianAndAlaskaNativeAlone","[]","[]","[]","[CensusPEPSurvey_Race2000Onwards]"
"51","2020","Count_Person_69Years_BlackOrAfricanAmericanAlone","[]","[]","[]","[CensusPEPSurvey_Race2000Onwards]"
"51","2020","Count_Person_77Years_Female_NotHispanicOrLatino_TwoOrMoreRaces","[]","[]","[]","[CensusPEPSurvey_Race2000Onwards]"
"51","2020","Count_Person_16Years_Male_HispanicOrLatino_AsianAlone","[]","[]","[]","[CensusPEPSurvey_Race2000Onwards]"
"51","2020","Count_Person_78Years_Male_HispanicOrLatino_AsianAlone","[]","[]","[]","[CensusPEPSurvey_Race2000Onwards]"
"51","2020","Count_Person_85Years_Male_HispanicOrLatino_AmericanIndianAndAlaskaNativeAlone","[]","[]","[]","[CensusPEPSurvey_Race2000Onwards]"
"51","2020","Count_Person_74Years_WhiteAlone","[]","[]","[]","[CensusPEPSurvey_Race2000Onwards]"
"51","2020","Count_Person_77Years_WhiteAlone","[]","[]","[]","[CensusPEPSurvey_Race2000Onwards]"
"51","2020","Count_Person_81Years_Female_WhiteAlone","[]","[]","[]","[CensusPEPSurvey_Race2000Onwards]"
"51","2020","Count_Person_47Years_BlackOrAfricanAmericanAlone","[]","[]","[]","[CensusPEPSurvey_Race2000Onwards]"
"51","2020","Count_Person_54Years_Male_NotHispanicOrLatino_BlackOrAfricanAmericanAlone","[]","[]","[]","[CensusPEPSurvey_Race2000Onwards]"
"51","2020","Count_Person_2Years_HispanicOrLatino_AsianAlone","[]","[]","[]","[CensusPEPSurvey_Race2000Onwards]"
"51","2020","Count_Person_80Years_WhiteAlone","[]","[]","[]","[CensusPEPSurvey_Race2000Onwards]"
"51","2020","Count_Person_41Years_WhiteAlone","[]","[]","[]","[CensusPEPSurvey_Race2000Onwards]"
"51","2020","Count_Person_73Years_Male_NotHispanicOrLatino_AmericanIndianAndAlaskaNativeAlone","[]","[]","[]","[CensusPEPSurvey_Race2000Onwards]"
"51","2020","Count_Person_8Years_Female_AmericanIndianAndAlaskaNativeAlone","[]","[]","[]","[CensusPEPSurvey_Race2000Onwards]"
"51","2020","Count_Person_71Years_Female_HispanicOrLatino_WhiteAlone","[]","[]","[]","[CensusPEPSurvey_Race2000Onwards]"
"51","2020","Count_Person_33Years_Male_NotHispanicOrLatino_AmericanIndianAndAlaskaNativeAlone","[]","[]","[]","[CensusPEPSurvey_Race2000Onwards]"
"51","2020","Count_Person_76Years_HispanicOrLatino_WhiteAlone","[]","[]","[]","[CensusPEPSurvey_Race2000Onwards]"
"51","2020","Count_Person_54Years_Female_HispanicOrLatino_WhiteAlone","[]","[]","[]","[CensusPEPSurvey_Race2000Onwards]"
"51","2020","Count_Person_28Years_Female_NotHispanicOrLatino_AmericanIndianAndAlaskaNativeAlone","[]","[]","[]","[CensusPEPSurvey_Race2000Onwards]"
"51","2020","Count_Person_39Years_Male_NotHispanicOrLatino_NativeHawaiianAndOtherPacificIslanderAlone","[]","[]","[]","[CensusPEPSurvey_Race2000Onwards]"
"51","2020","Count_Person_43Years_Female_NotHispanicOrLatino_BlackOrAfricanAmericanAlone","[]","[]","[]","[CensusPEPSurvey_Race2000Onwards]"
"51","2020","Count_Person_67Years_Male_NativeHawaiianAndOtherPacificIslanderAlone","[]","[]","[]","[CensusPEPSurvey_Race2000Onwards]"
"51","2020","Count_Person_72Years_NotHispanicOrLatino_AmericanIndianAndAlaskaNativeAlone","[]","[]","[]","[CensusPEPSurvey_Race2000Onwards]"
"51","2020","Count_Person_81Years_Male_BlackOrAfricanAmericanAlone","[]","[]","[]","[CensusPEPSurvey_Race2000Onwards]"
"51","2020","Count_Person_49Years_HispanicOrLatino_BlackOrAfricanAmericanAlone","[]","[]","[]","[CensusPEPSurvey_Race2000Onwards]"
"51","2020","Count_Person_69Years_Male_NotHispanicOrLatino_TwoOrMoreRaces","[]","[]","[]","[CensusPEPSurvey_Race2000Onwards]"
"51","2020","Count_Person_35Years_AmericanIndianAndAlaskaNativeAlone","[]","[]","[]","[CensusPEPSurvey_Race2000Onwards]"
"51","2020","Count_Person_30Years_HispanicOrLatino_BlackOrAfricanAmericanAlone","[]","[]","[]","[CensusPEPSurvey_Race2000Onwards]"
"51","2020","Count_Person_Female_AmericanIndianAndAlaskaNativeAlone","[]","[]","[]","[dcAggregate/CensusPEPSurvey_Race2000Onwards]"
"51","2020","Count_Person_43Years_Female_NotHispanicOrLatino_AsianAlone","[]","[]","[]","[CensusPEPSurvey_Race2000Onwards]"
"51","2020","Count_Person_3Years_Male_AmericanIndianAndAlaskaNativeAlone","[]","[]","[]","[CensusPEPSurvey_Race2000Onwards]"
"51","2020","Count_Person_39Years_Female_NotHispanicOrLatino_BlackOrAfricanAmericanAlone","[]","[]","[]","[CensusPEPSurvey_Race2000Onwards]"
"51","2020","Count_Person_33Years_HispanicOrLatino_WhiteAlone","[]","[]","[]","[CensusPEPSurvey_Race2000Onwards]"
"51","2020","Count_Person_45Years_Female_NotHispanicOrLatino_TwoOrMoreRaces","[]","[]","[]","[CensusPEPSurvey_Race2000Onwards]"
"51","2020","Count_Person_81Years_HispanicOrLatino_AmericanIndianAndAlaskaNativeAlone","[]","[]","[]","[CensusPEPSurvey_Race2000Onwards]"
"51","2020","Count_Person_12Years_NotHispanicOrLatino_NativeHawaiianAndOtherPacificIslanderAlone","[]","[]","[]","[CensusPEPSurvey_Race2000Onwards]"
"51","2020","Count_Person_18Years_Male_NotHispanicOrLatino_TwoOrMoreRaces","[]","[]","[]","[CensusPEPSurvey_Race2000Onwards]"
"51","2020","Count_Person_82Years_Male_NotHispanicOrLatino_AsianAlone","[]","[]","[]","[CensusPEPSurvey_Race2000Onwards]"
"51","2020","Count_Person_80Years_NotHispanicOrLatino_TwoOrMoreRaces","[]","[]","[]","[CensusPEPSurvey_Race2000Onwards]"
"51","2020","Count_Person_43Years_NotHispanicOrLatino_BlackOrAfricanAmericanAlone","[]","[]","[]","[CensusPEPSurvey_Race2000Onwards]"
"51","2020","Count_Person_0Years_NotHispanicOrLatino_BlackOrAfricanAmericanAlone","[]","[]","[]","[CensusPEPSurvey_Race2000Onwards]"
"51","2020","Count_Person_8Years_Female_BlackOrAfricanAmericanAlone","[]","[]","[]","[CensusPEPSurvey_Race2000Onwards]"
"51","2020","Count_Person_41Years_Male_AmericanIndianAndAlaskaNativeAlone","[]","[]","[]","[CensusPEPSurvey_Race2000Onwards]"
"51","2020","Count_Person_18Years_Male_NativeHawaiianAndOtherPacificIslanderAlone","[]","[]","[]","[CensusPEPSurvey_Race2000Onwards]"
"51","2020","Count_Person_27Years_Male_NotHispanicOrLatino_AmericanIndianAndAlaskaNativeAlone","[]","[]","[]","[CensusPEPSurvey_Race2000Onwards]"
"51","2020","Count_Person_12Years_AmericanIndianAndAlaskaNativeAlone","[]","[]","[]","[CensusPEPSurvey_Race2000Onwards]"
"51","2020","Count_Person_80Years_Male_NotHispanicOrLatino_BlackOrAfricanAmericanAlone","[]","[]","[]","[CensusPEPSurvey_Race2000Onwards]"
"51","2020","Count_Person_28Years_NotHispanicOrLatino_TwoOrMoreRaces","[]","[]","[]","[CensusPEPSurvey_Race2000Onwards]"
"51","2020","Count_Person_67Years_Male_NotHispanicOrLatino_AmericanIndianAndAlaskaNativeAlone","[]","[]","[]","[CensusPEPSurvey_Race2000Onwards]"
"51","2020","Count_Person_45Years_Male_NotHispanicOrLatino_BlackOrAfricanAmericanAlone","[]","[]","[]","[CensusPEPSurvey_Race2000Onwards]"
"51","2020","Count_Person_74Years_Female_TwoOrMoreRaces","[]","[]","[]","[CensusPEPSurvey_Race2000Onwards]"
"51","2020","Count_Person_67Years_NotHispanicOrLatino_TwoOrMoreRaces","[]","[]","[]","[CensusPEPSurvey_Race2000Onwards]"
"51","2020","Count_Person_51Years_Female_TwoOrMoreRaces","[]","[]","[]","[CensusPEPSurvey_Race2000Onwards]"
"51","2020","Count_Person_52Years_Male_HispanicOrLatino_BlackOrAfricanAmericanAlone","[]","[]","[]","[CensusPEPSurvey_Race2000Onwards]"
"51","2020","Count_Person_60Years_Male_TwoOrMoreRaces","[]","[]","[]","[CensusPEPSurvey_Race2000Onwards]"
"51","2020","Count_Person_21Years_NotHispanicOrLatino_BlackOrAfricanAmericanAlone","[]","[]","[]","[CensusPEPSurvey_Race2000Onwards]"
"51","2020","Count_Person_1Years_Female_TwoOrMoreRaces","[]","[]","[]","[CensusPEPSurvey_Race2000Onwards]"
"51","2020","Count_Person_18Years_Male_HispanicOrLatino_TwoOrMoreRaces","[]","[]","[]","[CensusPEPSurvey_Race2000Onwards]"
"51","2020","Count_Person_43Years_Male_WhiteAlone","[]","[]","[]","[CensusPEPSurvey_Race2000Onwards]"
"51","2020","Count_Person_17Years_Female_NotHispanicOrLatino_WhiteAlone","[]","[]","[]","[CensusPEPSurvey_Race2000Onwards]"
"51","2020","Count_Person_31Years_Male_NativeHawaiianAndOtherPacificIslanderAlone","[]","[]","[]","[CensusPEPSurvey_Race2000Onwards]"
"51","2020","Count_Person_29Years_Female_NotHispanicOrLatino_AsianAlone","[]","[]","[]","[CensusPEPSurvey_Race2000Onwards]"
"51","2020","Count_Person_33Years_Male_HispanicOrLatino_NativeHawaiianAndOtherPacificIslanderAlone","[]","[]","[]","[CensusPEPSurvey_Race2000Onwards]"
"51","2020","Count_Person_41Years_NotHispanicOrLatino_NativeHawaiianAndOtherPacificIslanderAlone","[]","[]","[]","[CensusPEPSurvey_Race2000Onwards]"
"51","2020","Count_Person_13Years_Female_AsianAlone","[]","[]","[]","[CensusPEPSurvey_Race2000Onwards]"
"51","2020","Count_Person_69Years_Male_AsianAlone","[]","[]","[]","[CensusPEPSurvey_Race2000Onwards]"
"51","2020","Count_Person_40Years_Male_HispanicOrLatino_WhiteAlone","[]","[]","[]","[CensusPEPSurvey_Race2000Onwards]"
"51","2020","Count_Person_22Years_Female_AmericanIndianAndAlaskaNativeAlone","[]","[]","[]","[CensusPEPSurvey_Race2000Onwards]"
"51","2020","Count_Person_1Years_Male_AmericanIndianAndAlaskaNativeAlone","[]","[]","[]","[CensusPEPSurvey_Race2000Onwards]"
"51","2020","Count_Person_Male_AsianAlone","[]","[]","[]","[dcAggregate/CensusPEPSurvey_Race2000Onwards]"
"51","2020","Count_Person_68Years_Male_HispanicOrLatino_TwoOrMoreRaces","[]","[]","[]","[CensusPEPSurvey_Race2000Onwards]"
"51","2020","Count_Person_25Years_HispanicOrLatino_BlackOrAfricanAmericanAlone","[]","[]","[]","[CensusPEPSurvey_Race2000Onwards]"
"51","2020","Count_Person_71Years_Male_HispanicOrLatino_NativeHawaiianAndOtherPacificIslanderAlone","[]","[]","[]","[CensusPEPSurvey_Race2000Onwards]"
"51","2020","Count_Person_73Years_Female_NativeHawaiianAndOtherPacificIslanderAlone","[]","[]","[]","[CensusPEPSurvey_Race2000Onwards]"
"51","2020","Count_Person_82Years_Male_NativeHawaiianAndOtherPacificIslanderAlone","[]","[]","[]","[CensusPEPSurvey_Race2000Onwards]"
"51","2020","Count_Person_30Years_Female_NotHispanicOrLatino_NativeHawaiianAndOtherPacificIslanderAlone","[]","[]","[]","[CensusPEPSurvey_Race2000Onwards]"
"51","2020","Count_Person_35Years_Female_WhiteAlone","[]","[]","[]","[CensusPEPSurvey_Race2000Onwards]"
"51","2020","Count_Person_5Years_Female_NotHispanicOrLatino_NativeHawaiianAndOtherPacificIslanderAlone","[]","[]","[]","[CensusPEPSurvey_Race2000Onwards]"
"51","2020","Count_Person_38Years_NotHispanicOrLatino_AsianAlone","[]","[]","[]","[CensusPEPSurvey_Race2000Onwards]"
"51","2020","Count_Person_20Years_Female_NotHispanicOrLatino_NativeHawaiianAndOtherPacificIslanderAlone","[]","[]","[]","[CensusPEPSurvey_Race2000Onwards]"
"51","2020","Count_Person_66Years_AsianAlone","[]","[]","[]","[CensusPEPSurvey_Race2000Onwards]"
"51","2020","Count_Person_6Years_AsianAlone","[]","[]","[]","[CensusPEPSurvey_Race2000Onwards]"
"51","2020","Count_Person_72Years_Male_AsianAlone","[]","[]","[]","[CensusPEPSurvey_Race2000Onwards]"
"51","2020","Count_Person_66Years_Male_NotHispanicOrLatino_AmericanIndianAndAlaskaNativeAlone","[]","[]","[]","[CensusPEPSurvey_Race2000Onwards]"
"51","2020","Count_Person_49Years_Male_NotHispanicOrLatino_NativeHawaiianAndOtherPacificIslanderAlone","[]","[]","[]","[CensusPEPSurvey_Race2000Onwards]"
"51","2020","Count_Person_17Years_Female_HispanicOrLatino_TwoOrMoreRaces","[]","[]","[]","[CensusPEPSurvey_Race2000Onwards]"
"51","2020","Count_Person_69Years_Male_NativeHawaiianAndOtherPacificIslanderAlone","[]","[]","[]","[CensusPEPSurvey_Race2000Onwards]"
"51","2020","Count_Person_9Years_AsianAlone","[]","[]","[]","[CensusPEPSurvey_Race2000Onwards]"
"51","2020","Count_Person_7Years_HispanicOrLatino_WhiteAlone","[]","[]","[]","[CensusPEPSurvey_Race2000Onwards]"
"51","2020","Count_Person_69Years_HispanicOrLatino_AmericanIndianAndAlaskaNativeAlone","[]","[]","[]","[CensusPEPSurvey_Race2000Onwards]"
"51","2020","Count_Person_36Years_Female_HispanicOrLatino_AmericanIndianAndAlaskaNativeAlone","[]","[]","[]","[CensusPEPSurvey_Race2000Onwards]"
"51","2020","Count_Person_HispanicOrLatino_WhiteAlone","[]","[]","[]","[dcAggregate/CensusPEPSurvey_Race2000Onwards]"
"51","2020","Count_Person_9Years_NotHispanicOrLatino_BlackOrAfricanAmericanAlone","[]","[]","[]","[CensusPEPSurvey_Race2000Onwards]"
"51","2020","Count_Person_82Years_BlackOrAfricanAmericanAlone","[]","[]","[]","[CensusPEPSurvey_Race2000Onwards]"
"51","2020","Count_Person_5Years_NotHispanicOrLatino_TwoOrMoreRaces","[]","[]","[]","[CensusPEPSurvey_Race2000Onwards]"
"51","2020","Count_Person_11Years_Male_HispanicOrLatino_AsianAlone","[]","[]","[]","[CensusPEPSurvey_Race2000Onwards]"
"51","2020","Count_Person_7Years_Male_WhiteAlone","[]","[]","[]","[CensusPEPSurvey_Race2000Onwards]"
"51","2020","Count_Person_24Years_Male_HispanicOrLatino_TwoOrMoreRaces","[]","[]","[]","[CensusPEPSurvey_Race2000Onwards]"
"51","2020","Count_Person_52Years_Male_NotHispanicOrLatino_TwoOrMoreRaces","[]","[]","[]","[CensusPEPSurvey_Race2000Onwards]"
"51","2020","Count_Person_2Years_Female_HispanicOrLatino_AmericanIndianAndAlaskaNativeAlone","[]","[]","[]","[CensusPEPSurvey_Race2000Onwards]"
"51","2020","Count_Person_55Years_Male_HispanicOrLatino_AsianAlone","[]","[]","[]","[CensusPEPSurvey_Race2000Onwards]"
"51","2020","Count_Person_4Years_Female_BlackOrAfricanAmericanAlone","[]","[]","[]","[CensusPEPSurvey_Race2000Onwards]"
"51","2020","Count_Person_45Years_Male_NativeHawaiianAndOtherPacificIslanderAlone","[]","[]","[]","[CensusPEPSurvey_Race2000Onwards]"
"51","2020","Count_Person_30Years_NotHispanicOrLatino_WhiteAlone","[]","[]","[]","[CensusPEPSurvey_Race2000Onwards]"
"51","2020","Count_Person_55Years_Female_TwoOrMoreRaces","[]","[]","[]","[CensusPEPSurvey_Race2000Onwards]"
"51","2020","Count_Person_61Years_Male_HispanicOrLatino_WhiteAlone","[]","[]","[]","[CensusPEPSurvey_Race2000Onwards]"
"51","2020","Count_Person_33Years_NotHispanicOrLatino_AmericanIndianAndAlaskaNativeAlone","[]","[]","[]","[CensusPEPSurvey_Race2000Onwards]"
"51","2020","Count_Person_68Years_TwoOrMoreRaces","[]","[]","[]","[CensusPEPSurvey_Race2000Onwards]"
"51","2020","Count_Person_85Years_Male_NotHispanicOrLatino_AsianAlone","[]","[]","[]","[CensusPEPSurvey_Race2000Onwards]"
"51","2020","Count_Person_47Years_NotHispanicOrLatino_WhiteAlone","[]","[]","[]","[CensusPEPSurvey_Race2000Onwards]"
"51","2020","Count_Person_49Years_Female_NativeHawaiianAndOtherPacificIslanderAlone","[]","[]","[]","[CensusPEPSurvey_Race2000Onwards]"
"51","2020","Count_Person_36Years_Male_HispanicOrLatino_BlackOrAfricanAmericanAlone","[]","[]","[]","[CensusPEPSurvey_Race2000Onwards]"
"51","2020","Count_Person_75Years_Male_NotHispanicOrLatino_AsianAlone","[]","[]","[]","[CensusPEPSurvey_Race2000Onwards]"
"51","2020","Count_Person_84Years_AsianAlone","[]","[]","[]","[CensusPEPSurvey_Race2000Onwards]"
"51","2020","Count_Person_19Years_HispanicOrLatino_NativeHawaiianAndOtherPacificIslanderAlone","[]","[]","[]","[CensusPEPSurvey_Race2000Onwards]"
"51","2020","Count_Person_25Years_BlackOrAfricanAmericanAlone","[]","[]","[]","[CensusPEPSurvey_Race2000Onwards]"
"51","2020","Count_Person_52Years_BlackOrAfricanAmericanAlone","[]","[]","[]","[CensusPEPSurvey_Race2000Onwards]"
"51","2020","Count_Person_76Years_Male_NotHispanicOrLatino_NativeHawaiianAndOtherPacificIslanderAlone","[]","[]","[]","[CensusPEPSurvey_Race2000Onwards]"
"51","2020","Count_Person_52Years_Male_NotHispanicOrLatino_AmericanIndianAndAlaskaNativeAlone","[]","[]","[]","[CensusPEPSurvey_Race2000Onwards]"
"51","2020","Count_Person_48Years_HispanicOrLatino_BlackOrAfricanAmericanAlone","[]","[]","[]","[CensusPEPSurvey_Race2000Onwards]"
"51","2020","Count_Person_34Years_Female_AmericanIndianAndAlaskaNativeAlone","[]","[]","[]","[CensusPEPSurvey_Race2000Onwards]"
"51","2020","Count_Person_81Years_Male_NotHispanicOrLatino_TwoOrMoreRaces","[]","[]","[]","[CensusPEPSurvey_Race2000Onwards]"
"51","2020","Count_Person_3Years_Female_HispanicOrLatino_BlackOrAfricanAmericanAlone","[]","[]","[]","[CensusPEPSurvey_Race2000Onwards]"
"51","2020","Count_Person_68Years_Male_HispanicOrLatino_AmericanIndianAndAlaskaNativeAlone","[]","[]","[]","[CensusPEPSurvey_Race2000Onwards]"
"51","2020","Count_Person_13Years_Male_AmericanIndianAndAlaskaNativeAlone","[]","[]","[]","[CensusPEPSurvey_Race2000Onwards]"
"51","2020","Count_Person_6Years_Male_NotHispanicOrLatino_TwoOrMoreRaces","[]","[]","[]","[CensusPEPSurvey_Race2000Onwards]"
"51","2020","Count_Person_38Years_Male_NativeHawaiianAndOtherPacificIslanderAlone","[]","[]","[]","[CensusPEPSurvey_Race2000Onwards]"
"51","2020","Count_Person_51Years_AsianAlone","[]","[]","[]","[CensusPEPSurvey_Race2000Onwards]"
"51","2020","Count_Person_18Years_Female_NotHispanicOrLatino_AmericanIndianAndAlaskaNativeAlone","[]","[]","[]","[CensusPEPSurvey_Race2000Onwards]"
"51","2020","Count_Person_32Years_Female_WhiteAlone","[]","[]","[]","[CensusPEPSurvey_Race2000Onwards]"
"51","2020","Count_Person_84Years_Female_HispanicOrLatino_AmericanIndianAndAlaskaNativeAlone","[]","[]","[]","[CensusPEPSurvey_Race2000Onwards]"
"51","2020","Count_Person_45Years_Male_TwoOrMoreRaces","[]","[]","[]","[CensusPEPSurvey_Race2000Onwards]"
"51","2020","Count_Person_19Years_HispanicOrLatino_AsianAlone","[]","[]","[]","[CensusPEPSurvey_Race2000Onwards]"
"51","2020","Count_Person_4Years_Female_AmericanIndianAndAlaskaNativeAlone","[]","[]","[]","[CensusPEPSurvey_Race2000Onwards]"
"51","2020","Count_Person_33Years_Female_AmericanIndianAndAlaskaNativeAlone","[]","[]","[]","[CensusPEPSurvey_Race2000Onwards]"
"51","2020","Count_Person_64Years_Female_BlackOrAfricanAmericanAlone","[]","[]","[]","[CensusPEPSurvey_Race2000Onwards]"
"51","2020","Count_Person_38Years_Female_HispanicOrLatino_AsianAlone","[]","[]","[]","[CensusPEPSurvey_Race2000Onwards]"
"51","2020","Count_Person_28Years_Male_HispanicOrLatino_TwoOrMoreRaces","[]","[]","[]","[CensusPEPSurvey_Race2000Onwards]"
"51","2020","Count_Person_56Years_Male_NotHispanicOrLatino_BlackOrAfricanAmericanAlone","[]","[]","[]","[CensusPEPSurvey_Race2000Onwards]"
"51","2020","Count_Person_34Years_Male_HispanicOrLatino_AsianAlone","[]","[]","[]","[CensusPEPSurvey_Race2000Onwards]"
"51","2020","Count_Person_75Years_Male_NotHispanicOrLatino_TwoOrMoreRaces","[]","[]","[]","[CensusPEPSurvey_Race2000Onwards]"
"51","2020","Count_Person_48Years_Male_NotHispanicOrLatino_NativeHawaiianAndOtherPacificIslanderAlone","[]","[]","[]","[CensusPEPSurvey_Race2000Onwards]"
"51","2020","Count_Person_9Years_Male_NotHispanicOrLatino_WhiteAlone","[]","[]","[]","[CensusPEPSurvey_Race2000Onwards]"
"51","2020","Count_Person_59Years_Female_HispanicOrLatino_AsianAlone","[]","[]","[]","[CensusPEPSurvey_Race2000Onwards]"
"51","2020","Count_Person_41Years_Female_HispanicOrLatino_WhiteAlone","[]","[]","[]","[CensusPEPSurvey_Race2000Onwards]"
"51","2020","Count_Person_8Years_AmericanIndianAndAlaskaNativeAlone","[]","[]","[]","[CensusPEPSurvey_Race2000Onwards]"
"51","2020","Count_Person_Male_NotHispanicOrLatino_BlackOrAfricanAmericanAlone","[]","[]","[]","[dcAggregate/CensusPEPSurvey_Race2000Onwards]"
"51","2020","Count_Person_60Years_BlackOrAfricanAmericanAlone","[]","[]","[]","[CensusPEPSurvey_Race2000Onwards]"
"51","2020","Count_Person_25Years_HispanicOrLatino_TwoOrMoreRaces","[]","[]","[]","[CensusPEPSurvey_Race2000Onwards]"
"51","2020","Count_Person_8Years_NotHispanicOrLatino_WhiteAlone","[]","[]","[]","[CensusPEPSurvey_Race2000Onwards]"
"51","2020","Count_Person_83Years_Female_NotHispanicOrLatino_TwoOrMoreRaces","[]","[]","[]","[CensusPEPSurvey_Race2000Onwards]"
"51","2020","Count_Person_13Years_Male_NotHispanicOrLatino_AmericanIndianAndAlaskaNativeAlone","[]","[]","[]","[CensusPEPSurvey_Race2000Onwards]"
"51","2020","Count_Person_25Years_Male_HispanicOrLatino_AmericanIndianAndAlaskaNativeAlone","[]","[]","[]","[CensusPEPSurvey_Race2000Onwards]"
"51","2020","Count_Person_34Years_Female_NotHispanicOrLatino_AsianAlone","[]","[]","[]","[CensusPEPSurvey_Race2000Onwards]"
"51","2020","Count_Person_74Years_Male_HispanicOrLatino_AsianAlone","[]","[]","[]","[CensusPEPSurvey_Race2000Onwards]"
"51","2020","Count_Person_3Years_HispanicOrLatino_NativeHawaiianAndOtherPacificIslanderAlone","[]","[]","[]","[CensusPEPSurvey_Race2000Onwards]"
"51","2020","Count_Person_9Years_Male_NotHispanicOrLatino_BlackOrAfricanAmericanAlone","[]","[]","[]","[CensusPEPSurvey_Race2000Onwards]"
"51","2020","Count_Person_16Years_Female_AsianAlone","[]","[]","[]","[CensusPEPSurvey_Race2000Onwards]"
"51","2020","Count_Person_46Years_Female_NativeHawaiianAndOtherPacificIslanderAlone","[]","[]","[]","[CensusPEPSurvey_Race2000Onwards]"
"51","2020","Count_Person_11Years_NotHispanicOrLatino_NativeHawaiianAndOtherPacificIslanderAlone","[]","[]","[]","[CensusPEPSurvey_Race2000Onwards]"
"51","2020","Count_Person_46Years_Male_HispanicOrLatino_TwoOrMoreRaces","[]","[]","[]","[CensusPEPSurvey_Race2000Onwards]"
"51","2020","Count_Person_37Years_Male_WhiteAlone","[]","[]","[]","[CensusPEPSurvey_Race2000Onwards]"
"51","2020","Count_Person_1Years_Female_HispanicOrLatino_AsianAlone","[]","[]","[]","[CensusPEPSurvey_Race2000Onwards]"
"51","2020","Count_Person_24Years_Male_NotHispanicOrLatino_AsianAlone","[]","[]","[]","[CensusPEPSurvey_Race2000Onwards]"
"51","2020","Count_Person_11Years_Female_NativeHawaiianAndOtherPacificIslanderAlone","[]","[]","[]","[CensusPEPSurvey_Race2000Onwards]"
"51","2020","Count_Person_46Years_Male_NotHispanicOrLatino_TwoOrMoreRaces","[]","[]","[]","[CensusPEPSurvey_Race2000Onwards]"
"51","2020","Count_Person_72Years_Female_HispanicOrLatino_AsianAlone","[]","[]","[]","[CensusPEPSurvey_Race2000Onwards]"
"51","2020","Count_Person_77Years_Male_NotHispanicOrLatino_BlackOrAfricanAmericanAlone","[]","[]","[]","[CensusPEPSurvey_Race2000Onwards]"
"51","2020","Count_Person_29Years_Male_TwoOrMoreRaces","[]","[]","[]","[CensusPEPSurvey_Race2000Onwards]"
"51","2020","Count_Person_12Years_Male_HispanicOrLatino_NativeHawaiianAndOtherPacificIslanderAlone","[]","[]","[]","[CensusPEPSurvey_Race2000Onwards]"
"51","2020","Count_Person_31Years_Female_NotHispanicOrLatino_AmericanIndianAndAlaskaNativeAlone","[]","[]","[]","[CensusPEPSurvey_Race2000Onwards]"
"51","2020","Count_Person_51Years_Female_AmericanIndianAndAlaskaNativeAlone","[]","[]","[]","[CensusPEPSurvey_Race2000Onwards]"
"51","2020","Count_Person_30Years_BlackOrAfricanAmericanAlone","[]","[]","[]","[CensusPEPSurvey_Race2000Onwards]"
"51","2020","Count_Person_83Years_NotHispanicOrLatino_AmericanIndianAndAlaskaNativeAlone","[]","[]","[]","[CensusPEPSurvey_Race2000Onwards]"
"51","2020","Count_Person_62Years_Male_HispanicOrLatino_NativeHawaiianAndOtherPacificIslanderAlone","[]","[]","[]","[CensusPEPSurvey_Race2000Onwards]"
"51","2020","Count_Person_64Years_Female_AsianAlone","[]","[]","[]","[CensusPEPSurvey_Race2000Onwards]"
"51","2020","Count_Person_13Years_Female_NotHispanicOrLatino_AmericanIndianAndAlaskaNativeAlone","[]","[]","[]","[CensusPEPSurvey_Race2000Onwards]"
"51","2020","Count_Person_48Years_Female_NotHispanicOrLatino_TwoOrMoreRaces","[]","[]","[]","[CensusPEPSurvey_Race2000Onwards]"
"51","2020","Count_Person_NotHispanicOrLatino_WhiteAlone","[]","[]","[]","[dcAggregate/CensusPEPSurvey_Race2000Onwards]"
"51","2020","Count_Person_2Years_TwoOrMoreRaces","[]","[]","[]","[CensusPEPSurvey_Race2000Onwards]"
"51","2020","Count_Person_1Years_HispanicOrLatino_AsianAlone","[]","[]","[]","[CensusPEPSurvey_Race2000Onwards]"
"51","2020","Count_Person_64Years_Male_NotHispanicOrLatino_AsianAlone","[]","[]","[]","[CensusPEPSurvey_Race2000Onwards]"
"51","2020","Count_Person_47Years_Male_NotHispanicOrLatino_AmericanIndianAndAlaskaNativeAlone","[]","[]","[]","[CensusPEPSurvey_Race2000Onwards]"
"51","2020","Count_Person_68Years_HispanicOrLatino_BlackOrAfricanAmericanAlone","[]","[]","[]","[CensusPEPSurvey_Race2000Onwards]"
"51","2020","Count_Person_16Years_Female_NotHispanicOrLatino_TwoOrMoreRaces","[]","[]","[]","[CensusPEPSurvey_Race2000Onwards]"
"51","2020","Count_Person_33Years_Female_NotHispanicOrLatino_AsianAlone","[]","[]","[]","[CensusPEPSurvey_Race2000Onwards]"
"51","2020","Count_Person_66Years_Female_AmericanIndianAndAlaskaNativeAlone","[]","[]","[]","[CensusPEPSurvey_Race2000Onwards]"
"51","2020","Count_Person_7Years_Female_HispanicOrLatino_BlackOrAfricanAmericanAlone","[]","[]","[]","[CensusPEPSurvey_Race2000Onwards]"
"51","2020","Count_Person_18Years_Female_WhiteAlone","[]","[]","[]","[CensusPEPSurvey_Race2000Onwards]"
"51","2020","Count_Person_72Years_HispanicOrLatino_AsianAlone","[]","[]","[]","[CensusPEPSurvey_Race2000Onwards]"
"51","2020","Count_Person_11Years_Female_HispanicOrLatino_BlackOrAfricanAmericanAlone","[]","[]","[]","[CensusPEPSurvey_Race2000Onwards]"
"51","2020","Count_Person_11Years_Female_NotHispanicOrLatino_AmericanIndianAndAlaskaNativeAlone","[]","[]","[]","[CensusPEPSurvey_Race2000Onwards]"
"51","2020","Count_Person_13Years_Male_NotHispanicOrLatino_NativeHawaiianAndOtherPacificIslanderAlone","[]","[]","[]","[CensusPEPSurvey_Race2000Onwards]"
"51","2020","Count_Person_5Years_NotHispanicOrLatino_NativeHawaiianAndOtherPacificIslanderAlone","[]","[]","[]","[CensusPEPSurvey_Race2000Onwards]"
"51","2020","Count_Person_80Years_Female_TwoOrMoreRaces","[]","[]","[]","[CensusPEPSurvey_Race2000Onwards]"
"51","2020","Count_Person_62Years_Female_NativeHawaiianAndOtherPacificIslanderAlone","[]","[]","[]","[CensusPEPSurvey_Race2000Onwards]"
"51","2020","Count_Person_6Years_HispanicOrLatino_TwoOrMoreRaces","[]","[]","[]","[CensusPEPSurvey_Race2000Onwards]"
"51","2020","Count_Person_64Years_Male_TwoOrMoreRaces","[]","[]","[]","[CensusPEPSurvey_Race2000Onwards]"
"51","2020","Count_Person_66Years_Male_NotHispanicOrLatino_WhiteAlone","[]","[]","[]","[CensusPEPSurvey_Race2000Onwards]"
"51","2020","Count_Person_3Years_Female_HispanicOrLatino_AsianAlone","[]","[]","[]","[CensusPEPSurvey_Race2000Onwards]"
"51","2020","Count_Person_64Years_HispanicOrLatino_TwoOrMoreRaces","[]","[]","[]","[CensusPEPSurvey_Race2000Onwards]"
"51","2020","Count_Person_0Years_Male_AsianAlone","[]","[]","[]","[CensusPEPSurvey_Race2000Onwards]"
"51","2020","Count_Person_33Years_AsianAlone","[]","[]","[]","[CensusPEPSurvey_Race2000Onwards]"
"51","2020","Count_Person_52Years_Male_WhiteAlone","[]","[]","[]","[CensusPEPSurvey_Race2000Onwards]"
"51","2020","Count_Person_45Years_Female_TwoOrMoreRaces","[]","[]","[]","[CensusPEPSurvey_Race2000Onwards]"
"51","2020","Count_Person_83Years_Male_HispanicOrLatino_AmericanIndianAndAlaskaNativeAlone","[]","[]","[]","[CensusPEPSurvey_Race2000Onwards]"
"51","2020","Count_Person_11Years_NotHispanicOrLatino_AmericanIndianAndAlaskaNativeAlone","[]","[]","[]","[CensusPEPSurvey_Race2000Onwards]"
"51","2020","Count_Person_39Years_Female_HispanicOrLatino_AmericanIndianAndAlaskaNativeAlone","[]","[]","[]","[CensusPEPSurvey_Race2000Onwards]"
"51","2020","Count_Person_36Years_Female_NotHispanicOrLatino_AmericanIndianAndAlaskaNativeAlone","[]","[]","[]","[CensusPEPSurvey_Race2000Onwards]"
"51","2020","Count_Person_31Years_TwoOrMoreRaces","[]","[]","[]","[CensusPEPSurvey_Race2000Onwards]"
"51","2020","Count_Person_Female_AsianAlone","[]","[]","[]","[dcAggregate/CensusPEPSurvey_Race2000Onwards]"
"51","2020","Count_Person_81Years_Female_BlackOrAfricanAmericanAlone","[]","[]","[]","[CensusPEPSurvey_Race2000Onwards]"
"51","2020","Count_Person_80Years_Male_HispanicOrLatino_WhiteAlone","[]","[]","[]","[CensusPEPSurvey_Race2000Onwards]"
"51","2020","Count_Person_7Years_NotHispanicOrLatino_TwoOrMoreRaces","[]","[]","[]","[CensusPEPSurvey_Race2000Onwards]"
"51","2020","Count_Person_60Years_HispanicOrLatino_WhiteAlone","[]","[]","[]","[CensusPEPSurvey_Race2000Onwards]"
"51","2020","Count_Person_18Years_NativeHawaiianAndOtherPacificIslanderAlone","[]","[]","[]","[CensusPEPSurvey_Race2000Onwards]"
"51","2020","Count_Person_50Years_Male_NotHispanicOrLatino_WhiteAlone","[]","[]","[]","[CensusPEPSurvey_Race2000Onwards]"
"51","2020","Count_Person_54Years_Male_WhiteAlone","[]","[]","[]","[CensusPEPSurvey_Race2000Onwards]"
"51","2020","Count_Person_38Years_Female_NotHispanicOrLatino_AmericanIndianAndAlaskaNativeAlone","[]","[]","[]","[CensusPEPSurvey_Race2000Onwards]"
"51","2020","Count_Person_60Years_Male_BlackOrAfricanAmericanAlone","[]","[]","[]","[CensusPEPSurvey_Race2000Onwards]"
"51","2020","Count_Person_53Years_Male_NativeHawaiianAndOtherPacificIslanderAlone","[]","[]","[]","[CensusPEPSurvey_Race2000Onwards]"
"51","2020","Count_Person_47Years_Female_NotHispanicOrLatino_AsianAlone","[]","[]","[]","[CensusPEPSurvey_Race2000Onwards]"
"51","2020","Count_Person_75Years_Female_HispanicOrLatino_WhiteAlone","[]","[]","[]","[CensusPEPSurvey_Race2000Onwards]"
"51","2020","Count_Person_7Years_Female_NotHispanicOrLatino_WhiteAlone","[]","[]","[]","[CensusPEPSurvey_Race2000Onwards]"
"51","2020","Count_Person_35Years_NotHispanicOrLatino_WhiteAlone","[]","[]","[]","[CensusPEPSurvey_Race2000Onwards]"
"51","2020","Count_Person_28Years_BlackOrAfricanAmericanAlone","[]","[]","[]","[CensusPEPSurvey_Race2000Onwards]"
"51","2020","Count_Person_22Years_Male_TwoOrMoreRaces","[]","[]","[]","[CensusPEPSurvey_Race2000Onwards]"
"51","2020","Count_Person_49Years_NativeHawaiianAndOtherPacificIslanderAlone","[]","[]","[]","[CensusPEPSurvey_Race2000Onwards]"
"51","2020","Count_Person_50Years_Male_NotHispanicOrLatino_NativeHawaiianAndOtherPacificIslanderAlone","[]","[]","[]","[CensusPEPSurvey_Race2000Onwards]"
"51","2020","Count_Person_76Years_Female_HispanicOrLatino_AsianAlone","[]","[]","[]","[CensusPEPSurvey_Race2000Onwards]"
"51","2020","Count_Person_65Years_Male_NotHispanicOrLatino_BlackOrAfricanAmericanAlone","[]","[]","[]","[CensusPEPSurvey_Race2000Onwards]"
"51","2020","Count_Person_31Years_AmericanIndianAndAlaskaNativeAlone","[]","[]","[]","[CensusPEPSurvey_Race2000Onwards]"
"51","2020","Count_Person_54Years_Male_HispanicOrLatino_AmericanIndianAndAlaskaNativeAlone","[]","[]","[]","[CensusPEPSurvey_Race2000Onwards]"
"51","2020","Count_Person_75Years_Male_NotHispanicOrLatino_NativeHawaiianAndOtherPacificIslanderAlone","[]","[]","[]","[CensusPEPSurvey_Race2000Onwards]"
"51","2020","Count_Person_79Years_NotHispanicOrLatino_NativeHawaiianAndOtherPacificIslanderAlone","[]","[]","[]","[CensusPEPSurvey_Race2000Onwards]"
"51","2020","Count_Person_50Years_NotHispanicOrLatino_BlackOrAfricanAmericanAlone","[]","[]","[]","[CensusPEPSurvey_Race2000Onwards]"
"51","2020","Count_Person_48Years_AsianAlone","[]","[]","[]","[CensusPEPSurvey_Race2000Onwards]"
"51","2020","Count_Person_3Years_NotHispanicOrLatino_WhiteAlone","[]","[]","[]","[CensusPEPSurvey_Race2000Onwards]"
"51","2020","Count_Person_12Years_Male_WhiteAlone","[]","[]","[]","[CensusPEPSurvey_Race2000Onwards]"
"51","2020","Count_Person_50Years_HispanicOrLatino_AsianAlone","[]","[]","[]","[CensusPEPSurvey_Race2000Onwards]"
"51","2020","Count_Person_73Years_Male_NotHispanicOrLatino_WhiteAlone","[]","[]","[]","[CensusPEPSurvey_Race2000Onwards]"
"51","2020","Count_Person_58Years_Female_HispanicOrLatino_WhiteAlone","[]","[]","[]","[CensusPEPSurvey_Race2000Onwards]"
"51","2020","Count_Person_24Years_Male_AsianAlone","[]","[]","[]","[CensusPEPSurvey_Race2000Onwards]"
"51","2020","Count_Person_65Years_Female_NotHispanicOrLatino_BlackOrAfricanAmericanAlone","[]","[]","[]","[CensusPEPSurvey_Race2000Onwards]"
"51","2020","Count_Person_6Years_Female_NativeHawaiianAndOtherPacificIslanderAlone","[]","[]","[]","[CensusPEPSurvey_Race2000Onwards]"
"51","2020","Count_Person_6Years_NativeHawaiianAndOtherPacificIslanderAlone","[]","[]","[]","[CensusPEPSurvey_Race2000Onwards]"
"51","2020","Count_Person_22Years_Female_WhiteAlone","[]","[]","[]","[CensusPEPSurvey_Race2000Onwards]"
"51","2020","Count_Person_44Years_Male_HispanicOrLatino_NativeHawaiianAndOtherPacificIslanderAlone","[]","[]","[]","[CensusPEPSurvey_Race2000Onwards]"
"51","2020","Count_Person_Female_HispanicOrLatino_NativeHawaiianAndOtherPacificIslanderAlone","[]","[]","[]","[dcAggregate/CensusPEPSurvey_Race2000Onwards]"
"51","2020","Count_Person_57Years_NotHispanicOrLatino_BlackOrAfricanAmericanAlone","[]","[]","[]","[CensusPEPSurvey_Race2000Onwards]"
"51","2020","Count_Person_65Years_HispanicOrLatino_AsianAlone","[]","[]","[]","[CensusPEPSurvey_Race2000Onwards]"
"51","2020","Count_Person_37Years_NotHispanicOrLatino_WhiteAlone","[]","[]","[]","[CensusPEPSurvey_Race2000Onwards]"
"51","2020","Count_Person_81Years_Male_NotHispanicOrLatino_NativeHawaiianAndOtherPacificIslanderAlone","[]","[]","[]","[CensusPEPSurvey_Race2000Onwards]"
"51","2020","Count_Person_64Years_NativeHawaiianAndOtherPacificIslanderAlone","[]","[]","[]","[CensusPEPSurvey_Race2000Onwards]"
"51","2020","Count_Person_23Years_Male_BlackOrAfricanAmericanAlone","[]","[]","[]","[CensusPEPSurvey_Race2000Onwards]"
"51","2020","Count_Person_59Years_Male_NotHispanicOrLatino_WhiteAlone","[]","[]","[]","[CensusPEPSurvey_Race2000Onwards]"
"51","2020","Count_Person_40Years_NotHispanicOrLatino_AmericanIndianAndAlaskaNativeAlone","[]","[]","[]","[CensusPEPSurvey_Race2000Onwards]"
"51","2020","Count_Person_58Years_Female_HispanicOrLatino_BlackOrAfricanAmericanAlone","[]","[]","[]","[CensusPEPSurvey_Race2000Onwards]"
"51","2020","Count_Person_77Years_Female_BlackOrAfricanAmericanAlone","[]","[]","[]","[CensusPEPSurvey_Race2000Onwards]"
"51","2020","Count_Person_44Years_Male_NotHispanicOrLatino_NativeHawaiianAndOtherPacificIslanderAlone","[]","[]","[]","[CensusPEPSurvey_Race2000Onwards]"
"51","2020","Count_Person_62Years_Male_AmericanIndianAndAlaskaNativeAlone","[]","[]","[]","[CensusPEPSurvey_Race2000Onwards]"
"51","2020","Count_Person_4Years_Male_HispanicOrLatino_WhiteAlone","[]","[]","[]","[CensusPEPSurvey_Race2000Onwards]"
"51","2020","Count_Person_67Years_Male_BlackOrAfricanAmericanAlone","[]","[]","[]","[CensusPEPSurvey_Race2000Onwards]"
"51","2020","Count_Person_85Years_HispanicOrLatino_BlackOrAfricanAmericanAlone","[]","[]","[]","[CensusPEPSurvey_Race2000Onwards]"
"51","2020","Count_Person_45Years_Male_HispanicOrLatino_WhiteAlone","[]","[]","[]","[CensusPEPSurvey_Race2000Onwards]"
"51","2020","Count_Person_70Years_NotHispanicOrLatino_BlackOrAfricanAmericanAlone","[]","[]","[]","[CensusPEPSurvey_Race2000Onwards]"
"51","2020","Count_Person_53Years_BlackOrAfricanAmericanAlone","[]","[]","[]","[CensusPEPSurvey_Race2000Onwards]"
"51","2020","Count_Person_17Years_Male_NotHispanicOrLatino_AsianAlone","[]","[]","[]","[CensusPEPSurvey_Race2000Onwards]"
"51","2020","Count_Person_NotHispanicOrLatino_AmericanIndianAndAlaskaNativeAlone","[]","[]","[]","[dcAggregate/CensusPEPSurvey_Race2000Onwards]"
"51","2020","Count_Person_44Years_HispanicOrLatino_TwoOrMoreRaces","[]","[]","[]","[CensusPEPSurvey_Race2000Onwards]"
"51","2020","Count_Person_21Years_HispanicOrLatino_AsianAlone","[]","[]","[]","[CensusPEPSurvey_Race2000Onwards]"
"51","2020","Count_Person_48Years_Male_NotHispanicOrLatino_WhiteAlone","[]","[]","[]","[CensusPEPSurvey_Race2000Onwards]"
"51","2020","Count_Person_10Years_Male_WhiteAlone","[]","[]","[]","[CensusPEPSurvey_Race2000Onwards]"
"51","2020","Count_Person_73Years_Female_NotHispanicOrLatino_WhiteAlone","[]","[]","[]","[CensusPEPSurvey_Race2000Onwards]"
"51","2020","Count_Person_4Years_Male_TwoOrMoreRaces","[]","[]","[]","[CensusPEPSurvey_Race2000Onwards]"
"51","2020","Count_Person_52Years_NotHispanicOrLatino_AsianAlone","[]","[]","[]","[CensusPEPSurvey_Race2000Onwards]"
"51","2020","Count_Person_32Years_Male_NotHispanicOrLatino_AmericanIndianAndAlaskaNativeAlone","[]","[]","[]","[CensusPEPSurvey_Race2000Onwards]"
"51","2020","Count_Person_49Years_TwoOrMoreRaces","[]","[]","[]","[CensusPEPSurvey_Race2000Onwards]"
"51","2020","Count_Person_Male_AmericanIndianAndAlaskaNativeAlone","[]","[]","[]","[dcAggregate/CensusPEPSurvey_Race2000Onwards]"
"51","2020","Count_Person_43Years_Female_HispanicOrLatino_AmericanIndianAndAlaskaNativeAlone","[]","[]","[]","[CensusPEPSurvey_Race2000Onwards]"
"51","2020","Count_Person_45Years_NotHispanicOrLatino_WhiteAlone","[]","[]","[]","[CensusPEPSurvey_Race2000Onwards]"
"51","2020","Count_Person_38Years_Male_NotHispanicOrLatino_NativeHawaiianAndOtherPacificIslanderAlone","[]","[]","[]","[CensusPEPSurvey_Race2000Onwards]"
"51","2020","Count_Person_13Years_NativeHawaiianAndOtherPacificIslanderAlone","[]","[]","[]","[CensusPEPSurvey_Race2000Onwards]"
"51","2020","Count_Person_54Years_Female_AmericanIndianAndAlaskaNativeAlone","[]","[]","[]","[CensusPEPSurvey_Race2000Onwards]"
"51","2020","Count_Person_51Years_Female_HispanicOrLatino_TwoOrMoreRaces","[]","[]","[]","[CensusPEPSurvey_Race2000Onwards]"
"51","2020","Count_Person_61Years_Male_NotHispanicOrLatino_WhiteAlone","[]","[]","[]","[CensusPEPSurvey_Race2000Onwards]"
"51","2020","Count_Person_59Years_NotHispanicOrLatino_AsianAlone","[]","[]","[]","[CensusPEPSurvey_Race2000Onwards]"
"51","2020","Count_Person_7Years_NotHispanicOrLatino_NativeHawaiianAndOtherPacificIslanderAlone","[]","[]","[]","[CensusPEPSurvey_Race2000Onwards]"
"51","2020","Count_Person_21Years_Female_NativeHawaiianAndOtherPacificIslanderAlone","[]","[]","[]","[CensusPEPSurvey_Race2000Onwards]"
"51","2020","Count_Person_26Years_Male_AsianAlone","[]","[]","[]","[CensusPEPSurvey_Race2000Onwards]"
"51","2020","Count_Person_67Years_HispanicOrLatino_BlackOrAfricanAmericanAlone","[]","[]","[]","[CensusPEPSurvey_Race2000Onwards]"
"51","2020","Count_Person_82Years_Male_HispanicOrLatino_WhiteAlone","[]","[]","[]","[CensusPEPSurvey_Race2000Onwards]"
"51","2020","Count_Person_10Years_Male_HispanicOrLatino_NativeHawaiianAndOtherPacificIslanderAlone","[]","[]","[]","[CensusPEPSurvey_Race2000Onwards]"
"51","2020","Count_Person_40Years_Male_BlackOrAfricanAmericanAlone","[]","[]","[]","[CensusPEPSurvey_Race2000Onwards]"
"51","2020","Count_Person_17Years_Female_NotHispanicOrLatino_BlackOrAfricanAmericanAlone","[]","[]","[]","[CensusPEPSurvey_Race2000Onwards]"
"51","2020","Count_Person_69Years_Female_HispanicOrLatino_TwoOrMoreRaces","[]","[]","[]","[CensusPEPSurvey_Race2000Onwards]"
"51","2020","Count_Person_24Years_Female_HispanicOrLatino_TwoOrMoreRaces","[]","[]","[]","[CensusPEPSurvey_Race2000Onwards]"
"51","2020","Count_Person_1Years_Male_BlackOrAfricanAmericanAlone","[]","[]","[]","[CensusPEPSurvey_Race2000Onwards]"
"51","2020","Count_Person_69Years_NativeHawaiianAndOtherPacificIslanderAlone","[]","[]","[]","[CensusPEPSurvey_Race2000Onwards]"
"51","2020","Count_Person_7Years_HispanicOrLatino_TwoOrMoreRaces","[]","[]","[]","[CensusPEPSurvey_Race2000Onwards]"
"51","2020","Count_Person_43Years_HispanicOrLatino_AsianAlone","[]","[]","[]","[CensusPEPSurvey_Race2000Onwards]"
"51","2020","Count_Person_54Years_NotHispanicOrLatino_AmericanIndianAndAlaskaNativeAlone","[]","[]","[]","[CensusPEPSurvey_Race2000Onwards]"
"51","2020","Count_Person_75Years_Male_AsianAlone","[]","[]","[]","[CensusPEPSurvey_Race2000Onwards]"
"51","2020","Count_Person_Male_NotHispanicOrLatino_WhiteAlone","[]","[]","[]","[dcAggregate/CensusPEPSurvey_Race2000Onwards]"
"51","2020","Count_Person_43Years_NotHispanicOrLatino_WhiteAlone","[]","[]","[]","[CensusPEPSurvey_Race2000Onwards]"
"51","2020","Count_Person_31Years_Female_HispanicOrLatino_TwoOrMoreRaces","[]","[]","[]","[CensusPEPSurvey_Race2000Onwards]"
"51","2020","Count_Person_7Years_Female_NotHispanicOrLatino_NativeHawaiianAndOtherPacificIslanderAlone","[]","[]","[]","[CensusPEPSurvey_Race2000Onwards]"
"51","2020","Count_Person_64Years_Male_HispanicOrLatino_NativeHawaiianAndOtherPacificIslanderAlone","[]","[]","[]","[CensusPEPSurvey_Race2000Onwards]"
"51","2020","Count_Person_0Years_Male_HispanicOrLatino_TwoOrMoreRaces","[]","[]","[]","[CensusPEPSurvey_Race2000Onwards]"
"51","2020","Count_Person_70Years_Male_AmericanIndianAndAlaskaNativeAlone","[]","[]","[]","[CensusPEPSurvey_Race2000Onwards]"
"51","2020","Count_Person_6Years_HispanicOrLatino_WhiteAlone","[]","[]","[]","[CensusPEPSurvey_Race2000Onwards]"
"51","2020","Count_Person_55Years_Male_NativeHawaiianAndOtherPacificIslanderAlone","[]","[]","[]","[CensusPEPSurvey_Race2000Onwards]"
"51","2020","Count_Person_82Years_HispanicOrLatino_WhiteAlone","[]","[]","[]","[CensusPEPSurvey_Race2000Onwards]"
"51","2020","Count_Person_25Years_NotHispanicOrLatino_NativeHawaiianAndOtherPacificIslanderAlone","[]","[]","[]","[CensusPEPSurvey_Race2000Onwards]"
"51","2020","Count_Person_70Years_Female_TwoOrMoreRaces","[]","[]","[]","[CensusPEPSurvey_Race2000Onwards]"
"51","2020","Count_Person_24Years_Female_NotHispanicOrLatino_AsianAlone","[]","[]","[]","[CensusPEPSurvey_Race2000Onwards]"
"51","2020","Count_Person_1Years_Female_HispanicOrLatino_TwoOrMoreRaces","[]","[]","[]","[CensusPEPSurvey_Race2000Onwards]"
"51","2020","Count_Person_31Years_BlackOrAfricanAmericanAlone","[]","[]","[]","[CensusPEPSurvey_Race2000Onwards]"
"51","2020","Count_Person_37Years_Male_HispanicOrLatino_AsianAlone","[]","[]","[]","[CensusPEPSurvey_Race2000Onwards]"
"51","2020","Count_Person_57Years_Male_HispanicOrLatino_AsianAlone","[]","[]","[]","[CensusPEPSurvey_Race2000Onwards]"
"51","2020","Count_Person_43Years_Male_HispanicOrLatino_WhiteAlone","[]","[]","[]","[CensusPEPSurvey_Race2000Onwards]"
"51","2020","Count_Person_11Years_NotHispanicOrLatino_TwoOrMoreRaces","[]","[]","[]","[CensusPEPSurvey_Race2000Onwards]"
"51","2020","Count_Person_63Years_Male_HispanicOrLatino_WhiteAlone","[]","[]","[]","[CensusPEPSurvey_Race2000Onwards]"
"51","2020","Count_Person_9Years_NotHispanicOrLatino_TwoOrMoreRaces","[]","[]","[]","[CensusPEPSurvey_Race2000Onwards]"
"51","2020","Count_Person_52Years_Male_NotHispanicOrLatino_AsianAlone","[]","[]","[]","[CensusPEPSurvey_Race2000Onwards]"
"51","2020","Count_Person_71Years_Male_HispanicOrLatino_TwoOrMoreRaces","[]","[]","[]","[CensusPEPSurvey_Race2000Onwards]"
"51","2020","Count_Person_Female_BlackOrAfricanAmericanAlone","[]","[]","[]","[dcAggregate/CensusPEPSurvey_Race2000Onwards]"
"51","2020","Count_Person_44Years_NotHispanicOrLatino_AsianAlone","[]","[]","[]","[CensusPEPSurvey_Race2000Onwards]"
"51","2020","Count_Person_8Years_Male_BlackOrAfricanAmericanAlone","[]","[]","[]","[CensusPEPSurvey_Race2000Onwards]"
"51","2020","Count_Person_1Years_WhiteAlone","[]","[]","[]","[CensusPEPSurvey_Race2000Onwards]"
"51","2020","Count_Person_41Years_Female_AsianAlone","[]","[]","[]","[CensusPEPSurvey_Race2000Onwards]"
"51","2020","Count_Person_21Years_Male_BlackOrAfricanAmericanAlone","[]","[]","[]","[CensusPEPSurvey_Race2000Onwards]"
"51","2020","Count_Person_29Years_Male_HispanicOrLatino_AmericanIndianAndAlaskaNativeAlone","[]","[]","[]","[CensusPEPSurvey_Race2000Onwards]"
"51","2020","Count_Person_49Years_Male_BlackOrAfricanAmericanAlone","[]","[]","[]","[CensusPEPSurvey_Race2000Onwards]"
"51","2020","Count_Person_69Years_Male_BlackOrAfricanAmericanAlone","[]","[]","[]","[CensusPEPSurvey_Race2000Onwards]"
"51","2020","Count_Person_37Years_Female_AmericanIndianAndAlaskaNativeAlone","[]","[]","[]","[CensusPEPSurvey_Race2000Onwards]"
"51","2020","Count_Person_Male_HispanicOrLatino_WhiteAlone","[]","[]","[]","[dcAggregate/CensusPEPSurvey_Race2000Onwards]"
"51","2020","Count_Person_14Years_Female_TwoOrMoreRaces","[]","[]","[]","[CensusPEPSurvey_Race2000Onwards]"
"51","2020","Count_Person_13Years_AsianAlone","[]","[]","[]","[CensusPEPSurvey_Race2000Onwards]"
"51","2020","Count_Person_77Years_Female_HispanicOrLatino_WhiteAlone","[]","[]","[]","[CensusPEPSurvey_Race2000Onwards]"
"51","2020","Count_Person_37Years_Female_AsianAlone","[]","[]","[]","[CensusPEPSurvey_Race2000Onwards]"
"51","2020","Count_Person_66Years_Male_NotHispanicOrLatino_BlackOrAfricanAmericanAlone","[]","[]","[]","[CensusPEPSurvey_Race2000Onwards]"
"51","2020","Count_Person_69Years_AmericanIndianAndAlaskaNativeAlone","[]","[]","[]","[CensusPEPSurvey_Race2000Onwards]"
"51","2020","Count_Person_2Years_Male_HispanicOrLatino_WhiteAlone","[]","[]","[]","[CensusPEPSurvey_Race2000Onwards]"
"51","2020","Count_Person_50Years_HispanicOrLatino_AmericanIndianAndAlaskaNativeAlone","[]","[]","[]","[CensusPEPSurvey_Race2000Onwards]"
"51","2020","Count_Person_71Years_HispanicOrLatino_AsianAlone","[]","[]","[]","[CensusPEPSurvey_Race2000Onwards]"
"51","2020","Count_Person_61Years_Female_NotHispanicOrLatino_AsianAlone","[]","[]","[]","[CensusPEPSurvey_Race2000Onwards]"
"51","2020","Count_Person_49Years_HispanicOrLatino_WhiteAlone","[]","[]","[]","[CensusPEPSurvey_Race2000Onwards]"
"51","2020","Count_Person_56Years_Female_HispanicOrLatino_WhiteAlone","[]","[]","[]","[CensusPEPSurvey_Race2000Onwards]"
"51","2020","Count_Person_24Years_HispanicOrLatino_TwoOrMoreRaces","[]","[]","[]","[CensusPEPSurvey_Race2000Onwards]"
"51","2020","Count_Person_35Years_NotHispanicOrLatino_BlackOrAfricanAmericanAlone","[]","[]","[]","[CensusPEPSurvey_Race2000Onwards]"
"51","2020","Count_Person_65Years_NotHispanicOrLatino_AmericanIndianAndAlaskaNativeAlone","[]","[]","[]","[CensusPEPSurvey_Race2000Onwards]"
"51","2020","Count_Person_70Years_Female_HispanicOrLatino_TwoOrMoreRaces","[]","[]","[]","[CensusPEPSurvey_Race2000Onwards]"
"51","2020","Count_Person_58Years_Male_HispanicOrLatino_AmericanIndianAndAlaskaNativeAlone","[]","[]","[]","[CensusPEPSurvey_Race2000Onwards]"
"51","2020","Count_Person_11Years_Male_TwoOrMoreRaces","[]","[]","[]","[CensusPEPSurvey_Race2000Onwards]"
"51","2020","Count_Person_28Years_Male_BlackOrAfricanAmericanAlone","[]","[]","[]","[CensusPEPSurvey_Race2000Onwards]"
"51","2020","Count_Person_Male_HispanicOrLatino_TwoOrMoreRaces","[]","[]","[]","[dcAggregate/CensusPEPSurvey_Race2000Onwards]"
"51","2020","Count_Person_39Years_NotHispanicOrLatino_AmericanIndianAndAlaskaNativeAlone","[]","[]","[]","[CensusPEPSurvey_Race2000Onwards]"
"51","2020","Count_Person_67Years_Male_NotHispanicOrLatino_TwoOrMoreRaces","[]","[]","[]","[CensusPEPSurvey_Race2000Onwards]"
"51","2020","Count_Person_59Years_Male_TwoOrMoreRaces","[]","[]","[]","[CensusPEPSurvey_Race2000Onwards]"
"51","2020","Count_Person_8Years_Female_NotHispanicOrLatino_NativeHawaiianAndOtherPacificIslanderAlone","[]","[]","[]","[CensusPEPSurvey_Race2000Onwards]"
"51","2020","Count_Person_16Years_Female_TwoOrMoreRaces","[]","[]","[]","[CensusPEPSurvey_Race2000Onwards]"
"51","2020","Count_Person_69Years_Female_NotHispanicOrLatino_TwoOrMoreRaces","[]","[]","[]","[CensusPEPSurvey_Race2000Onwards]"
"51","2020","Count_Person_26Years_Male_HispanicOrLatino_WhiteAlone","[]","[]","[]","[CensusPEPSurvey_Race2000Onwards]"
"51","2020","Count_Person_35Years_Male_HispanicOrLatino_NativeHawaiianAndOtherPacificIslanderAlone","[]","[]","[]","[CensusPEPSurvey_Race2000Onwards]"
"51","2020","Count_Person_13Years_NotHispanicOrLatino_TwoOrMoreRaces","[]","[]","[]","[CensusPEPSurvey_Race2000Onwards]"
"51","2020","Count_Person_18Years_Male_HispanicOrLatino_AsianAlone","[]","[]","[]","[CensusPEPSurvey_Race2000Onwards]"
"51","2020","Count_Person_32Years_HispanicOrLatino_WhiteAlone","[]","[]","[]","[CensusPEPSurvey_Race2000Onwards]"
"51","2020","Count_Person_Female_TwoOrMoreRaces","[]","[]","[]","[dcAggregate/CensusPEPSurvey_Race2000Onwards]"
"51","2020","Count_Person_79Years_Female_BlackOrAfricanAmericanAlone","[]","[]","[]","[CensusPEPSurvey_Race2000Onwards]"
"51","2020","Count_Person_66Years_HispanicOrLatino_AsianAlone","[]","[]","[]","[CensusPEPSurvey_Race2000Onwards]"
"51","2020","Count_Person_12Years_TwoOrMoreRaces","[]","[]","[]","[CensusPEPSurvey_Race2000Onwards]"
"51","2020","Count_Person_24Years_Female_NotHispanicOrLatino_TwoOrMoreRaces","[]","[]","[]","[CensusPEPSurvey_Race2000Onwards]"
"51","2020","Count_Person_0Years_NotHispanicOrLatino_AmericanIndianAndAlaskaNativeAlone","[]","[]","[]","[CensusPEPSurvey_Race2000Onwards]"
"51","2020","Count_Person_84Years_Male_HispanicOrLatino_WhiteAlone","[]","[]","[]","[CensusPEPSurvey_Race2000Onwards]"
"51","2020","Count_Person_54Years_Female_AsianAlone","[]","[]","[]","[CensusPEPSurvey_Race2000Onwards]"
"51","2020","Count_Person_68Years_Male_AsianAlone","[]","[]","[]","[CensusPEPSurvey_Race2000Onwards]"
"51","2020","Count_Person_68Years_HispanicOrLatino_NativeHawaiianAndOtherPacificIslanderAlone","[]","[]","[]","[CensusPEPSurvey_Race2000Onwards]"
"51","2020","Count_Person_3Years_Male_BlackOrAfricanAmericanAlone","[]","[]","[]","[CensusPEPSurvey_Race2000Onwards]"
"51","2020","Count_Person_8Years_Male_HispanicOrLatino_TwoOrMoreRaces","[]","[]","[]","[CensusPEPSurvey_Race2000Onwards]"
"51","2020","Count_Person_42Years_NotHispanicOrLatino_AsianAlone","[]","[]","[]","[CensusPEPSurvey_Race2000Onwards]"
"51","2020","Count_Person_42Years_Male_BlackOrAfricanAmericanAlone","[]","[]","[]","[CensusPEPSurvey_Race2000Onwards]"
"51","2020","Count_Person_36Years_NotHispanicOrLatino_AsianAlone","[]","[]","[]","[CensusPEPSurvey_Race2000Onwards]"
"51","2020","Count_Person_46Years_Male_NotHispanicOrLatino_AmericanIndianAndAlaskaNativeAlone","[]","[]","[]","[CensusPEPSurvey_Race2000Onwards]"
"51","2020","Count_Person_4Years_Male_NotHispanicOrLatino_WhiteAlone","[]","[]","[]","[CensusPEPSurvey_Race2000Onwards]"
"51","2020","Count_Person_50Years_NotHispanicOrLatino_AsianAlone","[]","[]","[]","[CensusPEPSurvey_Race2000Onwards]"
"51","2020","Count_Person_26Years_Male_NotHispanicOrLatino_AmericanIndianAndAlaskaNativeAlone","[]","[]","[]","[CensusPEPSurvey_Race2000Onwards]"
"51","2020","Count_Person_60Years_Male_WhiteAlone","[]","[]","[]","[CensusPEPSurvey_Race2000Onwards]"
"51","2020","Count_Person_61Years_NotHispanicOrLatino_TwoOrMoreRaces","[]","[]","[]","[CensusPEPSurvey_Race2000Onwards]"
"51","2020","Count_Person_23Years_WhiteAlone","[]","[]","[]","[CensusPEPSurvey_Race2000Onwards]"
"51","2020","Count_Person_55Years_Male_NotHispanicOrLatino_WhiteAlone","[]","[]","[]","[CensusPEPSurvey_Race2000Onwards]"
"51","2020","Count_Person_35Years_Female_HispanicOrLatino_WhiteAlone","[]","[]","[]","[CensusPEPSurvey_Race2000Onwards]"
"51","2020","Count_Person_5Years_Male_WhiteAlone","[]","[]","[]","[CensusPEPSurvey_Race2000Onwards]"
"51","2020","Count_Person_30Years_Female_AmericanIndianAndAlaskaNativeAlone","[]","[]","[]","[CensusPEPSurvey_Race2000Onwards]"
"51","2020","Count_Person_70Years_Male_NotHispanicOrLatino_BlackOrAfricanAmericanAlone","[]","[]","[]","[CensusPEPSurvey_Race2000Onwards]"
"51","2020","Count_Person_66Years_HispanicOrLatino_BlackOrAfricanAmericanAlone","[]","[]","[]","[CensusPEPSurvey_Race2000Onwards]"
"51","2020","Count_Person_50Years_HispanicOrLatino_BlackOrAfricanAmericanAlone","[]","[]","[]","[CensusPEPSurvey_Race2000Onwards]"
"51","2020","Count_Person_15Years_Male_NotHispanicOrLatino_WhiteAlone","[]","[]","[]","[CensusPEPSurvey_Race2000Onwards]"
"51","2020","Count_Person_83Years_Female_BlackOrAfricanAmericanAlone","[]","[]","[]","[CensusPEPSurvey_Race2000Onwards]"
"51","2020","Count_Person_39Years_Male_HispanicOrLatino_AsianAlone","[]","[]","[]","[CensusPEPSurvey_Race2000Onwards]"
"51","2020","Count_Person_5Years_BlackOrAfricanAmericanAlone","[]","[]","[]","[CensusPEPSurvey_Race2000Onwards]"
"51","2020","Count_Person_76Years_Male_NotHispanicOrLatino_BlackOrAfricanAmericanAlone","[]","[]","[]","[CensusPEPSurvey_Race2000Onwards]"
"51","2020","Count_Person_71Years_AmericanIndianAndAlaskaNativeAlone","[]","[]","[]","[CensusPEPSurvey_Race2000Onwards]"
"51","2020","Count_Person_49Years_Male_HispanicOrLatino_WhiteAlone","[]","[]","[]","[CensusPEPSurvey_Race2000Onwards]"
"51","2020","Count_Person_51Years_NotHispanicOrLatino_WhiteAlone","[]","[]","[]","[CensusPEPSurvey_Race2000Onwards]"
"51","2020","Count_Person_19Years_Male_NotHispanicOrLatino_BlackOrAfricanAmericanAlone","[]","[]","[]","[CensusPEPSurvey_Race2000Onwards]"
"51","2020","Count_Person_42Years_NotHispanicOrLatino_NativeHawaiianAndOtherPacificIslanderAlone","[]","[]","[]","[CensusPEPSurvey_Race2000Onwards]"
"51","2020","Count_Person_27Years_NotHispanicOrLatino_NativeHawaiianAndOtherPacificIslanderAlone","[]","[]","[]","[CensusPEPSurvey_Race2000Onwards]"
"51","2020","Count_Person_0Years_Female_AmericanIndianAndAlaskaNativeAlone","[]","[]","[]","[CensusPEPSurvey_Race2000Onwards]"
"51","2020","Count_Person_8Years_Male_HispanicOrLatino_WhiteAlone","[]","[]","[]","[CensusPEPSurvey_Race2000Onwards]"
"51","2020","Count_Person_84Years_NotHispanicOrLatino_TwoOrMoreRaces","[]","[]","[]","[CensusPEPSurvey_Race2000Onwards]"
"51","2020","Count_Person_14Years_Female_BlackOrAfricanAmericanAlone","[]","[]","[]","[CensusPEPSurvey_Race2000Onwards]"
"51","2020","Count_Person_4Years_HispanicOrLatino_NativeHawaiianAndOtherPacificIslanderAlone","[]","[]","[]","[CensusPEPSurvey_Race2000Onwards]"
"51","2020","Count_Person_11Years_Female_NotHispanicOrLatino_BlackOrAfricanAmericanAlone","[]","[]","[]","[CensusPEPSurvey_Race2000Onwards]"
"51","2020","Count_Person_54Years_HispanicOrLatino_WhiteAlone","[]","[]","[]","[CensusPEPSurvey_Race2000Onwards]"
"51","2020","Count_Person_50Years_TwoOrMoreRaces","[]","[]","[]","[CensusPEPSurvey_Race2000Onwards]"
"51","2020","Count_Person_63Years_Male_BlackOrAfricanAmericanAlone","[]","[]","[]","[CensusPEPSurvey_Race2000Onwards]"
"51","2020","Count_Person_78Years_Male_TwoOrMoreRaces","[]","[]","[]","[CensusPEPSurvey_Race2000Onwards]"
"51","2020","Count_Person_73Years_Male_HispanicOrLatino_NativeHawaiianAndOtherPacificIslanderAlone","[]","[]","[]","[CensusPEPSurvey_Race2000Onwards]"
"51","2020","Count_Person_27Years_HispanicOrLatino_WhiteAlone","[]","[]","[]","[CensusPEPSurvey_Race2000Onwards]"
"51","2020","Count_Person_32Years_Male_AsianAlone","[]","[]","[]","[CensusPEPSurvey_Race2000Onwards]"
"51","2020","Count_Person_71Years_HispanicOrLatino_AmericanIndianAndAlaskaNativeAlone","[]","[]","[]","[CensusPEPSurvey_Race2000Onwards]"
"51","2020","Count_Person_78Years_NativeHawaiianAndOtherPacificIslanderAlone","[]","[]","[]","[CensusPEPSurvey_Race2000Onwards]"
"51","2020","Count_Person_2Years_NotHispanicOrLatino_BlackOrAfricanAmericanAlone","[]","[]","[]","[CensusPEPSurvey_Race2000Onwards]"
"51","2020","Count_Person_52Years_Female_NativeHawaiianAndOtherPacificIslanderAlone","[]","[]","[]","[CensusPEPSurvey_Race2000Onwards]"
"51","2020","Count_Person_57Years_Male_NotHispanicOrLatino_AsianAlone","[]","[]","[]","[CensusPEPSurvey_Race2000Onwards]"
"51","2020","Count_Person_46Years_Male_WhiteAlone","[]","[]","[]","[CensusPEPSurvey_Race2000Onwards]"
"51","2020","Count_Person_53Years_Female_HispanicOrLatino_AsianAlone","[]","[]","[]","[CensusPEPSurvey_Race2000Onwards]"
"51","2020","Count_Person_1Years_NotHispanicOrLatino_WhiteAlone","[]","[]","[]","[CensusPEPSurvey_Race2000Onwards]"
"51","2020","Count_Person_31Years_HispanicOrLatino_BlackOrAfricanAmericanAlone","[]","[]","[]","[CensusPEPSurvey_Race2000Onwards]"
"51","2020","Count_Person_22Years_HispanicOrLatino_AsianAlone","[]","[]","[]","[CensusPEPSurvey_Race2000Onwards]"
"51","2020","Count_Person_11Years_HispanicOrLatino_BlackOrAfricanAmericanAlone","[]","[]","[]","[CensusPEPSurvey_Race2000Onwards]"
"51","2020","Count_Person_12Years_Male_NotHispanicOrLatino_AmericanIndianAndAlaskaNativeAlone","[]","[]","[]","[CensusPEPSurvey_Race2000Onwards]"
"51","2020","Count_Person_78Years_Female_HispanicOrLatino_AsianAlone","[]","[]","[]","[CensusPEPSurvey_Race2000Onwards]"
"51","2020","Count_Person_83Years_Female_NativeHawaiianAndOtherPacificIslanderAlone","[]","[]","[]","[CensusPEPSurvey_Race2000Onwards]"
"51","2020","Count_Person_5Years_Female_NotHispanicOrLatino_AsianAlone","[]","[]","[]","[CensusPEPSurvey_Race2000Onwards]"
"51","2020","Count_Person_9Years_NotHispanicOrLatino_AsianAlone","[]","[]","[]","[CensusPEPSurvey_Race2000Onwards]"
"51","2020","Count_Person_1Years_NativeHawaiianAndOtherPacificIslanderAlone","[]","[]","[]","[CensusPEPSurvey_Race2000Onwards]"
"51","2020","Count_Person_74Years_Male_AsianAlone","[]","[]","[]","[CensusPEPSurvey_Race2000Onwards]"
"51","2020","Count_Person_51Years_NotHispanicOrLatino_AmericanIndianAndAlaskaNativeAlone","[]","[]","[]","[CensusPEPSurvey_Race2000Onwards]"
"51","2020","Count_Person_51Years_Female_AsianAlone","[]","[]","[]","[CensusPEPSurvey_Race2000Onwards]"
"51","2020","Count_Person_28Years_Male_HispanicOrLatino_WhiteAlone","[]","[]","[]","[CensusPEPSurvey_Race2000Onwards]"
"51","2020","Count_Person_42Years_Male_HispanicOrLatino_BlackOrAfricanAmericanAlone","[]","[]","[]","[CensusPEPSurvey_Race2000Onwards]"
"51","2020","Count_Person_55Years_Male_NotHispanicOrLatino_BlackOrAfricanAmericanAlone","[]","[]","[]","[CensusPEPSurvey_Race2000Onwards]"
"51","2020","Count_Person_22Years_NotHispanicOrLatino_AmericanIndianAndAlaskaNativeAlone","[]","[]","[]","[CensusPEPSurvey_Race2000Onwards]"
"51","2020","Count_Person_82Years_NotHispanicOrLatino_TwoOrMoreRaces","[]","[]","[]","[CensusPEPSurvey_Race2000Onwards]"
"51","2020","Count_Person_5Years_Male_BlackOrAfricanAmericanAlone","[]","[]","[]","[CensusPEPSurvey_Race2000Onwards]"
"51","2020","Count_Person_58Years_Male_AmericanIndianAndAlaskaNativeAlone","[]","[]","[]","[CensusPEPSurvey_Race2000Onwards]"
"51","2020","Count_Person_28Years_NotHispanicOrLatino_AsianAlone","[]","[]","[]","[CensusPEPSurvey_Race2000Onwards]"
"51","2020","Count_Person_64Years_Male_AmericanIndianAndAlaskaNativeAlone","[]","[]","[]","[CensusPEPSurvey_Race2000Onwards]"
"51","2020","Count_Person_2Years_WhiteAlone","[]","[]","[]","[CensusPEPSurvey_Race2000Onwards]"
"51","2020","Count_Person_44Years_Male_BlackOrAfricanAmericanAlone","[]","[]","[]","[CensusPEPSurvey_Race2000Onwards]"
"51","2020","Count_Person_15Years_Female_NotHispanicOrLatino_AsianAlone","[]","[]","[]","[CensusPEPSurvey_Race2000Onwards]"
"51","2020","Count_Person_56Years_Male_HispanicOrLatino_AmericanIndianAndAlaskaNativeAlone","[]","[]","[]","[CensusPEPSurvey_Race2000Onwards]"
"51","2020","Count_Person_73Years_NativeHawaiianAndOtherPacificIslanderAlone","[]","[]","[]","[CensusPEPSurvey_Race2000Onwards]"
"51","2020","Count_Person_54Years_Female_NotHispanicOrLatino_BlackOrAfricanAmericanAlone","[]","[]","[]","[CensusPEPSurvey_Race2000Onwards]"
"51","2020","Count_Person_6Years_Male_NotHispanicOrLatino_AsianAlone","[]","[]","[]","[CensusPEPSurvey_Race2000Onwards]"
"51","2020","Count_Person_77Years_Male_NativeHawaiianAndOtherPacificIslanderAlone","[]","[]","[]","[CensusPEPSurvey_Race2000Onwards]"
"51","2020","Count_Person_41Years_Female_NotHispanicOrLatino_TwoOrMoreRaces","[]","[]","[]","[CensusPEPSurvey_Race2000Onwards]"
"51","2020","Count_Person_84Years_Male_BlackOrAfricanAmericanAlone","[]","[]","[]","[CensusPEPSurvey_Race2000Onwards]"
"51","2020","Count_Person_26Years_NotHispanicOrLatino_NativeHawaiianAndOtherPacificIslanderAlone","[]","[]","[]","[CensusPEPSurvey_Race2000Onwards]"
"51","2020","Count_Person_50Years_Female_HispanicOrLatino_AmericanIndianAndAlaskaNativeAlone","[]","[]","[]","[CensusPEPSurvey_Race2000Onwards]"
"51","2020","Count_Person_58Years_Female_AmericanIndianAndAlaskaNativeAlone","[]","[]","[]","[CensusPEPSurvey_Race2000Onwards]"
"51","2020","Count_Person_43Years_NotHispanicOrLatino_NativeHawaiianAndOtherPacificIslanderAlone","[]","[]","[]","[CensusPEPSurvey_Race2000Onwards]"
"51","2020","Count_Person_79Years_Female_NotHispanicOrLatino_AsianAlone","[]","[]","[]","[CensusPEPSurvey_Race2000Onwards]"
"51","2020","Count_Person_15Years_Male_HispanicOrLatino_BlackOrAfricanAmericanAlone","[]","[]","[]","[CensusPEPSurvey_Race2000Onwards]"
"51","2020","Count_Person_53Years_Male_NotHispanicOrLatino_AmericanIndianAndAlaskaNativeAlone","[]","[]","[]","[CensusPEPSurvey_Race2000Onwards]"
"51","2020","Count_Person_68Years_Male_HispanicOrLatino_WhiteAlone","[]","[]","[]","[CensusPEPSurvey_Race2000Onwards]"
"51","2020","Count_Person_28Years_Female_NotHispanicOrLatino_BlackOrAfricanAmericanAlone","[]","[]","[]","[CensusPEPSurvey_Race2000Onwards]"
"51","2020","Count_Person_41Years_Female_TwoOrMoreRaces","[]","[]","[]","[CensusPEPSurvey_Race2000Onwards]"
"51","2020","Count_Person_WhiteAlone","[]","[]","[]","[dcAggregate/CensusPEPSurvey_Race2000Onwards]"
"51","2020","Count_Person_22Years_HispanicOrLatino_AmericanIndianAndAlaskaNativeAlone","[]","[]","[]","[CensusPEPSurvey_Race2000Onwards]"
"51","2020","Count_Person_29Years_NotHispanicOrLatino_WhiteAlone","[]","[]","[]","[CensusPEPSurvey_Race2000Onwards]"
"51","2020","Count_Person_46Years_Male_HispanicOrLatino_BlackOrAfricanAmericanAlone","[]","[]","[]","[CensusPEPSurvey_Race2000Onwards]"
"51","2020","Count_Person_50Years_AmericanIndianAndAlaskaNativeAlone","[]","[]","[]","[CensusPEPSurvey_Race2000Onwards]"
"51","2020","Count_Person_7Years_Female_TwoOrMoreRaces","[]","[]","[]","[CensusPEPSurvey_Race2000Onwards]"
"51","2020","Count_Person_46Years_Female_HispanicOrLatino_AmericanIndianAndAlaskaNativeAlone","[]","[]","[]","[CensusPEPSurvey_Race2000Onwards]"
"51","2020","Count_Person_77Years_Male_HispanicOrLatino_BlackOrAfricanAmericanAlone","[]","[]","[]","[CensusPEPSurvey_Race2000Onwards]"
"51","2020","Count_Person_12Years_Female_HispanicOrLatino_TwoOrMoreRaces","[]","[]","[]","[CensusPEPSurvey_Race2000Onwards]"
"51","2020","Count_Person_10Years_HispanicOrLatino_WhiteAlone","[]","[]","[]","[CensusPEPSurvey_Race2000Onwards]"
"51","2020","Count_Person_11Years_Male_HispanicOrLatino_BlackOrAfricanAmericanAlone","[]","[]","[]","[CensusPEPSurvey_Race2000Onwards]"
"51","2020","Count_Person_79Years_HispanicOrLatino_AmericanIndianAndAlaskaNativeAlone","[]","[]","[]","[CensusPEPSurvey_Race2000Onwards]"
"51","2020","Count_Person_30Years_Male_AmericanIndianAndAlaskaNativeAlone","[]","[]","[]","[CensusPEPSurvey_Race2000Onwards]"
"51","2020","Count_Person_81Years_BlackOrAfricanAmericanAlone","[]","[]","[]","[CensusPEPSurvey_Race2000Onwards]"
"51","2020","Count_Person_3Years_Female_NotHispanicOrLatino_BlackOrAfricanAmericanAlone","[]","[]","[]","[CensusPEPSurvey_Race2000Onwards]"
"51","2020","Count_Person_59Years_Female_WhiteAlone","[]","[]","[]","[CensusPEPSurvey_Race2000Onwards]"
"51","2020","Count_Person_47Years_Male_HispanicOrLatino_WhiteAlone","[]","[]","[]","[CensusPEPSurvey_Race2000Onwards]"
"51","2020","Count_Person_6Years_Male_HispanicOrLatino_WhiteAlone","[]","[]","[]","[CensusPEPSurvey_Race2000Onwards]"
"51","2020","Count_Person_0Years_NotHispanicOrLatino_AsianAlone","[]","[]","[]","[CensusPEPSurvey_Race2000Onwards]"
"51","2020","Count_Person_34Years_Male_NotHispanicOrLatino_BlackOrAfricanAmericanAlone","[]","[]","[]","[CensusPEPSurvey_Race2000Onwards]"
"51","2020","Count_Person_52Years_Female_NotHispanicOrLatino_AsianAlone","[]","[]","[]","[CensusPEPSurvey_Race2000Onwards]"
"51","2020","Count_Person_20Years_Female_NotHispanicOrLatino_AsianAlone","[]","[]","[]","[CensusPEPSurvey_Race2000Onwards]"
"51","2020","Count_Person_25Years_Male_BlackOrAfricanAmericanAlone","[]","[]","[]","[CensusPEPSurvey_Race2000Onwards]"
"51","2020","Count_Person_73Years_Male_NotHispanicOrLatino_TwoOrMoreRaces","[]","[]","[]","[CensusPEPSurvey_Race2000Onwards]"
"51","2020","Count_Person_72Years_NotHispanicOrLatino_BlackOrAfricanAmericanAlone","[]","[]","[]","[CensusPEPSurvey_Race2000Onwards]"
"51","2020","Count_Person_68Years_Male_NotHispanicOrLatino_AsianAlone","[]","[]","[]","[CensusPEPSurvey_Race2000Onwards]"
"51","2020","Count_Person_81Years_Male_HispanicOrLatino_AmericanIndianAndAlaskaNativeAlone","[]","[]","[]","[CensusPEPSurvey_Race2000Onwards]"
"51","2020","Count_Person_44Years_HispanicOrLatino_AsianAlone","[]","[]","[]","[CensusPEPSurvey_Race2000Onwards]"
"51","2020","Count_Person_65Years_Male_BlackOrAfricanAmericanAlone","[]","[]","[]","[CensusPEPSurvey_Race2000Onwards]"
"51","2020","Count_Person_84Years_NotHispanicOrLatino_BlackOrAfricanAmericanAlone","[]","[]","[]","[CensusPEPSurvey_Race2000Onwards]"
"51","2020","Count_Person_37Years_Male_NativeHawaiianAndOtherPacificIslanderAlone","[]","[]","[]","[CensusPEPSurvey_Race2000Onwards]"
"51","2020","Count_Person_2Years_NativeHawaiianAndOtherPacificIslanderAlone","[]","[]","[]","[CensusPEPSurvey_Race2000Onwards]"
"51","2020","Count_Person_37Years_AmericanIndianAndAlaskaNativeAlone","[]","[]","[]","[CensusPEPSurvey_Race2000Onwards]"
"51","2020","Count_Person_58Years_NotHispanicOrLatino_NativeHawaiianAndOtherPacificIslanderAlone","[]","[]","[]","[CensusPEPSurvey_Race2000Onwards]"
"51","2020","Count_Person_26Years_Male_NotHispanicOrLatino_WhiteAlone","[]","[]","[]","[CensusPEPSurvey_Race2000Onwards]"
"51","2020","Count_Person_1Years_Female_NotHispanicOrLatino_AmericanIndianAndAlaskaNativeAlone","[]","[]","[]","[CensusPEPSurvey_Race2000Onwards]"
"51","2020","Count_Person_77Years_TwoOrMoreRaces","[]","[]","[]","[CensusPEPSurvey_Race2000Onwards]"
"51","2020","Count_Person_3Years_Female_TwoOrMoreRaces","[]","[]","[]","[CensusPEPSurvey_Race2000Onwards]"
"51","2020","Count_Person_32Years_Male_AmericanIndianAndAlaskaNativeAlone","[]","[]","[]","[CensusPEPSurvey_Race2000Onwards]"
"51","2020","Count_Person_9Years_Male_NotHispanicOrLatino_TwoOrMoreRaces","[]","[]","[]","[CensusPEPSurvey_Race2000Onwards]"
"51","2020","Count_Person_33Years_Male_NotHispanicOrLatino_TwoOrMoreRaces","[]","[]","[]","[CensusPEPSurvey_Race2000Onwards]"
"51","2020","Count_Person_64Years_Female_NotHispanicOrLatino_BlackOrAfricanAmericanAlone","[]","[]","[]","[CensusPEPSurvey_Race2000Onwards]"
"51","2020","Count_Person_Female_NotHispanicOrLatino_TwoOrMoreRaces","[]","[]","[]","[dcAggregate/CensusPEPSurvey_Race2000Onwards]"
"51","2020","Count_Person_0Years_Female_NotHispanicOrLatino_AmericanIndianAndAlaskaNativeAlone","[]","[]","[]","[CensusPEPSurvey_Race2000Onwards]"
"51","2020","Count_Person_71Years_Male_WhiteAlone","[]","[]","[]","[CensusPEPSurvey_Race2000Onwards]"
"51","2020","Count_Person_61Years_AsianAlone","[]","[]","[]","[CensusPEPSurvey_Race2000Onwards]"
"51","2020","Count_Person_83Years_Male_HispanicOrLatino_NativeHawaiianAndOtherPacificIslanderAlone","[]","[]","[]","[CensusPEPSurvey_Race2000Onwards]"
"51","2020","Count_Person_58Years_Male_HispanicOrLatino_AsianAlone","[]","[]","[]","[CensusPEPSurvey_Race2000Onwards]"
"51","2020","Count_Person_27Years_Male_TwoOrMoreRaces","[]","[]","[]","[CensusPEPSurvey_Race2000Onwards]"
"51","2020","Count_Person_79Years_Male_AmericanIndianAndAlaskaNativeAlone","[]","[]","[]","[CensusPEPSurvey_Race2000Onwards]"
"51","2020","Count_Person_51Years_Male_HispanicOrLatino_AmericanIndianAndAlaskaNativeAlone","[]","[]","[]","[CensusPEPSurvey_Race2000Onwards]"
"51","2020","Count_Person_8Years_BlackOrAfricanAmericanAlone","[]","[]","[]","[CensusPEPSurvey_Race2000Onwards]"
"51","2020","Count_Person_4Years_Female_NotHispanicOrLatino_AmericanIndianAndAlaskaNativeAlone","[]","[]","[]","[CensusPEPSurvey_Race2000Onwards]"
"51","2020","Count_Person_3Years_Female_WhiteAlone","[]","[]","[]","[CensusPEPSurvey_Race2000Onwards]"
"51","2020","Count_Person_26Years_Female_HispanicOrLatino_WhiteAlone","[]","[]","[]","[CensusPEPSurvey_Race2000Onwards]"
"51","2020","Count_Person_14Years_Female_NativeHawaiianAndOtherPacificIslanderAlone","[]","[]","[]","[CensusPEPSurvey_Race2000Onwards]"
"51","2020","Count_Person_1Years_Male_HispanicOrLatino_AsianAlone","[]","[]","[]","[CensusPEPSurvey_Race2000Onwards]"
"51","2020","Count_Person_25Years_NotHispanicOrLatino_AsianAlone","[]","[]","[]","[CensusPEPSurvey_Race2000Onwards]"
"51","2020","Count_Person_40Years_Male_AsianAlone","[]","[]","[]","[CensusPEPSurvey_Race2000Onwards]"
"51","2020","Count_Person_14Years_Male_HispanicOrLatino_AsianAlone","[]","[]","[]","[CensusPEPSurvey_Race2000Onwards]"
"51","2020","Count_Person_7Years_Male_BlackOrAfricanAmericanAlone","[]","[]","[]","[CensusPEPSurvey_Race2000Onwards]"
"51","2020","Count_Person_47Years_Female_NotHispanicOrLatino_AmericanIndianAndAlaskaNativeAlone","[]","[]","[]","[CensusPEPSurvey_Race2000Onwards]"
"51","2020","Count_Person_27Years_Male_NotHispanicOrLatino_TwoOrMoreRaces","[]","[]","[]","[CensusPEPSurvey_Race2000Onwards]"
"51","2020","Count_Person_36Years_Male_NotHispanicOrLatino_NativeHawaiianAndOtherPacificIslanderAlone","[]","[]","[]","[CensusPEPSurvey_Race2000Onwards]"
"51","2020","Count_Person_61Years_Female_HispanicOrLatino_AsianAlone","[]","[]","[]","[CensusPEPSurvey_Race2000Onwards]"
"51","2020","Count_Person_4Years_NotHispanicOrLatino_NativeHawaiianAndOtherPacificIslanderAlone","[]","[]","[]","[CensusPEPSurvey_Race2000Onwards]"
"51","2020","Count_Person_45Years_Female_AmericanIndianAndAlaskaNativeAlone","[]","[]","[]","[CensusPEPSurvey_Race2000Onwards]"
"51","2020","Count_Person_8Years_AsianAlone","[]","[]","[]","[CensusPEPSurvey_Race2000Onwards]"
"51","2020","Count_Person_10Years_AmericanIndianAndAlaskaNativeAlone","[]","[]","[]","[CensusPEPSurvey_Race2000Onwards]"
"51","2020","Count_Person_26Years_Female_NotHispanicOrLatino_AsianAlone","[]","[]","[]","[CensusPEPSurvey_Race2000Onwards]"
"51","2020","Count_Person_26Years_NotHispanicOrLatino_TwoOrMoreRaces","[]","[]","[]","[CensusPEPSurvey_Race2000Onwards]"
"51","2020","Count_Person_73Years_HispanicOrLatino_WhiteAlone","[]","[]","[]","[CensusPEPSurvey_Race2000Onwards]"
"51","2020","Count_Person_6Years_Female_NotHispanicOrLatino_AmericanIndianAndAlaskaNativeAlone","[]","[]","[]","[CensusPEPSurvey_Race2000Onwards]"
"51","2020","Count_Person_10Years_Male_TwoOrMoreRaces","[]","[]","[]","[CensusPEPSurvey_Race2000Onwards]"
"51","2020","Count_Person_58Years_Male_AsianAlone","[]","[]","[]","[CensusPEPSurvey_Race2000Onwards]"
"51","2020","Count_Person_20Years_HispanicOrLatino_BlackOrAfricanAmericanAlone","[]","[]","[]","[CensusPEPSurvey_Race2000Onwards]"
"51","2020","Count_Person_80Years_HispanicOrLatino_NativeHawaiianAndOtherPacificIslanderAlone","[]","[]","[]","[CensusPEPSurvey_Race2000Onwards]"
"51","2020","Count_Person_73Years_Male_TwoOrMoreRaces","[]","[]","[]","[CensusPEPSurvey_Race2000Onwards]"
"51","2020","Count_Person_71Years_Female_NativeHawaiianAndOtherPacificIslanderAlone","[]","[]","[]","[CensusPEPSurvey_Race2000Onwards]"
"51","2020","Count_Person_27Years_HispanicOrLatino_AmericanIndianAndAlaskaNativeAlone","[]","[]","[]","[CensusPEPSurvey_Race2000Onwards]"
"51","2020","Count_Person_74Years_HispanicOrLatino_TwoOrMoreRaces","[]","[]","[]","[CensusPEPSurvey_Race2000Onwards]"
"51","2020","Count_Person_23Years_Female_BlackOrAfricanAmericanAlone","[]","[]","[]","[CensusPEPSurvey_Race2000Onwards]"
"51","2020","Count_Person_82Years_Male_NotHispanicOrLatino_TwoOrMoreRaces","[]","[]","[]","[CensusPEPSurvey_Race2000Onwards]"
"51","2020","Count_Person_5Years_Female_NotHispanicOrLatino_AmericanIndianAndAlaskaNativeAlone","[]","[]","[]","[CensusPEPSurvey_Race2000Onwards]"
"51","2020","Count_Person_34Years_Female_WhiteAlone","[]","[]","[]","[CensusPEPSurvey_Race2000Onwards]"
"51","2020","Count_Person_33Years_Male_NotHispanicOrLatino_WhiteAlone","[]","[]","[]","[CensusPEPSurvey_Race2000Onwards]"
"51","2020","Count_Person_8Years_Male_HispanicOrLatino_BlackOrAfricanAmericanAlone","[]","[]","[]","[CensusPEPSurvey_Race2000Onwards]"
"51","2020","Count_Person_62Years_HispanicOrLatino_WhiteAlone","[]","[]","[]","[CensusPEPSurvey_Race2000Onwards]"
"51","2020","Count_Person_81Years_Male_AsianAlone","[]","[]","[]","[CensusPEPSurvey_Race2000Onwards]"
"51","2020","Count_Person_18Years_Female_HispanicOrLatino_AsianAlone","[]","[]","[]","[CensusPEPSurvey_Race2000Onwards]"
"51","2020","Count_Person_80Years_Male_HispanicOrLatino_NativeHawaiianAndOtherPacificIslanderAlone","[]","[]","[]","[CensusPEPSurvey_Race2000Onwards]"
"51","2020","Count_Person_61Years_HispanicOrLatino_TwoOrMoreRaces","[]","[]","[]","[CensusPEPSurvey_Race2000Onwards]"
"51","2020","Count_Person_48Years_Female_NotHispanicOrLatino_AmericanIndianAndAlaskaNativeAlone","[]","[]","[]","[CensusPEPSurvey_Race2000Onwards]"
"51","2020","Count_Person_5Years_TwoOrMoreRaces","[]","[]","[]","[CensusPEPSurvey_Race2000Onwards]"
"51","2020","Count_Person_21Years_Male_HispanicOrLatino_AmericanIndianAndAlaskaNativeAlone","[]","[]","[]","[CensusPEPSurvey_Race2000Onwards]"
"51","2020","Count_Person_17Years_Male_HispanicOrLatino_BlackOrAfricanAmericanAlone","[]","[]","[]","[CensusPEPSurvey_Race2000Onwards]"
"51","2020","Count_Person_3Years_Male_NativeHawaiianAndOtherPacificIslanderAlone","[]","[]","[]","[CensusPEPSurvey_Race2000Onwards]"
"51","2020","Count_Person_43Years_Female_NotHispanicOrLatino_AmericanIndianAndAlaskaNativeAlone","[]","[]","[]","[CensusPEPSurvey_Race2000Onwards]"
"51","2020","Count_Person_49Years_Male_HispanicOrLatino_AmericanIndianAndAlaskaNativeAlone","[]","[]","[]","[CensusPEPSurvey_Race2000Onwards]"
"51","2020","Count_Person_78Years_NotHispanicOrLatino_NativeHawaiianAndOtherPacificIslanderAlone","[]","[]","[]","[CensusPEPSurvey_Race2000Onwards]"
"51","2020","Count_Person_85Years_AsianAlone","[]","[]","[]","[CensusPEPSurvey_Race2000Onwards]"
"51","2020","Count_Person_60Years_Female_HispanicOrLatino_WhiteAlone","[]","[]","[]","[CensusPEPSurvey_Race2000Onwards]"
"51","2020","Count_Person_29Years_NotHispanicOrLatino_AsianAlone","[]","[]","[]","[CensusPEPSurvey_Race2000Onwards]"
"51","2020","Count_Person_76Years_Male_NotHispanicOrLatino_TwoOrMoreRaces","[]","[]","[]","[CensusPEPSurvey_Race2000Onwards]"
"51","2020","Count_Person_63Years_HispanicOrLatino_BlackOrAfricanAmericanAlone","[]","[]","[]","[CensusPEPSurvey_Race2000Onwards]"
"51","2020","Count_Person_78Years_NotHispanicOrLatino_AmericanIndianAndAlaskaNativeAlone","[]","[]","[]","[CensusPEPSurvey_Race2000Onwards]"
"51","2020","Count_Person_43Years_HispanicOrLatino_AmericanIndianAndAlaskaNativeAlone","[]","[]","[]","[CensusPEPSurvey_Race2000Onwards]"
"51","2020","Count_Person_5Years_HispanicOrLatino_AsianAlone","[]","[]","[]","[CensusPEPSurvey_Race2000Onwards]"
"51","2020","Count_Person_57Years_NotHispanicOrLatino_WhiteAlone","[]","[]","[]","[CensusPEPSurvey_Race2000Onwards]"
"51","2020","Count_Person_36Years_Male_AmericanIndianAndAlaskaNativeAlone","[]","[]","[]","[CensusPEPSurvey_Race2000Onwards]"
"51","2020","Count_Person_25Years_Male_HispanicOrLatino_NativeHawaiianAndOtherPacificIslanderAlone","[]","[]","[]","[CensusPEPSurvey_Race2000Onwards]"
"51","2020","Count_Person_71Years_Male_NotHispanicOrLatino_AmericanIndianAndAlaskaNativeAlone","[]","[]","[]","[CensusPEPSurvey_Race2000Onwards]"
"51","2020","Count_Person_16Years_HispanicOrLatino_AsianAlone","[]","[]","[]","[CensusPEPSurvey_Race2000Onwards]"
"51","2020","Count_Person_10Years_Female_NotHispanicOrLatino_NativeHawaiianAndOtherPacificIslanderAlone","[]","[]","[]","[CensusPEPSurvey_Race2000Onwards]"
"51","2020","Count_Person_51Years_HispanicOrLatino_BlackOrAfricanAmericanAlone","[]","[]","[]","[CensusPEPSurvey_Race2000Onwards]"
"51","2020","Count_Person_60Years_NativeHawaiianAndOtherPacificIslanderAlone","[]","[]","[]","[CensusPEPSurvey_Race2000Onwards]"
"51","2020","Count_Person_21Years_NotHispanicOrLatino_WhiteAlone","[]","[]","[]","[CensusPEPSurvey_Race2000Onwards]"
"51","2020","Count_Person_6Years_Female_NotHispanicOrLatino_TwoOrMoreRaces","[]","[]","[]","[CensusPEPSurvey_Race2000Onwards]"
"51","2020","Count_Person_31Years_Male_NotHispanicOrLatino_AmericanIndianAndAlaskaNativeAlone","[]","[]","[]","[CensusPEPSurvey_Race2000Onwards]"
"51","2020","Count_Person_63Years_Female_NativeHawaiianAndOtherPacificIslanderAlone","[]","[]","[]","[CensusPEPSurvey_Race2000Onwards]"
"51","2020","Count_Person_59Years_Female_TwoOrMoreRaces","[]","[]","[]","[CensusPEPSurvey_Race2000Onwards]"
"51","2020","Count_Person_32Years_Female_BlackOrAfricanAmericanAlone","[]","[]","[]","[CensusPEPSurvey_Race2000Onwards]"
"51","2020","Count_Person_3Years_NotHispanicOrLatino_TwoOrMoreRaces","[]","[]","[]","[CensusPEPSurvey_Race2000Onwards]"
"51","2020","Count_Person_64Years_Male_HispanicOrLatino_WhiteAlone","[]","[]","[]","[CensusPEPSurvey_Race2000Onwards]"
"51","2020","Count_Person_85Years_Male_WhiteAlone","[]","[]","[]","[CensusPEPSurvey_Race2000Onwards]"
"51","2020","Count_Person_85Years_Female_AsianAlone","[]","[]","[]","[CensusPEPSurvey_Race2000Onwards]"
"51","2020","Count_Person_54Years_Male_AsianAlone","[]","[]","[]","[CensusPEPSurvey_Race2000Onwards]"
"51","2020","Count_Person_60Years_Female_TwoOrMoreRaces","[]","[]","[]","[CensusPEPSurvey_Race2000Onwards]"
"51","2020","Count_Person_81Years_Male_HispanicOrLatino_TwoOrMoreRaces","[]","[]","[]","[CensusPEPSurvey_Race2000Onwards]"
"51","2020","Count_Person_40Years_Male_NotHispanicOrLatino_WhiteAlone","[]","[]","[]","[CensusPEPSurvey_Race2000Onwards]"
"51","2020","Count_Person_24Years_WhiteAlone","[]","[]","[]","[CensusPEPSurvey_Race2000Onwards]"
"51","2020","Count_Person_28Years_AmericanIndianAndAlaskaNativeAlone","[]","[]","[]","[CensusPEPSurvey_Race2000Onwards]"
"51","2020","Count_Person_63Years_Female_NotHispanicOrLatino_TwoOrMoreRaces","[]","[]","[]","[CensusPEPSurvey_Race2000Onwards]"
"51","2020","Count_Person_77Years_Female_AmericanIndianAndAlaskaNativeAlone","[]","[]","[]","[CensusPEPSurvey_Race2000Onwards]"
"51","2020","Count_Person_21Years_Female_NotHispanicOrLatino_BlackOrAfricanAmericanAlone","[]","[]","[]","[CensusPEPSurvey_Race2000Onwards]"
"51","2020","Count_Person_48Years_Male_WhiteAlone","[]","[]","[]","[CensusPEPSurvey_Race2000Onwards]"
"51","2020","Count_Person_5Years_Male_NotHispanicOrLatino_TwoOrMoreRaces","[]","[]","[]","[CensusPEPSurvey_Race2000Onwards]"
"51","2020","Count_Person_73Years_Female_WhiteAlone","[]","[]","[]","[CensusPEPSurvey_Race2000Onwards]"
"51","2020","Count_Person_48Years_Male_BlackOrAfricanAmericanAlone","[]","[]","[]","[CensusPEPSurvey_Race2000Onwards]"
"51","2020","Count_Person_22Years_Male_HispanicOrLatino_NativeHawaiianAndOtherPacificIslanderAlone","[]","[]","[]","[CensusPEPSurvey_Race2000Onwards]"
"51","2020","Count_Person_73Years_Male_NotHispanicOrLatino_NativeHawaiianAndOtherPacificIslanderAlone","[]","[]","[]","[CensusPEPSurvey_Race2000Onwards]"
"51","2020","Count_Person_10Years_NotHispanicOrLatino_NativeHawaiianAndOtherPacificIslanderAlone","[]","[]","[]","[CensusPEPSurvey_Race2000Onwards]"
"51","2020","Count_Person_50Years_HispanicOrLatino_NativeHawaiianAndOtherPacificIslanderAlone","[]","[]","[]","[CensusPEPSurvey_Race2000Onwards]"
"51","2020","Count_Person_40Years_HispanicOrLatino_NativeHawaiianAndOtherPacificIslanderAlone","[]","[]","[]","[CensusPEPSurvey_Race2000Onwards]"
"51","2020","Count_Person_63Years_AmericanIndianAndAlaskaNativeAlone","[]","[]","[]","[CensusPEPSurvey_Race2000Onwards]"
"51","2020","Count_Person_10Years_HispanicOrLatino_NativeHawaiianAndOtherPacificIslanderAlone","[]","[]","[]","[CensusPEPSurvey_Race2000Onwards]"
"51","2020","Count_Person_44Years_Male_AsianAlone","[]","[]","[]","[CensusPEPSurvey_Race2000Onwards]"
"51","2020","Count_Person_24Years_NotHispanicOrLatino_AsianAlone","[]","[]","[]","[CensusPEPSurvey_Race2000Onwards]"
"51","2020","Count_Person_22Years_Female_HispanicOrLatino_BlackOrAfricanAmericanAlone","[]","[]","[]","[CensusPEPSurvey_Race2000Onwards]"
"51","2020","Count_Person_46Years_Female_NotHispanicOrLatino_AmericanIndianAndAlaskaNativeAlone","[]","[]","[]","[CensusPEPSurvey_Race2000Onwards]"
"51","2020","Count_Person_25Years_Male_HispanicOrLatino_BlackOrAfricanAmericanAlone","[]","[]","[]","[CensusPEPSurvey_Race2000Onwards]"
"51","2020","Count_Person_39Years_Female_AsianAlone","[]","[]","[]","[CensusPEPSurvey_Race2000Onwards]"
"51","2020","Count_Person_5Years_Male_HispanicOrLatino_TwoOrMoreRaces","[]","[]","[]","[CensusPEPSurvey_Race2000Onwards]"
"51","2020","Count_Person_53Years_Male_NotHispanicOrLatino_BlackOrAfricanAmericanAlone","[]","[]","[]","[CensusPEPSurvey_Race2000Onwards]"
"51","2020","Count_Person_Female_HispanicOrLatino_AmericanIndianAndAlaskaNativeAlone","[]","[]","[]","[dcAggregate/CensusPEPSurvey_Race2000Onwards]"
"51","2020","Count_Person_26Years_Male_AmericanIndianAndAlaskaNativeAlone","[]","[]","[]","[CensusPEPSurvey_Race2000Onwards]"
"51","2020","Count_Person_75Years_Female_NotHispanicOrLatino_AsianAlone","[]","[]","[]","[CensusPEPSurvey_Race2000Onwards]"
"51","2020","Count_Person_70Years_NotHispanicOrLatino_AmericanIndianAndAlaskaNativeAlone","[]","[]","[]","[CensusPEPSurvey_Race2000Onwards]"
"51","2020","Count_Person_28Years_Female_NotHispanicOrLatino_TwoOrMoreRaces","[]","[]","[]","[CensusPEPSurvey_Race2000Onwards]"
"51","2020","Count_Person_52Years_AsianAlone","[]","[]","[]","[CensusPEPSurvey_Race2000Onwards]"
"51","2020","Count_Person_59Years_Male_HispanicOrLatino_BlackOrAfricanAmericanAlone","[]","[]","[]","[CensusPEPSurvey_Race2000Onwards]"
"51","2020","Count_Person_8Years_Female_AsianAlone","[]","[]","[]","[CensusPEPSurvey_Race2000Onwards]"
"51","2020","Count_Person_80Years_BlackOrAfricanAmericanAlone","[]","[]","[]","[CensusPEPSurvey_Race2000Onwards]"
"51","2020","Count_Person_21Years_Male_HispanicOrLatino_NativeHawaiianAndOtherPacificIslanderAlone","[]","[]","[]","[CensusPEPSurvey_Race2000Onwards]"
"51","2020","Count_Person_52Years_Female_HispanicOrLatino_AsianAlone","[]","[]","[]","[CensusPEPSurvey_Race2000Onwards]"
"51","2020","Count_Person_27Years_Male_NotHispanicOrLatino_BlackOrAfricanAmericanAlone","[]","[]","[]","[CensusPEPSurvey_Race2000Onwards]"
"51","2020","Count_Person_75Years_Male_HispanicOrLatino_TwoOrMoreRaces","[]","[]","[]","[CensusPEPSurvey_Race2000Onwards]"
"51","2020","Count_Person_Male_HispanicOrLatino_AmericanIndianAndAlaskaNativeAlone","[]","[]","[]","[dcAggregate/CensusPEPSurvey_Race2000Onwards]"
"51","2020","Count_Person_13Years_Male_HispanicOrLatino_WhiteAlone","[]","[]","[]","[CensusPEPSurvey_Race2000Onwards]"
"51","2020","Count_Person_58Years_AsianAlone","[]","[]","[]","[CensusPEPSurvey_Race2000Onwards]"
"51","2020","Count_Person_70Years_Male_HispanicOrLatino_TwoOrMoreRaces","[]","[]","[]","[CensusPEPSurvey_Race2000Onwards]"
"51","2020","Count_Person_55Years_NotHispanicOrLatino_BlackOrAfricanAmericanAlone","[]","[]","[]","[CensusPEPSurvey_Race2000Onwards]"
"51","2020","Count_Person_0Years_Female_HispanicOrLatino_AmericanIndianAndAlaskaNativeAlone","[]","[]","[]","[CensusPEPSurvey_Race2000Onwards]"
"51","2020","Count_Person_49Years_AsianAlone","[]","[]","[]","[CensusPEPSurvey_Race2000Onwards]"
"51","2020","Count_Person_42Years_Female_HispanicOrLatino_AmericanIndianAndAlaskaNativeAlone","[]","[]","[]","[CensusPEPSurvey_Race2000Onwards]"
"51","2020","Count_Person_37Years_Female_NotHispanicOrLatino_BlackOrAfricanAmericanAlone","[]","[]","[]","[CensusPEPSurvey_Race2000Onwards]"
"51","2020","Count_Person_4Years_Female_HispanicOrLatino_AsianAlone","[]","[]","[]","[CensusPEPSurvey_Race2000Onwards]"
"51","2020","Count_Person_11Years_Male_BlackOrAfricanAmericanAlone","[]","[]","[]","[CensusPEPSurvey_Race2000Onwards]"
"51","2020","Count_Person_22Years_NotHispanicOrLatino_BlackOrAfricanAmericanAlone","[]","[]","[]","[CensusPEPSurvey_Race2000Onwards]"
"51","2020","Count_Person_61Years_Male_BlackOrAfricanAmericanAlone","[]","[]","[]","[CensusPEPSurvey_Race2000Onwards]"
"51","2020","Count_Person_52Years_Male_HispanicOrLatino_AmericanIndianAndAlaskaNativeAlone","[]","[]","[]","[CensusPEPSurvey_Race2000Onwards]"
"51","2020","Count_Person_25Years_AsianAlone","[]","[]","[]","[CensusPEPSurvey_Race2000Onwards]"
"51","2020","Count_Person_83Years_HispanicOrLatino_AmericanIndianAndAlaskaNativeAlone","[]","[]","[]","[CensusPEPSurvey_Race2000Onwards]"
"51","2020","Count_Person_40Years_HispanicOrLatino_AmericanIndianAndAlaskaNativeAlone","[]","[]","[]","[CensusPEPSurvey_Race2000Onwards]"
"51","2020","Count_Person_0Years_HispanicOrLatino_AmericanIndianAndAlaskaNativeAlone","[]","[]","[]","[CensusPEPSurvey_Race2000Onwards]"
"51","2020","Count_Person_16Years_Female_HispanicOrLatino_AmericanIndianAndAlaskaNativeAlone","[]","[]","[]","[CensusPEPSurvey_Race2000Onwards]"
"51","2020","Count_Person_18Years_Male_HispanicOrLatino_AmericanIndianAndAlaskaNativeAlone","[]","[]","[]","[CensusPEPSurvey_Race2000Onwards]"
"51","2020","Count_Person_65Years_Female_HispanicOrLatino_BlackOrAfricanAmericanAlone","[]","[]","[]","[CensusPEPSurvey_Race2000Onwards]"
"51","2020","Count_Person_41Years_Female_BlackOrAfricanAmericanAlone","[]","[]","[]","[CensusPEPSurvey_Race2000Onwards]"
"51","2020","Count_Person_3Years_NotHispanicOrLatino_AmericanIndianAndAlaskaNativeAlone","[]","[]","[]","[CensusPEPSurvey_Race2000Onwards]"
"51","2020","Count_Person_52Years_NativeHawaiianAndOtherPacificIslanderAlone","[]","[]","[]","[CensusPEPSurvey_Race2000Onwards]"
"51","2020","Count_Person_69Years_Male_NotHispanicOrLatino_AmericanIndianAndAlaskaNativeAlone","[]","[]","[]","[CensusPEPSurvey_Race2000Onwards]"
"51","2020","Count_Person_59Years_Male_NotHispanicOrLatino_AmericanIndianAndAlaskaNativeAlone","[]","[]","[]","[CensusPEPSurvey_Race2000Onwards]"
"51","2020","Count_Person_3Years_Female_HispanicOrLatino_TwoOrMoreRaces","[]","[]","[]","[CensusPEPSurvey_Race2000Onwards]"
"51","2020","Count_Person_48Years_Female_NativeHawaiianAndOtherPacificIslanderAlone","[]","[]","[]","[CensusPEPSurvey_Race2000Onwards]"
"51","2020","Count_Person_20Years_Male_HispanicOrLatino_AmericanIndianAndAlaskaNativeAlone","[]","[]","[]","[CensusPEPSurvey_Race2000Onwards]"
"51","2020","Count_Person_62Years_Male_NotHispanicOrLatino_WhiteAlone","[]","[]","[]","[CensusPEPSurvey_Race2000Onwards]"
"51","2020","Count_Person_31Years_HispanicOrLatino_AmericanIndianAndAlaskaNativeAlone","[]","[]","[]","[CensusPEPSurvey_Race2000Onwards]"
"51","2020","Count_Person_76Years_WhiteAlone","[]","[]","[]","[CensusPEPSurvey_Race2000Onwards]"
"51","2020","Count_Person_78Years_Male_NotHispanicOrLatino_AmericanIndianAndAlaskaNativeAlone","[]","[]","[]","[CensusPEPSurvey_Race2000Onwards]"
"51","2020","Count_Person_51Years_Female_HispanicOrLatino_WhiteAlone","[]","[]","[]","[CensusPEPSurvey_Race2000Onwards]"
"51","2020","Count_Person_29Years_Male_HispanicOrLatino_NativeHawaiianAndOtherPacificIslanderAlone","[]","[]","[]","[CensusPEPSurvey_Race2000Onwards]"
"51","2020","Count_Person_61Years_Female_HispanicOrLatino_WhiteAlone","[]","[]","[]","[CensusPEPSurvey_Race2000Onwards]"
"51","2020","Count_Person_71Years_Female_AmericanIndianAndAlaskaNativeAlone","[]","[]","[]","[CensusPEPSurvey_Race2000Onwards]"
"51","2020","Count_Person_62Years_HispanicOrLatino_AsianAlone","[]","[]","[]","[CensusPEPSurvey_Race2000Onwards]"
"51","2020","Count_Person_64Years_HispanicOrLatino_AsianAlone","[]","[]","[]","[CensusPEPSurvey_Race2000Onwards]"
"51","2020","Count_Person_19Years_HispanicOrLatino_BlackOrAfricanAmericanAlone","[]","[]","[]","[CensusPEPSurvey_Race2000Onwards]"
"51","2020","Count_Person_61Years_Male_WhiteAlone","[]","[]","[]","[CensusPEPSurvey_Race2000Onwards]"
"51","2020","Count_Person_64Years_Male_HispanicOrLatino_TwoOrMoreRaces","[]","[]","[]","[CensusPEPSurvey_Race2000Onwards]"
"51","2020","Count_Person_53Years_NotHispanicOrLatino_WhiteAlone","[]","[]","[]","[CensusPEPSurvey_Race2000Onwards]"
"51","2020","Count_Person_19Years_Female_AmericanIndianAndAlaskaNativeAlone","[]","[]","[]","[CensusPEPSurvey_Race2000Onwards]"
"51","2020","Count_Person_10Years_Male_BlackOrAfricanAmericanAlone","[]","[]","[]","[CensusPEPSurvey_Race2000Onwards]"
"51","2020","Count_Person_48Years_HispanicOrLatino_NativeHawaiianAndOtherPacificIslanderAlone","[]","[]","[]","[CensusPEPSurvey_Race2000Onwards]"
"51","2020","Count_Person_12Years_Male_NotHispanicOrLatino_BlackOrAfricanAmericanAlone","[]","[]","[]","[CensusPEPSurvey_Race2000Onwards]"
"51","2020","Count_Person_31Years_Female_NotHispanicOrLatino_TwoOrMoreRaces","[]","[]","[]","[CensusPEPSurvey_Race2000Onwards]"
"51","2020","Count_Person_30Years_TwoOrMoreRaces","[]","[]","[]","[CensusPEPSurvey_Race2000Onwards]"
"51","2020","Count_Person_41Years_Female_NotHispanicOrLatino_AsianAlone","[]","[]","[]","[CensusPEPSurvey_Race2000Onwards]"
"51","2020","Count_Person_66Years_Male_NotHispanicOrLatino_TwoOrMoreRaces","[]","[]","[]","[CensusPEPSurvey_Race2000Onwards]"
"51","2020","Count_Person_53Years_Male_HispanicOrLatino_TwoOrMoreRaces","[]","[]","[]","[CensusPEPSurvey_Race2000Onwards]"
"51","2020","Count_Person_46Years_Female_WhiteAlone","[]","[]","[]","[CensusPEPSurvey_Race2000Onwards]"
"51","2020","Count_Person_26Years_NotHispanicOrLatino_WhiteAlone","[]","[]","[]","[CensusPEPSurvey_Race2000Onwards]"
"51","2020","Count_Person_70Years_Female_NotHispanicOrLatino_WhiteAlone","[]","[]","[]","[CensusPEPSurvey_Race2000Onwards]"
"51","2020","Count_Person_21Years_NotHispanicOrLatino_AsianAlone","[]","[]","[]","[CensusPEPSurvey_Race2000Onwards]"
"51","2020","Count_Person_34Years_Female_HispanicOrLatino_BlackOrAfricanAmericanAlone","[]","[]","[]","[CensusPEPSurvey_Race2000Onwards]"
"51","2020","Count_Person_53Years_HispanicOrLatino_AsianAlone","[]","[]","[]","[CensusPEPSurvey_Race2000Onwards]"
"51","2020","Count_Person_8Years_HispanicOrLatino_BlackOrAfricanAmericanAlone","[]","[]","[]","[CensusPEPSurvey_Race2000Onwards]"
"51","2020","Count_Person_36Years_Female_HispanicOrLatino_AsianAlone","[]","[]","[]","[CensusPEPSurvey_Race2000Onwards]"
"51","2020","Count_Person_23Years_Male_NotHispanicOrLatino_TwoOrMoreRaces","[]","[]","[]","[CensusPEPSurvey_Race2000Onwards]"
"51","2020","Count_Person_32Years_Male_TwoOrMoreRaces","[]","[]","[]","[CensusPEPSurvey_Race2000Onwards]"
"51","2020","Count_Person_47Years_NativeHawaiianAndOtherPacificIslanderAlone","[]","[]","[]","[CensusPEPSurvey_Race2000Onwards]"
"51","2020","Count_Person_19Years_AmericanIndianAndAlaskaNativeAlone","[]","[]","[]","[CensusPEPSurvey_Race2000Onwards]"
"51","2020","Count_Person_74Years_NativeHawaiianAndOtherPacificIslanderAlone","[]","[]","[]","[CensusPEPSurvey_Race2000Onwards]"
"51","2020","Count_Person_7Years_Male_NotHispanicOrLatino_NativeHawaiianAndOtherPacificIslanderAlone","[]","[]","[]","[CensusPEPSurvey_Race2000Onwards]"
"51","2020","Count_Person_46Years_Male_AmericanIndianAndAlaskaNativeAlone","[]","[]","[]","[CensusPEPSurvey_Race2000Onwards]"
"51","2020","Count_Person_3Years_Female_HispanicOrLatino_WhiteAlone","[]","[]","[]","[CensusPEPSurvey_Race2000Onwards]"
"51","2020","Count_Person_62Years_NotHispanicOrLatino_BlackOrAfricanAmericanAlone","[]","[]","[]","[CensusPEPSurvey_Race2000Onwards]"
"51","2020","Count_Person_8Years_NativeHawaiianAndOtherPacificIslanderAlone","[]","[]","[]","[CensusPEPSurvey_Race2000Onwards]"
"51","2020","Count_Person_1Years_Male_NotHispanicOrLatino_TwoOrMoreRaces","[]","[]","[]","[CensusPEPSurvey_Race2000Onwards]"
"51","2020","Count_Person_36Years_Female_NotHispanicOrLatino_NativeHawaiianAndOtherPacificIslanderAlone","[]","[]","[]","[CensusPEPSurvey_Race2000Onwards]"
"51","2020","Count_Person_68Years_Male_TwoOrMoreRaces","[]","[]","[]","[CensusPEPSurvey_Race2000Onwards]"
"51","2020","Count_Person_78Years_NotHispanicOrLatino_TwoOrMoreRaces","[]","[]","[]","[CensusPEPSurvey_Race2000Onwards]"
"51","2020","Count_Person_20Years_NotHispanicOrLatino_AsianAlone","[]","[]","[]","[CensusPEPSurvey_Race2000Onwards]"
"51","2020","Count_Person_69Years_NotHispanicOrLatino_BlackOrAfricanAmericanAlone","[]","[]","[]","[CensusPEPSurvey_Race2000Onwards]"
"51","2020","Count_Person_64Years_Female_NotHispanicOrLatino_NativeHawaiianAndOtherPacificIslanderAlone","[]","[]","[]","[CensusPEPSurvey_Race2000Onwards]"
"51","2020","Count_Person_20Years_Male_HispanicOrLatino_TwoOrMoreRaces","[]","[]","[]","[CensusPEPSurvey_Race2000Onwards]"
"51","2020","Count_Person_72Years_Male_NotHispanicOrLatino_BlackOrAfricanAmericanAlone","[]","[]","[]","[CensusPEPSurvey_Race2000Onwards]"
"51","2020","Count_Person_27Years_Female_HispanicOrLatino_AsianAlone","[]","[]","[]","[CensusPEPSurvey_Race2000Onwards]"
"51","2020","Count_Person_75Years_Female_NotHispanicOrLatino_BlackOrAfricanAmericanAlone","[]","[]","[]","[CensusPEPSurvey_Race2000Onwards]"
"51","2020","Count_Person_52Years_Male_AmericanIndianAndAlaskaNativeAlone","[]","[]","[]","[CensusPEPSurvey_Race2000Onwards]"
"51","2020","Count_Person_17Years_Female_HispanicOrLatino_WhiteAlone","[]","[]","[]","[CensusPEPSurvey_Race2000Onwards]"
"51","2020","Count_Person_52Years_Female_TwoOrMoreRaces","[]","[]","[]","[CensusPEPSurvey_Race2000Onwards]"
"51","2020","Count_Person_58Years_Male_WhiteAlone","[]","[]","[]","[CensusPEPSurvey_Race2000Onwards]"
"51","2020","Count_Person_52Years_Female_HispanicOrLatino_WhiteAlone","[]","[]","[]","[CensusPEPSurvey_Race2000Onwards]"
"51","2020","Count_Person_2Years_Female_AsianAlone","[]","[]","[]","[CensusPEPSurvey_Race2000Onwards]"
"51","2020","Count_Person_84Years_HispanicOrLatino_TwoOrMoreRaces","[]","[]","[]","[CensusPEPSurvey_Race2000Onwards]"
"51","2020","Count_Person_16Years_HispanicOrLatino_BlackOrAfricanAmericanAlone","[]","[]","[]","[CensusPEPSurvey_Race2000Onwards]"
"51","2020","Count_Person_48Years_Male_HispanicOrLatino_AmericanIndianAndAlaskaNativeAlone","[]","[]","[]","[CensusPEPSurvey_Race2000Onwards]"
"51","2020","Count_Person_27Years_Male_AsianAlone","[]","[]","[]","[CensusPEPSurvey_Race2000Onwards]"
"51","2020","Count_Person_13Years_HispanicOrLatino_TwoOrMoreRaces","[]","[]","[]","[CensusPEPSurvey_Race2000Onwards]"
"51","2020","Count_Person_20Years_HispanicOrLatino_AsianAlone","[]","[]","[]","[CensusPEPSurvey_Race2000Onwards]"
"51","2020","Count_Person_23Years_Female_HispanicOrLatino_AmericanIndianAndAlaskaNativeAlone","[]","[]","[]","[CensusPEPSurvey_Race2000Onwards]"
"51","2020","Count_Person_80Years_Female_NotHispanicOrLatino_NativeHawaiianAndOtherPacificIslanderAlone","[]","[]","[]","[CensusPEPSurvey_Race2000Onwards]"
"51","2020","Count_Person_26Years_Male_NativeHawaiianAndOtherPacificIslanderAlone","[]","[]","[]","[CensusPEPSurvey_Race2000Onwards]"
"51","2020","Count_Person_1Years_Male_NotHispanicOrLatino_WhiteAlone","[]","[]","[]","[CensusPEPSurvey_Race2000Onwards]"
"51","2020","Count_Person_6Years_Male_NotHispanicOrLatino_BlackOrAfricanAmericanAlone","[]","[]","[]","[CensusPEPSurvey_Race2000Onwards]"
"51","2020","Count_Person_13Years_Male_NotHispanicOrLatino_TwoOrMoreRaces","[]","[]","[]","[CensusPEPSurvey_Race2000Onwards]"
"51","2020","Count_Person_24Years_NotHispanicOrLatino_AmericanIndianAndAlaskaNativeAlone","[]","[]","[]","[CensusPEPSurvey_Race2000Onwards]"
"51","2020","Count_Person_25Years_Female_HispanicOrLatino_TwoOrMoreRaces","[]","[]","[]","[CensusPEPSurvey_Race2000Onwards]"
"51","2020","Count_Person_1Years_Male_HispanicOrLatino_AmericanIndianAndAlaskaNativeAlone","[]","[]","[]","[CensusPEPSurvey_Race2000Onwards]"
"51","2020","Count_Person_34Years_Female_AsianAlone","[]","[]","[]","[CensusPEPSurvey_Race2000Onwards]"
"51","2020","Count_Person_20Years_Male_HispanicOrLatino_WhiteAlone","[]","[]","[]","[CensusPEPSurvey_Race2000Onwards]"
"51","2020","Count_Person_12Years_Male_NotHispanicOrLatino_WhiteAlone","[]","[]","[]","[CensusPEPSurvey_Race2000Onwards]"
"51","2020","Count_Person_42Years_Male_HispanicOrLatino_AsianAlone","[]","[]","[]","[CensusPEPSurvey_Race2000Onwards]"
"51","2020","Count_Person_49Years_Female_NotHispanicOrLatino_WhiteAlone","[]","[]","[]","[CensusPEPSurvey_Race2000Onwards]"
"51","2020","Count_Person_81Years_Male_NotHispanicOrLatino_AmericanIndianAndAlaskaNativeAlone","[]","[]","[]","[CensusPEPSurvey_Race2000Onwards]"
"51","2020","Count_Person_22Years_NotHispanicOrLatino_WhiteAlone","[]","[]","[]","[CensusPEPSurvey_Race2000Onwards]"
"51","2020","Count_Person_67Years_Female_HispanicOrLatino_AmericanIndianAndAlaskaNativeAlone","[]","[]","[]","[CensusPEPSurvey_Race2000Onwards]"
"51","2020","Count_Person_75Years_Male_WhiteAlone","[]","[]","[]","[CensusPEPSurvey_Race2000Onwards]"
"51","2020","Count_Person_2Years_Male_NotHispanicOrLatino_AsianAlone","[]","[]","[]","[CensusPEPSurvey_Race2000Onwards]"
"51","2020","Count_Person_55Years_Female_NotHispanicOrLatino_WhiteAlone","[]","[]","[]","[CensusPEPSurvey_Race2000Onwards]"
"51","2020","Count_Person_49Years_Male_TwoOrMoreRaces","[]","[]","[]","[CensusPEPSurvey_Race2000Onwards]"
"51","2020","Count_Person_79Years_Male_WhiteAlone","[]","[]","[]","[CensusPEPSurvey_Race2000Onwards]"
"51","2020","Count_Person_75Years_Female_BlackOrAfricanAmericanAlone","[]","[]","[]","[CensusPEPSurvey_Race2000Onwards]"
"51","2020","Count_Person_85Years_Male_AmericanIndianAndAlaskaNativeAlone","[]","[]","[]","[CensusPEPSurvey_Race2000Onwards]"
"51","2020","Count_Person_65Years_Male_WhiteAlone","[]","[]","[]","[CensusPEPSurvey_Race2000Onwards]"
"51","2020","Count_Person_49Years_HispanicOrLatino_AsianAlone","[]","[]","[]","[CensusPEPSurvey_Race2000Onwards]"
"51","2020","Count_Person_85Years_WhiteAlone","[]","[]","[]","[CensusPEPSurvey_Race2000Onwards]"
"51","2020","Count_Person_4Years_Female_NotHispanicOrLatino_TwoOrMoreRaces","[]","[]","[]","[CensusPEPSurvey_Race2000Onwards]"
"51","2020","Count_Person_5Years_Female_NotHispanicOrLatino_BlackOrAfricanAmericanAlone","[]","[]","[]","[CensusPEPSurvey_Race2000Onwards]"
"51","2020","Count_Person_24Years_Male_HispanicOrLatino_AmericanIndianAndAlaskaNativeAlone","[]","[]","[]","[CensusPEPSurvey_Race2000Onwards]"
"51","2020","Count_Person_42Years_Male_AmericanIndianAndAlaskaNativeAlone","[]","[]","[]","[CensusPEPSurvey_Race2000Onwards]"
"51","2020","Count_Person_38Years_HispanicOrLatino_NativeHawaiianAndOtherPacificIslanderAlone","[]","[]","[]","[CensusPEPSurvey_Race2000Onwards]"
"51","2020","Count_Person_17Years_Female_AmericanIndianAndAlaskaNativeAlone","[]","[]","[]","[CensusPEPSurvey_Race2000Onwards]"
"51","2020","Count_Person_34Years_Male_AsianAlone","[]","[]","[]","[CensusPEPSurvey_Race2000Onwards]"
"51","2020","Count_Person_53Years_Female_AsianAlone","[]","[]","[]","[CensusPEPSurvey_Race2000Onwards]"
"51","2020","Count_Person_48Years_Male_AsianAlone","[]","[]","[]","[CensusPEPSurvey_Race2000Onwards]"
"51","2020","Count_Person_64Years_HispanicOrLatino_AmericanIndianAndAlaskaNativeAlone","[]","[]","[]","[CensusPEPSurvey_Race2000Onwards]"
"51","2020","Count_Person_42Years_Male_HispanicOrLatino_TwoOrMoreRaces","[]","[]","[]","[CensusPEPSurvey_Race2000Onwards]"
"51","2020","Count_Person_39Years_NativeHawaiianAndOtherPacificIslanderAlone","[]","[]","[]","[CensusPEPSurvey_Race2000Onwards]"
"51","2020","Count_Person_31Years_Male_HispanicOrLatino_TwoOrMoreRaces","[]","[]","[]","[CensusPEPSurvey_Race2000Onwards]"
"51","2020","Count_Person_32Years_Female_NotHispanicOrLatino_BlackOrAfricanAmericanAlone","[]","[]","[]","[CensusPEPSurvey_Race2000Onwards]"
"51","2020","Count_Person_26Years_Female_NotHispanicOrLatino_BlackOrAfricanAmericanAlone","[]","[]","[]","[CensusPEPSurvey_Race2000Onwards]"
"51","2020","Count_Person_43Years_Male_HispanicOrLatino_AsianAlone","[]","[]","[]","[CensusPEPSurvey_Race2000Onwards]"
"51","2020","Count_Person_43Years_WhiteAlone","[]","[]","[]","[CensusPEPSurvey_Race2000Onwards]"
"51","2020","Count_Person_6Years_Female_HispanicOrLatino_BlackOrAfricanAmericanAlone","[]","[]","[]","[CensusPEPSurvey_Race2000Onwards]"
"51","2020","Count_Person_26Years_NotHispanicOrLatino_BlackOrAfricanAmericanAlone","[]","[]","[]","[CensusPEPSurvey_Race2000Onwards]"
"51","2020","Count_Person_24Years_Female_NotHispanicOrLatino_WhiteAlone","[]","[]","[]","[CensusPEPSurvey_Race2000Onwards]"
"51","2020","Count_Person_68Years_Male_NotHispanicOrLatino_BlackOrAfricanAmericanAlone","[]","[]","[]","[CensusPEPSurvey_Race2000Onwards]"
"51","2020","Count_Person_9Years_Male_TwoOrMoreRaces","[]","[]","[]","[CensusPEPSurvey_Race2000Onwards]"
"51","2020","Count_Person_19Years_Male_NotHispanicOrLatino_NativeHawaiianAndOtherPacificIslanderAlone","[]","[]","[]","[CensusPEPSurvey_Race2000Onwards]"
"51","2020","Count_Person_49Years_WhiteAlone","[]","[]","[]","[CensusPEPSurvey_Race2000Onwards]"
"51","2020","Count_Person_2Years_Male_HispanicOrLatino_AsianAlone","[]","[]","[]","[CensusPEPSurvey_Race2000Onwards]"
"51","2020","Count_Person_51Years_NotHispanicOrLatino_BlackOrAfricanAmericanAlone","[]","[]","[]","[CensusPEPSurvey_Race2000Onwards]"
"51","2020","Count_Person_13Years_Male_HispanicOrLatino_AsianAlone","[]","[]","[]","[CensusPEPSurvey_Race2000Onwards]"
"51","2020","Count_Person_3Years_NotHispanicOrLatino_NativeHawaiianAndOtherPacificIslanderAlone","[]","[]","[]","[CensusPEPSurvey_Race2000Onwards]"
"51","2020","Count_Person_82Years_Male_HispanicOrLatino_BlackOrAfricanAmericanAlone","[]","[]","[]","[CensusPEPSurvey_Race2000Onwards]"
"51","2020","Count_Person_30Years_Male_NotHispanicOrLatino_BlackOrAfricanAmericanAlone","[]","[]","[]","[CensusPEPSurvey_Race2000Onwards]"
"51","2020","Count_Person_52Years_WhiteAlone","[]","[]","[]","[CensusPEPSurvey_Race2000Onwards]"
"51","2020","Count_Person_80Years_HispanicOrLatino_TwoOrMoreRaces","[]","[]","[]","[CensusPEPSurvey_Race2000Onwards]"
"51","2020","Count_Person_82Years_NativeHawaiianAndOtherPacificIslanderAlone","[]","[]","[]","[CensusPEPSurvey_Race2000Onwards]"
"51","2020","Count_Person_65Years_Female_NotHispanicOrLatino_TwoOrMoreRaces","[]","[]","[]","[CensusPEPSurvey_Race2000Onwards]"
"51","2020","Count_Person_4Years_Female_HispanicOrLatino_WhiteAlone","[]","[]","[]","[CensusPEPSurvey_Race2000Onwards]"
"51","2020","Count_Person_17Years_Male_NotHispanicOrLatino_TwoOrMoreRaces","[]","[]","[]","[CensusPEPSurvey_Race2000Onwards]"
"51","2020","Count_Person_44Years_NativeHawaiianAndOtherPacificIslanderAlone","[]","[]","[]","[CensusPEPSurvey_Race2000Onwards]"
"51","2020","Count_Person_81Years_Male_NativeHawaiianAndOtherPacificIslanderAlone","[]","[]","[]","[CensusPEPSurvey_Race2000Onwards]"
"51","2020","Count_Person_39Years_HispanicOrLatino_AmericanIndianAndAlaskaNativeAlone","[]","[]","[]","[CensusPEPSurvey_Race2000Onwards]"
"51","2020","Count_Person_67Years_NotHispanicOrLatino_AmericanIndianAndAlaskaNativeAlone","[]","[]","[]","[CensusPEPSurvey_Race2000Onwards]"
"51","2020","Count_Person_55Years_NotHispanicOrLatino_AsianAlone","[]","[]","[]","[CensusPEPSurvey_Race2000Onwards]"
"51","2020","Count_Person_23Years_Male_NativeHawaiianAndOtherPacificIslanderAlone","[]","[]","[]","[CensusPEPSurvey_Race2000Onwards]"
"51","2020","Count_Person_56Years_Male_NotHispanicOrLatino_TwoOrMoreRaces","[]","[]","[]","[CensusPEPSurvey_Race2000Onwards]"
"51","2020","Count_Person_34Years_Male_NotHispanicOrLatino_WhiteAlone","[]","[]","[]","[CensusPEPSurvey_Race2000Onwards]"
"51","2020","Count_Person_11Years_TwoOrMoreRaces","[]","[]","[]","[CensusPEPSurvey_Race2000Onwards]"
"51","2020","Count_Person_16Years_Male_NotHispanicOrLatino_NativeHawaiianAndOtherPacificIslanderAlone","[]","[]","[]","[CensusPEPSurvey_Race2000Onwards]"
"51","2020","Count_Person_55Years_Female_HispanicOrLatino_TwoOrMoreRaces","[]","[]","[]","[CensusPEPSurvey_Race2000Onwards]"
"51","2020","Count_Person_1Years_Female_NotHispanicOrLatino_NativeHawaiianAndOtherPacificIslanderAlone","[]","[]","[]","[CensusPEPSurvey_Race2000Onwards]"
"51","2020","Count_Person_19Years_Female_AsianAlone","[]","[]","[]","[CensusPEPSurvey_Race2000Onwards]"
"51","2020","Count_Person_13Years_HispanicOrLatino_BlackOrAfricanAmericanAlone","[]","[]","[]","[CensusPEPSurvey_Race2000Onwards]"
"51","2020","Count_Person_56Years_Male_AmericanIndianAndAlaskaNativeAlone","[]","[]","[]","[CensusPEPSurvey_Race2000Onwards]"
"51","2020","Count_Person_41Years_Male_NotHispanicOrLatino_NativeHawaiianAndOtherPacificIslanderAlone","[]","[]","[]","[CensusPEPSurvey_Race2000Onwards]"
"51","2020","Count_Person_50Years_Male_HispanicOrLatino_AsianAlone","[]","[]","[]","[CensusPEPSurvey_Race2000Onwards]"
"51","2020","Count_Person_56Years_NotHispanicOrLatino_AsianAlone","[]","[]","[]","[CensusPEPSurvey_Race2000Onwards]"
"51","2020","Count_Person_22Years_Female_BlackOrAfricanAmericanAlone","[]","[]","[]","[CensusPEPSurvey_Race2000Onwards]"
"51","2020","Count_Person_11Years_Male_NotHispanicOrLatino_WhiteAlone","[]","[]","[]","[CensusPEPSurvey_Race2000Onwards]"
"51","2020","Count_Person_62Years_Male_NotHispanicOrLatino_TwoOrMoreRaces","[]","[]","[]","[CensusPEPSurvey_Race2000Onwards]"
"51","2020","Count_Person_6Years_Male_NotHispanicOrLatino_NativeHawaiianAndOtherPacificIslanderAlone","[]","[]","[]","[CensusPEPSurvey_Race2000Onwards]"
"51","2020","Count_Person_71Years_Female_HispanicOrLatino_AsianAlone","[]","[]","[]","[CensusPEPSurvey_Race2000Onwards]"
"51","2020","Count_Person_79Years_TwoOrMoreRaces","[]","[]","[]","[CensusPEPSurvey_Race2000Onwards]"
"51","2020","Count_Person_76Years_Female_TwoOrMoreRaces","[]","[]","[]","[CensusPEPSurvey_Race2000Onwards]"
"51","2020","Count_Person_65Years_Female_HispanicOrLatino_TwoOrMoreRaces","[]","[]","[]","[CensusPEPSurvey_Race2000Onwards]"
"51","2020","Count_Person_0Years_Male_NativeHawaiianAndOtherPacificIslanderAlone","[]","[]","[]","[CensusPEPSurvey_Race2000Onwards]"
"51","2020","Count_Person_84Years_Female_AmericanIndianAndAlaskaNativeAlone","[]","[]","[]","[CensusPEPSurvey_Race2000Onwards]"
"51","2020","Count_Person_69Years_Female_HispanicOrLatino_WhiteAlone","[]","[]","[]","[CensusPEPSurvey_Race2000Onwards]"
"51","2020","Count_Person_49Years_Female_BlackOrAfricanAmericanAlone","[]","[]","[]","[CensusPEPSurvey_Race2000Onwards]"
"51","2020","Count_Person_29Years_Female_TwoOrMoreRaces","[]","[]","[]","[CensusPEPSurvey_Race2000Onwards]"
"51","2020","Count_Person_62Years_NotHispanicOrLatino_AsianAlone","[]","[]","[]","[CensusPEPSurvey_Race2000Onwards]"
"51","2020","Count_Person_2Years_NotHispanicOrLatino_TwoOrMoreRaces","[]","[]","[]","[CensusPEPSurvey_Race2000Onwards]"
"51","2020","Count_Person_27Years_Male_NotHispanicOrLatino_WhiteAlone","[]","[]","[]","[CensusPEPSurvey_Race2000Onwards]"
"51","2020","Count_Person_33Years_Female_NotHispanicOrLatino_AmericanIndianAndAlaskaNativeAlone","[]","[]","[]","[CensusPEPSurvey_Race2000Onwards]"
"51","2020","Count_Person_47Years_HispanicOrLatino_AsianAlone","[]","[]","[]","[CensusPEPSurvey_Race2000Onwards]"
"51","2020","Count_Person_42Years_Female_HispanicOrLatino_WhiteAlone","[]","[]","[]","[CensusPEPSurvey_Race2000Onwards]"
"51","2020","Count_Person_27Years_Female_HispanicOrLatino_WhiteAlone","[]","[]","[]","[CensusPEPSurvey_Race2000Onwards]"
"51","2020","Count_Person_48Years_Female_HispanicOrLatino_AmericanIndianAndAlaskaNativeAlone","[]","[]","[]","[CensusPEPSurvey_Race2000Onwards]"
"51","2020","Count_Person_69Years_TwoOrMoreRaces","[]","[]","[]","[CensusPEPSurvey_Race2000Onwards]"
"51","2020","Count_Person_53Years_Male_NotHispanicOrLatino_NativeHawaiianAndOtherPacificIslanderAlone","[]","[]","[]","[CensusPEPSurvey_Race2000Onwards]"
"51","2020","Count_Person_70Years_Female_HispanicOrLatino_WhiteAlone","[]","[]","[]","[CensusPEPSurvey_Race2000Onwards]"
"51","2020","Count_Person_57Years_Female_NotHispanicOrLatino_AsianAlone","[]","[]","[]","[CensusPEPSurvey_Race2000Onwards]"
"51","2020","Count_Person_81Years_Female_HispanicOrLatino_BlackOrAfricanAmericanAlone","[]","[]","[]","[CensusPEPSurvey_Race2000Onwards]"
"51","2020","Count_Person_23Years_HispanicOrLatino_TwoOrMoreRaces","[]","[]","[]","[CensusPEPSurvey_Race2000Onwards]"
"51","2020","Count_Person_7Years_TwoOrMoreRaces","[]","[]","[]","[CensusPEPSurvey_Race2000Onwards]"
"51","2020","Count_Person_15Years_Female_NativeHawaiianAndOtherPacificIslanderAlone","[]","[]","[]","[CensusPEPSurvey_Race2000Onwards]"
"51","2020","Count_Person_81Years_Female_HispanicOrLatino_AmericanIndianAndAlaskaNativeAlone","[]","[]","[]","[CensusPEPSurvey_Race2000Onwards]"
"51","2020","Count_Person_11Years_AmericanIndianAndAlaskaNativeAlone","[]","[]","[]","[CensusPEPSurvey_Race2000Onwards]"
"51","2020","Count_Person_0Years_Male_NotHispanicOrLatino_WhiteAlone","[]","[]","[]","[CensusPEPSurvey_Race2000Onwards]"
"51","2020","Count_Person_41Years_Male_HispanicOrLatino_AsianAlone","[]","[]","[]","[CensusPEPSurvey_Race2000Onwards]"
"51","2020","Count_Person_74Years_HispanicOrLatino_AmericanIndianAndAlaskaNativeAlone","[]","[]","[]","[CensusPEPSurvey_Race2000Onwards]"
"51","2020","Count_Person_70Years_NotHispanicOrLatino_TwoOrMoreRaces","[]","[]","[]","[CensusPEPSurvey_Race2000Onwards]"
"51","2020","Count_Person_67Years_BlackOrAfricanAmericanAlone","[]","[]","[]","[CensusPEPSurvey_Race2000Onwards]"
"51","2020","Count_Person_61Years_NotHispanicOrLatino_AsianAlone","[]","[]","[]","[CensusPEPSurvey_Race2000Onwards]"
"51","2020","Count_Person_0Years_Male_HispanicOrLatino_AsianAlone","[]","[]","[]","[CensusPEPSurvey_Race2000Onwards]"
"51","2020","Count_Person_63Years_BlackOrAfricanAmericanAlone","[]","[]","[]","[CensusPEPSurvey_Race2000Onwards]"
"51","2020","Count_Person_33Years_Female_TwoOrMoreRaces","[]","[]","[]","[CensusPEPSurvey_Race2000Onwards]"
"51","2020","Count_Person_58Years_HispanicOrLatino_AsianAlone","[]","[]","[]","[CensusPEPSurvey_Race2000Onwards]"
"51","2020","Count_Person_13Years_Male_HispanicOrLatino_NativeHawaiianAndOtherPacificIslanderAlone","[]","[]","[]","[CensusPEPSurvey_Race2000Onwards]"
"51","2020","Count_Person_44Years_NotHispanicOrLatino_TwoOrMoreRaces","[]","[]","[]","[CensusPEPSurvey_Race2000Onwards]"
"51","2020","Count_Person_33Years_Male_NativeHawaiianAndOtherPacificIslanderAlone","[]","[]","[]","[CensusPEPSurvey_Race2000Onwards]"
"51","2020","Count_Person_54Years_HispanicOrLatino_BlackOrAfricanAmericanAlone","[]","[]","[]","[CensusPEPSurvey_Race2000Onwards]"
"51","2020","Count_Person_69Years_Female_NotHispanicOrLatino_BlackOrAfricanAmericanAlone","[]","[]","[]","[CensusPEPSurvey_Race2000Onwards]"
"51","2020","Count_Person_5Years_HispanicOrLatino_BlackOrAfricanAmericanAlone","[]","[]","[]","[CensusPEPSurvey_Race2000Onwards]"
"51","2020","Count_Person_29Years_NotHispanicOrLatino_AmericanIndianAndAlaskaNativeAlone","[]","[]","[]","[CensusPEPSurvey_Race2000Onwards]"
"51","2020","Count_Person_79Years_Female_WhiteAlone","[]","[]","[]","[CensusPEPSurvey_Race2000Onwards]"
"51","2020","Count_Person_26Years_Female_NotHispanicOrLatino_WhiteAlone","[]","[]","[]","[CensusPEPSurvey_Race2000Onwards]"
"51","2020","Count_Person_65Years_Male_AsianAlone","[]","[]","[]","[CensusPEPSurvey_Race2000Onwards]"
"51","2020","Count_Person_56Years_BlackOrAfricanAmericanAlone","[]","[]","[]","[CensusPEPSurvey_Race2000Onwards]"
"51","2020","Count_Person_22Years_Male_NativeHawaiianAndOtherPacificIslanderAlone","[]","[]","[]","[CensusPEPSurvey_Race2000Onwards]"
"51","2020","Count_Person_40Years_Female_HispanicOrLatino_TwoOrMoreRaces","[]","[]","[]","[CensusPEPSurvey_Race2000Onwards]"
"51","2020","Count_Person_62Years_Male_NotHispanicOrLatino_AmericanIndianAndAlaskaNativeAlone","[]","[]","[]","[CensusPEPSurvey_Race2000Onwards]"
"51","2020","Count_Person_48Years_HispanicOrLatino_AmericanIndianAndAlaskaNativeAlone","[]","[]","[]","[CensusPEPSurvey_Race2000Onwards]"
"51","2020","Count_Person_74Years_Female_HispanicOrLatino_AmericanIndianAndAlaskaNativeAlone","[]","[]","[]","[CensusPEPSurvey_Race2000Onwards]"
"51","2020","Count_Person_14Years_Female_WhiteAlone","[]","[]","[]","[CensusPEPSurvey_Race2000Onwards]"
"51","2020","Count_Person_32Years_Female_NotHispanicOrLatino_NativeHawaiianAndOtherPacificIslanderAlone","[]","[]","[]","[CensusPEPSurvey_Race2000Onwards]"
"51","2020","Count_Person_68Years_Male_HispanicOrLatino_BlackOrAfricanAmericanAlone","[]","[]","[]","[CensusPEPSurvey_Race2000Onwards]"
"51","2020","Count_Person_26Years_Male_HispanicOrLatino_BlackOrAfricanAmericanAlone","[]","[]","[]","[CensusPEPSurvey_Race2000Onwards]"
"51","2020","Count_Person_23Years_HispanicOrLatino_BlackOrAfricanAmericanAlone","[]","[]","[]","[CensusPEPSurvey_Race2000Onwards]"
"51","2020","Count_Person_67Years_Female_TwoOrMoreRaces","[]","[]","[]","[CensusPEPSurvey_Race2000Onwards]"
"51","2020","Count_Person_3Years_Female_NativeHawaiianAndOtherPacificIslanderAlone","[]","[]","[]","[CensusPEPSurvey_Race2000Onwards]"
"51","2020","Count_Person_69Years_Female_NotHispanicOrLatino_AsianAlone","[]","[]","[]","[CensusPEPSurvey_Race2000Onwards]"
"51","2020","Count_Person_12Years_Male_NativeHawaiianAndOtherPacificIslanderAlone","[]","[]","[]","[CensusPEPSurvey_Race2000Onwards]"
"51","2020","Count_Person_8Years_HispanicOrLatino_AmericanIndianAndAlaskaNativeAlone","[]","[]","[]","[CensusPEPSurvey_Race2000Onwards]"
"51","2020","Count_Person_1Years_HispanicOrLatino_TwoOrMoreRaces","[]","[]","[]","[CensusPEPSurvey_Race2000Onwards]"
"51","2020","Count_Person_62Years_Female_HispanicOrLatino_AsianAlone","[]","[]","[]","[CensusPEPSurvey_Race2000Onwards]"
"51","2020","Count_Person_13Years_Male_NotHispanicOrLatino_AsianAlone","[]","[]","[]","[CensusPEPSurvey_Race2000Onwards]"
"51","2020","Count_Person_53Years_Female_NotHispanicOrLatino_AmericanIndianAndAlaskaNativeAlone","[]","[]","[]","[CensusPEPSurvey_Race2000Onwards]"
"51","2020","Count_Person_3Years_HispanicOrLatino_BlackOrAfricanAmericanAlone","[]","[]","[]","[CensusPEPSurvey_Race2000Onwards]"
"51","2020","Count_Person_36Years_Female_AmericanIndianAndAlaskaNativeAlone","[]","[]","[]","[CensusPEPSurvey_Race2000Onwards]"
"51","2020","Count_Person_3Years_Female_AsianAlone","[]","[]","[]","[CensusPEPSurvey_Race2000Onwards]"
"51","2020","Count_Person_69Years_Male_WhiteAlone","[]","[]","[]","[CensusPEPSurvey_Race2000Onwards]"
"51","2020","Count_Person_10Years_Male_NotHispanicOrLatino_AmericanIndianAndAlaskaNativeAlone","[]","[]","[]","[CensusPEPSurvey_Race2000Onwards]"
"51","2020","Count_Person_53Years_Female_NotHispanicOrLatino_BlackOrAfricanAmericanAlone","[]","[]","[]","[CensusPEPSurvey_Race2000Onwards]"
"51","2020","Count_Person_20Years_Male_NotHispanicOrLatino_WhiteAlone","[]","[]","[]","[CensusPEPSurvey_Race2000Onwards]"
"51","2020","Count_Person_20Years_Male_NotHispanicOrLatino_AmericanIndianAndAlaskaNativeAlone","[]","[]","[]","[CensusPEPSurvey_Race2000Onwards]"
"51","2020","Count_Person_74Years_BlackOrAfricanAmericanAlone","[]","[]","[]","[CensusPEPSurvey_Race2000Onwards]"
"51","2020","Count_Person_37Years_Female_NotHispanicOrLatino_TwoOrMoreRaces","[]","[]","[]","[CensusPEPSurvey_Race2000Onwards]"
"51","2020","Count_Person_46Years_NotHispanicOrLatino_AmericanIndianAndAlaskaNativeAlone","[]","[]","[]","[CensusPEPSurvey_Race2000Onwards]"
"51","2020","Count_Person_76Years_Male_HispanicOrLatino_AmericanIndianAndAlaskaNativeAlone","[]","[]","[]","[CensusPEPSurvey_Race2000Onwards]"
"51","2020","Count_Person_0Years_Female_NotHispanicOrLatino_AsianAlone","[]","[]","[]","[CensusPEPSurvey_Race2000Onwards]"
"51","2020","Count_Person_4Years_Male_AsianAlone","[]","[]","[]","[CensusPEPSurvey_Race2000Onwards]"
"51","2020","Count_Person_80Years_Female_NotHispanicOrLatino_TwoOrMoreRaces","[]","[]","[]","[CensusPEPSurvey_Race2000Onwards]"
"51","2020","Count_Person_57Years_Male_HispanicOrLatino_BlackOrAfricanAmericanAlone","[]","[]","[]","[CensusPEPSurvey_Race2000Onwards]"
"51","2020","Count_Person_37Years_Male_AsianAlone","[]","[]","[]","[CensusPEPSurvey_Race2000Onwards]"
"51","2020","Count_Person_8Years_Male_WhiteAlone","[]","[]","[]","[CensusPEPSurvey_Race2000Onwards]"
"51","2020","Count_Person_59Years_HispanicOrLatino_BlackOrAfricanAmericanAlone","[]","[]","[]","[CensusPEPSurvey_Race2000Onwards]"
"51","2020","Count_Person_6Years_HispanicOrLatino_NativeHawaiianAndOtherPacificIslanderAlone","[]","[]","[]","[CensusPEPSurvey_Race2000Onwards]"
"51","2020","Count_Person_76Years_NotHispanicOrLatino_BlackOrAfricanAmericanAlone","[]","[]","[]","[CensusPEPSurvey_Race2000Onwards]"
"51","2020","Count_Person_17Years_Female_HispanicOrLatino_AsianAlone","[]","[]","[]","[CensusPEPSurvey_Race2000Onwards]"
"51","2020","Count_Person_70Years_Female_NotHispanicOrLatino_NativeHawaiianAndOtherPacificIslanderAlone","[]","[]","[]","[CensusPEPSurvey_Race2000Onwards]"
"51","2020","Count_Person_21Years_Female_NotHispanicOrLatino_WhiteAlone","[]","[]","[]","[CensusPEPSurvey_Race2000Onwards]"
"51","2020","Count_Person_65Years_Female_AsianAlone","[]","[]","[]","[CensusPEPSurvey_Race2000Onwards]"
"51","2020","Count_Person_78Years_Female_NotHispanicOrLatino_WhiteAlone","[]","[]","[]","[CensusPEPSurvey_Race2000Onwards]"
"51","2020","Count_Person_42Years_Female_HispanicOrLatino_TwoOrMoreRaces","[]","[]","[]","[CensusPEPSurvey_Race2000Onwards]"
"51","2020","Count_Person_32Years_Female_NotHispanicOrLatino_AmericanIndianAndAlaskaNativeAlone","[]","[]","[]","[CensusPEPSurvey_Race2000Onwards]"
"51","2020","Count_Person_16Years_Female_HispanicOrLatino_NativeHawaiianAndOtherPacificIslanderAlone","[]","[]","[]","[CensusPEPSurvey_Race2000Onwards]"
"51","2020","Count_Person_54Years_Female_NotHispanicOrLatino_TwoOrMoreRaces","[]","[]","[]","[CensusPEPSurvey_Race2000Onwards]"
"51","2020","Count_Person_55Years_Male_WhiteAlone","[]","[]","[]","[CensusPEPSurvey_Race2000Onwards]"
"51","2020","Count_Person_10Years_Female_NotHispanicOrLatino_AsianAlone","[]","[]","[]","[CensusPEPSurvey_Race2000Onwards]"
"51","2020","Count_Person_19Years_Male_HispanicOrLatino_NativeHawaiianAndOtherPacificIslanderAlone","[]","[]","[]","[CensusPEPSurvey_Race2000Onwards]"
"51","2020","Count_Person_14Years_HispanicOrLatino_WhiteAlone","[]","[]","[]","[CensusPEPSurvey_Race2000Onwards]"
"51","2020","Count_Person_57Years_Female_NativeHawaiianAndOtherPacificIslanderAlone","[]","[]","[]","[CensusPEPSurvey_Race2000Onwards]"
"51","2020","Count_Person_51Years_HispanicOrLatino_AsianAlone","[]","[]","[]","[CensusPEPSurvey_Race2000Onwards]"
"51","2020","Count_Person_64Years_Male_WhiteAlone","[]","[]","[]","[CensusPEPSurvey_Race2000Onwards]"
"51","2020","Count_Person_30Years_Female_HispanicOrLatino_AmericanIndianAndAlaskaNativeAlone","[]","[]","[]","[CensusPEPSurvey_Race2000Onwards]"
"51","2020","Count_Person_5Years_HispanicOrLatino_TwoOrMoreRaces","[]","[]","[]","[CensusPEPSurvey_Race2000Onwards]"
"51","2020","Count_Person_65Years_NotHispanicOrLatino_NativeHawaiianAndOtherPacificIslanderAlone","[]","[]","[]","[CensusPEPSurvey_Race2000Onwards]"
"51","2020","Count_Person_38Years_Female_HispanicOrLatino_TwoOrMoreRaces","[]","[]","[]","[CensusPEPSurvey_Race2000Onwards]"
"51","2020","Count_Person_75Years_Male_HispanicOrLatino_AmericanIndianAndAlaskaNativeAlone","[]","[]","[]","[CensusPEPSurvey_Race2000Onwards]"
"51","2020","Count_Person_18Years_HispanicOrLatino_AmericanIndianAndAlaskaNativeAlone","[]","[]","[]","[CensusPEPSurvey_Race2000Onwards]"
"51","2020","Count_Person_69Years_HispanicOrLatino_NativeHawaiianAndOtherPacificIslanderAlone","[]","[]","[]","[CensusPEPSurvey_Race2000Onwards]"
"51","2020","Count_Person_42Years_Male_NotHispanicOrLatino_AsianAlone","[]","[]","[]","[CensusPEPSurvey_Race2000Onwards]"
"51","2020","Count_Person_56Years_Male_NotHispanicOrLatino_NativeHawaiianAndOtherPacificIslanderAlone","[]","[]","[]","[CensusPEPSurvey_Race2000Onwards]"
"51","2020","Count_Person_85Years_Male_NativeHawaiianAndOtherPacificIslanderAlone","[]","[]","[]","[CensusPEPSurvey_Race2000Onwards]"
"51","2020","Count_Person_80Years_NotHispanicOrLatino_BlackOrAfricanAmericanAlone","[]","[]","[]","[CensusPEPSurvey_Race2000Onwards]"
"51","2020","Count_Person_29Years_Female_HispanicOrLatino_TwoOrMoreRaces","[]","[]","[]","[CensusPEPSurvey_Race2000Onwards]"
"51","2020","Count_Person_71Years_Male_NotHispanicOrLatino_BlackOrAfricanAmericanAlone","[]","[]","[]","[CensusPEPSurvey_Race2000Onwards]"
"51","2020","Count_Person_28Years_Male_AsianAlone","[]","[]","[]","[CensusPEPSurvey_Race2000Onwards]"
"51","2020","Count_Person_13Years_Female_HispanicOrLatino_TwoOrMoreRaces","[]","[]","[]","[CensusPEPSurvey_Race2000Onwards]"
"51","2020","Count_Person_57Years_NotHispanicOrLatino_NativeHawaiianAndOtherPacificIslanderAlone","[]","[]","[]","[CensusPEPSurvey_Race2000Onwards]"
"51","2020","Count_Person_13Years_Female_HispanicOrLatino_NativeHawaiianAndOtherPacificIslanderAlone","[]","[]","[]","[CensusPEPSurvey_Race2000Onwards]"
"51","2020","Count_Person_70Years_Male_AsianAlone","[]","[]","[]","[CensusPEPSurvey_Race2000Onwards]"
"51","2020","Count_Person_40Years_Female_WhiteAlone","[]","[]","[]","[CensusPEPSurvey_Race2000Onwards]"
"51","2020","Count_Person_25Years_Female_HispanicOrLatino_BlackOrAfricanAmericanAlone","[]","[]","[]","[CensusPEPSurvey_Race2000Onwards]"
"51","2020","Count_Person_25Years_HispanicOrLatino_WhiteAlone","[]","[]","[]","[CensusPEPSurvey_Race2000Onwards]"
"51","2020","Count_Person_23Years_BlackOrAfricanAmericanAlone","[]","[]","[]","[CensusPEPSurvey_Race2000Onwards]"
"51","2020","Count_Person_16Years_AsianAlone","[]","[]","[]","[CensusPEPSurvey_Race2000Onwards]"
"51","2020","Count_Person_67Years_Female_HispanicOrLatino_TwoOrMoreRaces","[]","[]","[]","[CensusPEPSurvey_Race2000Onwards]"
"51","2020","Count_Person_29Years_HispanicOrLatino_NativeHawaiianAndOtherPacificIslanderAlone","[]","[]","[]","[CensusPEPSurvey_Race2000Onwards]"
"51","2020","Count_Person_81Years_AmericanIndianAndAlaskaNativeAlone","[]","[]","[]","[CensusPEPSurvey_Race2000Onwards]"
"51","2020","Count_Person_10Years_Female_NotHispanicOrLatino_BlackOrAfricanAmericanAlone","[]","[]","[]","[CensusPEPSurvey_Race2000Onwards]"
"51","2020","Count_Person_25Years_NativeHawaiianAndOtherPacificIslanderAlone","[]","[]","[]","[CensusPEPSurvey_Race2000Onwards]"
"51","2020","Count_Person_64Years_NotHispanicOrLatino_NativeHawaiianAndOtherPacificIslanderAlone","[]","[]","[]","[CensusPEPSurvey_Race2000Onwards]"
"51","2020","Count_Person_20Years_Female_NativeHawaiianAndOtherPacificIslanderAlone","[]","[]","[]","[CensusPEPSurvey_Race2000Onwards]"
"51","2020","Count_Person_65Years_Female_NativeHawaiianAndOtherPacificIslanderAlone","[]","[]","[]","[CensusPEPSurvey_Race2000Onwards]"
"51","2020","Count_Person_24Years_Female_TwoOrMoreRaces","[]","[]","[]","[CensusPEPSurvey_Race2000Onwards]"
"51","2020","Count_Person_0Years_Male_HispanicOrLatino_BlackOrAfricanAmericanAlone","[]","[]","[]","[CensusPEPSurvey_Race2000Onwards]"
"51","2020","Count_Person_21Years_HispanicOrLatino_AmericanIndianAndAlaskaNativeAlone","[]","[]","[]","[CensusPEPSurvey_Race2000Onwards]"
"51","2020","Count_Person_1Years_NotHispanicOrLatino_AmericanIndianAndAlaskaNativeAlone","[]","[]","[]","[CensusPEPSurvey_Race2000Onwards]"
"51","2020","Count_Person_68Years_Female_BlackOrAfricanAmericanAlone","[]","[]","[]","[CensusPEPSurvey_Race2000Onwards]"
"51","2020","Count_Person_24Years_Female_HispanicOrLatino_NativeHawaiianAndOtherPacificIslanderAlone","[]","[]","[]","[CensusPEPSurvey_Race2000Onwards]"
"51","2020","Count_Person_42Years_HispanicOrLatino_TwoOrMoreRaces","[]","[]","[]","[CensusPEPSurvey_Race2000Onwards]"
"51","2020","Count_Person_26Years_Female_WhiteAlone","[]","[]","[]","[CensusPEPSurvey_Race2000Onwards]"
"51","2020","Count_Person_20Years_Male_NotHispanicOrLatino_AsianAlone","[]","[]","[]","[CensusPEPSurvey_Race2000Onwards]"
"51","2020","Count_Person_42Years_Female_HispanicOrLatino_AsianAlone","[]","[]","[]","[CensusPEPSurvey_Race2000Onwards]"
"51","2020","Count_Person_51Years_NotHispanicOrLatino_TwoOrMoreRaces","[]","[]","[]","[CensusPEPSurvey_Race2000Onwards]"
"51","2020","Count_Person_50Years_Male_AsianAlone","[]","[]","[]","[CensusPEPSurvey_Race2000Onwards]"
"51","2020","Count_Person_12Years_BlackOrAfricanAmericanAlone","[]","[]","[]","[CensusPEPSurvey_Race2000Onwards]"
"51","2020","Count_Person_58Years_Female_NotHispanicOrLatino_BlackOrAfricanAmericanAlone","[]","[]","[]","[CensusPEPSurvey_Race2000Onwards]"
"51","2020","Count_Person_48Years_Male_NotHispanicOrLatino_AmericanIndianAndAlaskaNativeAlone","[]","[]","[]","[CensusPEPSurvey_Race2000Onwards]"
"51","2020","Count_Person_38Years_Male_NotHispanicOrLatino_AmericanIndianAndAlaskaNativeAlone","[]","[]","[]","[CensusPEPSurvey_Race2000Onwards]"
"51","2020","Count_Person_25Years_NotHispanicOrLatino_WhiteAlone","[]","[]","[]","[CensusPEPSurvey_Race2000Onwards]"
"51","2020","Count_Person_52Years_Female_NotHispanicOrLatino_NativeHawaiianAndOtherPacificIslanderAlone","[]","[]","[]","[CensusPEPSurvey_Race2000Onwards]"
"51","2020","Count_Person_26Years_Female_AmericanIndianAndAlaskaNativeAlone","[]","[]","[]","[CensusPEPSurvey_Race2000Onwards]"
"51","2020","Count_Person_45Years_Female_HispanicOrLatino_WhiteAlone","[]","[]","[]","[CensusPEPSurvey_Race2000Onwards]"
"51","2020","Count_Person_71Years_Male_AsianAlone","[]","[]","[]","[CensusPEPSurvey_Race2000Onwards]"
"51","2020","Count_Person_26Years_Female_NotHispanicOrLatino_NativeHawaiianAndOtherPacificIslanderAlone","[]","[]","[]","[CensusPEPSurvey_Race2000Onwards]"
"51","2020","Count_Person_70Years_Male_HispanicOrLatino_NativeHawaiianAndOtherPacificIslanderAlone","[]","[]","[]","[CensusPEPSurvey_Race2000Onwards]"
"51","2020","Count_Person_46Years_Male_NotHispanicOrLatino_BlackOrAfricanAmericanAlone","[]","[]","[]","[CensusPEPSurvey_Race2000Onwards]"
"51","2020","Count_Person_63Years_NotHispanicOrLatino_NativeHawaiianAndOtherPacificIslanderAlone","[]","[]","[]","[CensusPEPSurvey_Race2000Onwards]"
"51","2020","Count_Person_11Years_Male_NotHispanicOrLatino_BlackOrAfricanAmericanAlone","[]","[]","[]","[CensusPEPSurvey_Race2000Onwards]"
"51","2020","Count_Person_44Years_AsianAlone","[]","[]","[]","[CensusPEPSurvey_Race2000Onwards]"
"51","2020","Count_Person_35Years_AsianAlone","[]","[]","[]","[CensusPEPSurvey_Race2000Onwards]"
"51","2020","Count_Person_15Years_Female_NotHispanicOrLatino_BlackOrAfricanAmericanAlone","[]","[]","[]","[CensusPEPSurvey_Race2000Onwards]"
"51","2020","Count_Person_17Years_Male_NotHispanicOrLatino_AmericanIndianAndAlaskaNativeAlone","[]","[]","[]","[CensusPEPSurvey_Race2000Onwards]"
"51","2020","Count_Person_65Years_NotHispanicOrLatino_BlackOrAfricanAmericanAlone","[]","[]","[]","[CensusPEPSurvey_Race2000Onwards]"
"51","2020","Count_Person_37Years_Male_HispanicOrLatino_NativeHawaiianAndOtherPacificIslanderAlone","[]","[]","[]","[CensusPEPSurvey_Race2000Onwards]"
"51","2020","Count_Person_62Years_Female_AmericanIndianAndAlaskaNativeAlone","[]","[]","[]","[CensusPEPSurvey_Race2000Onwards]"
"51","2020","Count_Person_9Years_NotHispanicOrLatino_AmericanIndianAndAlaskaNativeAlone","[]","[]","[]","[CensusPEPSurvey_Race2000Onwards]"
"51","2020","Count_Person_32Years_HispanicOrLatino_TwoOrMoreRaces","[]","[]","[]","[CensusPEPSurvey_Race2000Onwards]"
"51","2020","Count_Person_5Years_Female_HispanicOrLatino_TwoOrMoreRaces","[]","[]","[]","[CensusPEPSurvey_Race2000Onwards]"
"51","2020","Count_Person_62Years_AmericanIndianAndAlaskaNativeAlone","[]","[]","[]","[CensusPEPSurvey_Race2000Onwards]"
"51","2020","Count_Person_74Years_Male_HispanicOrLatino_BlackOrAfricanAmericanAlone","[]","[]","[]","[CensusPEPSurvey_Race2000Onwards]"
"51","2020","Count_Person_76Years_HispanicOrLatino_NativeHawaiianAndOtherPacificIslanderAlone","[]","[]","[]","[CensusPEPSurvey_Race2000Onwards]"
"51","2020","Count_Person_69Years_HispanicOrLatino_WhiteAlone","[]","[]","[]","[CensusPEPSurvey_Race2000Onwards]"
"51","2020","Count_Person_66Years_NativeHawaiianAndOtherPacificIslanderAlone","[]","[]","[]","[CensusPEPSurvey_Race2000Onwards]"
"51","2020","Count_Person_82Years_AmericanIndianAndAlaskaNativeAlone","[]","[]","[]","[CensusPEPSurvey_Race2000Onwards]"
"51","2020","Count_Person_49Years_Male_NotHispanicOrLatino_BlackOrAfricanAmericanAlone","[]","[]","[]","[CensusPEPSurvey_Race2000Onwards]"
"51","2020","Count_Person_5Years_Male_NotHispanicOrLatino_BlackOrAfricanAmericanAlone","[]","[]","[]","[CensusPEPSurvey_Race2000Onwards]"
"51","2020","Count_Person_20Years_Female_HispanicOrLatino_NativeHawaiianAndOtherPacificIslanderAlone","[]","[]","[]","[CensusPEPSurvey_Race2000Onwards]"
"51","2020","Count_Person_55Years_Female_HispanicOrLatino_AmericanIndianAndAlaskaNativeAlone","[]","[]","[]","[CensusPEPSurvey_Race2000Onwards]"
"51","2020","Count_Person_44Years_Female_NotHispanicOrLatino_AsianAlone","[]","[]","[]","[CensusPEPSurvey_Race2000Onwards]"
"51","2020","Count_Person_35Years_NotHispanicOrLatino_AmericanIndianAndAlaskaNativeAlone","[]","[]","[]","[CensusPEPSurvey_Race2000Onwards]"
"51","2020","Count_Person_59Years_HispanicOrLatino_NativeHawaiianAndOtherPacificIslanderAlone","[]","[]","[]","[CensusPEPSurvey_Race2000Onwards]"
"51","2020","Count_Person_24Years_Male_NotHispanicOrLatino_TwoOrMoreRaces","[]","[]","[]","[CensusPEPSurvey_Race2000Onwards]"
"51","2020","Count_Person_52Years_Female_NotHispanicOrLatino_AmericanIndianAndAlaskaNativeAlone","[]","[]","[]","[CensusPEPSurvey_Race2000Onwards]"
"51","2020","Count_Person_3Years_HispanicOrLatino_AsianAlone","[]","[]","[]","[CensusPEPSurvey_Race2000Onwards]"
"51","2020","Count_Person_58Years_HispanicOrLatino_WhiteAlone","[]","[]","[]","[CensusPEPSurvey_Race2000Onwards]"
"51","2020","Count_Person_50Years_NotHispanicOrLatino_TwoOrMoreRaces","[]","[]","[]","[CensusPEPSurvey_Race2000Onwards]"
"51","2020","Count_Person_16Years_NotHispanicOrLatino_WhiteAlone","[]","[]","[]","[CensusPEPSurvey_Race2000Onwards]"
"51","2020","Count_Person_5Years_Female_NativeHawaiianAndOtherPacificIslanderAlone","[]","[]","[]","[CensusPEPSurvey_Race2000Onwards]"
"51","2020","Count_Person_41Years_NotHispanicOrLatino_BlackOrAfricanAmericanAlone","[]","[]","[]","[CensusPEPSurvey_Race2000Onwards]"
"51","2020","Count_Person_33Years_Female_AsianAlone","[]","[]","[]","[CensusPEPSurvey_Race2000Onwards]"
"51","2020","Count_Person_46Years_Female_NotHispanicOrLatino_AsianAlone","[]","[]","[]","[CensusPEPSurvey_Race2000Onwards]"
"51","2020","Count_Person_80Years_Female_NativeHawaiianAndOtherPacificIslanderAlone","[]","[]","[]","[CensusPEPSurvey_Race2000Onwards]"
"51","2020","Count_Person_30Years_Male_NotHispanicOrLatino_TwoOrMoreRaces","[]","[]","[]","[CensusPEPSurvey_Race2000Onwards]"
"51","2020","Count_Person_84Years_Female_AsianAlone","[]","[]","[]","[CensusPEPSurvey_Race2000Onwards]"
"51","2020","Count_Person_9Years_HispanicOrLatino_AsianAlone","[]","[]","[]","[CensusPEPSurvey_Race2000Onwards]"
"51","2020","Count_Person_14Years_HispanicOrLatino_AsianAlone","[]","[]","[]","[CensusPEPSurvey_Race2000Onwards]"
"51","2020","Count_Person_76Years_Male_HispanicOrLatino_BlackOrAfricanAmericanAlone","[]","[]","[]","[CensusPEPSurvey_Race2000Onwards]"
"51","2020","Count_Person_56Years_Male_NotHispanicOrLatino_WhiteAlone","[]","[]","[]","[CensusPEPSurvey_Race2000Onwards]"
"51","2020","Count_Person_49Years_Male_WhiteAlone","[]","[]","[]","[CensusPEPSurvey_Race2000Onwards]"
"51","2020","Count_Person_9Years_Female_NotHispanicOrLatino_AmericanIndianAndAlaskaNativeAlone","[]","[]","[]","[CensusPEPSurvey_Race2000Onwards]"
"51","2020","Count_Person_74Years_Female_WhiteAlone","[]","[]","[]","[CensusPEPSurvey_Race2000Onwards]"
"51","2020","Count_Person_Male_HispanicOrLatino_NativeHawaiianAndOtherPacificIslanderAlone","[]","[]","[]","[dcAggregate/CensusPEPSurvey_Race2000Onwards]"
"51","2020","Count_Person_22Years_HispanicOrLatino_TwoOrMoreRaces","[]","[]","[]","[CensusPEPSurvey_Race2000Onwards]"
"51","2020","Count_Person_41Years_Male_NotHispanicOrLatino_AmericanIndianAndAlaskaNativeAlone","[]","[]","[]","[CensusPEPSurvey_Race2000Onwards]"
"51","2020","Count_Person_28Years_Male_NotHispanicOrLatino_BlackOrAfricanAmericanAlone","[]","[]","[]","[CensusPEPSurvey_Race2000Onwards]"
"51","2020","Count_Person_56Years_Female_NotHispanicOrLatino_TwoOrMoreRaces","[]","[]","[]","[CensusPEPSurvey_Race2000Onwards]"
"51","2020","Count_Person_68Years_Female_HispanicOrLatino_WhiteAlone","[]","[]","[]","[CensusPEPSurvey_Race2000Onwards]"
"51","2020","Count_Person_38Years_AmericanIndianAndAlaskaNativeAlone","[]","[]","[]","[CensusPEPSurvey_Race2000Onwards]"
"51","2020","Count_Person_77Years_AsianAlone","[]","[]","[]","[CensusPEPSurvey_Race2000Onwards]"
"51","2020","Count_Person_5Years_Female_HispanicOrLatino_AmericanIndianAndAlaskaNativeAlone","[]","[]","[]","[CensusPEPSurvey_Race2000Onwards]"
"51","2020","Count_Person_44Years_Female_NotHispanicOrLatino_WhiteAlone","[]","[]","[]","[CensusPEPSurvey_Race2000Onwards]"
"51","2020","Count_Person_56Years_NotHispanicOrLatino_NativeHawaiianAndOtherPacificIslanderAlone","[]","[]","[]","[CensusPEPSurvey_Race2000Onwards]"
"51","2020","Count_Person_64Years_Male_AsianAlone","[]","[]","[]","[CensusPEPSurvey_Race2000Onwards]"
"51","2020","Count_Person_71Years_AsianAlone","[]","[]","[]","[CensusPEPSurvey_Race2000Onwards]"
"51","2020","Count_Person_68Years_AsianAlone","[]","[]","[]","[CensusPEPSurvey_Race2000Onwards]"
"51","2020","Count_Person_30Years_Female_HispanicOrLatino_TwoOrMoreRaces","[]","[]","[]","[CensusPEPSurvey_Race2000Onwards]"
"51","2020","Count_Person_3Years_TwoOrMoreRaces","[]","[]","[]","[CensusPEPSurvey_Race2000Onwards]"
"51","2020","Count_Person_66Years_NotHispanicOrLatino_BlackOrAfricanAmericanAlone","[]","[]","[]","[CensusPEPSurvey_Race2000Onwards]"
"51","2020","Count_Person_69Years_Female_BlackOrAfricanAmericanAlone","[]","[]","[]","[CensusPEPSurvey_Race2000Onwards]"
"51","2020","Count_Person_56Years_NotHispanicOrLatino_WhiteAlone","[]","[]","[]","[CensusPEPSurvey_Race2000Onwards]"
"51","2020","Count_Person_79Years_Male_HispanicOrLatino_AmericanIndianAndAlaskaNativeAlone","[]","[]","[]","[CensusPEPSurvey_Race2000Onwards]"
"51","2020","Count_Person_42Years_Female_NotHispanicOrLatino_AmericanIndianAndAlaskaNativeAlone","[]","[]","[]","[CensusPEPSurvey_Race2000Onwards]"
"51","2020","Count_Person_20Years_NativeHawaiianAndOtherPacificIslanderAlone","[]","[]","[]","[CensusPEPSurvey_Race2000Onwards]"
"51","2020","Count_Person_21Years_Female_NotHispanicOrLatino_AsianAlone","[]","[]","[]","[CensusPEPSurvey_Race2000Onwards]"
"51","2020","Count_Person_63Years_Female_TwoOrMoreRaces","[]","[]","[]","[CensusPEPSurvey_Race2000Onwards]"
"51","2020","Count_Person_29Years_Male_AmericanIndianAndAlaskaNativeAlone","[]","[]","[]","[CensusPEPSurvey_Race2000Onwards]"
"51","2020","Count_Person_16Years_Female_NotHispanicOrLatino_NativeHawaiianAndOtherPacificIslanderAlone","[]","[]","[]","[CensusPEPSurvey_Race2000Onwards]"
"51","2020","Count_Person_39Years_Female_NotHispanicOrLatino_TwoOrMoreRaces","[]","[]","[]","[CensusPEPSurvey_Race2000Onwards]"
"51","2020","Count_Person_3Years_Male_AsianAlone","[]","[]","[]","[CensusPEPSurvey_Race2000Onwards]"
"51","2020","Count_Person_43Years_Male_HispanicOrLatino_BlackOrAfricanAmericanAlone","[]","[]","[]","[CensusPEPSurvey_Race2000Onwards]"
"51","2020","Count_Person_43Years_Male_AsianAlone","[]","[]","[]","[CensusPEPSurvey_Race2000Onwards]"
"51","2020","Count_Person_37Years_Female_NotHispanicOrLatino_WhiteAlone","[]","[]","[]","[CensusPEPSurvey_Race2000Onwards]"
"51","2020","Count_Person_7Years_NotHispanicOrLatino_BlackOrAfricanAmericanAlone","[]","[]","[]","[CensusPEPSurvey_Race2000Onwards]"
"51","2020","Count_Person_28Years_Male_HispanicOrLatino_NativeHawaiianAndOtherPacificIslanderAlone","[]","[]","[]","[CensusPEPSurvey_Race2000Onwards]"
"51","2020","Count_Person_80Years_AsianAlone","[]","[]","[]","[CensusPEPSurvey_Race2000Onwards]"
"51","2020","Count_Person_83Years_HispanicOrLatino_TwoOrMoreRaces","[]","[]","[]","[CensusPEPSurvey_Race2000Onwards]"
"51","2020","Count_Person_19Years_BlackOrAfricanAmericanAlone","[]","[]","[]","[CensusPEPSurvey_Race2000Onwards]"
"51","2020","Count_Person_66Years_HispanicOrLatino_NativeHawaiianAndOtherPacificIslanderAlone","[]","[]","[]","[CensusPEPSurvey_Race2000Onwards]"
"51","2020","Count_Person_44Years_Female_HispanicOrLatino_BlackOrAfricanAmericanAlone","[]","[]","[]","[CensusPEPSurvey_Race2000Onwards]"
"51","2020","Count_Person_20Years_TwoOrMoreRaces","[]","[]","[]","[CensusPEPSurvey_Race2000Onwards]"
"51","2020","Count_Person_25Years_NotHispanicOrLatino_TwoOrMoreRaces","[]","[]","[]","[CensusPEPSurvey_Race2000Onwards]"
"51","2020","Count_Person_0Years_Female_BlackOrAfricanAmericanAlone","[]","[]","[]","[CensusPEPSurvey_Race2000Onwards]"
"51","2020","Count_Person_43Years_Female_AmericanIndianAndAlaskaNativeAlone","[]","[]","[]","[CensusPEPSurvey_Race2000Onwards]"
"51","2020","Count_Person_46Years_Female_HispanicOrLatino_BlackOrAfricanAmericanAlone","[]","[]","[]","[CensusPEPSurvey_Race2000Onwards]"
"51","2020","Count_Person_Male_TwoOrMoreRaces","[]","[]","[]","[dcAggregate/CensusPEPSurvey_Race2000Onwards]"
"51","2020","Count_Person_30Years_NativeHawaiianAndOtherPacificIslanderAlone","[]","[]","[]","[CensusPEPSurvey_Race2000Onwards]"
"51","2020","Count_Person_81Years_NotHispanicOrLatino_AmericanIndianAndAlaskaNativeAlone","[]","[]","[]","[CensusPEPSurvey_Race2000Onwards]"
"51","2020","Count_Person_20Years_Female_TwoOrMoreRaces","[]","[]","[]","[CensusPEPSurvey_Race2000Onwards]"
"51","2020","Count_Person_43Years_Female_HispanicOrLatino_AsianAlone","[]","[]","[]","[CensusPEPSurvey_Race2000Onwards]"
"51","2020","Count_Person_42Years_Female_NotHispanicOrLatino_NativeHawaiianAndOtherPacificIslanderAlone","[]","[]","[]","[CensusPEPSurvey_Race2000Onwards]"
"51","2020","Count_Person_60Years_Female_AmericanIndianAndAlaskaNativeAlone","[]","[]","[]","[CensusPEPSurvey_Race2000Onwards]"
"51","2020","Count_Person_14Years_Female_AsianAlone","[]","[]","[]","[CensusPEPSurvey_Race2000Onwards]"
"51","2020","Count_Person_31Years_NotHispanicOrLatino_AsianAlone","[]","[]","[]","[CensusPEPSurvey_Race2000Onwards]"
"51","2020","Count_Person_78Years_Female_NotHispanicOrLatino_NativeHawaiianAndOtherPacificIslanderAlone","[]","[]","[]","[CensusPEPSurvey_Race2000Onwards]"
"51","2020","Count_Person_72Years_Male_WhiteAlone","[]","[]","[]","[CensusPEPSurvey_Race2000Onwards]"
"51","2020","Count_Person_76Years_Male_TwoOrMoreRaces","[]","[]","[]","[CensusPEPSurvey_Race2000Onwards]"
"51","2020","Count_Person_60Years_Female_NotHispanicOrLatino_NativeHawaiianAndOtherPacificIslanderAlone","[]","[]","[]","[CensusPEPSurvey_Race2000Onwards]"
"51","2020","Count_Person_68Years_Female_TwoOrMoreRaces","[]","[]","[]","[CensusPEPSurvey_Race2000Onwards]"
"51","2020","Count_Person_28Years_Male_NotHispanicOrLatino_TwoOrMoreRaces","[]","[]","[]","[CensusPEPSurvey_Race2000Onwards]"
"51","2020","Count_Person_17Years_Female_BlackOrAfricanAmericanAlone","[]","[]","[]","[CensusPEPSurvey_Race2000Onwards]"
"51","2020","Count_Person_4Years_Male_NativeHawaiianAndOtherPacificIslanderAlone","[]","[]","[]","[CensusPEPSurvey_Race2000Onwards]"
"51","2020","Count_Person_46Years_Female_NotHispanicOrLatino_TwoOrMoreRaces","[]","[]","[]","[CensusPEPSurvey_Race2000Onwards]"
"51","2020","Count_Person_84Years_Male_HispanicOrLatino_TwoOrMoreRaces","[]","[]","[]","[CensusPEPSurvey_Race2000Onwards]"
"51","2020","Count_Person_20Years_Female_WhiteAlone","[]","[]","[]","[CensusPEPSurvey_Race2000Onwards]"
"51","2020","Count_Person_80Years_Female_HispanicOrLatino_WhiteAlone","[]","[]","[]","[CensusPEPSurvey_Race2000Onwards]"
"51","2020","Count_Person_6Years_WhiteAlone","[]","[]","[]","[CensusPEPSurvey_Race2000Onwards]"
"51","2020","Count_Person_27Years_Male_NativeHawaiianAndOtherPacificIslanderAlone","[]","[]","[]","[CensusPEPSurvey_Race2000Onwards]"
"51","2020","Count_Person_61Years_HispanicOrLatino_BlackOrAfricanAmericanAlone","[]","[]","[]","[CensusPEPSurvey_Race2000Onwards]"
"51","2020","Count_Person_42Years_Male_NotHispanicOrLatino_WhiteAlone","[]","[]","[]","[CensusPEPSurvey_Race2000Onwards]"
"51","2020","Count_Person_84Years_Male_AmericanIndianAndAlaskaNativeAlone","[]","[]","[]","[CensusPEPSurvey_Race2000Onwards]"
"51","2020","Count_Person_11Years_NotHispanicOrLatino_WhiteAlone","[]","[]","[]","[CensusPEPSurvey_Race2000Onwards]"
"51","2020","Count_Person_34Years_Male_NotHispanicOrLatino_TwoOrMoreRaces","[]","[]","[]","[CensusPEPSurvey_Race2000Onwards]"
"51","2020","Count_Person_28Years_Female_AsianAlone","[]","[]","[]","[CensusPEPSurvey_Race2000Onwards]"
"51","2020","Count_Person_65Years_Female_BlackOrAfricanAmericanAlone","[]","[]","[]","[CensusPEPSurvey_Race2000Onwards]"
"51","2020","Count_Person_32Years_Female_HispanicOrLatino_WhiteAlone","[]","[]","[]","[CensusPEPSurvey_Race2000Onwards]"
"51","2020","Count_Person_40Years_Female_NativeHawaiianAndOtherPacificIslanderAlone","[]","[]","[]","[CensusPEPSurvey_Race2000Onwards]"
"51","2020","Count_Person_31Years_Male_AmericanIndianAndAlaskaNativeAlone","[]","[]","[]","[CensusPEPSurvey_Race2000Onwards]"
"51","2020","Count_Person_12Years_Male_HispanicOrLatino_TwoOrMoreRaces","[]","[]","[]","[CensusPEPSurvey_Race2000Onwards]"
"51","2020","Count_Person_59Years_Female_HispanicOrLatino_WhiteAlone","[]","[]","[]","[CensusPEPSurvey_Race2000Onwards]"
"51","2020","Count_Person_47Years_Female_NotHispanicOrLatino_TwoOrMoreRaces","[]","[]","[]","[CensusPEPSurvey_Race2000Onwards]"
"51","2020","Count_Person_83Years_Male_NotHispanicOrLatino_TwoOrMoreRaces","[]","[]","[]","[CensusPEPSurvey_Race2000Onwards]"
"51","2020","Count_Person_22Years_HispanicOrLatino_WhiteAlone","[]","[]","[]","[CensusPEPSurvey_Race2000Onwards]"
"51","2020","Count_Person_50Years_WhiteAlone","[]","[]","[]","[CensusPEPSurvey_Race2000Onwards]"
"51","2020","Count_Person_52Years_Male_NotHispanicOrLatino_BlackOrAfricanAmericanAlone","[]","[]","[]","[CensusPEPSurvey_Race2000Onwards]"
"51","2020","Count_Person_84Years_Male_HispanicOrLatino_AsianAlone","[]","[]","[]","[CensusPEPSurvey_Race2000Onwards]"
"51","2020","Count_Person_78Years_Male_AmericanIndianAndAlaskaNativeAlone","[]","[]","[]","[CensusPEPSurvey_Race2000Onwards]"
"51","2020","Count_Person_37Years_Female_NativeHawaiianAndOtherPacificIslanderAlone","[]","[]","[]","[CensusPEPSurvey_Race2000Onwards]"
"51","2020","Count_Person_68Years_WhiteAlone","[]","[]","[]","[CensusPEPSurvey_Race2000Onwards]"
"51","2020","Count_Person_62Years_Male_HispanicOrLatino_TwoOrMoreRaces","[]","[]","[]","[CensusPEPSurvey_Race2000Onwards]"
"51","2020","Count_Person_40Years_Male_HispanicOrLatino_AsianAlone","[]","[]","[]","[CensusPEPSurvey_Race2000Onwards]"
"51","2020","Count_Person_47Years_WhiteAlone","[]","[]","[]","[CensusPEPSurvey_Race2000Onwards]"
"51","2020","Count_Person_45Years_NotHispanicOrLatino_AmericanIndianAndAlaskaNativeAlone","[]","[]","[]","[CensusPEPSurvey_Race2000Onwards]"
"51","2020","Count_Person_73Years_Female_HispanicOrLatino_AmericanIndianAndAlaskaNativeAlone","[]","[]","[]","[CensusPEPSurvey_Race2000Onwards]"
"51","2020","Count_Person_14Years_Male_HispanicOrLatino_AmericanIndianAndAlaskaNativeAlone","[]","[]","[]","[CensusPEPSurvey_Race2000Onwards]"
"51","2020","Count_Person_72Years_Male_HispanicOrLatino_AmericanIndianAndAlaskaNativeAlone","[]","[]","[]","[CensusPEPSurvey_Race2000Onwards]"
"51","2020","Count_Person_22Years_Female_HispanicOrLatino_AmericanIndianAndAlaskaNativeAlone","[]","[]","[]","[CensusPEPSurvey_Race2000Onwards]"
"51","2020","Count_Person_22Years_HispanicOrLatino_BlackOrAfricanAmericanAlone","[]","[]","[]","[CensusPEPSurvey_Race2000Onwards]"
"51","2020","Count_Person_51Years_Male_HispanicOrLatino_TwoOrMoreRaces","[]","[]","[]","[CensusPEPSurvey_Race2000Onwards]"
"51","2020","Count_Person_40Years_Male_NotHispanicOrLatino_TwoOrMoreRaces","[]","[]","[]","[CensusPEPSurvey_Race2000Onwards]"
"51","2020","Count_Person_85Years_Male_HispanicOrLatino_BlackOrAfricanAmericanAlone","[]","[]","[]","[CensusPEPSurvey_Race2000Onwards]"
"51","2020","Count_Person_74Years_Male_WhiteAlone","[]","[]","[]","[CensusPEPSurvey_Race2000Onwards]"
"51","2020","Count_Person_9Years_Female_AmericanIndianAndAlaskaNativeAlone","[]","[]","[]","[CensusPEPSurvey_Race2000Onwards]"
"51","2020","Count_Person_35Years_Male_NotHispanicOrLatino_WhiteAlone","[]","[]","[]","[CensusPEPSurvey_Race2000Onwards]"
"51","2020","Count_Person_56Years_Female_TwoOrMoreRaces","[]","[]","[]","[CensusPEPSurvey_Race2000Onwards]"
"51","2020","Count_Person_19Years_HispanicOrLatino_WhiteAlone","[]","[]","[]","[CensusPEPSurvey_Race2000Onwards]"
"51","2020","Count_Person_66Years_HispanicOrLatino_WhiteAlone","[]","[]","[]","[CensusPEPSurvey_Race2000Onwards]"
"51","2020","Count_Person_67Years_NotHispanicOrLatino_WhiteAlone","[]","[]","[]","[CensusPEPSurvey_Race2000Onwards]"
"51","2020","Count_Person_80Years_Female_HispanicOrLatino_BlackOrAfricanAmericanAlone","[]","[]","[]","[CensusPEPSurvey_Race2000Onwards]"
"51","2020","Count_Person_49Years_Male_HispanicOrLatino_AsianAlone","[]","[]","[]","[CensusPEPSurvey_Race2000Onwards]"
"51","2020","Count_Person_55Years_Male_HispanicOrLatino_WhiteAlone","[]","[]","[]","[CensusPEPSurvey_Race2000Onwards]"
"51","2020","Count_Person_8Years_Male_HispanicOrLatino_AsianAlone","[]","[]","[]","[CensusPEPSurvey_Race2000Onwards]"
"51","2020","Count_Person_45Years_Male_AsianAlone","[]","[]","[]","[CensusPEPSurvey_Race2000Onwards]"
"51","2020","Count_Person_HispanicOrLatino_AsianAlone","[]","[]","[]","[dcAggregate/CensusPEPSurvey_Race2000Onwards]"
"51","2020","Count_Person_23Years_Male_HispanicOrLatino_TwoOrMoreRaces","[]","[]","[]","[CensusPEPSurvey_Race2000Onwards]"
"51","2020","Count_Person_12Years_NotHispanicOrLatino_BlackOrAfricanAmericanAlone","[]","[]","[]","[CensusPEPSurvey_Race2000Onwards]"
"51","2020","Count_Person_73Years_HispanicOrLatino_AmericanIndianAndAlaskaNativeAlone","[]","[]","[]","[CensusPEPSurvey_Race2000Onwards]"
"51","2020","Count_Person_13Years_Male_BlackOrAfricanAmericanAlone","[]","[]","[]","[CensusPEPSurvey_Race2000Onwards]"
"51","2020","Count_Person_20Years_HispanicOrLatino_TwoOrMoreRaces","[]","[]","[]","[CensusPEPSurvey_Race2000Onwards]"
"51","2020","Count_Person_26Years_Male_NotHispanicOrLatino_BlackOrAfricanAmericanAlone","[]","[]","[]","[CensusPEPSurvey_Race2000Onwards]"
"51","2020","Count_Person_57Years_Male_BlackOrAfricanAmericanAlone","[]","[]","[]","[CensusPEPSurvey_Race2000Onwards]"
"51","2020","Count_Person_33Years_Female_HispanicOrLatino_AsianAlone","[]","[]","[]","[CensusPEPSurvey_Race2000Onwards]"
"51","2020","Count_Person_82Years_NotHispanicOrLatino_AsianAlone","[]","[]","[]","[CensusPEPSurvey_Race2000Onwards]"
"51","2020","Count_Person_30Years_NotHispanicOrLatino_AsianAlone","[]","[]","[]","[CensusPEPSurvey_Race2000Onwards]"
"51","2020","Count_Person_56Years_Male_HispanicOrLatino_TwoOrMoreRaces","[]","[]","[]","[CensusPEPSurvey_Race2000Onwards]"
"51","2020","Count_Person_0Years_Female_TwoOrMoreRaces","[]","[]","[]","[CensusPEPSurvey_Race2000Onwards]"
"51","2020","Count_Person_11Years_Male_HispanicOrLatino_WhiteAlone","[]","[]","[]","[CensusPEPSurvey_Race2000Onwards]"
"51","2020","Count_Person_35Years_WhiteAlone","[]","[]","[]","[CensusPEPSurvey_Race2000Onwards]"
"51","2020","Count_Person_23Years_Female_WhiteAlone","[]","[]","[]","[CensusPEPSurvey_Race2000Onwards]"
"51","2020","Count_Person_80Years_Male_NotHispanicOrLatino_NativeHawaiianAndOtherPacificIslanderAlone","[]","[]","[]","[CensusPEPSurvey_Race2000Onwards]"
"51","2020","Count_Person_58Years_BlackOrAfricanAmericanAlone","[]","[]","[]","[CensusPEPSurvey_Race2000Onwards]"
"51","2020","Count_Person_7Years_Male_NotHispanicOrLatino_BlackOrAfricanAmericanAlone","[]","[]","[]","[CensusPEPSurvey_Race2000Onwards]"
"51","2020","Count_Person_28Years_Male_NotHispanicOrLatino_WhiteAlone","[]","[]","[]","[CensusPEPSurvey_Race2000Onwards]"
"51","2020","Count_Person_80Years_Male_AmericanIndianAndAlaskaNativeAlone","[]","[]","[]","[CensusPEPSurvey_Race2000Onwards]"
"51","2020","Count_Person_28Years_Male_HispanicOrLatino_AmericanIndianAndAlaskaNativeAlone","[]","[]","[]","[CensusPEPSurvey_Race2000Onwards]"
"51","2020","Count_Person_13Years_HispanicOrLatino_AsianAlone","[]","[]","[]","[CensusPEPSurvey_Race2000Onwards]"
"51","2020","Count_Person_23Years_Male_HispanicOrLatino_BlackOrAfricanAmericanAlone","[]","[]","[]","[CensusPEPSurvey_Race2000Onwards]"
"51","2020","Count_Person_67Years_Female_NotHispanicOrLatino_AmericanIndianAndAlaskaNativeAlone","[]","[]","[]","[CensusPEPSurvey_Race2000Onwards]"
"51","2020","Count_Person_76Years_Male_WhiteAlone","[]","[]","[]","[CensusPEPSurvey_Race2000Onwards]"
"51","2020","Count_Person_15Years_NotHispanicOrLatino_WhiteAlone","[]","[]","[]","[CensusPEPSurvey_Race2000Onwards]"
"51","2020","Count_Person_22Years_HispanicOrLatino_NativeHawaiianAndOtherPacificIslanderAlone","[]","[]","[]","[CensusPEPSurvey_Race2000Onwards]"
"51","2020","Count_Person_40Years_Female_NotHispanicOrLatino_TwoOrMoreRaces","[]","[]","[]","[CensusPEPSurvey_Race2000Onwards]"
"51","2020","Count_Person_52Years_HispanicOrLatino_NativeHawaiianAndOtherPacificIslanderAlone","[]","[]","[]","[CensusPEPSurvey_Race2000Onwards]"
"51","2020","Count_Person_80Years_Female_HispanicOrLatino_AmericanIndianAndAlaskaNativeAlone","[]","[]","[]","[CensusPEPSurvey_Race2000Onwards]"
"51","2020","Count_Person_14Years_Female_NotHispanicOrLatino_TwoOrMoreRaces","[]","[]","[]","[CensusPEPSurvey_Race2000Onwards]"
"51","2020","Count_Person_46Years_Female_HispanicOrLatino_AsianAlone","[]","[]","[]","[CensusPEPSurvey_Race2000Onwards]"
"51","2020","Count_Person_6Years_Male_HispanicOrLatino_NativeHawaiianAndOtherPacificIslanderAlone","[]","[]","[]","[CensusPEPSurvey_Race2000Onwards]"
"51","2020","Count_Person_23Years_Female_NotHispanicOrLatino_AsianAlone","[]","[]","[]","[CensusPEPSurvey_Race2000Onwards]"
"51","2020","Count_Person_26Years_Female_BlackOrAfricanAmericanAlone","[]","[]","[]","[CensusPEPSurvey_Race2000Onwards]"
"51","2020","Count_Person_30Years_AmericanIndianAndAlaskaNativeAlone","[]","[]","[]","[CensusPEPSurvey_Race2000Onwards]"
"51","2020","Count_Person_83Years_WhiteAlone","[]","[]","[]","[CensusPEPSurvey_Race2000Onwards]"
"51","2020","Count_Person_47Years_Male_AsianAlone","[]","[]","[]","[CensusPEPSurvey_Race2000Onwards]"
"51","2020","Count_Person_51Years_Female_BlackOrAfricanAmericanAlone","[]","[]","[]","[CensusPEPSurvey_Race2000Onwards]"
"51","2020","Count_Person_17Years_NativeHawaiianAndOtherPacificIslanderAlone","[]","[]","[]","[CensusPEPSurvey_Race2000Onwards]"
"51","2020","Count_Person_72Years_BlackOrAfricanAmericanAlone","[]","[]","[]","[CensusPEPSurvey_Race2000Onwards]"
"51","2020","Count_Person_83Years_Male_NotHispanicOrLatino_AmericanIndianAndAlaskaNativeAlone","[]","[]","[]","[CensusPEPSurvey_Race2000Onwards]"
"51","2020","Count_Person_81Years_Female_HispanicOrLatino_AsianAlone","[]","[]","[]","[CensusPEPSurvey_Race2000Onwards]"
"51","2020","Count_Person_67Years_Male_HispanicOrLatino_TwoOrMoreRaces","[]","[]","[]","[CensusPEPSurvey_Race2000Onwards]"
"51","2020","Count_Person_52Years_Male_BlackOrAfricanAmericanAlone","[]","[]","[]","[CensusPEPSurvey_Race2000Onwards]"
"51","2020","Count_Person_24Years_Male_TwoOrMoreRaces","[]","[]","[]","[CensusPEPSurvey_Race2000Onwards]"
"51","2020","Count_Person_57Years_AmericanIndianAndAlaskaNativeAlone","[]","[]","[]","[CensusPEPSurvey_Race2000Onwards]"
"51","2020","Count_Person_85Years_NotHispanicOrLatino_BlackOrAfricanAmericanAlone","[]","[]","[]","[CensusPEPSurvey_Race2000Onwards]"
"51","2020","Count_Person_71Years_WhiteAlone","[]","[]","[]","[CensusPEPSurvey_Race2000Onwards]"
"51","2020","Count_Person_47Years_Female_NotHispanicOrLatino_WhiteAlone","[]","[]","[]","[CensusPEPSurvey_Race2000Onwards]"
"51","2020","Count_Person_7Years_Male_HispanicOrLatino_TwoOrMoreRaces","[]","[]","[]","[CensusPEPSurvey_Race2000Onwards]"
"51","2020","Count_Person_43Years_Male_NotHispanicOrLatino_AmericanIndianAndAlaskaNativeAlone","[]","[]","[]","[CensusPEPSurvey_Race2000Onwards]"
"51","2020","Count_Person_Female_NotHispanicOrLatino_WhiteAlone","[]","[]","[]","[dcAggregate/CensusPEPSurvey_Race2000Onwards]"
"51","2020","Count_Person_6Years_HispanicOrLatino_BlackOrAfricanAmericanAlone","[]","[]","[]","[CensusPEPSurvey_Race2000Onwards]"
"51","2020","Count_Person_2Years_Male_HispanicOrLatino_TwoOrMoreRaces","[]","[]","[]","[CensusPEPSurvey_Race2000Onwards]"
"51","2020","Count_Person_7Years_Male_AmericanIndianAndAlaskaNativeAlone","[]","[]","[]","[CensusPEPSurvey_Race2000Onwards]"
"51","2020","Count_Person_29Years_Female_HispanicOrLatino_NativeHawaiianAndOtherPacificIslanderAlone","[]","[]","[]","[CensusPEPSurvey_Race2000Onwards]"
"51","2020","Count_Person_2Years_Female_AmericanIndianAndAlaskaNativeAlone","[]","[]","[]","[CensusPEPSurvey_Race2000Onwards]"
"51","2020","Count_Person_3Years_Female_BlackOrAfricanAmericanAlone","[]","[]","[]","[CensusPEPSurvey_Race2000Onwards]"
"51","2020","Count_Person_78Years_Female_BlackOrAfricanAmericanAlone","[]","[]","[]","[CensusPEPSurvey_Race2000Onwards]"
"51","2020","Count_Person_2Years_HispanicOrLatino_TwoOrMoreRaces","[]","[]","[]","[CensusPEPSurvey_Race2000Onwards]"
"51","2020","Count_Person_18Years_Female_NotHispanicOrLatino_AsianAlone","[]","[]","[]","[CensusPEPSurvey_Race2000Onwards]"
"51","2020","Count_Person_28Years_Male_HispanicOrLatino_BlackOrAfricanAmericanAlone","[]","[]","[]","[CensusPEPSurvey_Race2000Onwards]"
"51","2020","Count_Person_13Years_Female_TwoOrMoreRaces","[]","[]","[]","[CensusPEPSurvey_Race2000Onwards]"
"51","2020","Count_Person_76Years_Male_NativeHawaiianAndOtherPacificIslanderAlone","[]","[]","[]","[CensusPEPSurvey_Race2000Onwards]"
"51","2020","Count_Person_31Years_Female_NotHispanicOrLatino_BlackOrAfricanAmericanAlone","[]","[]","[]","[CensusPEPSurvey_Race2000Onwards]"
"51","2020","Count_Person_18Years_Male_BlackOrAfricanAmericanAlone","[]","[]","[]","[CensusPEPSurvey_Race2000Onwards]"
"51","2020","Count_Person_45Years_NotHispanicOrLatino_TwoOrMoreRaces","[]","[]","[]","[CensusPEPSurvey_Race2000Onwards]"
"51","2020","Count_Person_27Years_Female_NotHispanicOrLatino_BlackOrAfricanAmericanAlone","[]","[]","[]","[CensusPEPSurvey_Race2000Onwards]"
"51","2020","Count_Person_7Years_NativeHawaiianAndOtherPacificIslanderAlone","[]","[]","[]","[CensusPEPSurvey_Race2000Onwards]"
"51","2020","Count_Person_65Years_NativeHawaiianAndOtherPacificIslanderAlone","[]","[]","[]","[CensusPEPSurvey_Race2000Onwards]"
"51","2020","Count_Person_52Years_Female_NotHispanicOrLatino_WhiteAlone","[]","[]","[]","[CensusPEPSurvey_Race2000Onwards]"
"51","2020","Count_Person_9Years_HispanicOrLatino_WhiteAlone","[]","[]","[]","[CensusPEPSurvey_Race2000Onwards]"
"51","2020","Count_Person_1Years_Female_AmericanIndianAndAlaskaNativeAlone","[]","[]","[]","[CensusPEPSurvey_Race2000Onwards]"
"51","2020","Count_Person_79Years_NativeHawaiianAndOtherPacificIslanderAlone","[]","[]","[]","[CensusPEPSurvey_Race2000Onwards]"
"51","2020","Count_Person_78Years_Male_HispanicOrLatino_TwoOrMoreRaces","[]","[]","[]","[CensusPEPSurvey_Race2000Onwards]"
"51","2020","Count_Person_73Years_Male_HispanicOrLatino_TwoOrMoreRaces","[]","[]","[]","[CensusPEPSurvey_Race2000Onwards]"
"51","2020","Count_Person_41Years_HispanicOrLatino_TwoOrMoreRaces","[]","[]","[]","[CensusPEPSurvey_Race2000Onwards]"
"51","2020","Count_Person_15Years_BlackOrAfricanAmericanAlone","[]","[]","[]","[CensusPEPSurvey_Race2000Onwards]"
"51","2020","Count_Person_67Years_Female_HispanicOrLatino_BlackOrAfricanAmericanAlone","[]","[]","[]","[CensusPEPSurvey_Race2000Onwards]"
"51","2020","Count_Person_41Years_HispanicOrLatino_AmericanIndianAndAlaskaNativeAlone","[]","[]","[]","[CensusPEPSurvey_Race2000Onwards]"
"51","2020","Count_Person_24Years_Female_HispanicOrLatino_BlackOrAfricanAmericanAlone","[]","[]","[]","[CensusPEPSurvey_Race2000Onwards]"
"51","2020","Count_Person_56Years_HispanicOrLatino_AsianAlone","[]","[]","[]","[CensusPEPSurvey_Race2000Onwards]"
"51","2020","Count_Person_1Years_HispanicOrLatino_AmericanIndianAndAlaskaNativeAlone","[]","[]","[]","[CensusPEPSurvey_Race2000Onwards]"
"51","2020","Count_Person_4Years_HispanicOrLatino_TwoOrMoreRaces","[]","[]","[]","[CensusPEPSurvey_Race2000Onwards]"
"51","2020","Count_Person_68Years_NotHispanicOrLatino_TwoOrMoreRaces","[]","[]","[]","[CensusPEPSurvey_Race2000Onwards]"
"51","2020","Count_Person_13Years_Female_NotHispanicOrLatino_TwoOrMoreRaces","[]","[]","[]","[CensusPEPSurvey_Race2000Onwards]"
"51","2020","Count_Person_19Years_NotHispanicOrLatino_AsianAlone","[]","[]","[]","[CensusPEPSurvey_Race2000Onwards]"
"51","2020","Count_Person_2Years_Male_HispanicOrLatino_NativeHawaiianAndOtherPacificIslanderAlone","[]","[]","[]","[CensusPEPSurvey_Race2000Onwards]"
"51","2020","Count_Person_17Years_HispanicOrLatino_AmericanIndianAndAlaskaNativeAlone","[]","[]","[]","[CensusPEPSurvey_Race2000Onwards]"
"51","2020","Count_Person_49Years_Male_AsianAlone","[]","[]","[]","[CensusPEPSurvey_Race2000Onwards]"
"51","2020","Count_Person_25Years_Female_TwoOrMoreRaces","[]","[]","[]","[CensusPEPSurvey_Race2000Onwards]"
"51","2020","Count_Person_6Years_Male_TwoOrMoreRaces","[]","[]","[]","[CensusPEPSurvey_Race2000Onwards]"
"51","2020","Count_Person_79Years_Female_NativeHawaiianAndOtherPacificIslanderAlone","[]","[]","[]","[CensusPEPSurvey_Race2000Onwards]"
"51","2020","Count_Person_79Years_Female_AsianAlone","[]","[]","[]","[CensusPEPSurvey_Race2000Onwards]"
"51","2020","Count_Person_9Years_AmericanIndianAndAlaskaNativeAlone","[]","[]","[]","[CensusPEPSurvey_Race2000Onwards]"
"51","2020","Count_Person_34Years_NativeHawaiianAndOtherPacificIslanderAlone","[]","[]","[]","[CensusPEPSurvey_Race2000Onwards]"
"51","2020","Count_Person_6Years_Male_HispanicOrLatino_AmericanIndianAndAlaskaNativeAlone","[]","[]","[]","[CensusPEPSurvey_Race2000Onwards]"
"51","2020","Count_Person_34Years_Male_HispanicOrLatino_NativeHawaiianAndOtherPacificIslanderAlone","[]","[]","[]","[CensusPEPSurvey_Race2000Onwards]"
"51","2020","Count_Person_59Years_Female_NotHispanicOrLatino_BlackOrAfricanAmericanAlone","[]","[]","[]","[CensusPEPSurvey_Race2000Onwards]"
"51","2020","Count_Person_55Years_Female_HispanicOrLatino_BlackOrAfricanAmericanAlone","[]","[]","[]","[CensusPEPSurvey_Race2000Onwards]"
"51","2020","Count_Person_71Years_Male_NotHispanicOrLatino_WhiteAlone","[]","[]","[]","[CensusPEPSurvey_Race2000Onwards]"
"51","2020","Count_Person_29Years_NotHispanicOrLatino_TwoOrMoreRaces","[]","[]","[]","[CensusPEPSurvey_Race2000Onwards]"
"51","2020","Count_Person_65Years_Male_HispanicOrLatino_NativeHawaiianAndOtherPacificIslanderAlone","[]","[]","[]","[CensusPEPSurvey_Race2000Onwards]"
"51","2020","Count_Person_85Years_Female_NotHispanicOrLatino_BlackOrAfricanAmericanAlone","[]","[]","[]","[CensusPEPSurvey_Race2000Onwards]"
"51","2020","Count_Person_69Years_Female_HispanicOrLatino_AsianAlone","[]","[]","[]","[CensusPEPSurvey_Race2000Onwards]"
"51","2020","Count_Person_62Years_Female_WhiteAlone","[]","[]","[]","[CensusPEPSurvey_Race2000Onwards]"
"51","2020","Count_Person_9Years_HispanicOrLatino_BlackOrAfricanAmericanAlone","[]","[]","[]","[CensusPEPSurvey_Race2000Onwards]"
"51","2020","Count_Person_14Years_BlackOrAfricanAmericanAlone","[]","[]","[]","[CensusPEPSurvey_Race2000Onwards]"
"51","2020","Count_Person_44Years_Male_HispanicOrLatino_AsianAlone","[]","[]","[]","[CensusPEPSurvey_Race2000Onwards]"
"51","2020","Count_Person_47Years_Male_NotHispanicOrLatino_BlackOrAfricanAmericanAlone","[]","[]","[]","[CensusPEPSurvey_Race2000Onwards]"
"51","2020","Count_Person_52Years_HispanicOrLatino_TwoOrMoreRaces","[]","[]","[]","[CensusPEPSurvey_Race2000Onwards]"
"51","2020","Count_Person_80Years_Male_HispanicOrLatino_AsianAlone","[]","[]","[]","[CensusPEPSurvey_Race2000Onwards]"
"51","2020","Count_Person_57Years_HispanicOrLatino_AsianAlone","[]","[]","[]","[CensusPEPSurvey_Race2000Onwards]"
"51","2020","Count_Person_81Years_Male_TwoOrMoreRaces","[]","[]","[]","[CensusPEPSurvey_Race2000Onwards]"
"51","2020","Count_Person_34Years_AmericanIndianAndAlaskaNativeAlone","[]","[]","[]","[CensusPEPSurvey_Race2000Onwards]"
"51","2020","Count_Person_85Years_Female_HispanicOrLatino_AsianAlone","[]","[]","[]","[CensusPEPSurvey_Race2000Onwards]"
"51","2020","Count_Person_9Years_Female_NotHispanicOrLatino_WhiteAlone","[]","[]","[]","[CensusPEPSurvey_Race2000Onwards]"
"51","2020","Count_Person_68Years_Female_AmericanIndianAndAlaskaNativeAlone","[]","[]","[]","[CensusPEPSurvey_Race2000Onwards]"
"51","2020","Count_Person_70Years_HispanicOrLatino_TwoOrMoreRaces","[]","[]","[]","[CensusPEPSurvey_Race2000Onwards]"
"51","2020","Count_Person_14Years_NotHispanicOrLatino_AsianAlone","[]","[]","[]","[CensusPEPSurvey_Race2000Onwards]"
"51","2020","Count_Person_18Years_AmericanIndianAndAlaskaNativeAlone","[]","[]","[]","[CensusPEPSurvey_Race2000Onwards]"
"51","2020","Count_Person_82Years_Male_WhiteAlone","[]","[]","[]","[CensusPEPSurvey_Race2000Onwards]"
"51","2020","Count_Person_51Years_Male_AsianAlone","[]","[]","[]","[CensusPEPSurvey_Race2000Onwards]"
"51","2020","Count_Person_66Years_NotHispanicOrLatino_AsianAlone","[]","[]","[]","[CensusPEPSurvey_Race2000Onwards]"
"51","2020","Count_Person_32Years_Female_TwoOrMoreRaces","[]","[]","[]","[CensusPEPSurvey_Race2000Onwards]"
"51","2020","Count_Person_60Years_NotHispanicOrLatino_AmericanIndianAndAlaskaNativeAlone","[]","[]","[]","[CensusPEPSurvey_Race2000Onwards]"
"51","2020","Count_Person_4Years_Male_NotHispanicOrLatino_NativeHawaiianAndOtherPacificIslanderAlone","[]","[]","[]","[CensusPEPSurvey_Race2000Onwards]"
"51","2020","Count_Person_5Years_Male_HispanicOrLatino_BlackOrAfricanAmericanAlone","[]","[]","[]","[CensusPEPSurvey_Race2000Onwards]"
"51","2020","Count_Person_9Years_HispanicOrLatino_AmericanIndianAndAlaskaNativeAlone","[]","[]","[]","[CensusPEPSurvey_Race2000Onwards]"
"51","2020","Count_Person_3Years_AsianAlone","[]","[]","[]","[CensusPEPSurvey_Race2000Onwards]"
"51","2020","Count_Person_62Years_Male_NativeHawaiianAndOtherPacificIslanderAlone","[]","[]","[]","[CensusPEPSurvey_Race2000Onwards]"
"51","2020","Count_Person_3Years_Female_HispanicOrLatino_NativeHawaiianAndOtherPacificIslanderAlone","[]","[]","[]","[CensusPEPSurvey_Race2000Onwards]"
"51","2020","Count_Person_41Years_NotHispanicOrLatino_TwoOrMoreRaces","[]","[]","[]","[CensusPEPSurvey_Race2000Onwards]"
"51","2020","Count_Person_5Years_Female_HispanicOrLatino_NativeHawaiianAndOtherPacificIslanderAlone","[]","[]","[]","[CensusPEPSurvey_Race2000Onwards]"
"51","2020","Count_Person_2Years_Male_NotHispanicOrLatino_WhiteAlone","[]","[]","[]","[CensusPEPSurvey_Race2000Onwards]"
"51","2020","Count_Person_10Years_HispanicOrLatino_AmericanIndianAndAlaskaNativeAlone","[]","[]","[]","[CensusPEPSurvey_Race2000Onwards]"
"51","2020","Count_Person_46Years_NotHispanicOrLatino_WhiteAlone","[]","[]","[]","[CensusPEPSurvey_Race2000Onwards]"
"51","2020","Count_Person_36Years_HispanicOrLatino_NativeHawaiianAndOtherPacificIslanderAlone","[]","[]","[]","[CensusPEPSurvey_Race2000Onwards]"
"51","2020","Count_Person_68Years_Male_NotHispanicOrLatino_NativeHawaiianAndOtherPacificIslanderAlone","[]","[]","[]","[CensusPEPSurvey_Race2000Onwards]"
"51","2020","Count_Person_13Years_Male_NotHispanicOrLatino_WhiteAlone","[]","[]","[]","[CensusPEPSurvey_Race2000Onwards]"
"51","2020","Count_Person_74Years_Female_BlackOrAfricanAmericanAlone","[]","[]","[]","[CensusPEPSurvey_Race2000Onwards]"
"51","2020","Count_Person_63Years_Male_NotHispanicOrLatino_WhiteAlone","[]","[]","[]","[CensusPEPSurvey_Race2000Onwards]"
"51","2020","Count_Person_57Years_NativeHawaiianAndOtherPacificIslanderAlone","[]","[]","[]","[CensusPEPSurvey_Race2000Onwards]"
"51","2020","Count_Person_9Years_NotHispanicOrLatino_WhiteAlone","[]","[]","[]","[CensusPEPSurvey_Race2000Onwards]"
"51","2020","Count_Person_45Years_Male_HispanicOrLatino_AsianAlone","[]","[]","[]","[CensusPEPSurvey_Race2000Onwards]"
"51","2020","Count_Person_35Years_Female_HispanicOrLatino_BlackOrAfricanAmericanAlone","[]","[]","[]","[CensusPEPSurvey_Race2000Onwards]"
"51","2020","Count_Person_17Years_Female_NativeHawaiianAndOtherPacificIslanderAlone","[]","[]","[]","[CensusPEPSurvey_Race2000Onwards]"
"51","2020","Count_Person_51Years_Male_HispanicOrLatino_WhiteAlone","[]","[]","[]","[CensusPEPSurvey_Race2000Onwards]"
"51","2020","Count_Person_45Years_Female_AsianAlone","[]","[]","[]","[CensusPEPSurvey_Race2000Onwards]"
"51","2020","Count_Person_62Years_HispanicOrLatino_TwoOrMoreRaces","[]","[]","[]","[CensusPEPSurvey_Race2000Onwards]"
"51","2020","Count_Person_43Years_Male_NotHispanicOrLatino_AsianAlone","[]","[]","[]","[CensusPEPSurvey_Race2000Onwards]"
"51","2020","Count_Person_81Years_Female_NotHispanicOrLatino_TwoOrMoreRaces","[]","[]","[]","[CensusPEPSurvey_Race2000Onwards]"
"51","2020","Count_Person_56Years_Female_HispanicOrLatino_BlackOrAfricanAmericanAlone","[]","[]","[]","[CensusPEPSurvey_Race2000Onwards]"
"51","2020","Count_Person_30Years_HispanicOrLatino_AmericanIndianAndAlaskaNativeAlone","[]","[]","[]","[CensusPEPSurvey_Race2000Onwards]"
"51","2020","Count_Person_4Years_Male_HispanicOrLatino_AsianAlone","[]","[]","[]","[CensusPEPSurvey_Race2000Onwards]"
"51","2020","Count_Person_60Years_HispanicOrLatino_TwoOrMoreRaces","[]","[]","[]","[CensusPEPSurvey_Race2000Onwards]"
"51","2020","Count_Person_57Years_Male_NotHispanicOrLatino_AmericanIndianAndAlaskaNativeAlone","[]","[]","[]","[CensusPEPSurvey_Race2000Onwards]"
"51","2020","Count_Person_65Years_Male_TwoOrMoreRaces","[]","[]","[]","[CensusPEPSurvey_Race2000Onwards]"
"51","2020","Count_Person_38Years_Female_NotHispanicOrLatino_NativeHawaiianAndOtherPacificIslanderAlone","[]","[]","[]","[CensusPEPSurvey_Race2000Onwards]"
"51","2020","Count_Person_71Years_BlackOrAfricanAmericanAlone","[]","[]","[]","[CensusPEPSurvey_Race2000Onwards]"
"51","2020","Count_Person_23Years_HispanicOrLatino_WhiteAlone","[]","[]","[]","[CensusPEPSurvey_Race2000Onwards]"
"51","2020","Count_Person_34Years_NotHispanicOrLatino_AmericanIndianAndAlaskaNativeAlone","[]","[]","[]","[CensusPEPSurvey_Race2000Onwards]"
"51","2020","Count_Person_75Years_AsianAlone","[]","[]","[]","[CensusPEPSurvey_Race2000Onwards]"
"51","2020","Count_Person_26Years_NativeHawaiianAndOtherPacificIslanderAlone","[]","[]","[]","[CensusPEPSurvey_Race2000Onwards]"
"51","2020","Count_Person_77Years_NotHispanicOrLatino_AmericanIndianAndAlaskaNativeAlone","[]","[]","[]","[CensusPEPSurvey_Race2000Onwards]"
"51","2020","Count_Person_62Years_NotHispanicOrLatino_WhiteAlone","[]","[]","[]","[CensusPEPSurvey_Race2000Onwards]"
"51","2020","Count_Person_65Years_Female_WhiteAlone","[]","[]","[]","[CensusPEPSurvey_Race2000Onwards]"
"51","2020","Count_Person_59Years_BlackOrAfricanAmericanAlone","[]","[]","[]","[CensusPEPSurvey_Race2000Onwards]"
"51","2020","Count_Person_35Years_Female_AmericanIndianAndAlaskaNativeAlone","[]","[]","[]","[CensusPEPSurvey_Race2000Onwards]"
"51","2020","Count_Person_47Years_Female_HispanicOrLatino_AmericanIndianAndAlaskaNativeAlone","[]","[]","[]","[CensusPEPSurvey_Race2000Onwards]"
"51","2020","Count_Person_42Years_Female_AsianAlone","[]","[]","[]","[CensusPEPSurvey_Race2000Onwards]"
"51","2020","Count_Person_54Years_AsianAlone","[]","[]","[]","[CensusPEPSurvey_Race2000Onwards]"
"51","2020","Count_Person_68Years_Male_WhiteAlone","[]","[]","[]","[CensusPEPSurvey_Race2000Onwards]"
"51","2020","Count_Person_12Years_HispanicOrLatino_AsianAlone","[]","[]","[]","[CensusPEPSurvey_Race2000Onwards]"
"51","2020","Count_Person_55Years_Male_AsianAlone","[]","[]","[]","[CensusPEPSurvey_Race2000Onwards]"
"51","2020","Count_Person_14Years_Female_HispanicOrLatino_TwoOrMoreRaces","[]","[]","[]","[CensusPEPSurvey_Race2000Onwards]"
"51","2020","Count_Person_75Years_Female_TwoOrMoreRaces","[]","[]","[]","[CensusPEPSurvey_Race2000Onwards]"
"51","2020","Count_Person_57Years_Female_WhiteAlone","[]","[]","[]","[CensusPEPSurvey_Race2000Onwards]"
"51","2020","Count_Person_31Years_NotHispanicOrLatino_TwoOrMoreRaces","[]","[]","[]","[CensusPEPSurvey_Race2000Onwards]"
"51","2020","Count_Person_57Years_Female_NotHispanicOrLatino_WhiteAlone","[]","[]","[]","[CensusPEPSurvey_Race2000Onwards]"
"51","2020","Count_Person_32Years_NotHispanicOrLatino_BlackOrAfricanAmericanAlone","[]","[]","[]","[CensusPEPSurvey_Race2000Onwards]"
"51","2020","Count_Person_10Years_Male_HispanicOrLatino_WhiteAlone","[]","[]","[]","[CensusPEPSurvey_Race2000Onwards]"
"51","2020","Count_Person_20Years_AmericanIndianAndAlaskaNativeAlone","[]","[]","[]","[CensusPEPSurvey_Race2000Onwards]"
"51","2020","Count_Person_64Years_Female_NotHispanicOrLatino_AsianAlone","[]","[]","[]","[CensusPEPSurvey_Race2000Onwards]"
"51","2020","Count_Person_45Years_Male_HispanicOrLatino_AmericanIndianAndAlaskaNativeAlone","[]","[]","[]","[CensusPEPSurvey_Race2000Onwards]"
"51","2020","Count_Person_66Years_NotHispanicOrLatino_NativeHawaiianAndOtherPacificIslanderAlone","[]","[]","[]","[CensusPEPSurvey_Race2000Onwards]"
"51","2020","Count_Person_42Years_Female_BlackOrAfricanAmericanAlone","[]","[]","[]","[CensusPEPSurvey_Race2000Onwards]"
"51","2020","Count_Person_3Years_Male_HispanicOrLatino_AsianAlone","[]","[]","[]","[CensusPEPSurvey_Race2000Onwards]"
"51","2020","Count_Person_79Years_Female_NotHispanicOrLatino_TwoOrMoreRaces","[]","[]","[]","[CensusPEPSurvey_Race2000Onwards]"
"51","2020","Count_Person_72Years_Female_NotHispanicOrLatino_AsianAlone","[]","[]","[]","[CensusPEPSurvey_Race2000Onwards]"
"51","2020","Count_Person_56Years_NotHispanicOrLatino_BlackOrAfricanAmericanAlone","[]","[]","[]","[CensusPEPSurvey_Race2000Onwards]"
"51","2020","Count_Person_50Years_Male_HispanicOrLatino_WhiteAlone","[]","[]","[]","[CensusPEPSurvey_Race2000Onwards]"
"51","2020","Count_Person_81Years_NotHispanicOrLatino_BlackOrAfricanAmericanAlone","[]","[]","[]","[CensusPEPSurvey_Race2000Onwards]"
"51","2020","Count_Person_16Years_NotHispanicOrLatino_NativeHawaiianAndOtherPacificIslanderAlone","[]","[]","[]","[CensusPEPSurvey_Race2000Onwards]"
"51","2020","Count_Person_16Years_Female_NotHispanicOrLatino_BlackOrAfricanAmericanAlone","[]","[]","[]","[CensusPEPSurvey_Race2000Onwards]"
"51","2020","Count_Person_54Years_Female_NotHispanicOrLatino_NativeHawaiianAndOtherPacificIslanderAlone","[]","[]","[]","[CensusPEPSurvey_Race2000Onwards]"
"51","2020","Count_Person_3Years_Male_NotHispanicOrLatino_AsianAlone","[]","[]","[]","[CensusPEPSurvey_Race2000Onwards]"
"51","2020","Count_Person_35Years_Female_HispanicOrLatino_NativeHawaiianAndOtherPacificIslanderAlone","[]","[]","[]","[CensusPEPSurvey_Race2000Onwards]"
"51","2020","Count_Person_51Years_Male_HispanicOrLatino_BlackOrAfricanAmericanAlone","[]","[]","[]","[CensusPEPSurvey_Race2000Onwards]"
"51","2020","Count_Person_13Years_Male_TwoOrMoreRaces","[]","[]","[]","[CensusPEPSurvey_Race2000Onwards]"
"51","2020","Count_Person_39Years_Female_HispanicOrLatino_TwoOrMoreRaces","[]","[]","[]","[CensusPEPSurvey_Race2000Onwards]"
"51","2020","Count_Person_4Years_Female_HispanicOrLatino_BlackOrAfricanAmericanAlone","[]","[]","[]","[CensusPEPSurvey_Race2000Onwards]"
"51","2020","Count_Person_52Years_Female_AmericanIndianAndAlaskaNativeAlone","[]","[]","[]","[CensusPEPSurvey_Race2000Onwards]"
"51","2020","Count_Person_77Years_NotHispanicOrLatino_TwoOrMoreRaces","[]","[]","[]","[CensusPEPSurvey_Race2000Onwards]"
"51","2020","Count_Person_76Years_Male_NotHispanicOrLatino_AmericanIndianAndAlaskaNativeAlone","[]","[]","[]","[CensusPEPSurvey_Race2000Onwards]"
"51","2020","Count_Person_77Years_Female_NotHispanicOrLatino_AmericanIndianAndAlaskaNativeAlone","[]","[]","[]","[CensusPEPSurvey_Race2000Onwards]"
"51","2020","Count_Person_6Years_NotHispanicOrLatino_TwoOrMoreRaces","[]","[]","[]","[CensusPEPSurvey_Race2000Onwards]"
"51","2020","Count_Person_16Years_WhiteAlone","[]","[]","[]","[CensusPEPSurvey_Race2000Onwards]"
"51","2020","Count_Person_8Years_Male_AsianAlone","[]","[]","[]","[CensusPEPSurvey_Race2000Onwards]"
"51","2020","Count_Person_74Years_Female_NativeHawaiianAndOtherPacificIslanderAlone","[]","[]","[]","[CensusPEPSurvey_Race2000Onwards]"
"51","2020","Count_Person_43Years_AmericanIndianAndAlaskaNativeAlone","[]","[]","[]","[CensusPEPSurvey_Race2000Onwards]"
"51","2020","Count_Person_63Years_Female_NotHispanicOrLatino_AmericanIndianAndAlaskaNativeAlone","[]","[]","[]","[CensusPEPSurvey_Race2000Onwards]"
"51","2020","Count_Person_45Years_Male_HispanicOrLatino_TwoOrMoreRaces","[]","[]","[]","[CensusPEPSurvey_Race2000Onwards]"
"51","2020","Count_Person_14Years_Male_NotHispanicOrLatino_AsianAlone","[]","[]","[]","[CensusPEPSurvey_Race2000Onwards]"
"51","2020","Count_Person_33Years_Female_HispanicOrLatino_NativeHawaiianAndOtherPacificIslanderAlone","[]","[]","[]","[CensusPEPSurvey_Race2000Onwards]"
"51","2020","Count_Person_27Years_Female_NotHispanicOrLatino_AmericanIndianAndAlaskaNativeAlone","[]","[]","[]","[CensusPEPSurvey_Race2000Onwards]"
"51","2020","Count_Person_2Years_Male_HispanicOrLatino_AmericanIndianAndAlaskaNativeAlone","[]","[]","[]","[CensusPEPSurvey_Race2000Onwards]"
"51","2020","Count_Person_46Years_Female_NotHispanicOrLatino_NativeHawaiianAndOtherPacificIslanderAlone","[]","[]","[]","[CensusPEPSurvey_Race2000Onwards]"
"51","2020","Count_Person_12Years_Female_NativeHawaiianAndOtherPacificIslanderAlone","[]","[]","[]","[CensusPEPSurvey_Race2000Onwards]"
"51","2020","Count_Person_20Years_Female_AmericanIndianAndAlaskaNativeAlone","[]","[]","[]","[CensusPEPSurvey_Race2000Onwards]"
"51","2020","Count_Person_64Years_HispanicOrLatino_WhiteAlone","[]","[]","[]","[CensusPEPSurvey_Race2000Onwards]"
"51","2020","Count_Person_34Years_Male_HispanicOrLatino_TwoOrMoreRaces","[]","[]","[]","[CensusPEPSurvey_Race2000Onwards]"
"51","2020","Count_Person_56Years_Male_NativeHawaiianAndOtherPacificIslanderAlone","[]","[]","[]","[CensusPEPSurvey_Race2000Onwards]"
"51","2020","Count_Person_40Years_Male_HispanicOrLatino_TwoOrMoreRaces","[]","[]","[]","[CensusPEPSurvey_Race2000Onwards]"
"51","2020","Count_Person_18Years_HispanicOrLatino_WhiteAlone","[]","[]","[]","[CensusPEPSurvey_Race2000Onwards]"
"51","2020","Count_Person_66Years_AmericanIndianAndAlaskaNativeAlone","[]","[]","[]","[CensusPEPSurvey_Race2000Onwards]"
"51","2020","Count_Person_67Years_HispanicOrLatino_WhiteAlone","[]","[]","[]","[CensusPEPSurvey_Race2000Onwards]"
"51","2020","Count_Person_74Years_Male_HispanicOrLatino_NativeHawaiianAndOtherPacificIslanderAlone","[]","[]","[]","[CensusPEPSurvey_Race2000Onwards]"
"51","2020","Count_Person_HispanicOrLatino_BlackOrAfricanAmericanAlone","[]","[]","[]","[dcAggregate/CensusPEPSurvey_Race2000Onwards]"
"51","2020","Count_Person_22Years_Female_NotHispanicOrLatino_AmericanIndianAndAlaskaNativeAlone","[]","[]","[]","[CensusPEPSurvey_Race2000Onwards]"
"51","2020","Count_Person_83Years_Male_HispanicOrLatino_AsianAlone","[]","[]","[]","[CensusPEPSurvey_Race2000Onwards]"
"51","2020","Count_Person_31Years_HispanicOrLatino_NativeHawaiianAndOtherPacificIslanderAlone","[]","[]","[]","[CensusPEPSurvey_Race2000Onwards]"
"51","2020","Count_Person_62Years_HispanicOrLatino_AmericanIndianAndAlaskaNativeAlone","[]","[]","[]","[CensusPEPSurvey_Race2000Onwards]"
"51","2020","Count_Person_37Years_Female_HispanicOrLatino_AsianAlone","[]","[]","[]","[CensusPEPSurvey_Race2000Onwards]"
"51","2020","Count_Person_43Years_Male_HispanicOrLatino_NativeHawaiianAndOtherPacificIslanderAlone","[]","[]","[]","[CensusPEPSurvey_Race2000Onwards]"
"51","2020","Count_Person_54Years_NotHispanicOrLatino_TwoOrMoreRaces","[]","[]","[]","[CensusPEPSurvey_Race2000Onwards]"
"51","2020","Count_Person_31Years_Male_HispanicOrLatino_NativeHawaiianAndOtherPacificIslanderAlone","[]","[]","[]","[CensusPEPSurvey_Race2000Onwards]"
"51","2020","Count_Person_59Years_Female_NotHispanicOrLatino_AsianAlone","[]","[]","[]","[CensusPEPSurvey_Race2000Onwards]"
"51","2020","Count_Person_62Years_Female_NotHispanicOrLatino_WhiteAlone","[]","[]","[]","[CensusPEPSurvey_Race2000Onwards]"
"51","2020","Count_Person_28Years_WhiteAlone","[]","[]","[]","[CensusPEPSurvey_Race2000Onwards]"
"51","2020","Count_Person_69Years_Male_HispanicOrLatino_AmericanIndianAndAlaskaNativeAlone","[]","[]","[]","[CensusPEPSurvey_Race2000Onwards]"
"51","2020","Count_Person_42Years_Female_NotHispanicOrLatino_BlackOrAfricanAmericanAlone","[]","[]","[]","[CensusPEPSurvey_Race2000Onwards]"
"51","2020","Count_Person_37Years_Female_NotHispanicOrLatino_AmericanIndianAndAlaskaNativeAlone","[]","[]","[]","[CensusPEPSurvey_Race2000Onwards]"
"51","2020","Count_Person_4Years_Male_NotHispanicOrLatino_AsianAlone","[]","[]","[]","[CensusPEPSurvey_Race2000Onwards]"
"51","2020","Count_Person_36Years_NotHispanicOrLatino_WhiteAlone","[]","[]","[]","[CensusPEPSurvey_Race2000Onwards]"
"51","2020","Count_Person_78Years_Female_HispanicOrLatino_TwoOrMoreRaces","[]","[]","[]","[CensusPEPSurvey_Race2000Onwards]"
"51","2020","Count_Person_60Years_Male_AsianAlone","[]","[]","[]","[CensusPEPSurvey_Race2000Onwards]"
"51","2020","Count_Person_16Years_NotHispanicOrLatino_TwoOrMoreRaces","[]","[]","[]","[CensusPEPSurvey_Race2000Onwards]"
"51","2020","Count_Person_56Years_Female_NotHispanicOrLatino_NativeHawaiianAndOtherPacificIslanderAlone","[]","[]","[]","[CensusPEPSurvey_Race2000Onwards]"
"51","2020","Count_Person_63Years_Female_NotHispanicOrLatino_BlackOrAfricanAmericanAlone","[]","[]","[]","[CensusPEPSurvey_Race2000Onwards]"
"51","2020","Count_Person_15Years_Male_NotHispanicOrLatino_AsianAlone","[]","[]","[]","[CensusPEPSurvey_Race2000Onwards]"
"51","2020","Count_Person_13Years_NotHispanicOrLatino_AmericanIndianAndAlaskaNativeAlone","[]","[]","[]","[CensusPEPSurvey_Race2000Onwards]"
"51","2020","Count_Person_16Years_Male_HispanicOrLatino_NativeHawaiianAndOtherPacificIslanderAlone","[]","[]","[]","[CensusPEPSurvey_Race2000Onwards]"
"51","2020","Count_Person_69Years_NotHispanicOrLatino_NativeHawaiianAndOtherPacificIslanderAlone","[]","[]","[]","[CensusPEPSurvey_Race2000Onwards]"
"51","2020","Count_Person_61Years_Male_NotHispanicOrLatino_TwoOrMoreRaces","[]","[]","[]","[CensusPEPSurvey_Race2000Onwards]"
"51","2020","Count_Person_66Years_Female_HispanicOrLatino_TwoOrMoreRaces","[]","[]","[]","[CensusPEPSurvey_Race2000Onwards]"
"51","2020","Count_Person_12Years_Male_HispanicOrLatino_WhiteAlone","[]","[]","[]","[CensusPEPSurvey_Race2000Onwards]"
"51","2020","Count_Person_79Years_Female_HispanicOrLatino_TwoOrMoreRaces","[]","[]","[]","[CensusPEPSurvey_Race2000Onwards]"
"51","2020","Count_Person_18Years_Female_HispanicOrLatino_NativeHawaiianAndOtherPacificIslanderAlone","[]","[]","[]","[CensusPEPSurvey_Race2000Onwards]"
"51","2020","Count_Person_54Years_Female_NativeHawaiianAndOtherPacificIslanderAlone","[]","[]","[]","[CensusPEPSurvey_Race2000Onwards]"
"51","2020","Count_Person_61Years_Male_AsianAlone","[]","[]","[]","[CensusPEPSurvey_Race2000Onwards]"
"51","2020","Count_Person_9Years_Male_HispanicOrLatino_AsianAlone","[]","[]","[]","[CensusPEPSurvey_Race2000Onwards]"
"51","2020","Count_Person_51Years_HispanicOrLatino_TwoOrMoreRaces","[]","[]","[]","[CensusPEPSurvey_Race2000Onwards]"
"51","2020","Count_Person_42Years_NotHispanicOrLatino_WhiteAlone","[]","[]","[]","[CensusPEPSurvey_Race2000Onwards]"
"51","2020","Count_Person_10Years_Male_AmericanIndianAndAlaskaNativeAlone","[]","[]","[]","[CensusPEPSurvey_Race2000Onwards]"
"51","2020","Count_Person_23Years_Female_NativeHawaiianAndOtherPacificIslanderAlone","[]","[]","[]","[CensusPEPSurvey_Race2000Onwards]"
"51","2020","Count_Person_28Years_Female_HispanicOrLatino_AmericanIndianAndAlaskaNativeAlone","[]","[]","[]","[CensusPEPSurvey_Race2000Onwards]"
"51","2020","Count_Person_48Years_Male_HispanicOrLatino_AsianAlone","[]","[]","[]","[CensusPEPSurvey_Race2000Onwards]"
"51","2020","Count_Person_73Years_Female_AsianAlone","[]","[]","[]","[CensusPEPSurvey_Race2000Onwards]"
"51","2020","Count_Person_53Years_AmericanIndianAndAlaskaNativeAlone","[]","[]","[]","[CensusPEPSurvey_Race2000Onwards]"
"51","2020","Count_Person_55Years_Male_NotHispanicOrLatino_TwoOrMoreRaces","[]","[]","[]","[CensusPEPSurvey_Race2000Onwards]"
"51","2020","Count_Person_14Years_Male_BlackOrAfricanAmericanAlone","[]","[]","[]","[CensusPEPSurvey_Race2000Onwards]"
"51","2020","Count_Person_30Years_HispanicOrLatino_TwoOrMoreRaces","[]","[]","[]","[CensusPEPSurvey_Race2000Onwards]"
"51","2020","Count_Person_12Years_Female_NotHispanicOrLatino_AmericanIndianAndAlaskaNativeAlone","[]","[]","[]","[CensusPEPSurvey_Race2000Onwards]"
"51","2020","Count_Person_54Years_Female_WhiteAlone","[]","[]","[]","[CensusPEPSurvey_Race2000Onwards]"
"51","2020","Count_Person_20Years_BlackOrAfricanAmericanAlone","[]","[]","[]","[CensusPEPSurvey_Race2000Onwards]"
"51","2020","Count_Person_61Years_Female_HispanicOrLatino_AmericanIndianAndAlaskaNativeAlone","[]","[]","[]","[CensusPEPSurvey_Race2000Onwards]"
"51","2020","Count_Person_58Years_Male_BlackOrAfricanAmericanAlone","[]","[]","[]","[CensusPEPSurvey_Race2000Onwards]"
"51","2020","Count_Person_55Years_Female_BlackOrAfricanAmericanAlone","[]","[]","[]","[CensusPEPSurvey_Race2000Onwards]"
"51","2020","Count_Person_56Years_Male_HispanicOrLatino_WhiteAlone","[]","[]","[]","[CensusPEPSurvey_Race2000Onwards]"
"51","2020","Count_Person_20Years_HispanicOrLatino_WhiteAlone","[]","[]","[]","[CensusPEPSurvey_Race2000Onwards]"
"51","2020","Count_Person_82Years_Female_NotHispanicOrLatino_NativeHawaiianAndOtherPacificIslanderAlone","[]","[]","[]","[CensusPEPSurvey_Race2000Onwards]"
"51","2020","Count_Person_71Years_Male_HispanicOrLatino_BlackOrAfricanAmericanAlone","[]","[]","[]","[CensusPEPSurvey_Race2000Onwards]"
"51","2020","Count_Person_57Years_Male_NotHispanicOrLatino_WhiteAlone","[]","[]","[]","[CensusPEPSurvey_Race2000Onwards]"
"51","2020","Count_Person_56Years_Female_HispanicOrLatino_AsianAlone","[]","[]","[]","[CensusPEPSurvey_Race2000Onwards]"
"51","2020","Count_Person_39Years_Male_AsianAlone","[]","[]","[]","[CensusPEPSurvey_Race2000Onwards]"
"51","2020","Count_Person_42Years_AsianAlone","[]","[]","[]","[CensusPEPSurvey_Race2000Onwards]"
"51","2020","Count_Person_47Years_AmericanIndianAndAlaskaNativeAlone","[]","[]","[]","[CensusPEPSurvey_Race2000Onwards]"
"51","2020","Count_Person_7Years_Female_BlackOrAfricanAmericanAlone","[]","[]","[]","[CensusPEPSurvey_Race2000Onwards]"
"51","2020","Count_Person_40Years_Male_HispanicOrLatino_BlackOrAfricanAmericanAlone","[]","[]","[]","[CensusPEPSurvey_Race2000Onwards]"
"51","2020","Count_Person_54Years_HispanicOrLatino_AsianAlone","[]","[]","[]","[CensusPEPSurvey_Race2000Onwards]"
"51","2020","Count_Person_53Years_Female_HispanicOrLatino_TwoOrMoreRaces","[]","[]","[]","[CensusPEPSurvey_Race2000Onwards]"
"51","2020","Count_Person_3Years_Female_NotHispanicOrLatino_AsianAlone","[]","[]","[]","[CensusPEPSurvey_Race2000Onwards]"
"51","2020","Count_Person_19Years_NotHispanicOrLatino_AmericanIndianAndAlaskaNativeAlone","[]","[]","[]","[CensusPEPSurvey_Race2000Onwards]"
"51","2020","Count_Person_46Years_Male_TwoOrMoreRaces","[]","[]","[]","[CensusPEPSurvey_Race2000Onwards]"
"51","2020","Count_Person_68Years_Female_NotHispanicOrLatino_NativeHawaiianAndOtherPacificIslanderAlone","[]","[]","[]","[CensusPEPSurvey_Race2000Onwards]"
"51","2020","Count_Person_49Years_Male_NotHispanicOrLatino_TwoOrMoreRaces","[]","[]","[]","[CensusPEPSurvey_Race2000Onwards]"
"51","2020","Count_Person_38Years_Female_NotHispanicOrLatino_TwoOrMoreRaces","[]","[]","[]","[CensusPEPSurvey_Race2000Onwards]"
"51","2020","Count_Person_57Years_Female_NotHispanicOrLatino_AmericanIndianAndAlaskaNativeAlone","[]","[]","[]","[CensusPEPSurvey_Race2000Onwards]"
"51","2020","Count_Person_83Years_Female_TwoOrMoreRaces","[]","[]","[]","[CensusPEPSurvey_Race2000Onwards]"
"51","2020","Count_Person_60Years_HispanicOrLatino_BlackOrAfricanAmericanAlone","[]","[]","[]","[CensusPEPSurvey_Race2000Onwards]"
"51","2020","Count_Person_38Years_Male_AsianAlone","[]","[]","[]","[CensusPEPSurvey_Race2000Onwards]"
"51","2020","Count_Person_74Years_Female_HispanicOrLatino_NativeHawaiianAndOtherPacificIslanderAlone","[]","[]","[]","[CensusPEPSurvey_Race2000Onwards]"
"51","2020","Count_Person_6Years_Female_HispanicOrLatino_AmericanIndianAndAlaskaNativeAlone","[]","[]","[]","[CensusPEPSurvey_Race2000Onwards]"
"51","2020","Count_Person_39Years_AsianAlone","[]","[]","[]","[CensusPEPSurvey_Race2000Onwards]"
"51","2020","Count_Person_17Years_BlackOrAfricanAmericanAlone","[]","[]","[]","[CensusPEPSurvey_Race2000Onwards]"
"51","2020","Count_Person_69Years_Male_NotHispanicOrLatino_BlackOrAfricanAmericanAlone","[]","[]","[]","[CensusPEPSurvey_Race2000Onwards]"
"51","2020","Count_Person_85Years_Female_AmericanIndianAndAlaskaNativeAlone","[]","[]","[]","[CensusPEPSurvey_Race2000Onwards]"
"51","2020","Count_Person_43Years_Male_TwoOrMoreRaces","[]","[]","[]","[CensusPEPSurvey_Race2000Onwards]"
"51","2020","Count_Person_61Years_HispanicOrLatino_AsianAlone","[]","[]","[]","[CensusPEPSurvey_Race2000Onwards]"
"51","2020","Count_Person_8Years_Female_HispanicOrLatino_AsianAlone","[]","[]","[]","[CensusPEPSurvey_Race2000Onwards]"
"51","2020","Count_Person_40Years_Male_TwoOrMoreRaces","[]","[]","[]","[CensusPEPSurvey_Race2000Onwards]"
"51","2020","Count_Person_64Years_NotHispanicOrLatino_TwoOrMoreRaces","[]","[]","[]","[CensusPEPSurvey_Race2000Onwards]"
"51","2020","Count_Person_68Years_Female_WhiteAlone","[]","[]","[]","[CensusPEPSurvey_Race2000Onwards]"
"51","2020","Count_Person_13Years_Female_HispanicOrLatino_BlackOrAfricanAmericanAlone","[]","[]","[]","[CensusPEPSurvey_Race2000Onwards]"
"51","2020","Count_Person_29Years_Female_NotHispanicOrLatino_WhiteAlone","[]","[]","[]","[CensusPEPSurvey_Race2000Onwards]"
"51","2020","Count_Person_19Years_Male_HispanicOrLatino_WhiteAlone","[]","[]","[]","[CensusPEPSurvey_Race2000Onwards]"
"51","2020","Count_Person_11Years_HispanicOrLatino_AsianAlone","[]","[]","[]","[CensusPEPSurvey_Race2000Onwards]"
"51","2020","Count_Person_Female_HispanicOrLatino_TwoOrMoreRaces","[]","[]","[]","[dcAggregate/CensusPEPSurvey_Race2000Onwards]"
"51","2020","Count_Person_28Years_HispanicOrLatino_AmericanIndianAndAlaskaNativeAlone","[]","[]","[]","[CensusPEPSurvey_Race2000Onwards]"
"51","2020","Count_Person_58Years_NotHispanicOrLatino_TwoOrMoreRaces","[]","[]","[]","[CensusPEPSurvey_Race2000Onwards]"
"51","2020","Count_Person_85Years_Female_NativeHawaiianAndOtherPacificIslanderAlone","[]","[]","[]","[CensusPEPSurvey_Race2000Onwards]"
"51","2020","Count_Person_36Years_NotHispanicOrLatino_BlackOrAfricanAmericanAlone","[]","[]","[]","[CensusPEPSurvey_Race2000Onwards]"
"51","2020","Count_Person_54Years_Female_HispanicOrLatino_TwoOrMoreRaces","[]","[]","[]","[CensusPEPSurvey_Race2000Onwards]"
"51","2020","Count_Person_55Years_Female_NotHispanicOrLatino_TwoOrMoreRaces","[]","[]","[]","[CensusPEPSurvey_Race2000Onwards]"
"51","2020","Count_Person_67Years_NotHispanicOrLatino_NativeHawaiianAndOtherPacificIslanderAlone","[]","[]","[]","[CensusPEPSurvey_Race2000Onwards]"
"51","2020","Count_Person_85Years_Male_HispanicOrLatino_AsianAlone","[]","[]","[]","[CensusPEPSurvey_Race2000Onwards]"
"51","2020","Count_Person_9Years_Male_NotHispanicOrLatino_NativeHawaiianAndOtherPacificIslanderAlone","[]","[]","[]","[CensusPEPSurvey_Race2000Onwards]"
"51","2020","Count_Person_10Years_Female_HispanicOrLatino_AmericanIndianAndAlaskaNativeAlone","[]","[]","[]","[CensusPEPSurvey_Race2000Onwards]"
"51","2020","Count_Person_66Years_WhiteAlone","[]","[]","[]","[CensusPEPSurvey_Race2000Onwards]"
"51","2020","Count_Person_34Years_Female_NotHispanicOrLatino_WhiteAlone","[]","[]","[]","[CensusPEPSurvey_Race2000Onwards]"
"51","2020","Count_Person_5Years_AmericanIndianAndAlaskaNativeAlone","[]","[]","[]","[CensusPEPSurvey_Race2000Onwards]"
"51","2020","Count_Person_54Years_Female_NotHispanicOrLatino_AsianAlone","[]","[]","[]","[CensusPEPSurvey_Race2000Onwards]"
"51","2020","Count_Person_22Years_Male_NotHispanicOrLatino_AmericanIndianAndAlaskaNativeAlone","[]","[]","[]","[CensusPEPSurvey_Race2000Onwards]"
"51","2020","Count_Person_67Years_Male_WhiteAlone","[]","[]","[]","[CensusPEPSurvey_Race2000Onwards]"
"51","2020","Count_Person_7Years_HispanicOrLatino_AsianAlone","[]","[]","[]","[CensusPEPSurvey_Race2000Onwards]"
"51","2020","Count_Person_34Years_Male_HispanicOrLatino_BlackOrAfricanAmericanAlone","[]","[]","[]","[CensusPEPSurvey_Race2000Onwards]"
"51","2020","Count_Person_64Years_Male_NotHispanicOrLatino_WhiteAlone","[]","[]","[]","[CensusPEPSurvey_Race2000Onwards]"
"51","2020","Count_Person_19Years_Male_BlackOrAfricanAmericanAlone","[]","[]","[]","[CensusPEPSurvey_Race2000Onwards]"
"51","2020","Count_Person_10Years_NotHispanicOrLatino_AsianAlone","[]","[]","[]","[CensusPEPSurvey_Race2000Onwards]"
"51","2020","Count_Person_84Years_Female_HispanicOrLatino_WhiteAlone","[]","[]","[]","[CensusPEPSurvey_Race2000Onwards]"
"51","2020","Count_Person_65Years_Male_HispanicOrLatino_BlackOrAfricanAmericanAlone","[]","[]","[]","[CensusPEPSurvey_Race2000Onwards]"
"51","2020","Count_Person_76Years_Female_AsianAlone","[]","[]","[]","[CensusPEPSurvey_Race2000Onwards]"
"51","2020","Count_Person_63Years_Male_AmericanIndianAndAlaskaNativeAlone","[]","[]","[]","[CensusPEPSurvey_Race2000Onwards]"
"51","2020","Count_Person_59Years_Male_WhiteAlone","[]","[]","[]","[CensusPEPSurvey_Race2000Onwards]"
"51","2020","Count_Person_46Years_NotHispanicOrLatino_BlackOrAfricanAmericanAlone","[]","[]","[]","[CensusPEPSurvey_Race2000Onwards]"
"51","2020","Count_Person_59Years_Female_AsianAlone","[]","[]","[]","[CensusPEPSurvey_Race2000Onwards]"
"51","2020","Count_Person_7Years_Male_AsianAlone","[]","[]","[]","[CensusPEPSurvey_Race2000Onwards]"
"51","2020","Count_Person_14Years_Male_HispanicOrLatino_WhiteAlone","[]","[]","[]","[CensusPEPSurvey_Race2000Onwards]"
"51","2020","Count_Person_63Years_Male_NotHispanicOrLatino_NativeHawaiianAndOtherPacificIslanderAlone","[]","[]","[]","[CensusPEPSurvey_Race2000Onwards]"
"51","2020","Count_Person_54Years_Female_HispanicOrLatino_AmericanIndianAndAlaskaNativeAlone","[]","[]","[]","[CensusPEPSurvey_Race2000Onwards]"
"51","2020","Count_Person_31Years_HispanicOrLatino_TwoOrMoreRaces","[]","[]","[]","[CensusPEPSurvey_Race2000Onwards]"
"51","2020","Count_Person_56Years_HispanicOrLatino_BlackOrAfricanAmericanAlone","[]","[]","[]","[CensusPEPSurvey_Race2000Onwards]"
"51","2020","Count_Person_77Years_Male_HispanicOrLatino_NativeHawaiianAndOtherPacificIslanderAlone","[]","[]","[]","[CensusPEPSurvey_Race2000Onwards]"
"51","2020","Count_Person_46Years_Male_HispanicOrLatino_AsianAlone","[]","[]","[]","[CensusPEPSurvey_Race2000Onwards]"
"51","2020","Count_Person_85Years_HispanicOrLatino_NativeHawaiianAndOtherPacificIslanderAlone","[]","[]","[]","[CensusPEPSurvey_Race2000Onwards]"
"51","2020","Count_Person_54Years_Male_HispanicOrLatino_WhiteAlone","[]","[]","[]","[CensusPEPSurvey_Race2000Onwards]"
"51","2020","Count_Person_50Years_Male_NotHispanicOrLatino_AmericanIndianAndAlaskaNativeAlone","[]","[]","[]","[CensusPEPSurvey_Race2000Onwards]"
"51","2020","Count_Person_55Years_Female_HispanicOrLatino_WhiteAlone","[]","[]","[]","[CensusPEPSurvey_Race2000Onwards]"
"51","2020","Count_Person_41Years_Male_NotHispanicOrLatino_WhiteAlone","[]","[]","[]","[CensusPEPSurvey_Race2000Onwards]"
"51","2020","Count_Person_64Years_BlackOrAfricanAmericanAlone","[]","[]","[]","[CensusPEPSurvey_Race2000Onwards]"
"51","2020","Count_Person_7Years_Male_HispanicOrLatino_AsianAlone","[]","[]","[]","[CensusPEPSurvey_Race2000Onwards]"
"51","2020","Count_Person_71Years_Female_TwoOrMoreRaces","[]","[]","[]","[CensusPEPSurvey_Race2000Onwards]"
"51","2020","Count_Person_48Years_Female_TwoOrMoreRaces","[]","[]","[]","[CensusPEPSurvey_Race2000Onwards]"
"51","2020","Count_Person_36Years_Female_HispanicOrLatino_WhiteAlone","[]","[]","[]","[CensusPEPSurvey_Race2000Onwards]"
"51","2020","Count_Person_8Years_NotHispanicOrLatino_AsianAlone","[]","[]","[]","[CensusPEPSurvey_Race2000Onwards]"
"51","2020","Count_Person_15Years_Female_HispanicOrLatino_TwoOrMoreRaces","[]","[]","[]","[CensusPEPSurvey_Race2000Onwards]"
"51","2020","Count_Person_10Years_HispanicOrLatino_AsianAlone","[]","[]","[]","[CensusPEPSurvey_Race2000Onwards]"
"51","2020","Count_Person_40Years_Male_HispanicOrLatino_NativeHawaiianAndOtherPacificIslanderAlone","[]","[]","[]","[CensusPEPSurvey_Race2000Onwards]"
"51","2020","Count_Person_71Years_NotHispanicOrLatino_BlackOrAfricanAmericanAlone","[]","[]","[]","[CensusPEPSurvey_Race2000Onwards]"
"51","2020","Count_Person_12Years_Male_BlackOrAfricanAmericanAlone","[]","[]","[]","[CensusPEPSurvey_Race2000Onwards]"
"51","2020","Count_Person_50Years_HispanicOrLatino_TwoOrMoreRaces","[]","[]","[]","[CensusPEPSurvey_Race2000Onwards]"
"51","2020","Count_Person_50Years_NotHispanicOrLatino_NativeHawaiianAndOtherPacificIslanderAlone","[]","[]","[]","[CensusPEPSurvey_Race2000Onwards]"
"51","2020","Count_Person_61Years_Female_BlackOrAfricanAmericanAlone","[]","[]","[]","[CensusPEPSurvey_Race2000Onwards]"
"51","2020","Count_Person_4Years_Female_TwoOrMoreRaces","[]","[]","[]","[CensusPEPSurvey_Race2000Onwards]"
"51","2020","Count_Person_3Years_NotHispanicOrLatino_BlackOrAfricanAmericanAlone","[]","[]","[]","[CensusPEPSurvey_Race2000Onwards]"
"51","2020","Count_Person_57Years_HispanicOrLatino_NativeHawaiianAndOtherPacificIslanderAlone","[]","[]","[]","[CensusPEPSurvey_Race2000Onwards]"
"51","2020","Count_Person_57Years_Male_AmericanIndianAndAlaskaNativeAlone","[]","[]","[]","[CensusPEPSurvey_Race2000Onwards]"
"51","2020","Count_Person_7Years_Female_HispanicOrLatino_WhiteAlone","[]","[]","[]","[CensusPEPSurvey_Race2000Onwards]"
"51","2020","Count_Person_9Years_Female_WhiteAlone","[]","[]","[]","[CensusPEPSurvey_Race2000Onwards]"
"51","2020","Count_Person_56Years_NotHispanicOrLatino_AmericanIndianAndAlaskaNativeAlone","[]","[]","[]","[CensusPEPSurvey_Race2000Onwards]"
"51","2020","Count_Person_22Years_Female_NotHispanicOrLatino_TwoOrMoreRaces","[]","[]","[]","[CensusPEPSurvey_Race2000Onwards]"
"51","2020","Count_Person_66Years_Female_HispanicOrLatino_BlackOrAfricanAmericanAlone","[]","[]","[]","[CensusPEPSurvey_Race2000Onwards]"
"51","2020","Count_Person_51Years_Female_WhiteAlone","[]","[]","[]","[CensusPEPSurvey_Race2000Onwards]"
"51","2020","Count_Person_49Years_Female_NotHispanicOrLatino_AsianAlone","[]","[]","[]","[CensusPEPSurvey_Race2000Onwards]"
"51","2020","Count_Person_70Years_Male_NotHispanicOrLatino_WhiteAlone","[]","[]","[]","[CensusPEPSurvey_Race2000Onwards]"
"51","2020","Count_Person_60Years_Female_NativeHawaiianAndOtherPacificIslanderAlone","[]","[]","[]","[CensusPEPSurvey_Race2000Onwards]"
"51","2020","Count_Person_50Years_Female_HispanicOrLatino_NativeHawaiianAndOtherPacificIslanderAlone","[]","[]","[]","[CensusPEPSurvey_Race2000Onwards]"
"51","2020","Count_Person_74Years_Female_NotHispanicOrLatino_NativeHawaiianAndOtherPacificIslanderAlone","[]","[]","[]","[CensusPEPSurvey_Race2000Onwards]"
"51","2020","Count_Person_17Years_HispanicOrLatino_WhiteAlone","[]","[]","[]","[CensusPEPSurvey_Race2000Onwards]"
"51","2020","Count_Person_17Years_HispanicOrLatino_NativeHawaiianAndOtherPacificIslanderAlone","[]","[]","[]","[CensusPEPSurvey_Race2000Onwards]"
"51","2020","Count_Person_8Years_Male_NativeHawaiianAndOtherPacificIslanderAlone","[]","[]","[]","[CensusPEPSurvey_Race2000Onwards]"
"51","2020","Count_Person_41Years_Male_HispanicOrLatino_AmericanIndianAndAlaskaNativeAlone","[]","[]","[]","[CensusPEPSurvey_Race2000Onwards]"
"51","2020","Count_Person_0Years_NotHispanicOrLatino_WhiteAlone","[]","[]","[]","[CensusPEPSurvey_Race2000Onwards]"
"51","2020","Count_Person_72Years_Male_NotHispanicOrLatino_TwoOrMoreRaces","[]","[]","[]","[CensusPEPSurvey_Race2000Onwards]"
"51","2020","Count_Person_78Years_Male_NotHispanicOrLatino_NativeHawaiianAndOtherPacificIslanderAlone","[]","[]","[]","[CensusPEPSurvey_Race2000Onwards]"
"51","2020","Count_Person_17Years_NotHispanicOrLatino_NativeHawaiianAndOtherPacificIslanderAlone","[]","[]","[]","[CensusPEPSurvey_Race2000Onwards]"
"51","2020","Count_Person_84Years_HispanicOrLatino_AmericanIndianAndAlaskaNativeAlone","[]","[]","[]","[CensusPEPSurvey_Race2000Onwards]"
"51","2020","Count_Person_52Years_NotHispanicOrLatino_NativeHawaiianAndOtherPacificIslanderAlone","[]","[]","[]","[CensusPEPSurvey_Race2000Onwards]"
"51","2020","Count_Person_72Years_Male_NotHispanicOrLatino_AsianAlone","[]","[]","[]","[CensusPEPSurvey_Race2000Onwards]"
"51","2020","Count_Person_11Years_Female_HispanicOrLatino_NativeHawaiianAndOtherPacificIslanderAlone","[]","[]","[]","[CensusPEPSurvey_Race2000Onwards]"
"51","2020","Count_Person_51Years_Male_BlackOrAfricanAmericanAlone","[]","[]","[]","[CensusPEPSurvey_Race2000Onwards]"
"51","2020","Count_Person_73Years_Female_NotHispanicOrLatino_AmericanIndianAndAlaskaNativeAlone","[]","[]","[]","[CensusPEPSurvey_Race2000Onwards]"
"51","2020","Count_Person_52Years_Male_NativeHawaiianAndOtherPacificIslanderAlone","[]","[]","[]","[CensusPEPSurvey_Race2000Onwards]"
"51","2020","Count_Person_71Years_HispanicOrLatino_WhiteAlone","[]","[]","[]","[CensusPEPSurvey_Race2000Onwards]"
"51","2020","Count_Person_35Years_Female_HispanicOrLatino_AmericanIndianAndAlaskaNativeAlone","[]","[]","[]","[CensusPEPSurvey_Race2000Onwards]"
"51","2020","Count_Person_84Years_Female_BlackOrAfricanAmericanAlone","[]","[]","[]","[CensusPEPSurvey_Race2000Onwards]"
"51","2020","Count_Person_35Years_Male_TwoOrMoreRaces","[]","[]","[]","[CensusPEPSurvey_Race2000Onwards]"
"51","2020","Count_Person_72Years_AmericanIndianAndAlaskaNativeAlone","[]","[]","[]","[CensusPEPSurvey_Race2000Onwards]"
"51","2020","Count_Person_85Years_Female_HispanicOrLatino_NativeHawaiianAndOtherPacificIslanderAlone","[]","[]","[]","[CensusPEPSurvey_Race2000Onwards]"
"51","2020","Count_Person_81Years_Male_WhiteAlone","[]","[]","[]","[CensusPEPSurvey_Race2000Onwards]"
"51","2020","Count_Person_13Years_Female_HispanicOrLatino_WhiteAlone","[]","[]","[]","[CensusPEPSurvey_Race2000Onwards]"
"51","2020","Count_Person_72Years_Female_NotHispanicOrLatino_TwoOrMoreRaces","[]","[]","[]","[CensusPEPSurvey_Race2000Onwards]"
"51","2020","Count_Person_83Years_NotHispanicOrLatino_TwoOrMoreRaces","[]","[]","[]","[CensusPEPSurvey_Race2000Onwards]"
"51","2020","Count_Person_22Years_Female_HispanicOrLatino_NativeHawaiianAndOtherPacificIslanderAlone","[]","[]","[]","[CensusPEPSurvey_Race2000Onwards]"
"51","2020","Count_Person_77Years_NotHispanicOrLatino_WhiteAlone","[]","[]","[]","[CensusPEPSurvey_Race2000Onwards]"
"51","2020","Count_Person_43Years_NativeHawaiianAndOtherPacificIslanderAlone","[]","[]","[]","[CensusPEPSurvey_Race2000Onwards]"
"51","2020","Count_Person_17Years_Male_BlackOrAfricanAmericanAlone","[]","[]","[]","[CensusPEPSurvey_Race2000Onwards]"
"51","2020","Count_Person_18Years_HispanicOrLatino_BlackOrAfricanAmericanAlone","[]","[]","[]","[CensusPEPSurvey_Race2000Onwards]"
"51","2020","Count_Person_14Years_WhiteAlone","[]","[]","[]","[CensusPEPSurvey_Race2000Onwards]"
"51","2020","Count_Person_29Years_Male_NotHispanicOrLatino_AmericanIndianAndAlaskaNativeAlone","[]","[]","[]","[CensusPEPSurvey_Race2000Onwards]"
"51","2020","Count_Person_45Years_Female_HispanicOrLatino_BlackOrAfricanAmericanAlone","[]","[]","[]","[CensusPEPSurvey_Race2000Onwards]"
"51","2020","Count_Person_18Years_NotHispanicOrLatino_NativeHawaiianAndOtherPacificIslanderAlone","[]","[]","[]","[CensusPEPSurvey_Race2000Onwards]"
"51","2020","Count_Person_35Years_NotHispanicOrLatino_TwoOrMoreRaces","[]","[]","[]","[CensusPEPSurvey_Race2000Onwards]"
"51","2020","Count_Person_83Years_NotHispanicOrLatino_WhiteAlone","[]","[]","[]","[CensusPEPSurvey_Race2000Onwards]"
"51","2020","Count_Person_16Years_Male_HispanicOrLatino_WhiteAlone","[]","[]","[]","[CensusPEPSurvey_Race2000Onwards]"
"51","2020","Count_Person_80Years_Female_HispanicOrLatino_TwoOrMoreRaces","[]","[]","[]","[CensusPEPSurvey_Race2000Onwards]"
"51","2020","Count_Person_85Years_Female_WhiteAlone","[]","[]","[]","[CensusPEPSurvey_Race2000Onwards]"
"51","2020","Count_Person_48Years_Female_NotHispanicOrLatino_NativeHawaiianAndOtherPacificIslanderAlone","[]","[]","[]","[CensusPEPSurvey_Race2000Onwards]"
"51","2020","Count_Person_24Years_AmericanIndianAndAlaskaNativeAlone","[]","[]","[]","[CensusPEPSurvey_Race2000Onwards]"
"51","2020","Count_Person_16Years_BlackOrAfricanAmericanAlone","[]","[]","[]","[CensusPEPSurvey_Race2000Onwards]"
"51","2020","Count_Person_48Years_Male_NotHispanicOrLatino_BlackOrAfricanAmericanAlone","[]","[]","[]","[CensusPEPSurvey_Race2000Onwards]"
"51","2020","Count_Person_36Years_Female_BlackOrAfricanAmericanAlone","[]","[]","[]","[CensusPEPSurvey_Race2000Onwards]"
"51","2020","Count_Person_83Years_Female_NotHispanicOrLatino_AmericanIndianAndAlaskaNativeAlone","[]","[]","[]","[CensusPEPSurvey_Race2000Onwards]"
"51","2020","Count_Person_60Years_HispanicOrLatino_AsianAlone","[]","[]","[]","[CensusPEPSurvey_Race2000Onwards]"
"51","2020","Count_Person_79Years_Female_HispanicOrLatino_AsianAlone","[]","[]","[]","[CensusPEPSurvey_Race2000Onwards]"
"51","2020","Count_Person_56Years_AsianAlone","[]","[]","[]","[CensusPEPSurvey_Race2000Onwards]"
"51","2020","Count_Person_80Years_Female_NotHispanicOrLatino_WhiteAlone","[]","[]","[]","[CensusPEPSurvey_Race2000Onwards]"
"51","2020","Count_Person_38Years_Male_TwoOrMoreRaces","[]","[]","[]","[CensusPEPSurvey_Race2000Onwards]"
"51","2020","Count_Person_78Years_HispanicOrLatino_NativeHawaiianAndOtherPacificIslanderAlone","[]","[]","[]","[CensusPEPSurvey_Race2000Onwards]"
"51","2020","Count_Person_70Years_HispanicOrLatino_WhiteAlone","[]","[]","[]","[CensusPEPSurvey_Race2000Onwards]"
"51","2020","Count_Person_6Years_Male_NotHispanicOrLatino_AmericanIndianAndAlaskaNativeAlone","[]","[]","[]","[CensusPEPSurvey_Race2000Onwards]"
"51","2020","Count_Person_54Years_Male_BlackOrAfricanAmericanAlone","[]","[]","[]","[CensusPEPSurvey_Race2000Onwards]"
"51","2020","Count_Person_53Years_Male_AsianAlone","[]","[]","[]","[CensusPEPSurvey_Race2000Onwards]"
"51","2020","Count_Person_61Years_NotHispanicOrLatino_BlackOrAfricanAmericanAlone","[]","[]","[]","[CensusPEPSurvey_Race2000Onwards]"
"51","2020","Count_Person_27Years_Female_AmericanIndianAndAlaskaNativeAlone","[]","[]","[]","[CensusPEPSurvey_Race2000Onwards]"
"51","2020","Count_Person_8Years_NotHispanicOrLatino_AmericanIndianAndAlaskaNativeAlone","[]","[]","[]","[CensusPEPSurvey_Race2000Onwards]"
"51","2020","Count_Person_66Years_Male_NativeHawaiianAndOtherPacificIslanderAlone","[]","[]","[]","[CensusPEPSurvey_Race2000Onwards]"
"51","2020","Count_Person_8Years_WhiteAlone","[]","[]","[]","[CensusPEPSurvey_Race2000Onwards]"
"51","2020","Count_Person_83Years_NativeHawaiianAndOtherPacificIslanderAlone","[]","[]","[]","[CensusPEPSurvey_Race2000Onwards]"
"51","2020","Count_Person_82Years_Female_NotHispanicOrLatino_AsianAlone","[]","[]","[]","[CensusPEPSurvey_Race2000Onwards]"
"51","2020","Count_Person_10Years_Male_NotHispanicOrLatino_BlackOrAfricanAmericanAlone","[]","[]","[]","[CensusPEPSurvey_Race2000Onwards]"
"51","2020","Count_Person_49Years_HispanicOrLatino_AmericanIndianAndAlaskaNativeAlone","[]","[]","[]","[CensusPEPSurvey_Race2000Onwards]"
"51","2020","Count_Person_40Years_Female_TwoOrMoreRaces","[]","[]","[]","[CensusPEPSurvey_Race2000Onwards]"
"51","2020","Count_Person_17Years_HispanicOrLatino_BlackOrAfricanAmericanAlone","[]","[]","[]","[CensusPEPSurvey_Race2000Onwards]"
"51","2020","Count_Person_19Years_NotHispanicOrLatino_NativeHawaiianAndOtherPacificIslanderAlone","[]","[]","[]","[CensusPEPSurvey_Race2000Onwards]"
"51","2020","Count_Person_33Years_WhiteAlone","[]","[]","[]","[CensusPEPSurvey_Race2000Onwards]"
"51","2020","Count_Person_27Years_Female_HispanicOrLatino_TwoOrMoreRaces","[]","[]","[]","[CensusPEPSurvey_Race2000Onwards]"
"51","2020","Count_Person_51Years_Male_TwoOrMoreRaces","[]","[]","[]","[CensusPEPSurvey_Race2000Onwards]"
"51","2020","Count_Person_65Years_HispanicOrLatino_WhiteAlone","[]","[]","[]","[CensusPEPSurvey_Race2000Onwards]"
"51","2020","Count_Person_78Years_Female_HispanicOrLatino_WhiteAlone","[]","[]","[]","[CensusPEPSurvey_Race2000Onwards]"
"51","2020","Count_Person_70Years_Female_AsianAlone","[]","[]","[]","[CensusPEPSurvey_Race2000Onwards]"
"51","2020","Count_Person_52Years_NotHispanicOrLatino_WhiteAlone","[]","[]","[]","[CensusPEPSurvey_Race2000Onwards]"
"51","2020","Count_Person_21Years_Male_NotHispanicOrLatino_AsianAlone","[]","[]","[]","[CensusPEPSurvey_Race2000Onwards]"
"51","2020","Count_Person_16Years_HispanicOrLatino_WhiteAlone","[]","[]","[]","[CensusPEPSurvey_Race2000Onwards]"
"51","2020","Count_Person_22Years_Female_AsianAlone","[]","[]","[]","[CensusPEPSurvey_Race2000Onwards]"
"51","2020","Count_Person_68Years_Male_HispanicOrLatino_NativeHawaiianAndOtherPacificIslanderAlone","[]","[]","[]","[CensusPEPSurvey_Race2000Onwards]"
"51","2020","Count_Person_55Years_Male_HispanicOrLatino_AmericanIndianAndAlaskaNativeAlone","[]","[]","[]","[CensusPEPSurvey_Race2000Onwards]"
"51","2020","Count_Person_66Years_Male_WhiteAlone","[]","[]","[]","[CensusPEPSurvey_Race2000Onwards]"
"51","2020","Count_Person_52Years_HispanicOrLatino_AmericanIndianAndAlaskaNativeAlone","[]","[]","[]","[CensusPEPSurvey_Race2000Onwards]"
"51","2020","Count_Person_42Years_Male_NativeHawaiianAndOtherPacificIslanderAlone","[]","[]","[]","[CensusPEPSurvey_Race2000Onwards]"
"51","2020","Count_Person_15Years_Male_HispanicOrLatino_WhiteAlone","[]","[]","[]","[CensusPEPSurvey_Race2000Onwards]"
"51","2020","Count_Person_10Years_Female_HispanicOrLatino_AsianAlone","[]","[]","[]","[CensusPEPSurvey_Race2000Onwards]"
"51","2020","Count_Person_57Years_HispanicOrLatino_BlackOrAfricanAmericanAlone","[]","[]","[]","[CensusPEPSurvey_Race2000Onwards]"
"51","2020","Count_Person_12Years_NativeHawaiianAndOtherPacificIslanderAlone","[]","[]","[]","[CensusPEPSurvey_Race2000Onwards]"
"51","2020","Count_Person_44Years_Female_TwoOrMoreRaces","[]","[]","[]","[CensusPEPSurvey_Race2000Onwards]"
"51","2020","Count_Person_80Years_Male_WhiteAlone","[]","[]","[]","[CensusPEPSurvey_Race2000Onwards]"
"51","2020","Count_Person_HispanicOrLatino_TwoOrMoreRaces","[]","[]","[]","[dcAggregate/CensusPEPSurvey_Race2000Onwards]"
"51","2020","Count_Person_59Years_Male_NotHispanicOrLatino_AsianAlone","[]","[]","[]","[CensusPEPSurvey_Race2000Onwards]"
"51","2020","Count_Person_74Years_Female_NotHispanicOrLatino_BlackOrAfricanAmericanAlone","[]","[]","[]","[CensusPEPSurvey_Race2000Onwards]"
"51","2020","Count_Person_31Years_Male_NotHispanicOrLatino_BlackOrAfricanAmericanAlone","[]","[]","[]","[CensusPEPSurvey_Race2000Onwards]"
"51","2020","Count_Person_6Years_Male_AsianAlone","[]","[]","[]","[CensusPEPSurvey_Race2000Onwards]"
"51","2020","Count_Person_21Years_BlackOrAfricanAmericanAlone","[]","[]","[]","[CensusPEPSurvey_Race2000Onwards]"
"51","2020","Count_Person_51Years_NotHispanicOrLatino_AsianAlone","[]","[]","[]","[CensusPEPSurvey_Race2000Onwards]"
"51","2020","Count_Person_59Years_Male_HispanicOrLatino_WhiteAlone","[]","[]","[]","[CensusPEPSurvey_Race2000Onwards]"
"51","2020","Count_Person_54Years_Male_TwoOrMoreRaces","[]","[]","[]","[CensusPEPSurvey_Race2000Onwards]"
"51","2020","Count_Person_53Years_Male_BlackOrAfricanAmericanAlone","[]","[]","[]","[CensusPEPSurvey_Race2000Onwards]"
"51","2020","Count_Person_64Years_HispanicOrLatino_NativeHawaiianAndOtherPacificIslanderAlone","[]","[]","[]","[CensusPEPSurvey_Race2000Onwards]"
"51","2020","Count_Person_62Years_Male_TwoOrMoreRaces","[]","[]","[]","[CensusPEPSurvey_Race2000Onwards]"
"51","2020","Count_Person_48Years_Female_NotHispanicOrLatino_BlackOrAfricanAmericanAlone","[]","[]","[]","[CensusPEPSurvey_Race2000Onwards]"
"51","2020","Count_Person_19Years_Male_AmericanIndianAndAlaskaNativeAlone","[]","[]","[]","[CensusPEPSurvey_Race2000Onwards]"
"51","2020","Count_Person_Female_HispanicOrLatino_AsianAlone","[]","[]","[]","[dcAggregate/CensusPEPSurvey_Race2000Onwards]"
"51","2020","Count_Person_13Years_Female_NotHispanicOrLatino_AsianAlone","[]","[]","[]","[CensusPEPSurvey_Race2000Onwards]"
"51","2020","Count_Person_1Years_Female_NotHispanicOrLatino_WhiteAlone","[]","[]","[]","[CensusPEPSurvey_Race2000Onwards]"
"51","2020","Count_Person_25Years_Female_AsianAlone","[]","[]","[]","[CensusPEPSurvey_Race2000Onwards]"
"51","2020","Count_Person_7Years_HispanicOrLatino_BlackOrAfricanAmericanAlone","[]","[]","[]","[CensusPEPSurvey_Race2000Onwards]"
"51","2020","Count_Person_82Years_Female_WhiteAlone","[]","[]","[]","[CensusPEPSurvey_Race2000Onwards]"
"51","2020","Count_Person_13Years_Female_BlackOrAfricanAmericanAlone","[]","[]","[]","[CensusPEPSurvey_Race2000Onwards]"
"51","2020","Count_Person_46Years_Male_AsianAlone","[]","[]","[]","[CensusPEPSurvey_Race2000Onwards]"
"51","2020","Count_Person_23Years_AsianAlone","[]","[]","[]","[CensusPEPSurvey_Race2000Onwards]"
"51","2020","Count_Person_17Years_Female_TwoOrMoreRaces","[]","[]","[]","[CensusPEPSurvey_Race2000Onwards]"
"51","2020","Count_Person_79Years_Male_HispanicOrLatino_BlackOrAfricanAmericanAlone","[]","[]","[]","[CensusPEPSurvey_Race2000Onwards]"
"51","2020","Count_Person_6Years_HispanicOrLatino_AsianAlone","[]","[]","[]","[CensusPEPSurvey_Race2000Onwards]"
"51","2020","Count_Person_84Years_Female_NotHispanicOrLatino_NativeHawaiianAndOtherPacificIslanderAlone","[]","[]","[]","[CensusPEPSurvey_Race2000Onwards]"
"51","2020","Count_Person_77Years_Female_HispanicOrLatino_BlackOrAfricanAmericanAlone","[]","[]","[]","[CensusPEPSurvey_Race2000Onwards]"
"51","2020","Count_Person_10Years_Male_HispanicOrLatino_AmericanIndianAndAlaskaNativeAlone","[]","[]","[]","[CensusPEPSurvey_Race2000Onwards]"
"51","2020","Count_Person_50Years_Male_NotHispanicOrLatino_AsianAlone","[]","[]","[]","[CensusPEPSurvey_Race2000Onwards]"
"51","2020","Count_Person_59Years_Male_HispanicOrLatino_NativeHawaiianAndOtherPacificIslanderAlone","[]","[]","[]","[CensusPEPSurvey_Race2000Onwards]"
"51","2020","Count_Person_18Years_Male_HispanicOrLatino_WhiteAlone","[]","[]","[]","[CensusPEPSurvey_Race2000Onwards]"
"51","2020","Count_Person_71Years_HispanicOrLatino_TwoOrMoreRaces","[]","[]","[]","[CensusPEPSurvey_Race2000Onwards]"
"51","2020","Count_Person_61Years_Female_AmericanIndianAndAlaskaNativeAlone","[]","[]","[]","[CensusPEPSurvey_Race2000Onwards]"
"51","2020","Count_Person_25Years_Male_AmericanIndianAndAlaskaNativeAlone","[]","[]","[]","[CensusPEPSurvey_Race2000Onwards]"
"51","2020","Count_Person_20Years_Female_NotHispanicOrLatino_BlackOrAfricanAmericanAlone","[]","[]","[]","[CensusPEPSurvey_Race2000Onwards]"
"51","2020","Count_Person_77Years_Female_NotHispanicOrLatino_AsianAlone","[]","[]","[]","[CensusPEPSurvey_Race2000Onwards]"
"51","2020","Count_Person_16Years_Male_BlackOrAfricanAmericanAlone","[]","[]","[]","[CensusPEPSurvey_Race2000Onwards]"
"51","2020","Count_Person_56Years_Male_BlackOrAfricanAmericanAlone","[]","[]","[]","[CensusPEPSurvey_Race2000Onwards]"
"51","2020","Count_Person_76Years_Female_NotHispanicOrLatino_NativeHawaiianAndOtherPacificIslanderAlone","[]","[]","[]","[CensusPEPSurvey_Race2000Onwards]"
"51","2020","Count_Person_8Years_Female_NativeHawaiianAndOtherPacificIslanderAlone","[]","[]","[]","[CensusPEPSurvey_Race2000Onwards]"
"51","2020","Count_Person_70Years_BlackOrAfricanAmericanAlone","[]","[]","[]","[CensusPEPSurvey_Race2000Onwards]"
"51","2020","Count_Person_59Years_Female_BlackOrAfricanAmericanAlone","[]","[]","[]","[CensusPEPSurvey_Race2000Onwards]"
"51","2020","Count_Person_59Years_Male_HispanicOrLatino_AmericanIndianAndAlaskaNativeAlone","[]","[]","[]","[CensusPEPSurvey_Race2000Onwards]"
"51","2020","Count_Person_70Years_Male_TwoOrMoreRaces","[]","[]","[]","[CensusPEPSurvey_Race2000Onwards]"
"51","2020","Count_Person_35Years_NotHispanicOrLatino_AsianAlone","[]","[]","[]","[CensusPEPSurvey_Race2000Onwards]"
"51","2020","Count_Person_48Years_Male_HispanicOrLatino_BlackOrAfricanAmericanAlone","[]","[]","[]","[CensusPEPSurvey_Race2000Onwards]"
"51","2020","Count_Person_58Years_Male_HispanicOrLatino_WhiteAlone","[]","[]","[]","[CensusPEPSurvey_Race2000Onwards]"
"51","2020","Count_Person_NotHispanicOrLatino_NativeHawaiianAndOtherPacificIslanderAlone","[]","[]","[]","[dcAggregate/CensusPEPSurvey_Race2000Onwards]"
"51","2020","Count_Person_10Years_HispanicOrLatino_TwoOrMoreRaces","[]","[]","[]","[CensusPEPSurvey_Race2000Onwards]"
"51","2020","Count_Person_79Years_Female_HispanicOrLatino_AmericanIndianAndAlaskaNativeAlone","[]","[]","[]","[CensusPEPSurvey_Race2000Onwards]"
"51","2020","Count_Person_36Years_Male_NotHispanicOrLatino_AmericanIndianAndAlaskaNativeAlone","[]","[]","[]","[CensusPEPSurvey_Race2000Onwards]"
"51","2020","Count_Person_21Years_Male_NotHispanicOrLatino_NativeHawaiianAndOtherPacificIslanderAlone","[]","[]","[]","[CensusPEPSurvey_Race2000Onwards]"
"51","2020","Count_Person_37Years_Female_WhiteAlone","[]","[]","[]","[CensusPEPSurvey_Race2000Onwards]"
"51","2020","Count_Person_82Years_Male_HispanicOrLatino_AmericanIndianAndAlaskaNativeAlone","[]","[]","[]","[CensusPEPSurvey_Race2000Onwards]"
"51","2020","Count_Person_19Years_Male_TwoOrMoreRaces","[]","[]","[]","[CensusPEPSurvey_Race2000Onwards]"
"51","2020","Count_Person_71Years_NotHispanicOrLatino_AmericanIndianAndAlaskaNativeAlone","[]","[]","[]","[CensusPEPSurvey_Race2000Onwards]"
"51","2020","Count_Person_55Years_HispanicOrLatino_AsianAlone","[]","[]","[]","[CensusPEPSurvey_Race2000Onwards]"
"51","2020","Count_Person_51Years_NotHispanicOrLatino_NativeHawaiianAndOtherPacificIslanderAlone","[]","[]","[]","[CensusPEPSurvey_Race2000Onwards]"
"51","2020","Count_Person_48Years_NativeHawaiianAndOtherPacificIslanderAlone","[]","[]","[]","[CensusPEPSurvey_Race2000Onwards]"
"51","2020","Count_Person_46Years_Female_HispanicOrLatino_NativeHawaiianAndOtherPacificIslanderAlone","[]","[]","[]","[CensusPEPSurvey_Race2000Onwards]"
"51","2020","Count_Person_20Years_HispanicOrLatino_AmericanIndianAndAlaskaNativeAlone","[]","[]","[]","[CensusPEPSurvey_Race2000Onwards]"
"51","2020","Count_Person_9Years_Male_HispanicOrLatino_NativeHawaiianAndOtherPacificIslanderAlone","[]","[]","[]","[CensusPEPSurvey_Race2000Onwards]"
"51","2020","Count_Person_17Years_Male_HispanicOrLatino_WhiteAlone","[]","[]","[]","[CensusPEPSurvey_Race2000Onwards]"
"51","2020","Count_Person_41Years_Female_HispanicOrLatino_TwoOrMoreRaces","[]","[]","[]","[CensusPEPSurvey_Race2000Onwards]"
"51","2020","Count_Person_71Years_HispanicOrLatino_NativeHawaiianAndOtherPacificIslanderAlone","[]","[]","[]","[CensusPEPSurvey_Race2000Onwards]"
"51","2020","Count_Person_60Years_NotHispanicOrLatino_TwoOrMoreRaces","[]","[]","[]","[CensusPEPSurvey_Race2000Onwards]"
"51","2020","Count_Person_65Years_BlackOrAfricanAmericanAlone","[]","[]","[]","[CensusPEPSurvey_Race2000Onwards]"
"51","2020","Count_Person_58Years_Female_NotHispanicOrLatino_NativeHawaiianAndOtherPacificIslanderAlone","[]","[]","[]","[CensusPEPSurvey_Race2000Onwards]"
"51","2020","Count_Person_1Years_AsianAlone","[]","[]","[]","[CensusPEPSurvey_Race2000Onwards]"
"51","2020","Count_Person_11Years_Female_NotHispanicOrLatino_WhiteAlone","[]","[]","[]","[CensusPEPSurvey_Race2000Onwards]"
"51","2020","Count_Person_75Years_Female_NotHispanicOrLatino_WhiteAlone","[]","[]","[]","[CensusPEPSurvey_Race2000Onwards]"
"51","2020","Count_Person_15Years_Male_BlackOrAfricanAmericanAlone","[]","[]","[]","[CensusPEPSurvey_Race2000Onwards]"
"51","2020","Count_Person_11Years_Female_AmericanIndianAndAlaskaNativeAlone","[]","[]","[]","[CensusPEPSurvey_Race2000Onwards]"
"51","2020","Count_Person_57Years_Male_HispanicOrLatino_WhiteAlone","[]","[]","[]","[CensusPEPSurvey_Race2000Onwards]"
"51","2020","Count_Person_55Years_Male_BlackOrAfricanAmericanAlone","[]","[]","[]","[CensusPEPSurvey_Race2000Onwards]"
"51","2020","Count_Person_81Years_HispanicOrLatino_TwoOrMoreRaces","[]","[]","[]","[CensusPEPSurvey_Race2000Onwards]"
"51","2020","Count_Person_21Years_HispanicOrLatino_BlackOrAfricanAmericanAlone","[]","[]","[]","[CensusPEPSurvey_Race2000Onwards]"
"51","2020","Count_Person_8Years_Female_TwoOrMoreRaces","[]","[]","[]","[CensusPEPSurvey_Race2000Onwards]"
"51","2020","Count_Person_73Years_Male_NotHispanicOrLatino_BlackOrAfricanAmericanAlone","[]","[]","[]","[CensusPEPSurvey_Race2000Onwards]"
"51","2020","Count_Person_21Years_HispanicOrLatino_WhiteAlone","[]","[]","[]","[CensusPEPSurvey_Race2000Onwards]"
