"observationPeriods","NumPlaces","MeasurementMethods","Units","StatVar","ScalingFactors","MinDate"
"[P1Y]","28","[dcAggregate/NORSNonInfectiousDisease]","[]","Count_MedicalConditionIncident_NorovirusGenogroupI_PatientHospitalized_ConfirmedCase_Indeterminate_Other_UnknownTramissionMode","[]","2009-01"
"[P1Y]","4","[dcAggregate/NORSNonInfectiousDisease]","[]","Count_MedicalConditionIncident_Nitrite_WaterborneTransmission","[]","1996-03"
"[P1Y]","2","[dcAggregate/NORSNonInfectiousDisease]","[]","Count_MedicalConditionIncident_AnatoxinA_PatientHospitalized_SuspectedCase_WaterborneTransmission","[]","2021-02"
"[P1Y]","4","[dcAggregate/NORSNonInfectiousDisease]","[]","Count_MedicalConditionIncident_LegionellaAnisaEtiology_ConfirmedCase_WaterborneTransmission","[]","1988-04"
"[P1Y]","11","[dcAggregate/NORSNonInfectiousDisease]","[]","Count_MedicalConditionIncident_YersiniaEnterocoliticaEtiology_PatientDeceased_ConfirmedCase_FoodborneTransmission","[]","1998-02"
"[P1Y]","2","[dcAggregate/NORSNonInfectiousDisease]","[]","Count_MedicalConditionIncident_Morpholine_PatientDeceased_WaterborneTransmission","[]","1979-08"
"[P1Y]","8","[dcAggregate/NORSNonInfectiousDisease]","[]","Count_MedicalConditionIncident_CampylobacterUnknown_ConfirmedCase_WaterborneTransmission","[]","2004-08"
"[P1Y]","2","[dcAggregate/NORSNonInfectiousDisease]","[]","Count_MedicalConditionIncident_HeavyMetal_PatientHospitalized_SuspectedCase_FoodborneTransmission","[]","2001-08"
"[P1Y]","2","[dcAggregate/NORSNonInfectiousDisease]","[]","Count_MedicalConditionIncident_StaphylococcusOther_PatientHospitalized_FoodborneTransmission","[]","2005-08"
"[P1Y]","2","[dcAggregate/NORSNonInfectiousDisease]","[]","Count_MedicalConditionIncident_EscherichiaEtiology_Indeterminate_Other_UnknownTramissionMode","[]","2015-10"
"[P1Y]","9","[dcAggregate/NORSNonInfectiousDisease]","[]","Count_MedicalConditionIncident_GiardiaUnknown_PatientDeceased_ConfirmedCase_PersonToPersonTransmission","[]","2013-02"
"[P1Y]","2","[dcAggregate/NORSNonInfectiousDisease]","[]","Count_MedicalConditionIncident_EColiUnknownEtiology_ConfirmedCase_PersonToPersonTransmission","[]","2023-07"
"[P1Y]","4","[dcAggregate/NORSNonInfectiousDisease]","[]","Count_MedicalConditionIncident_EColiOther_PatientDeceased_FoodborneTransmission","[]","1999-09"
"[P1Y]","8","[dcAggregate/NORSNonInfectiousDisease]","[]","Count_MedicalConditionIncident_EColiEnteropathogenicEtiology_PatientHospitalized_SuspectedCase_PersonToPersonTransmission","[]","2016-06"
"[P1Y]","8","[dcAggregate/NORSNonInfectiousDisease]","[]","Count_MedicalConditionIncident_CampylobacterUnknown_PatientHospitalized_WaterborneTransmission","[]","2004-08"
"[P1Y]","11","[dcAggregate/NORSNonInfectiousDisease]","[]","Count_MedicalConditionIncident_CampylobacterUnknown_AnimalContactTransmission","[]","2010-09"
"[P1Y]","4","[dcAggregate/NORSNonInfectiousDisease]","[]","Count_MedicalConditionIncident_BacillusCereusEtiology_SuspectedCase_Indeterminate_Other_UnknownTramissionMode","[]","2011-04"
"[P1Y]","3","[dcAggregate/NORSNonInfectiousDisease]","[]","Count_MedicalConditionIncident_SapovirusGenogroupI_PatientHospitalized_FoodborneTransmission","[]","2012-11"
"[P1Y]","2","[dcAggregate/NORSNonInfectiousDisease]","[]","Count_MedicalConditionIncident_CryptosporidiumOther_ConfirmedCase_PersonToPersonTransmission","[]","2021-10"
"[P1Y]","10","[dcAggregate/NORSNonInfectiousDisease]","[]","Count_MedicalConditionIncident_EColiEnteropathogenicEtiology_PersonToPersonTransmission","[]","2016-06"
"[P1Y]","2","[dcAggregate/NORSNonInfectiousDisease]","[]","Count_MedicalConditionIncident_BacillusUnknown_PatientHospitalized_SuspectedCase_FoodborneTransmission","[]","2010-06"
"[P1Y]","10","[dcAggregate/NORSNonInfectiousDisease]","[]","Count_MedicalConditionIncident_Rotavirus_PatientDeceased_FoodborneTransmission","[]","2000-03"
"[P1Y]","6","[dcAggregate/NORSNonInfectiousDisease]","[]","Count_MedicalConditionIncident_StreptococcusGroupA_FoodborneTransmission","[]","1998-03"
"[P1Y]","2","[dcAggregate/NORSNonInfectiousDisease]","[]","Count_MedicalConditionIncident_ShigellaDysenteriaeEtiology_PatientHospitalized_FoodborneTransmission","[]","2002-02"
"[P1Y]","31","[dcAggregate/NORSNonInfectiousDisease]","[]","Count_MedicalConditionIncident_NorovirusGenogroupII_PatientHospitalized_SuspectedCase_Indeterminate_Other_UnknownTramissionMode","[]","2009-04"
"[P1Y]","7","[dcAggregate/NORSNonInfectiousDisease]","[]","Count_MedicalConditionIncident_EColiEnteropathogenicEtiology_PatientHospitalized_Indeterminate_Other_UnknownTramissionMode","[]","2009-11"
"[P1Y]","2","[dcAggregate/NORSNonInfectiousDisease]","[]","Count_MedicalConditionIncident_EColiUnknownEtiology_PatientDeceased_ConfirmedCase_PersonToPersonTransmission","[]","2023-07"
"[P1Y]","10","[dcAggregate/NORSNonInfectiousDisease]","[]","Count_MedicalConditionIncident_SalmonellaUnknown_PatientDeceased_PersonToPersonTransmission","[]","2009-07"
"[P1Y]","3","[dcAggregate/NORSNonInfectiousDisease]","[]","Count_MedicalConditionIncident_VibrioVulnificusEtiology_FoodborneTransmission","[]","2015-12"
"[P1Y]","2","[dcAggregate/NORSNonInfectiousDisease]","[]","Count_MedicalConditionIncident_CampylobacterEtiology_EnvironmentalContaminationTransmissionExceptFood_Water","[]","2017-10"
"[P1Y]","31","[dcAggregate/NORSNonInfectiousDisease]","[]","Count_MedicalConditionIncident_BacillusCereusEtiology_PatientHospitalized_ConfirmedCase_FoodborneTransmission","[]","1998-04"
"[P1Y]","3","[dcAggregate/NORSNonInfectiousDisease]","[]","Count_MedicalConditionIncident_NorovirusGenogroupIV_PatientHospitalized_PersonToPersonTransmission","[]","2012-10"
"[P1Y]","8","[dcAggregate/NORSNonInfectiousDisease]","[]","Count_MedicalConditionIncident_SalmonellaOther_PersonToPersonTransmission","[]","2014-05"
"[P1Y]","12","[dcAggregate/NORSNonInfectiousDisease]","[]","Count_MedicalConditionIncident_YersiniaEnterocoliticaEtiology_PatientDeceased_FoodborneTransmission","[]","1998-02"
"[P1Y]","4","[dcAggregate/NORSNonInfectiousDisease]","[]","Count_MedicalConditionIncident_EColiEnteroinvasiveEtiology_FoodborneTransmission","[]","2016-12"
"[P1Y]","3","[dcAggregate/NORSNonInfectiousDisease]","[]","Count_MedicalConditionIncident_HepatitisA_SuspectedCase_FoodborneTransmission","[]","2000-08"
"[P1Y]","6","[dcAggregate/NORSNonInfectiousDisease]","[]","Count_MedicalConditionIncident_CleaningAgents_FoodborneTransmission","[]","2006-06"
"[P1Y]","10","[dcAggregate/NORSNonInfectiousDisease]","[]","Count_MedicalConditionIncident_EColiEnteropathogenicEtiology_PatientHospitalized_PersonToPersonTransmission","[]","2016-06"
"[P1Y]","6","[dcAggregate/NORSNonInfectiousDisease]","[]","Count_MedicalConditionIncident_NORSUnknownChemical_Toxin_PatientDeceased_WaterborneTransmission","[]","2007-05"
"[P1Y]","2","[dcAggregate/NORSNonInfectiousDisease]","[]","Count_MedicalConditionIncident_MycobacteriumOther_PatientDeceased_ConfirmedCase_WaterborneTransmission","[]","2016-10"
"[P1Y]","2","[dcAggregate/NORSNonInfectiousDisease]","[]","Count_MedicalConditionIncident_MicrocystisUnknown_SuspectedCase_WaterborneTransmission","[]","2021-06"
"[P1Y]","8","[dcAggregate/NORSNonInfectiousDisease]","[]","Count_MedicalConditionIncident_LegionellaUnknown_PatientHospitalized_SuspectedCase_WaterborneTransmission","[]","2006-10"
"[P1Y]","12","[dcAggregate/NORSNonInfectiousDisease]","[]","Count_MedicalConditionIncident_ShigellaEtiology_SuspectedCase_PersonToPersonTransmission","[]","2012-01"
"[P1Y]","2","[dcAggregate/NORSNonInfectiousDisease]","[]","Count_MedicalConditionIncident_StaphylococcusEtiology_PatientDeceased_Indeterminate_Other_UnknownTramissionMode","[]","2014-02"
"[P1Y]","3","[dcAggregate/NORSNonInfectiousDisease]","[]","Count_MedicalConditionIncident_CampylobacterEtiology_WaterborneTransmission","[]","2018-07"
"[P1Y]","3","[dcAggregate/NORSNonInfectiousDisease]","[]","Count_MedicalConditionIncident_Arsenic_PatientDeceased_ConfirmedCase_WaterborneTransmission","[]","1972-05"
"[P1Y]","4","[dcAggregate/NORSNonInfectiousDisease]","[]","Count_MedicalConditionIncident_NorovirusGenogroupIX_PatientHospitalized_PersonToPersonTransmission","[]","2021-01"
"[P1Y]","2","[dcAggregate/NORSNonInfectiousDisease]","[]","Count_MedicalConditionIncident_Rotavirus_PatientHospitalized_WaterborneTransmission","[]","1981-03"
"[P1Y]","4","[dcAggregate/NORSNonInfectiousDisease]","[]","Count_MedicalConditionIncident_EColiOther_ConfirmedCase_Indeterminate_Other_UnknownTramissionMode","[]","2012-07"
"[P1Y]","6","[dcAggregate/NORSNonInfectiousDisease]","[]","Count_MedicalConditionIncident_CleaningAgents_SuspectedCase_FoodborneTransmission","[]","2006-06"
"[P1Y]","14","[dcAggregate/NORSNonInfectiousDisease]","[]","Count_MedicalConditionIncident_PseudomonasUnknown_SuspectedCase_WaterborneTransmission","[]","1980-03"
"[P1Y]","2","[dcAggregate/NORSNonInfectiousDisease]","[]","Count_MedicalConditionIncident_ClostridiumOther_PatientDeceased_SuspectedCase_Indeterminate_Other_UnknownTramissionMode","[]","2012-03"
"[P1Y]","2","[dcAggregate/NORSNonInfectiousDisease]","[]","Count_MedicalConditionIncident_StaphylococcusAureusEtiology_PatientDeceased_ConfirmedCase_WaterborneTransmission","[]","2003-08"
"[P1Y]","1","[dcAggregate/NORSNonInfectiousDisease]","[]","Count_MedicalConditionIncident_Cholera_PatientHospitalized_ConfirmedCase_WaterborneTransmission","[]","2000-12"
"[P1Y]","2","[dcAggregate/NORSNonInfectiousDisease]","[]","Count_MedicalConditionIncident_YersiniaEnterocoliticaEtiology_PatientHospitalized_WaterborneTransmission","[]","1981-05"
"[P1Y]","12","[dcAggregate/NORSNonInfectiousDisease]","[]","Count_MedicalConditionIncident_CampylobacterUnknown_PatientDeceased_SuspectedCase_Indeterminate_Other_UnknownTramissionMode","[]","2010-12"
"[P1Y]","54","[dcAggregate/NORSNonInfectiousDisease]","[]","Count_MedicalConditionIncident_SalmonellaEntericaEtiology_PatientDeceased_FoodborneTransmission","[]","1998-01"
"[P1Y]","4","[dcAggregate/NORSNonInfectiousDisease]","[]","Count_MedicalConditionIncident_Nitrite_PatientHospitalized_WaterborneTransmission","[]","1996-03"
"[P1Y]","8","[dcAggregate/NORSNonInfectiousDisease]","[]","Count_MedicalConditionIncident_CryptosporidiumEtiology_PatientDeceased_ConfirmedCase_PersonToPersonTransmission","[]","2009-07"
"[P1Y]","9","[dcAggregate/NORSNonInfectiousDisease]","[]","Count_MedicalConditionIncident_SalmonellaUnknown_SuspectedCase_FoodborneTransmission","[]","2005-08"
"[P1Y]","3","[dcAggregate/NORSNonInfectiousDisease]","[]","Count_MedicalConditionIncident_GiardiaDuodenalisEtiology_PatientHospitalized_SuspectedCase_WaterborneTransmission","[]","1985-09"
"[P1Y]","13","[dcAggregate/NORSNonInfectiousDisease]","[]","Count_MedicalConditionIncident_ShigellaFlexneriEtiology_PatientHospitalized_ConfirmedCase_Indeterminate_Other_UnknownTramissionMode","[]","2010-01"
"[P1Y]","3","[dcAggregate/NORSNonInfectiousDisease]","[]","Count_MedicalConditionIncident_NORSUnknownBacterium_SuspectedCase_FoodborneTransmission","[]","2022-01"
"[P1Y]","8","[dcAggregate/NORSNonInfectiousDisease]","[]","Count_MedicalConditionIncident_SalmonellaUnknown_PatientHospitalized_ConfirmedCase_WaterborneTransmission","[]","1974-07"
"[P1Y]","31","[dcAggregate/NORSNonInfectiousDisease]","[]","Count_MedicalConditionIncident_VibrioParahaemolyticusEtiology_FoodborneTransmission","[]","1998-01"
"[P1Y]","20","[dcAggregate/NORSNonInfectiousDisease]","[]","Count_MedicalConditionIncident_ClostridiumBotulinumEtiology_FoodborneTransmission","[]","1998-06"
"[P1Y]","2","[dcAggregate/NORSNonInfectiousDisease]","[]","Count_MedicalConditionIncident_SalmonellaBongori_PatientDeceased_AnimalContactTransmission","[]","2021-06"
"[P1Y]","2","[dcAggregate/NORSNonInfectiousDisease]","[]","Count_MedicalConditionIncident_EthylAcrylate_WaterborneTransmission","[]","1975-10"
"[P1Y]","3","[dcAggregate/NORSNonInfectiousDisease]","[]","Count_MedicalConditionIncident_ToxoplasmaGondiiEtiology_PatientDeceased_ConfirmedCase_FoodborneTransmission","[]","2017-10"
"[P1Y]","8","[dcAggregate/NORSNonInfectiousDisease]","[]","Count_MedicalConditionIncident_Ciguatoxin_PatientDeceased_SuspectedCase_FoodborneTransmission","[]","1998-07"
"[P1Y]","8","[dcAggregate/NORSNonInfectiousDisease]","[]","Count_MedicalConditionIncident_CampylobacterUnknown_PatientHospitalized_ConfirmedCase_AnimalContactTransmission","[]","2010-09"
"[P1Y]","2","[dcAggregate/NORSNonInfectiousDisease]","[]","Count_MedicalConditionIncident_Phenol_WaterborneTransmission","[]","1974-07"
"[P1Y]","40","[dcAggregate/NORSNonInfectiousDisease]","[]","Count_MedicalConditionIncident_NorovirusGenogroupI_PatientDeceased_SuspectedCase_PersonToPersonTransmission","[]","2009-01"
"[P1Y]","2","[dcAggregate/NORSNonInfectiousDisease]","[]","Count_MedicalConditionIncident_GiardiaDuodenalisEtiology_PatientDeceased_ConfirmedCase_AnimalContactTransmission","[]","2010-03"
"[P1Y]","4","[dcAggregate/NORSNonInfectiousDisease]","[]","Count_MedicalConditionIncident_GiardiaEtiology_PatientDeceased_WaterborneTransmission","[]","2013-10"
"[P1Y]","37","[dcAggregate/NORSNonInfectiousDisease]","[]","Count_MedicalConditionIncident_SalmonellaEntericaEtiology_PatientDeceased_AnimalContactTransmission","[]","2009-02"
"[P1Y]","2","[dcAggregate/NORSNonInfectiousDisease]","[]","Count_MedicalConditionIncident_Anisakis_PatientHospitalized_FoodborneTransmission","[]","1999-02"
"[P1Y]","5","[dcAggregate/NORSNonInfectiousDisease]","[]","Count_MedicalConditionIncident_TrichinellaEtiology_FoodborneTransmission","[]","2015-10"
"[P1Y]","9","[dcAggregate/NORSNonInfectiousDisease]","[]","Count_MedicalConditionIncident_Histamine_SuspectedCase_FoodborneTransmission","[]","2001-07"
"[P1Y]","2","[dcAggregate/NORSNonInfectiousDisease]","[]","Count_MedicalConditionIncident_ShigellaBoydiiEtiology_PersonToPersonTransmission","[]","2013-12"
"[P1Y]","8","[dcAggregate/NORSNonInfectiousDisease]","[]","Count_MedicalConditionIncident_EColiEnteropathogenicEtiology_PatientDeceased_SuspectedCase_PersonToPersonTransmission","[]","2016-06"
"[P1Y]","8","[dcAggregate/NORSNonInfectiousDisease]","[]","Count_MedicalConditionIncident_GiardiaDuodenalisEtiology_PatientDeceased_Indeterminate_Other_UnknownTramissionMode","[]","2009-07"
"[P1Y]","2","[dcAggregate/NORSNonInfectiousDisease]","[]","Count_MedicalConditionIncident_ListeriaUnknown_PatientDeceased_ConfirmedCase_FoodborneTransmission","[]","2006-06"
"[P1Y]","14","[dcAggregate/NORSNonInfectiousDisease]","[]","Count_MedicalConditionIncident_SalmonellaEntericaEtiology_PatientDeceased_WaterborneTransmission","[]","1972-06"
"[P1Y]","3","[dcAggregate/NORSNonInfectiousDisease]","[]","Count_MedicalConditionIncident_CyclosporaCayetanensisEtiology_PatientDeceased_SuspectedCase_Indeterminate_Other_UnknownTramissionMode","[]","2019-05"
"[P1Y]","2","[dcAggregate/NORSNonInfectiousDisease]","[]","Count_MedicalConditionIncident_ShigellaSonneiEtiology_SuspectedCase_WaterborneTransmission","[]","1984-06"
"[P1Y]","2","[dcAggregate/NORSNonInfectiousDisease]","[]","Count_MedicalConditionIncident_Cholera_PatientHospitalized_ConfirmedCase_Indeterminate_Other_UnknownTramissionMode","[]","2015-06"
"[P1Y]","2","[dcAggregate/NORSNonInfectiousDisease]","[]","Count_MedicalConditionIncident_NORSUnknownChemical_Toxin_SuspectedCase_FoodborneTransmission","[]","2023-10"
"[P1Y]","28","[dcAggregate/NORSNonInfectiousDisease]","[]","Count_MedicalConditionIncident_LegionellaUnknown_PatientDeceased_WaterborneTransmission","[]","1975-08"
"[P1Y]","50","[dcAggregate/NORSNonInfectiousDisease]","[]","Count_MedicalConditionIncident_NorovirusGenogroupI_ConfirmedCase_FoodborneTransmission","[]","1998-02"
"[P1Y]","23","[dcAggregate/NORSNonInfectiousDisease]","[]","Count_MedicalConditionIncident_CampylobacterUnknown_PatientHospitalized_SuspectedCase_FoodborneTransmission","[]","1998-01"
"[P1Y]","11","[dcAggregate/NORSNonInfectiousDisease]","[]","Count_MedicalConditionIncident_CampylobacterUnknown_PatientHospitalized_AnimalContactTransmission","[]","2010-09"
"[P1Y]","2","[dcAggregate/NORSNonInfectiousDisease]","[]","Count_MedicalConditionIncident_YersiniaEnterocoliticaEtiology_PatientHospitalized_ConfirmedCase_WaterborneTransmission","[]","1981-05"
"[P1Y]","10","[dcAggregate/NORSNonInfectiousDisease]","[]","Count_MedicalConditionIncident_ChlorineGas_PatientDeceased_WaterborneTransmission","[]","2007-08"
"[P1Y]","4","[dcAggregate/NORSNonInfectiousDisease]","[]","Count_MedicalConditionIncident_SalmonellaEtiology_PatientDeceased_PersonToPersonTransmission","[]","2009-01"
"[P1Y]","5","[dcAggregate/NORSNonInfectiousDisease]","[]","Count_MedicalConditionIncident_YersiniaEnterocoliticaEtiology_Indeterminate_Other_UnknownTramissionMode","[]","2010-11"
"[P1Y]","10","[dcAggregate/NORSNonInfectiousDisease]","[]","Count_MedicalConditionIncident_CampylobacterColiEtiology_PatientHospitalized_ConfirmedCase_FoodborneTransmission","[]","2002-08"
"[P1Y]","23","[dcAggregate/NORSNonInfectiousDisease]","[]","Count_MedicalConditionIncident_CampylobacterJejuniEtiology_WaterborneTransmission","[]","1978-05"
"[P1Y]","2","[dcAggregate/NORSNonInfectiousDisease]","[]","Count_MedicalConditionIncident_ShigellaUnknown_PatientDeceased_SuspectedCase_Indeterminate_Other_UnknownTramissionMode","[]","2015-10"
"[P1Y]","7","[dcAggregate/NORSNonInfectiousDisease]","[]","Count_MedicalConditionIncident_ShigellaBoydiiEtiology_PatientHospitalized_ConfirmedCase_FoodborneTransmission","[]","1998-01"
"[P1Y]","3","[dcAggregate/NORSNonInfectiousDisease]","[]","Count_MedicalConditionIncident_BrucellaOther_ConfirmedCase_FoodborneTransmission","[]","2021-05"
"[P1Y]","2","[dcAggregate/NORSNonInfectiousDisease]","[]","Count_MedicalConditionIncident_SapovirusGenogroupIV_ConfirmedCase_Indeterminate_Other_UnknownTramissionMode","[]","2016-02"
"[P1Y]","2","[dcAggregate/NORSNonInfectiousDisease]","[]","Count_MedicalConditionIncident_SapovirusGenogroupI_Indeterminate_Other_UnknownTramissionMode","[]","2013-02"
"[P1Y]","8","[dcAggregate/NORSNonInfectiousDisease]","[]","Count_MedicalConditionIncident_NorovirusUnknown_PatientHospitalized_SuspectedCase_EnvironmentalContaminationTransmissionExceptFood_Water","[]","2013-09"
"[P1Y]","2","[dcAggregate/NORSNonInfectiousDisease]","[]","Count_MedicalConditionIncident_EscherichiaEtiology_PatientDeceased_FoodborneTransmission","[]","2021-05"
"[P1Y]","2","[dcAggregate/NORSNonInfectiousDisease]","[]","Count_MedicalConditionIncident_EColiUnknownEtiology_PersonToPersonTransmission","[]","2023-07"
"[P1Y]","44","[dcAggregate/NORSNonInfectiousDisease]","[]","Count_MedicalConditionIncident_CampylobacterJejuniEtiology_PatientDeceased_ConfirmedCase_FoodborneTransmission","[]","1998-05"
"[P1Y]","3","[dcAggregate/NORSNonInfectiousDisease]","[]","Count_MedicalConditionIncident_CryptosporidiumEtiology_ConfirmedCase_WaterborneTransmission","[]","2009-08"
"[P1Y]","3","[dcAggregate/NORSNonInfectiousDisease]","[]","Count_MedicalConditionIncident_ShigellaBoydiiEtiology_SuspectedCase_FoodborneTransmission","[]","2002-07"
"[P1Y]","13","[dcAggregate/NORSNonInfectiousDisease]","[]","Count_MedicalConditionIncident_CryptosporidiumUnknown_PatientDeceased_SuspectedCase_WaterborneTransmission","[]","2007-07"
"[P1Y]","2","[dcAggregate/NORSNonInfectiousDisease]","[]","Count_MedicalConditionIncident_Morpholine_PatientDeceased_ConfirmedCase_WaterborneTransmission","[]","1979-08"
"[P1Y]","3","[dcAggregate/NORSNonInfectiousDisease]","[]","Count_MedicalConditionIncident_CryptosporidiumParvumEtiology_PatientHospitalized_SuspectedCase_FoodborneTransmission","[]","2006-07"
"[P1Y]","21","[dcAggregate/NORSNonInfectiousDisease]","[]","Count_MedicalConditionIncident_NorovirusUnknown_PatientDeceased_WaterborneTransmission","[]","1983-07"
"[P1Y]","2","[dcAggregate/NORSNonInfectiousDisease]","[]","Count_MedicalConditionIncident_Gasoline_PatientDeceased_ConfirmedCase_WaterborneTransmission","[]","1977-01"
"[P1Y]","2","[dcAggregate/NORSNonInfectiousDisease]","[]","Count_MedicalConditionIncident_AcanthamoebaUnknown_ConfirmedCase_WaterborneTransmission","[]","2015-11"
"[P1Y]","4","[dcAggregate/NORSNonInfectiousDisease]","[]","Count_MedicalConditionIncident_SapovirusUnknown_PatientHospitalized_Indeterminate_Other_UnknownTramissionMode","[]","2017-10"
"[P1Y]","6","[dcAggregate/NORSNonInfectiousDisease]","[]","Count_MedicalConditionIncident_SapovirusGenogroupI_PersonToPersonTransmission","[]","2011-02"
"[P1Y]","3","[dcAggregate/NORSNonInfectiousDisease]","[]","Count_MedicalConditionIncident_YersiniaEnterocoliticaEtiology_PatientHospitalized_ConfirmedCase_Indeterminate_Other_UnknownTramissionMode","[]","2010-11"
"[P1Y]","51","[dcAggregate/NORSNonInfectiousDisease]","[]","Count_MedicalConditionIncident_NorovirusGenogroupII_PersonToPersonTransmission","[]","2009-01"
"[P1Y]","13","[dcAggregate/NORSNonInfectiousDisease]","[]","Count_MedicalConditionIncident_CampylobacterColiEtiology_PatientDeceased_FoodborneTransmission","[]","2002-02"
"[P1Y]","2","[dcAggregate/NORSNonInfectiousDisease]","[]","Count_MedicalConditionIncident_EnterovirusCoxsackievirusAEtiology_PatientHospitalized_ConfirmedCase_WaterborneTransmission","[]","1983-07"
"[P1Y]","2","[dcAggregate/NORSNonInfectiousDisease]","[]","Count_MedicalConditionIncident_CryptosporidiumParvumEtiology_SuspectedCase_WaterborneTransmission","[]","2018-07"
"[P1Y]","25","[dcAggregate/NORSNonInfectiousDisease]","[]","Count_MedicalConditionIncident_NORSOtherChemical_Toxin_PatientHospitalized_FoodborneTransmission","[]","1998-05"
"[P1Y]","3","[dcAggregate/NORSNonInfectiousDisease]","[]","Count_MedicalConditionIncident_HydrochloricAcid_PatientHospitalized_ConfirmedCase_WaterborneTransmission","[]","1998-09"
"[P1Y]","2","[dcAggregate/NORSNonInfectiousDisease]","[]","Count_MedicalConditionIncident_ProvidenciaUnknown_ConfirmedCase_WaterborneTransmission","[]","2008-08"
"[P1Y]","7","[dcAggregate/NORSNonInfectiousDisease]","[]","Count_MedicalConditionIncident_SalmonellaUnknown_PatientDeceased_SuspectedCase_PersonToPersonTransmission","[]","2012-06"
"[P1Y]","11","[dcAggregate/NORSNonInfectiousDisease]","[]","Count_MedicalConditionIncident_ShigellaUnknown_PatientHospitalized_SuspectedCase_PersonToPersonTransmission","[]","2015-06"
"[P1Y]","2","[dcAggregate/NORSNonInfectiousDisease]","[]","Count_MedicalConditionIncident_EColiEnteroinvasiveEtiology_PatientDeceased_SuspectedCase_FoodborneTransmission","[]","2016-12"
"[P1Y]","2","[dcAggregate/NORSNonInfectiousDisease]","[]","Count_MedicalConditionIncident_EnterovirusUnknownEtiology_SuspectedCase_PersonToPersonTransmission","[]","2023-03"
"[P1Y]","2","[dcAggregate/NORSNonInfectiousDisease]","[]","Count_MedicalConditionIncident_CyclosporaEtiology_PatientDeceased_SuspectedCase_FoodborneTransmission","[]","2019-06"
"[P1Y]","2","[dcAggregate/NORSNonInfectiousDisease]","[]","Count_MedicalConditionIncident_EscherichiaEtiology_FoodborneTransmission","[]","2021-05"
"[P1Y]","46","[dcAggregate/NORSNonInfectiousDisease]","[]","Count_MedicalConditionIncident_NorovirusGenogroupII_Indeterminate_Other_UnknownTramissionMode","[]","2009-01"
"[P1Y]","5","[dcAggregate/NORSNonInfectiousDisease]","[]","Count_MedicalConditionIncident_NORSUnknownChemical_Toxin_PatientDeceased_SuspectedCase_WaterborneTransmission","[]","2007-05"
"[P1Y]","8","[dcAggregate/NORSNonInfectiousDisease]","[]","Count_MedicalConditionIncident_CryptosporidiumParvumEtiology_PatientDeceased_PersonToPersonTransmission","[]","2010-06"
"[P1Y]","9","[dcAggregate/NORSNonInfectiousDisease]","[]","Count_MedicalConditionIncident_ShigellaSonneiEtiology_PatientDeceased_SuspectedCase_FoodborneTransmission","[]","1998-12"
"[P1Y]","22","[dcAggregate/NORSNonInfectiousDisease]","[]","Count_MedicalConditionIncident_Norovirus_PatientHospitalized_ConfirmedCase_FoodborneTransmission","[]","2009-01"
"[P1Y]","2","[dcAggregate/NORSNonInfectiousDisease]","[]","Count_MedicalConditionIncident_AmnesicShellfishPoison_PatientDeceased_FoodborneTransmission","[]","2013-07"
"[P1Y]","2","[dcAggregate/NORSNonInfectiousDisease]","[]","Count_MedicalConditionIncident_Adenovirus_PatientHospitalized_PersonToPersonTransmission","[]","2018-04"
"[P1Y]","10","[dcAggregate/NORSNonInfectiousDisease]","[]","Count_MedicalConditionIncident_SapovirusUnknown_SuspectedCase_PersonToPersonTransmission","[]","2012-11"
"[P1Y]","2","[dcAggregate/NORSNonInfectiousDisease]","[]","Count_MedicalConditionIncident_ClostridiumPerfringensEtiology_PatientHospitalized_ConfirmedCase_Indeterminate_Other_UnknownTramissionMode","[]","2015-06"
"[P1Y]","4","[dcAggregate/NORSNonInfectiousDisease]","[]","Count_MedicalConditionIncident_NORSOtherVirus_PatientHospitalized_PersonToPersonTransmission","[]","2020-05"
"[P1Y]","7","[dcAggregate/NORSNonInfectiousDisease]","[]","Count_MedicalConditionIncident_Cholera_PatientHospitalized_ConfirmedCase_FoodborneTransmission","[]","1998-09"
"[P1Y]","45","[dcAggregate/NORSNonInfectiousDisease]","[]","Count_MedicalConditionIncident_SalmonellaEntericaEtiology_PatientHospitalized_ConfirmedCase_Indeterminate_Other_UnknownTramissionMode","[]","2009-01"
"[P1Y]","3","[dcAggregate/NORSNonInfectiousDisease]","[]","Count_MedicalConditionIncident_EntamoebaHistolyticaEtiology_PatientHospitalized_ConfirmedCase_WaterborneTransmission","[]","1984-06"
"[P1Y]","2","[dcAggregate/NORSNonInfectiousDisease]","[]","Count_MedicalConditionIncident_ClostridiumEtiology_ConfirmedCase_Indeterminate_Other_UnknownTramissionMode","[]","2020-02"
"[P1Y]","3","[dcAggregate/NORSNonInfectiousDisease]","[]","Count_MedicalConditionIncident_SapovirusGenogroupIV_PersonToPersonTransmission","[]","2013-11"
"[P1Y]","2","[dcAggregate/NORSNonInfectiousDisease]","[]","Count_MedicalConditionIncident_CampylobacterFetusEtiology_ConfirmedCase_FoodborneTransmission","[]","2006-07"
"[P1Y]","6","[dcAggregate/NORSNonInfectiousDisease]","[]","Count_MedicalConditionIncident_SapovirusGenogroupI_PatientHospitalized_PersonToPersonTransmission","[]","2011-02"
"[P1Y]","46","[dcAggregate/NORSNonInfectiousDisease]","[]","Count_MedicalConditionIncident_CampylobacterJejuniEtiology_FoodborneTransmission","[]","1998-05"
"[P1Y]","37","[dcAggregate/NORSNonInfectiousDisease]","[]","Count_MedicalConditionIncident_SalmonellaEntericaEtiology_PersonToPersonTransmission","[]","2009-04"
"[P1Y]","9","[dcAggregate/NORSNonInfectiousDisease]","[]","Count_MedicalConditionIncident_TrichinellaSpiralisEtiology_PatientDeceased_FoodborneTransmission","[]","1998-09"
"[P1Y]","13","[dcAggregate/NORSNonInfectiousDisease]","[]","Count_MedicalConditionIncident_CampylobacterUnknown_PatientDeceased_PersonToPersonTransmission","[]","2011-03"
"[P1Y]","2","[dcAggregate/NORSNonInfectiousDisease]","[]","Count_MedicalConditionIncident_NORSUnknownVirus_SuspectedCase_Indeterminate_Other_UnknownTramissionMode","[]","2023-12"
"[P1Y]","5","[dcAggregate/NORSNonInfectiousDisease]","[]","Count_MedicalConditionIncident_StaphylococcusAureusEtiology_PatientHospitalized_Indeterminate_Other_UnknownTramissionMode","[]","2009-01"
"[P1Y]","12","[dcAggregate/NORSNonInfectiousDisease]","[]","Count_MedicalConditionIncident_EColiEnterotoxigenicEtiology_FoodborneTransmission","[]","1998-06"
"[P1Y]","3","[dcAggregate/NORSNonInfectiousDisease]","[]","Count_MedicalConditionIncident_EColiEnteropathogenicEtiology_PatientHospitalized_WaterborneTransmission","[]","1987-07"
"[P1Y]","2","[dcAggregate/NORSNonInfectiousDisease]","[]","Count_MedicalConditionIncident_MycobacteriumMageritenseEtiology_WaterborneTransmission","[]","2002-09"
"[P1Y]","15","[dcAggregate/NORSNonInfectiousDisease]","[]","Count_MedicalConditionIncident_SapovirusUnknown_PatientDeceased_ConfirmedCase_PersonToPersonTransmission","[]","2013-12"
"[P1Y]","2","[dcAggregate/NORSNonInfectiousDisease]","[]","Count_MedicalConditionIncident_ToxinsPlant_Herbal_PatientDeceased_SuspectedCase_WaterborneTransmission","[]","2013-07"
"[P1Y]","2","[dcAggregate/NORSNonInfectiousDisease]","[]","Count_MedicalConditionIncident_Chromium_PatientHospitalized_ConfirmedCase_WaterborneTransmission","[]","1974-09"
"[P1Y]","4","[dcAggregate/NORSNonInfectiousDisease]","[]","Count_MedicalConditionIncident_Chlordane_PatientHospitalized_ConfirmedCase_WaterborneTransmission","[]","1976-03"
"[P1Y]","2","[dcAggregate/NORSNonInfectiousDisease]","[]","Count_MedicalConditionIncident_NORSOtherBacterium_SuspectedCase_Indeterminate_Other_UnknownTramissionMode","[]","2009-04"
"[P1Y]","4","[dcAggregate/NORSNonInfectiousDisease]","[]","Count_MedicalConditionIncident_Sapovirus_PatientHospitalized_SuspectedCase_Indeterminate_Other_UnknownTramissionMode","[]","2013-09"
"[P1Y]","7","[dcAggregate/NORSNonInfectiousDisease]","[]","Count_MedicalConditionIncident_CryptosporidiumUnknown_PatientDeceased_ConfirmedCase_FoodborneTransmission","[]","2007-07"
"[P1Y]","52","[dcAggregate/NORSNonInfectiousDisease]","[]","Count_MedicalConditionIncident_NorovirusGenogroupII_PatientHospitalized_FoodborneTransmission","[]","1998-03"
"[P1Y]","3","[dcAggregate/NORSNonInfectiousDisease]","[]","Count_MedicalConditionIncident_CyclosporaCayetanensisEtiology_PatientHospitalized_WaterborneTransmission","[]","1990-07"
"[P1Y]","5","[dcAggregate/NORSNonInfectiousDisease]","[]","Count_MedicalConditionIncident_ToxinsPlant_Herbal_PatientHospitalized_ConfirmedCase_FoodborneTransmission","[]","2006-12"
"[P1Y]","3","[dcAggregate/NORSNonInfectiousDisease]","[]","Count_MedicalConditionIncident_CyclosporaCayetanensisEtiology_ConfirmedCase_WaterborneTransmission","[]","1990-07"
"[P1Y]","2","[dcAggregate/NORSNonInfectiousDisease]","[]","Count_MedicalConditionIncident_Anisakis_ConfirmedCase_FoodborneTransmission","[]","1999-02"
"[P1Y]","16","[dcAggregate/NORSNonInfectiousDisease]","[]","Count_MedicalConditionIncident_NorovirusUnknown_PatientDeceased_SuspectedCase_WaterborneTransmission","[]","1999-06"
"[P1Y]","11","[dcAggregate/NORSNonInfectiousDisease]","[]","Count_MedicalConditionIncident_GiardiaUnknown_ConfirmedCase_Indeterminate_Other_UnknownTramissionMode","[]","2013-02"
"[P1Y]","2","[dcAggregate/NORSNonInfectiousDisease]","[]","Count_MedicalConditionIncident_MycobacteriumAviumComplexEtiology_WaterborneTransmission","[]","2011-01"
"[P1Y]","48","[dcAggregate/NORSNonInfectiousDisease]","[]","Count_MedicalConditionIncident_NorovirusGenogroupII_PatientDeceased_SuspectedCase_PersonToPersonTransmission","[]","2009-01"
"[P1Y]","4","[dcAggregate/NORSNonInfectiousDisease]","[]","Count_MedicalConditionIncident_Chlordane_PatientHospitalized_WaterborneTransmission","[]","1976-03"
"[P1Y]","3","[dcAggregate/NORSNonInfectiousDisease]","[]","Count_MedicalConditionIncident_CampylobacterOther_PatientHospitalized_ConfirmedCase_AnimalContactTransmission","[]","2013-03"
"[P1Y]","53","[dcAggregate/NORSNonInfectiousDisease]","[]","Count_MedicalConditionIncident_SalmonellaEntericaEtiology_ConfirmedCase_FoodborneTransmission","[]","1998-01"
"[P1Y]","1","[dcAggregate/NORSNonInfectiousDisease]","[]","Count_MedicalConditionIncident_Cholera_PatientDeceased_WaterborneTransmission","[]","2000-12"
"[P1Y]","3","[dcAggregate/NORSNonInfectiousDisease]","[]","Count_MedicalConditionIncident_MicrocystisUnknown_WaterborneTransmission","[]","2013-09"
"[P1Y]","5","[dcAggregate/NORSNonInfectiousDisease]","[]","Count_MedicalConditionIncident_CampylobacterJejuniEtiology_PatientHospitalized_ConfirmedCase_EnvironmentalContaminationTransmissionExceptFood_Water","[]","2012-07"
"[P1Y]","5","[dcAggregate/NORSNonInfectiousDisease]","[]","Count_MedicalConditionIncident_ChlorineGas_SuspectedCase_WaterborneTransmission","[]","2009-06"
"[P1Y]","7","[dcAggregate/NORSNonInfectiousDisease]","[]","Count_MedicalConditionIncident_CampylobacterEtiology_PatientDeceased_ConfirmedCase_Indeterminate_Other_UnknownTramissionMode","[]","2013-06"
"[P1Y]","13","[dcAggregate/NORSNonInfectiousDisease]","[]","Count_MedicalConditionIncident_CryptosporidiumEtiology_PatientHospitalized_AnimalContactTransmission","[]","2010-01"
"[P1Y]","2","[dcAggregate/NORSNonInfectiousDisease]","[]","Count_MedicalConditionIncident_Astrovirus_PatientDeceased_ConfirmedCase_Indeterminate_Other_UnknownTramissionMode","[]","2016-05"
"[P1Y]","46","[dcAggregate/NORSNonInfectiousDisease]","[]","Count_MedicalConditionIncident_NorovirusUnknown_PatientHospitalized_SuspectedCase_FoodborneTransmission","[]","1998-04"
"[P1Y]","7","[dcAggregate/NORSNonInfectiousDisease]","[]","Count_MedicalConditionIncident_CampylobacterEtiology_ConfirmedCase_Indeterminate_Other_UnknownTramissionMode","[]","2013-06"
"[P1Y]","13","[dcAggregate/NORSNonInfectiousDisease]","[]","Count_MedicalConditionIncident_CryptosporidiumUnknown_SuspectedCase_WaterborneTransmission","[]","2007-07"
"[P1Y]","3","[dcAggregate/NORSNonInfectiousDisease]","[]","Count_MedicalConditionIncident_Nitrate_PatientHospitalized_WaterborneTransmission","[]","1993-12"
"[P1Y]","3","[dcAggregate/NORSNonInfectiousDisease]","[]","Count_MedicalConditionIncident_ShigellaEtiology_FoodborneTransmission","[]","2019-12"
"[P1Y]","20","[dcAggregate/NORSNonInfectiousDisease]","[]","Count_MedicalConditionIncident_ClostridiumBotulinumEtiology_PatientDeceased_FoodborneTransmission","[]","1998-06"
"[P1Y]","2","[dcAggregate/NORSNonInfectiousDisease]","[]","Count_MedicalConditionIncident_AlkalineWater_ConfirmedCase_WaterborneTransmission","[]","1988-04"
"[P1Y]","2","[dcAggregate/NORSNonInfectiousDisease]","[]","Count_MedicalConditionIncident_CyclosporaEtiology_SuspectedCase_FoodborneTransmission","[]","2019-06"
"[P1Y]","2","[dcAggregate/NORSNonInfectiousDisease]","[]","Count_MedicalConditionIncident_StaphylococcusOther_FoodborneTransmission","[]","2005-08"
"[P1Y]","44","[dcAggregate/NORSNonInfectiousDisease]","[]","Count_MedicalConditionIncident_NorovirusGenogroupI_PatientHospitalized_SuspectedCase_FoodborneTransmission","[]","1998-01"
"[P1Y]","5","[dcAggregate/NORSNonInfectiousDisease]","[]","Count_MedicalConditionIncident_TrichinellaEtiology_PatientHospitalized_FoodborneTransmission","[]","2015-10"
"[P1Y]","5","[dcAggregate/NORSNonInfectiousDisease]","[]","Count_MedicalConditionIncident_PlesiomonasShigelloidesEtiology_PatientHospitalized_WaterborneTransmission","[]","1996-06"
"[P1Y]","2","[dcAggregate/NORSNonInfectiousDisease]","[]","Count_MedicalConditionIncident_CyanotoxinOther_SuspectedCase_WaterborneTransmission","[]","2018-06"
"[P1Y]","3","[dcAggregate/NORSNonInfectiousDisease]","[]","Count_MedicalConditionIncident_SapovirusUnknown_PatientDeceased_ConfirmedCase_Indeterminate_Other_UnknownTramissionMode","[]","2017-10"
"[P1Y]","3","[dcAggregate/NORSNonInfectiousDisease]","[]","Count_MedicalConditionIncident_CyanotoxinUnknown_ConfirmedCase_WaterborneTransmission","[]","2009-08"
"[P1Y]","8","[dcAggregate/NORSNonInfectiousDisease]","[]","Count_MedicalConditionIncident_Cholera_FoodborneTransmission","[]","1998-09"
"[P1Y]","4","[dcAggregate/NORSNonInfectiousDisease]","[]","Count_MedicalConditionIncident_Cyanotoxin_PatientDeceased_ConfirmedCase_WaterborneTransmission","[]","2011-07"
"[P1Y]","8","[dcAggregate/NORSNonInfectiousDisease]","[]","Count_MedicalConditionIncident_CampylobacterUnknown_ConfirmedCase_AnimalContactTransmission","[]","2010-09"
"[P1Y]","3","[dcAggregate/NORSNonInfectiousDisease]","[]","Count_MedicalConditionIncident_ShigellaEtiology_PatientDeceased_SuspectedCase_Indeterminate_Other_UnknownTramissionMode","[]","2019-07"
"[P1Y]","19","[dcAggregate/NORSNonInfectiousDisease]","[]","Count_MedicalConditionIncident_SalmonellaEntericaEtiology_SuspectedCase_Indeterminate_Other_UnknownTramissionMode","[]","2010-06"
"[P1Y]","2","[dcAggregate/NORSNonInfectiousDisease]","[]","Count_MedicalConditionIncident_GiardiaEtiology_PatientDeceased_FoodborneTransmission","[]","2019-12"
"[P1Y]","11","[dcAggregate/NORSNonInfectiousDisease]","[]","Count_MedicalConditionIncident_GiardiaDuodenalisEtiology_ConfirmedCase_FoodborneTransmission","[]","1998-04"
"[P1Y]","3","[dcAggregate/NORSNonInfectiousDisease]","[]","Count_MedicalConditionIncident_NorovirusGenogroupIX_ConfirmedCase_Indeterminate_Other_UnknownTramissionMode","[]","2021-03"
"[P1Y]","6","[dcAggregate/NORSNonInfectiousDisease]","[]","Count_MedicalConditionIncident_CampylobacterEtiology_PatientDeceased_AnimalContactTransmission","[]","2013-08"
"[P1Y]","33","[dcAggregate/NORSNonInfectiousDisease]","[]","Count_MedicalConditionIncident_ScombroidToxin_PatientHospitalized_FoodborneTransmission","[]","1998-01"
"[P1Y]","5","[dcAggregate/NORSNonInfectiousDisease]","[]","Count_MedicalConditionIncident_GiardiaUnknown_SuspectedCase_PersonToPersonTransmission","[]","2013-10"
"[P1Y]","3","[dcAggregate/NORSNonInfectiousDisease]","[]","Count_MedicalConditionIncident_NorovirusGenogroupIX_PatientDeceased_Indeterminate_Other_UnknownTramissionMode","[]","2021-03"
"[P1Y]","3","[dcAggregate/NORSNonInfectiousDisease]","[]","Count_MedicalConditionIncident_GiardiaUnknown_PatientHospitalized_SuspectedCase_Indeterminate_Other_UnknownTramissionMode","[]","2012-08"
"[P1Y]","16","[dcAggregate/NORSNonInfectiousDisease]","[]","Count_MedicalConditionIncident_LegionellaPneumophilaEtiology_SuspectedCase_WaterborneTransmission","[]","2011-09"
"[P1Y]","3","[dcAggregate/NORSNonInfectiousDisease]","[]","Count_MedicalConditionIncident_CampylobacterUnknown_PatientDeceased_SuspectedCase_WaterborneTransmission","[]","2017-05"
"[P1Y]","37","[dcAggregate/NORSNonInfectiousDisease]","[]","Count_MedicalConditionIncident_SalmonellaEntericaEtiology_PatientHospitalized_PersonToPersonTransmission","[]","2009-04"
"[P1Y]","13","[dcAggregate/NORSNonInfectiousDisease]","[]","Count_MedicalConditionIncident_ShigellaUnknown_PatientHospitalized_WaterborneTransmission","[]","1973-06"
"[P1Y]","20","[dcAggregate/NORSNonInfectiousDisease]","[]","Count_MedicalConditionIncident_ClostridiumDifficileEtiology_PersonToPersonTransmission","[]","2014-12"
"[P1Y]","2","[dcAggregate/NORSNonInfectiousDisease]","[]","Count_MedicalConditionIncident_MicrocoleusLyngbyeiEtiology_PatientHospitalized_ConfirmedCase_WaterborneTransmission","[]","1981-08"
"[P1Y]","17","[dcAggregate/NORSNonInfectiousDisease]","[]","Count_MedicalConditionIncident_ShigellaFlexneriEtiology_PatientDeceased_FoodborneTransmission","[]","1998-01"
"[P1Y]","2","[dcAggregate/NORSNonInfectiousDisease]","[]","Count_MedicalConditionIncident_CryptosporidiumUnknown_PatientDeceased_SuspectedCase_EnvironmentalContaminationTransmissionExceptFood_Water","[]","2015-07"
"[P1Y]","36","[dcAggregate/NORSNonInfectiousDisease]","[]","Count_MedicalConditionIncident_SalmonellaEntericaEtiology_PatientDeceased_ConfirmedCase_PersonToPersonTransmission","[]","2009-08"
"[P1Y]","5","[dcAggregate/NORSNonInfectiousDisease]","[]","Count_MedicalConditionIncident_StreptococcusGroupA_PatientDeceased_ConfirmedCase_FoodborneTransmission","[]","1998-03"
"[P1Y]","2","[dcAggregate/NORSNonInfectiousDisease]","[]","Count_MedicalConditionIncident_Trichloroethylene_PatientHospitalized_ConfirmedCase_WaterborneTransmission","[]","1980-09"
"[P1Y]","7","[dcAggregate/NORSNonInfectiousDisease]","[]","Count_MedicalConditionIncident_Cholera_PatientDeceased_ConfirmedCase_FoodborneTransmission","[]","1998-09"
"[P1Y]","2","[dcAggregate/NORSNonInfectiousDisease]","[]","Count_MedicalConditionIncident_Morpholine_PatientHospitalized_WaterborneTransmission","[]","1979-08"
"[P1Y]","3","[dcAggregate/NORSNonInfectiousDisease]","[]","Count_MedicalConditionIncident_EthyleneGlycol_PatientHospitalized_ConfirmedCase_WaterborneTransmission","[]","1987-04"
"[P1Y]","5","[dcAggregate/NORSNonInfectiousDisease]","[]","Count_MedicalConditionIncident_GiardiaEtiology_PatientDeceased_ConfirmedCase_Indeterminate_Other_UnknownTramissionMode","[]","2012-10"
"[P1Y]","45","[dcAggregate/NORSNonInfectiousDisease]","[]","Count_MedicalConditionIncident_NORSUnknown_PatientHospitalized_WaterborneTransmission","[]","1971-06"
"[P1Y]","23","[dcAggregate/NORSNonInfectiousDisease]","[]","Count_MedicalConditionIncident_Rotavirus_SuspectedCase_PersonToPersonTransmission","[]","2009-01"
"[P1Y]","2","[dcAggregate/NORSNonInfectiousDisease]","[]","Count_MedicalConditionIncident_SapovirusGenogroupII_PatientHospitalized_PersonToPersonTransmission","[]","2016-01"
"[P1Y]","2","[dcAggregate/NORSNonInfectiousDisease]","[]","Count_MedicalConditionIncident_ShigellaSonneiEtiology_PatientHospitalized_SuspectedCase_WaterborneTransmission","[]","1984-06"
"[P1Y]","2","[dcAggregate/NORSNonInfectiousDisease]","[]","Count_MedicalConditionIncident_VibrioEtiology_PatientHospitalized_Indeterminate_Other_UnknownTramissionMode","[]","2022-02"
"[P1Y]","3","[dcAggregate/NORSNonInfectiousDisease]","[]","Count_MedicalConditionIncident_ToxoplasmaGondiiEtiology_FoodborneTransmission","[]","2017-10"
"[P1Y]","2","[dcAggregate/NORSNonInfectiousDisease]","[]","Count_MedicalConditionIncident_ListeriaMonocytogenesEtiology_PatientHospitalized_SuspectedCase_FoodborneTransmission","[]","2006-10"
"[P1Y]","2","[dcAggregate/NORSNonInfectiousDisease]","[]","Count_MedicalConditionIncident_NORSOtherParasite_ConfirmedCase_FoodborneTransmission","[]","2006-08"
"[P1Y]","3","[dcAggregate/NORSNonInfectiousDisease]","[]","Count_MedicalConditionIncident_CryptosporidiumHominisEtiology_PersonToPersonTransmission","[]","2013-11"
"[P1Y]","10","[dcAggregate/NORSNonInfectiousDisease]","[]","Count_MedicalConditionIncident_Rotavirus_ConfirmedCase_Indeterminate_Other_UnknownTramissionMode","[]","2010-05"
"[P1Y]","8","[dcAggregate/NORSNonInfectiousDisease]","[]","Count_MedicalConditionIncident_Norovirus_PatientHospitalized_EnvironmentalContaminationTransmissionExceptFood_Water","[]","2011-02"
"[P1Y]","2","[dcAggregate/NORSNonInfectiousDisease]","[]","Count_MedicalConditionIncident_CampylobacterEtiology_PatientDeceased_ConfirmedCase_EnvironmentalContaminationTransmissionExceptFood_Water","[]","2017-10"
"[P1Y]","4","[dcAggregate/NORSNonInfectiousDisease]","[]","Count_MedicalConditionIncident_ShigellaUnknown_PatientHospitalized_Indeterminate_Other_UnknownTramissionMode","[]","2015-09"
"[P1Y]","46","[dcAggregate/NORSNonInfectiousDisease]","[]","Count_MedicalConditionIncident_NorovirusGenogroupII_PatientHospitalized_Indeterminate_Other_UnknownTramissionMode","[]","2009-01"
"[P1Y]","14","[dcAggregate/NORSNonInfectiousDisease]","[]","Count_MedicalConditionIncident_PseudomonasUnknown_PatientHospitalized_SuspectedCase_WaterborneTransmission","[]","1980-03"
"[P1Y]","6","[dcAggregate/NORSNonInfectiousDisease]","[]","Count_MedicalConditionIncident_ClostridiumEtiology_PersonToPersonTransmission","[]","2009-01"
"[P1Y]","5","[dcAggregate/NORSNonInfectiousDisease]","[]","Count_MedicalConditionIncident_EColiEnteropathogenicEtiology_PatientHospitalized_SuspectedCase_Indeterminate_Other_UnknownTramissionMode","[]","2009-11"
"[P1Y]","3","[dcAggregate/NORSNonInfectiousDisease]","[]","Count_MedicalConditionIncident_Soap_Detergent_PatientHospitalized_WaterborneTransmission","[]","1979-06"
"[P1Y]","2","[dcAggregate/NORSNonInfectiousDisease]","[]","Count_MedicalConditionIncident_MycobacteriumAbscessusEtiology_SuspectedCase_WaterborneTransmission","[]","2021-07"
"[P1Y]","8","[dcAggregate/NORSNonInfectiousDisease]","[]","Count_MedicalConditionIncident_ShigellaBoydiiEtiology_FoodborneTransmission","[]","1998-01"
"[P1Y]","18","[dcAggregate/NORSNonInfectiousDisease]","[]","Count_MedicalConditionIncident_NORSOtherChemical_Toxin_SuspectedCase_FoodborneTransmission","[]","1998-05"
"[P1Y]","4","[dcAggregate/NORSNonInfectiousDisease]","[]","Count_MedicalConditionIncident_VibrioEtiology_SuspectedCase_FoodborneTransmission","[]","2018-07"
"[P1Y]","36","[dcAggregate/NORSNonInfectiousDisease]","[]","Count_MedicalConditionIncident_ShigaToxinEColi_ConfirmedCase_PersonToPersonTransmission","[]","2009-02"
"[P1Y]","8","[dcAggregate/NORSNonInfectiousDisease]","[]","Count_MedicalConditionIncident_StaphylococcusUnknown_PatientHospitalized_FoodborneTransmission","[]","2005-10"
"[P1Y]","18","[dcAggregate/NORSNonInfectiousDisease]","[]","Count_MedicalConditionIncident_ShigellaFlexneriEtiology_PatientHospitalized_ConfirmedCase_PersonToPersonTransmission","[]","2009-07"
"[P1Y]","4","[dcAggregate/NORSNonInfectiousDisease]","[]","Count_MedicalConditionIncident_ClostridiumDifficileEtiology_PatientDeceased_SuspectedCase_Indeterminate_Other_UnknownTramissionMode","[]","2016-07"
"[P1Y]","7","[dcAggregate/NORSNonInfectiousDisease]","[]","Count_MedicalConditionIncident_ShigellaUnknown_PatientDeceased_ConfirmedCase_FoodborneTransmission","[]","2000-10"
"[P1Y]","5","[dcAggregate/NORSNonInfectiousDisease]","[]","Count_MedicalConditionIncident_StaphylococcusEtiology_PatientHospitalized_SuspectedCase_FoodborneTransmission","[]","2015-06"
"[P1Y]","6","[dcAggregate/NORSNonInfectiousDisease]","[]","Count_MedicalConditionIncident_EColiEnteroaggregativeEtiology_PatientDeceased_ConfirmedCase_FoodborneTransmission","[]","2011-12"
"[P1Y]","3","[dcAggregate/NORSNonInfectiousDisease]","[]","Count_MedicalConditionIncident_GiardiaEtiology_SuspectedCase_Indeterminate_Other_UnknownTramissionMode","[]","2013-11"
"[P1Y]","8","[dcAggregate/NORSNonInfectiousDisease]","[]","Count_MedicalConditionIncident_Astrovirus_PatientHospitalized_PersonToPersonTransmission","[]","2011-11"
"[P1Y]","2","[dcAggregate/NORSNonInfectiousDisease]","[]","Count_MedicalConditionIncident_PufferFishTetrodotoxin_SuspectedCase_FoodborneTransmission","[]","2006-11"
"[P1Y]","48","[dcAggregate/NORSNonInfectiousDisease]","[]","Count_MedicalConditionIncident_NorovirusUnknown_SuspectedCase_PersonToPersonTransmission","[]","2009-01"
"[P1Y]","2","[dcAggregate/NORSNonInfectiousDisease]","[]","Count_MedicalConditionIncident_EscherichiaEtiology_PatientHospitalized_FoodborneTransmission","[]","2021-05"
"[P1Y]","5","[dcAggregate/NORSNonInfectiousDisease]","[]","Count_MedicalConditionIncident_BrucellaUnknown_FoodborneTransmission","[]","2001-07"
"[P1Y]","8","[dcAggregate/NORSNonInfectiousDisease]","[]","Count_MedicalConditionIncident_StaphylococcusUnknown_SuspectedCase_FoodborneTransmission","[]","2005-10"
"[P1Y]","12","[dcAggregate/NORSNonInfectiousDisease]","[]","Count_MedicalConditionIncident_NorovirusGenogroupII_PatientDeceased_ConfirmedCase_EnvironmentalContaminationTransmissionExceptFood_Water","[]","2011-02"
"[P1Y]","3","[dcAggregate/NORSNonInfectiousDisease]","[]","Count_MedicalConditionIncident_EColiEnteroaggregativeEtiology_PatientDeceased_SuspectedCase_PersonToPersonTransmission","[]","2018-07"
"[P1Y]","3","[dcAggregate/NORSNonInfectiousDisease]","[]","Count_MedicalConditionIncident_VibrioVulnificusEtiology_PatientHospitalized_SuspectedCase_FoodborneTransmission","[]","2015-12"
"[P1Y]","2","[dcAggregate/NORSNonInfectiousDisease]","[]","Count_MedicalConditionIncident_AdenovirusB_PatientHospitalized_PersonToPersonTransmission","[]","2015-10"
"[P1Y]","3","[dcAggregate/NORSNonInfectiousDisease]","[]","Count_MedicalConditionIncident_ShigellaEtiology_PatientDeceased_FoodborneTransmission","[]","2019-12"
"[P1Y]","31","[dcAggregate/NORSNonInfectiousDisease]","[]","Count_MedicalConditionIncident_BacillusCereusEtiology_PatientDeceased_ConfirmedCase_FoodborneTransmission","[]","1998-04"
"[P1Y]","16","[dcAggregate/NORSNonInfectiousDisease]","[]","Count_MedicalConditionIncident_ShigellaFlexneriEtiology_ConfirmedCase_FoodborneTransmission","[]","1998-01"
"[P1Y]","3","[dcAggregate/NORSNonInfectiousDisease]","[]","Count_MedicalConditionIncident_ListeriaMonocytogenesEtiology_Indeterminate_Other_UnknownTramissionMode","[]","2009-04"
"[P1Y]","3","[dcAggregate/NORSNonInfectiousDisease]","[]","Count_MedicalConditionIncident_VibrioOther_PatientDeceased_ConfirmedCase_FoodborneTransmission","[]","1998-11"
"[P1Y]","2","[dcAggregate/NORSNonInfectiousDisease]","[]","Count_MedicalConditionIncident_ClostridiumPerfringensEtiology_PatientDeceased_PersonToPersonTransmission","[]","2019-10"
"[P1Y]","2","[dcAggregate/NORSNonInfectiousDisease]","[]","Count_MedicalConditionIncident_CryptosporidiumHominisEtiology_PatientDeceased_ConfirmedCase_FoodborneTransmission","[]","2018-09"
"[P1Y]","2","[dcAggregate/NORSNonInfectiousDisease]","[]","Count_MedicalConditionIncident_Copper_SuspectedCase_WaterborneTransmission","[]","2010-06"
"[P1Y]","46","[dcAggregate/NORSNonInfectiousDisease]","[]","Count_MedicalConditionIncident_ClostridiumPerfringensEtiology_PatientHospitalized_SuspectedCase_FoodborneTransmission","[]","1998-01"
"[P1Y]","3","[dcAggregate/NORSNonInfectiousDisease]","[]","Count_MedicalConditionIncident_MycobacteriumOther_WaterborneTransmission","[]","2015-01"
"[P1Y]","8","[dcAggregate/NORSNonInfectiousDisease]","[]","Count_MedicalConditionIncident_GiardiaEtiology_ConfirmedCase_PersonToPersonTransmission","[]","2013-06"
"[P1Y]","53","[dcAggregate/NORSNonInfectiousDisease]","[]","Count_MedicalConditionIncident_SalmonellaEntericaEtiology_PatientHospitalized_ConfirmedCase_FoodborneTransmission","[]","1998-01"
"[P1Y]","26","[dcAggregate/NORSNonInfectiousDisease]","[]","Count_MedicalConditionIncident_CampylobacterUnknown_ConfirmedCase_FoodborneTransmission","[]","1998-01"
"[P1Y]","44","[dcAggregate/NORSNonInfectiousDisease]","[]","Count_MedicalConditionIncident_LegionellaPneumophilaEtiology_PatientDeceased_ConfirmedCase_WaterborneTransmission","[]","1973-06"
"[P1Y]","16","[dcAggregate/NORSNonInfectiousDisease]","[]","Count_MedicalConditionIncident_CryptosporidiumUnknown_PatientHospitalized_SuspectedCase_PersonToPersonTransmission","[]","2011-08"
"[P1Y]","2","[dcAggregate/NORSNonInfectiousDisease]","[]","Count_MedicalConditionIncident_Herbicide_ConfirmedCase_WaterborneTransmission","[]","1975-06"
"[P1Y]","2","[dcAggregate/NORSNonInfectiousDisease]","[]","Count_MedicalConditionIncident_CyanotoxinOther_PatientDeceased_SuspectedCase_WaterborneTransmission","[]","2018-06"
"[P1Y]","3","[dcAggregate/NORSNonInfectiousDisease]","[]","Count_MedicalConditionIncident_ClostridiumUnknown_PersonToPersonTransmission","[]","2011-12"
"[P1Y]","2","[dcAggregate/NORSNonInfectiousDisease]","[]","Count_MedicalConditionIncident_CryptosporidiumEtiology_PatientDeceased_SuspectedCase_WaterborneTransmission","[]","2018-05"
"[P1Y]","23","[dcAggregate/NORSNonInfectiousDisease]","[]","Count_MedicalConditionIncident_CryptosporidiumParvumEtiology_PatientHospitalized_WaterborneTransmission","[]","1984-07"
"[P1Y]","4","[dcAggregate/NORSNonInfectiousDisease]","[]","Count_MedicalConditionIncident_LeptospiraUnknown_PatientDeceased_ConfirmedCase_WaterborneTransmission","[]","1987-07"
"[P1Y]","4","[dcAggregate/NORSNonInfectiousDisease]","[]","Count_MedicalConditionIncident_NORSUnknownBacterium_PatientDeceased_WaterborneTransmission","[]","2008-07"
"[P1Y]","4","[dcAggregate/NORSNonInfectiousDisease]","[]","Count_MedicalConditionIncident_Nitrite_PatientHospitalized_ConfirmedCase_WaterborneTransmission","[]","1996-03"
"[P1Y]","2","[dcAggregate/NORSNonInfectiousDisease]","[]","Count_MedicalConditionIncident_ShigellaUnknown_ConfirmedCase_EnvironmentalContaminationTransmissionExceptFood_Water","[]","2014-11"
"[P1Y]","6","[dcAggregate/NORSNonInfectiousDisease]","[]","Count_MedicalConditionIncident_Rotavirus_SuspectedCase_FoodborneTransmission","[]","2002-03"
"[P1Y]","14","[dcAggregate/NORSNonInfectiousDisease]","[]","Count_MedicalConditionIncident_ShigellaUnknown_PatientDeceased_PersonToPersonTransmission","[]","2009-07"
"[P1Y]","12","[dcAggregate/NORSNonInfectiousDisease]","[]","Count_MedicalConditionIncident_GiardiaDuodenalisEtiology_PatientDeceased_FoodborneTransmission","[]","1998-04"
"[P1Y]","9","[dcAggregate/NORSNonInfectiousDisease]","[]","Count_MedicalConditionIncident_Chloramines_PatientDeceased_WaterborneTransmission","[]","1997-09"
"[P1Y]","4","[dcAggregate/NORSNonInfectiousDisease]","[]","Count_MedicalConditionIncident_NORSOtherBacterium_PatientHospitalized_ConfirmedCase_FoodborneTransmission","[]","2004-01"
"[P1Y]","4","[dcAggregate/NORSNonInfectiousDisease]","[]","Count_MedicalConditionIncident_CampylobacterColiEtiology_PatientDeceased_SuspectedCase_FoodborneTransmission","[]","2002-02"
"[P1Y]","2","[dcAggregate/NORSNonInfectiousDisease]","[]","Count_MedicalConditionIncident_Astrovirus_PatientHospitalized_ConfirmedCase_Indeterminate_Other_UnknownTramissionMode","[]","2016-05"
"[P1Y]","8","[dcAggregate/NORSNonInfectiousDisease]","[]","Count_MedicalConditionIncident_GiardiaEtiology_PatientDeceased_PersonToPersonTransmission","[]","2013-06"
"[P1Y]","4","[dcAggregate/NORSNonInfectiousDisease]","[]","Count_MedicalConditionIncident_CryptosporidiumUnknown_PatientHospitalized_SuspectedCase_FoodborneTransmission","[]","2014-06"
"[P1Y]","32","[dcAggregate/NORSNonInfectiousDisease]","[]","Count_MedicalConditionIncident_StaphylococcusAureusEtiology_SuspectedCase_FoodborneTransmission","[]","1998-01"
"[P1Y]","4","[dcAggregate/NORSNonInfectiousDisease]","[]","Count_MedicalConditionIncident_NORSUnknownBacterium_WaterborneTransmission","[]","2008-07"
"[P1Y]","2","[dcAggregate/NORSNonInfectiousDisease]","[]","Count_MedicalConditionIncident_Adenovirus_PatientHospitalized_ConfirmedCase_PersonToPersonTransmission","[]","2023-03"
"[P1Y]","35","[dcAggregate/NORSNonInfectiousDisease]","[]","Count_MedicalConditionIncident_SalmonellaEntericaEtiology_ConfirmedCase_AnimalContactTransmission","[]","2009-02"
"[P1Y]","4","[dcAggregate/NORSNonInfectiousDisease]","[]","Count_MedicalConditionIncident_BacillusCereusEtiology_PatientHospitalized_Indeterminate_Other_UnknownTramissionMode","[]","2011-04"
"[P1Y]","3","[dcAggregate/NORSNonInfectiousDisease]","[]","Count_MedicalConditionIncident_NORSOtherBacterium_PatientHospitalized_Indeterminate_Other_UnknownTramissionMode","[]","2009-04"
"[P1Y]","28","[dcAggregate/NORSNonInfectiousDisease]","[]","Count_MedicalConditionIncident_ShigellaSonneiEtiology_PatientHospitalized_Indeterminate_Other_UnknownTramissionMode","[]","2009-01"
"[P1Y]","8","[dcAggregate/NORSNonInfectiousDisease]","[]","Count_MedicalConditionIncident_CryptosporidiumParvumEtiology_PatientHospitalized_Indeterminate_Other_UnknownTramissionMode","[]","2009-08"
"[P1Y]","2","[dcAggregate/NORSNonInfectiousDisease]","[]","Count_MedicalConditionIncident_EColiUnknownEtiology_PatientHospitalized_PersonToPersonTransmission","[]","2023-07"
"[P1Y]","2","[dcAggregate/NORSNonInfectiousDisease]","[]","Count_MedicalConditionIncident_MycobacteriumAbscessusEtiology_PatientHospitalized_SuspectedCase_WaterborneTransmission","[]","2021-07"
"[P1Y]","44","[dcAggregate/NORSNonInfectiousDisease]","[]","Count_MedicalConditionIncident_LegionellaPneumophilaEtiology_PatientHospitalized_WaterborneTransmission","[]","1973-06"
"[P1Y]","48","[dcAggregate/NORSNonInfectiousDisease]","[]","Count_MedicalConditionIncident_NorovirusGenogroupI_PatientDeceased_PersonToPersonTransmission","[]","2009-01"
"[P1Y]","4","[dcAggregate/NORSNonInfectiousDisease]","[]","Count_MedicalConditionIncident_LegionellaMicdadeiEtiology_WaterborneTransmission","[]","1977-06"
"[P1Y]","13","[dcAggregate/NORSNonInfectiousDisease]","[]","Count_MedicalConditionIncident_NorovirusUnknown_PatientHospitalized_EnvironmentalContaminationTransmissionExceptFood_Water","[]","2009-11"
"[P1Y]","3","[dcAggregate/NORSNonInfectiousDisease]","[]","Count_MedicalConditionIncident_ClostridiumEtiology_FoodborneTransmission","[]","2013-05"
"[P1Y]","36","[dcAggregate/NORSNonInfectiousDisease]","[]","Count_MedicalConditionIncident_ShigaToxinEColi_PersonToPersonTransmission","[]","2009-02"
"[P1Y]","2","[dcAggregate/NORSNonInfectiousDisease]","[]","Count_MedicalConditionIncident_NORSOtherVirus_WaterborneTransmission","[]","2003-07"
"[P1Y]","28","[dcAggregate/NORSNonInfectiousDisease]","[]","Count_MedicalConditionIncident_LegionellaUnknown_WaterborneTransmission","[]","1975-08"
"[P1Y]","4","[dcAggregate/NORSNonInfectiousDisease]","[]","Count_MedicalConditionIncident_Astrovirus_SuspectedCase_Indeterminate_Other_UnknownTramissionMode","[]","2016-04"
"[P1Y]","8","[dcAggregate/NORSNonInfectiousDisease]","[]","Count_MedicalConditionIncident_GiardiaEtiology_PatientHospitalized_PersonToPersonTransmission","[]","2013-06"
"[P1Y]","3","[dcAggregate/NORSNonInfectiousDisease]","[]","Count_MedicalConditionIncident_NorovirusGenogroupIX_PatientDeceased_ConfirmedCase_Indeterminate_Other_UnknownTramissionMode","[]","2021-03"
"[P1Y]","4","[dcAggregate/NORSNonInfectiousDisease]","[]","Count_MedicalConditionIncident_GiardiaEtiology_ConfirmedCase_WaterborneTransmission","[]","2013-10"
"[P1Y]","3","[dcAggregate/NORSNonInfectiousDisease]","[]","Count_MedicalConditionIncident_CryptosporidiumEtiology_PatientDeceased_ConfirmedCase_WaterborneTransmission","[]","2009-08"
"[P1Y]","2","[dcAggregate/NORSNonInfectiousDisease]","[]","Count_MedicalConditionIncident_BacillusUnknown_PatientDeceased_SuspectedCase_FoodborneTransmission","[]","2010-06"
"[P1Y]","5","[dcAggregate/NORSNonInfectiousDisease]","[]","Count_MedicalConditionIncident_SapovirusUnknown_FoodborneTransmission","[]","2015-08"
"[P1Y]","3","[dcAggregate/NORSNonInfectiousDisease]","[]","Count_MedicalConditionIncident_Microcystis_PatientDeceased_WaterborneTransmission","[]","2009-06"
"[P1Y]","5","[dcAggregate/NORSNonInfectiousDisease]","[]","Count_MedicalConditionIncident_BrucellaUnknown_PatientDeceased_ConfirmedCase_FoodborneTransmission","[]","2001-07"
"[P1Y]","2","[dcAggregate/NORSNonInfectiousDisease]","[]","Count_MedicalConditionIncident_LegionellaDumoffiiEtiology_PatientHospitalized_WaterborneTransmission","[]","1980-11"
"[P1Y]","31","[dcAggregate/NORSNonInfectiousDisease]","[]","Count_MedicalConditionIncident_NorovirusUnknown_PatientHospitalized_ConfirmedCase_Indeterminate_Other_UnknownTramissionMode","[]","2009-01"
"[P1Y]","3","[dcAggregate/NORSNonInfectiousDisease]","[]","Count_MedicalConditionIncident_CryptosporidiumHominisEtiology_Indeterminate_Other_UnknownTramissionMode","[]","2016-10"
"[P1Y]","3","[dcAggregate/NORSNonInfectiousDisease]","[]","Count_MedicalConditionIncident_NorovirusOther_PatientDeceased_ConfirmedCase_PersonToPersonTransmission","[]","2015-05"
"[P1Y]","9","[dcAggregate/NORSNonInfectiousDisease]","[]","Count_MedicalConditionIncident_CryptosporidiumEtiology_ConfirmedCase_Indeterminate_Other_UnknownTramissionMode","[]","2013-02"
"[P1Y]","10","[dcAggregate/NORSNonInfectiousDisease]","[]","Count_MedicalConditionIncident_AvianSchistosomes_PatientHospitalized_ConfirmedCase_WaterborneTransmission","[]","1978-08"
"[P1Y]","3","[dcAggregate/NORSNonInfectiousDisease]","[]","Count_MedicalConditionIncident_NorovirusGenogroupIV_PatientDeceased_ConfirmedCase_PersonToPersonTransmission","[]","2012-10"
"[P1Y]","2","[dcAggregate/NORSNonInfectiousDisease]","[]","Count_MedicalConditionIncident_Astrovirus_PatientHospitalized_ConfirmedCase_FoodborneTransmission","[]","2002-01"
"[P1Y]","4","[dcAggregate/NORSNonInfectiousDisease]","[]","Count_MedicalConditionIncident_ClostridiumPerfringensEtiology_Indeterminate_Other_UnknownTramissionMode","[]","2013-01"
"[P1Y]","3","[dcAggregate/NORSNonInfectiousDisease]","[]","Count_MedicalConditionIncident_MycobacteriumAbscessusEtiology_WaterborneTransmission","[]","2013-01"
"[P1Y]","2","[dcAggregate/NORSNonInfectiousDisease]","[]","Count_MedicalConditionIncident_ToxinsPlant_Herbal_PatientHospitalized_SuspectedCase_WaterborneTransmission","[]","2013-07"
"[P1Y]","3","[dcAggregate/NORSNonInfectiousDisease]","[]","Count_MedicalConditionIncident_CryptosporidiumHominisEtiology_PatientDeceased_Indeterminate_Other_UnknownTramissionMode","[]","2016-10"
"[P1Y]","2","[dcAggregate/NORSNonInfectiousDisease]","[]","Count_MedicalConditionIncident_EnterovirusUnknownEtiology_PatientDeceased_PersonToPersonTransmission","[]","2023-03"
"[P1Y]","3","[dcAggregate/NORSNonInfectiousDisease]","[]","Count_MedicalConditionIncident_CleaningAgents_PatientHospitalized_WaterborneTransmission","[]","1999-08"
"[P1Y]","2","[dcAggregate/NORSNonInfectiousDisease]","[]","Count_MedicalConditionIncident_Selenium_ConfirmedCase_WaterborneTransmission","[]","1971-06"
"[P1Y]","7","[dcAggregate/NORSNonInfectiousDisease]","[]","Count_MedicalConditionIncident_SodiumHydroxide_PatientDeceased_ConfirmedCase_WaterborneTransmission","[]","1980-12"
"[P1Y]","9","[dcAggregate/NORSNonInfectiousDisease]","[]","Count_MedicalConditionIncident_NorovirusOther_PatientHospitalized_PersonToPersonTransmission","[]","2014-02"
"[P1Y]","2","[dcAggregate/NORSNonInfectiousDisease]","[]","Count_MedicalConditionIncident_Astrovirus_ConfirmedCase_FoodborneTransmission","[]","2002-01"
"[P1Y]","2","[dcAggregate/NORSNonInfectiousDisease]","[]","Count_MedicalConditionIncident_YersiniaEtiology_PatientDeceased_PersonToPersonTransmission","[]","2016-06"
"[P1Y]","2","[dcAggregate/NORSNonInfectiousDisease]","[]","Count_MedicalConditionIncident_ListeriaUnknown_PatientHospitalized_ConfirmedCase_FoodborneTransmission","[]","2006-06"
"[P1Y]","7","[dcAggregate/NORSNonInfectiousDisease]","[]","Count_MedicalConditionIncident_VibrioUnknown_PatientDeceased_FoodborneTransmission","[]","1999-05"
"[P1Y]","2","[dcAggregate/NORSNonInfectiousDisease]","[]","Count_MedicalConditionIncident_NorovirusOther_Indeterminate_Other_UnknownTramissionMode","[]","2017-02"
"[P1Y]","4","[dcAggregate/NORSNonInfectiousDisease]","[]","Count_MedicalConditionIncident_LegionellaMicdadeiEtiology_PatientHospitalized_ConfirmedCase_WaterborneTransmission","[]","1977-06"
"[P1Y]","2","[dcAggregate/NORSNonInfectiousDisease]","[]","Count_MedicalConditionIncident_NorovirusOther_PatientDeceased_SuspectedCase_FoodborneTransmission","[]","2013-06"
"[P1Y]","29","[dcAggregate/NORSNonInfectiousDisease]","[]","Count_MedicalConditionIncident_CryptosporidiumHominisEtiology_PatientDeceased_WaterborneTransmission","[]","1988-07"
"[P1Y]","2","[dcAggregate/NORSNonInfectiousDisease]","[]","Count_MedicalConditionIncident_NORSOtherVirus_PatientDeceased_ConfirmedCase_WaterborneTransmission","[]","2003-07"
"[P1Y]","13","[dcAggregate/NORSNonInfectiousDisease]","[]","Count_MedicalConditionIncident_Chlorine_PatientDeceased_SuspectedCase_WaterborneTransmission","[]","1984-10"
"[P1Y]","42","[dcAggregate/NORSNonInfectiousDisease]","[]","Count_MedicalConditionIncident_StaphylococcusAureusEtiology_PatientDeceased_ConfirmedCase_FoodborneTransmission","[]","1998-02"
"[P1Y]","14","[dcAggregate/NORSNonInfectiousDisease]","[]","Count_MedicalConditionIncident_SalmonellaUnknown_PatientDeceased_ConfirmedCase_FoodborneTransmission","[]","2005-09"
"[P1Y]","7","[dcAggregate/NORSNonInfectiousDisease]","[]","Count_MedicalConditionIncident_NORSOthers_ConfirmedCase_FoodborneTransmission","[]","2011-03"
"[P1Y]","54","[dcAggregate/NORSNonInfectiousDisease]","[]","Count_MedicalConditionIncident_SalmonellaEntericaEtiology_FoodborneTransmission","[]","1998-01"
"[P1Y]","2","[dcAggregate/NORSNonInfectiousDisease]","[]","Count_MedicalConditionIncident_Anisakis_PatientDeceased_FoodborneTransmission","[]","1999-02"
"[P1Y]","2","[dcAggregate/NORSNonInfectiousDisease]","[]","Count_MedicalConditionIncident_StaphylococcusAureusEtiology_SuspectedCase_Indeterminate_Other_UnknownTramissionMode","[]","2009-04"
"[P1Y]","4","[dcAggregate/NORSNonInfectiousDisease]","[]","Count_MedicalConditionIncident_LegionellaEtiology_PatientDeceased_ConfirmedCase_WaterborneTransmission","[]","2012-04"
"[P1Y]","6","[dcAggregate/NORSNonInfectiousDisease]","[]","Count_MedicalConditionIncident_VibrioOther_FoodborneTransmission","[]","1998-11"
"[P1Y]","2","[dcAggregate/NORSNonInfectiousDisease]","[]","Count_MedicalConditionIncident_Herbicide_PatientDeceased_WaterborneTransmission","[]","1975-06"
"[P1Y]","5","[dcAggregate/NORSNonInfectiousDisease]","[]","Count_MedicalConditionIncident_Cyanotoxin_PatientHospitalized_WaterborneTransmission","[]","2009-06"
"[P1Y]","24","[dcAggregate/NORSNonInfectiousDisease]","[]","Count_MedicalConditionIncident_CampylobacterJejuniEtiology_Indeterminate_Other_UnknownTramissionMode","[]","2009-08"
"[P1Y]","2","[dcAggregate/NORSNonInfectiousDisease]","[]","Count_MedicalConditionIncident_ClostridiumPerfringensEtiology_ConfirmedCase_Indeterminate_Other_UnknownTramissionMode","[]","2015-06"
"[P1Y]","2","[dcAggregate/NORSNonInfectiousDisease]","[]","Count_MedicalConditionIncident_AnatoxinA_WaterborneTransmission","[]","2021-02"
"[P1Y]","17","[dcAggregate/NORSNonInfectiousDisease]","[]","Count_MedicalConditionIncident_AvianSchistosomes_WaterborneTransmission","[]","1978-08"
"[P1Y]","4","[dcAggregate/NORSNonInfectiousDisease]","[]","Count_MedicalConditionIncident_SalmonellaEtiology_PatientDeceased_Indeterminate_Other_UnknownTramissionMode","[]","2013-06"
"[P1Y]","3","[dcAggregate/NORSNonInfectiousDisease]","[]","Count_MedicalConditionIncident_Microcystis_SuspectedCase_WaterborneTransmission","[]","2009-06"
"[P1Y]","3","[dcAggregate/NORSNonInfectiousDisease]","[]","Count_MedicalConditionIncident_Microcystis_PatientHospitalized_SuspectedCase_WaterborneTransmission","[]","2009-06"
"[P1Y]","24","[dcAggregate/NORSNonInfectiousDisease]","[]","Count_MedicalConditionIncident_CampylobacterJejuniEtiology_PatientDeceased_Indeterminate_Other_UnknownTramissionMode","[]","2009-08"
"[P1Y]","30","[dcAggregate/NORSNonInfectiousDisease]","[]","Count_MedicalConditionIncident_CyclosporaCayetanensisEtiology_ConfirmedCase_FoodborneTransmission","[]","1998-05"
"[P1Y]","8","[dcAggregate/NORSNonInfectiousDisease]","[]","Count_MedicalConditionIncident_EColiEnteropathogenicEtiology_PatientHospitalized_FoodborneTransmission","[]","1999-03"
"[P1Y]","2","[dcAggregate/NORSNonInfectiousDisease]","[]","Count_MedicalConditionIncident_NORSOtherVirus_PatientDeceased_ConfirmedCase_PersonToPersonTransmission","[]","2023-12"
"[P1Y]","4","[dcAggregate/NORSNonInfectiousDisease]","[]","Count_MedicalConditionIncident_NORSOtherBacterium_PatientDeceased_ConfirmedCase_FoodborneTransmission","[]","2004-01"
"[P1Y]","29","[dcAggregate/NORSNonInfectiousDisease]","[]","Count_MedicalConditionIncident_CryptosporidiumHominisEtiology_PatientHospitalized_WaterborneTransmission","[]","1988-07"
"[P1Y]","3","[dcAggregate/NORSNonInfectiousDisease]","[]","Count_MedicalConditionIncident_CleaningAgents_WaterborneTransmission","[]","1999-08"
"[P1Y]","3","[dcAggregate/NORSNonInfectiousDisease]","[]","Count_MedicalConditionIncident_EColiEnteroaggregativeEtiology_ConfirmedCase_PersonToPersonTransmission","[]","2016-06"
"[P1Y]","2","[dcAggregate/NORSNonInfectiousDisease]","[]","Count_MedicalConditionIncident_SalmonellaOther_PatientHospitalized_ConfirmedCase_AnimalContactTransmission","[]","2016-11"
"[P1Y]","8","[dcAggregate/NORSNonInfectiousDisease]","[]","Count_MedicalConditionIncident_SodiumHydroxide_PatientHospitalized_WaterborneTransmission","[]","1980-12"
"[P1Y]","8","[dcAggregate/NORSNonInfectiousDisease]","[]","Count_MedicalConditionIncident_LegionellaUnknown_PatientDeceased_SuspectedCase_WaterborneTransmission","[]","2006-10"
"[P1Y]","6","[dcAggregate/NORSNonInfectiousDisease]","[]","Count_MedicalConditionIncident_GiardiaEtiology_Indeterminate_Other_UnknownTramissionMode","[]","2012-10"
"[P1Y]","2","[dcAggregate/NORSNonInfectiousDisease]","[]","Count_MedicalConditionIncident_ToxoplasmaEtiology_ConfirmedCase_FoodborneTransmission","[]","2018-12"
"[P1Y]","5","[dcAggregate/NORSNonInfectiousDisease]","[]","Count_MedicalConditionIncident_PlesiomonasShigelloidesEtiology_PatientHospitalized_ConfirmedCase_WaterborneTransmission","[]","1996-06"
"[P1Y]","15","[dcAggregate/NORSNonInfectiousDisease]","[]","Count_MedicalConditionIncident_NORSOtherBacterium_PatientHospitalized_FoodborneTransmission","[]","1998-04"
"[P1Y]","3","[dcAggregate/NORSNonInfectiousDisease]","[]","Count_MedicalConditionIncident_NorovirusGenogroupIX_Indeterminate_Other_UnknownTramissionMode","[]","2021-03"
"[P1Y]","46","[dcAggregate/NORSNonInfectiousDisease]","[]","Count_MedicalConditionIncident_ShigaToxinEColi_FoodborneTransmission","[]","1998-05"
"[P1Y]","4","[dcAggregate/NORSNonInfectiousDisease]","[]","Count_MedicalConditionIncident_Sapovirus_PatientDeceased_SuspectedCase_FoodborneTransmission","[]","2018-04"
"[P1Y]","9","[dcAggregate/NORSNonInfectiousDisease]","[]","Count_MedicalConditionIncident_ClostridiumDifficileEtiology_SuspectedCase_PersonToPersonTransmission","[]","2016-02"
"[P1Y]","45","[dcAggregate/NORSNonInfectiousDisease]","[]","Count_MedicalConditionIncident_NORSUnknown_SuspectedCase_WaterborneTransmission","[]","1971-06"
"[P1Y]","31","[dcAggregate/NORSNonInfectiousDisease]","[]","Count_MedicalConditionIncident_GiardiaDuodenalisEtiology_PatientDeceased_ConfirmedCase_WaterborneTransmission","[]","1972-05"
"[P1Y]","24","[dcAggregate/NORSNonInfectiousDisease]","[]","Count_MedicalConditionIncident_Ciguatoxin_PatientDeceased_FoodborneTransmission","[]","1998-01"
"[P1Y]","9","[dcAggregate/NORSNonInfectiousDisease]","[]","Count_MedicalConditionIncident_ClostridiumOther_PatientDeceased_Indeterminate_Other_UnknownTramissionMode","[]","2010-08"
"[P1Y]","3","[dcAggregate/NORSNonInfectiousDisease]","[]","Count_MedicalConditionIncident_ClostridiumPerfringensEtiology_PatientDeceased_SuspectedCase_Indeterminate_Other_UnknownTramissionMode","[]","2013-01"
"[P1Y]","13","[dcAggregate/NORSNonInfectiousDisease]","[]","Count_MedicalConditionIncident_NorovirusUnknown_PatientDeceased_EnvironmentalContaminationTransmissionExceptFood_Water","[]","2009-11"
"[P1Y]","4","[dcAggregate/NORSNonInfectiousDisease]","[]","Count_MedicalConditionIncident_LeptospiraUnknown_PatientHospitalized_ConfirmedCase_WaterborneTransmission","[]","1987-07"
"[P1Y]","2","[dcAggregate/NORSNonInfectiousDisease]","[]","Count_MedicalConditionIncident_NORSUnknownChemical_Toxin_PatientHospitalized_SuspectedCase_FoodborneTransmission","[]","2023-10"
"[P1Y]","47","[dcAggregate/NORSNonInfectiousDisease]","[]","Count_MedicalConditionIncident_Norovirus_PersonToPersonTransmission","[]","2009-01"
"[P1Y]","23","[dcAggregate/NORSNonInfectiousDisease]","[]","Count_MedicalConditionIncident_ShigellaSonneiEtiology_SuspectedCase_PersonToPersonTransmission","[]","2009-03"
"[P1Y]","13","[dcAggregate/NORSNonInfectiousDisease]","[]","Count_MedicalConditionIncident_ClostridiumOther_ConfirmedCase_PersonToPersonTransmission","[]","2009-05"
"[P1Y]","2","[dcAggregate/NORSNonInfectiousDisease]","[]","Count_MedicalConditionIncident_ToxoplasmaEtiology_PatientHospitalized_SuspectedCase_FoodborneTransmission","[]","2017-11"
"[P1Y]","17","[dcAggregate/NORSNonInfectiousDisease]","[]","Count_MedicalConditionIncident_NORSOtherChemical_Toxin_PatientHospitalized_ConfirmedCase_FoodborneTransmission","[]","1998-12"
"[P1Y]","2","[dcAggregate/NORSNonInfectiousDisease]","[]","Count_MedicalConditionIncident_EnterobacterOther_PatientHospitalized_SuspectedCase_FoodborneTransmission","[]","2023-11"
"[P1Y]","10","[dcAggregate/NORSNonInfectiousDisease]","[]","Count_MedicalConditionIncident_EColiEnterotoxigenicEtiology_ConfirmedCase_FoodborneTransmission","[]","1998-06"
"[P1Y]","33","[dcAggregate/NORSNonInfectiousDisease]","[]","Count_MedicalConditionIncident_Norovirus_PatientHospitalized_SuspectedCase_Indeterminate_Other_UnknownTramissionMode","[]","2009-01"
"[P1Y]","9","[dcAggregate/NORSNonInfectiousDisease]","[]","Count_MedicalConditionIncident_NorovirusGenogroupI_PatientHospitalized_ConfirmedCase_EnvironmentalContaminationTransmissionExceptFood_Water","[]","2009-04"
"[P1Y]","46","[dcAggregate/NORSNonInfectiousDisease]","[]","Count_MedicalConditionIncident_ClostridiumPerfringensEtiology_PatientDeceased_SuspectedCase_FoodborneTransmission","[]","1998-01"
"[P1Y]","14","[dcAggregate/NORSNonInfectiousDisease]","[]","Count_MedicalConditionIncident_NorovirusUnknown_ConfirmedCase_WaterborneTransmission","[]","1983-07"
"[P1Y]","3","[dcAggregate/NORSNonInfectiousDisease]","[]","Count_MedicalConditionIncident_VibrioVulnificusEtiology_PatientDeceased_SuspectedCase_FoodborneTransmission","[]","2015-12"
"[P1Y]","3","[dcAggregate/NORSNonInfectiousDisease]","[]","Count_MedicalConditionIncident_NorovirusOther_PatientHospitalized_FoodborneTransmission","[]","2012-03"
"[P1Y]","44","[dcAggregate/NORSNonInfectiousDisease]","[]","Count_MedicalConditionIncident_LegionellaPneumophilaEtiology_WaterborneTransmission","[]","1973-06"
"[P1Y]","46","[dcAggregate/NORSNonInfectiousDisease]","[]","Count_MedicalConditionIncident_ShigaToxinEColi_PatientDeceased_FoodborneTransmission","[]","1998-05"
"[P1Y]","2","[dcAggregate/NORSNonInfectiousDisease]","[]","Count_MedicalConditionIncident_ShigellaEtiology_PatientHospitalized_ConfirmedCase_WaterborneTransmission","[]","2018-05"
"[P1Y]","23","[dcAggregate/NORSNonInfectiousDisease]","[]","Count_MedicalConditionIncident_ShigellaSonneiEtiology_PatientHospitalized_SuspectedCase_PersonToPersonTransmission","[]","2009-03"
"[P1Y]","4","[dcAggregate/NORSNonInfectiousDisease]","[]","Count_MedicalConditionIncident_ShigellaEtiology_ConfirmedCase_Indeterminate_Other_UnknownTramissionMode","[]","2015-05"
"[P1Y]","5","[dcAggregate/NORSNonInfectiousDisease]","[]","Count_MedicalConditionIncident_TrichinellaEtiology_PatientDeceased_FoodborneTransmission","[]","2015-10"
"[P1Y]","2","[dcAggregate/NORSNonInfectiousDisease]","[]","Count_MedicalConditionIncident_AdenovirusUnknown_PatientHospitalized_ConfirmedCase_PersonToPersonTransmission","[]","2021-10"
"[P1Y]","2","[dcAggregate/NORSNonInfectiousDisease]","[]","Count_MedicalConditionIncident_GiardiaUnknown_PatientHospitalized_SuspectedCase_FoodborneTransmission","[]","2016-11"
"[P1Y]","13","[dcAggregate/NORSNonInfectiousDisease]","[]","Count_MedicalConditionIncident_CryptosporidiumEtiology_PatientHospitalized_PersonToPersonTransmission","[]","2009-02"
"[P1Y]","2","[dcAggregate/NORSNonInfectiousDisease]","[]","Count_MedicalConditionIncident_CyclosporaEtiology_PatientDeceased_ConfirmedCase_Indeterminate_Other_UnknownTramissionMode","[]","2020-02"
"[P1Y]","2","[dcAggregate/NORSNonInfectiousDisease]","[]","Count_MedicalConditionIncident_CampylobacterOther_PatientHospitalized_SuspectedCase_FoodborneTransmission","[]","1999-02"
"[P1Y]","10","[dcAggregate/NORSNonInfectiousDisease]","[]","Count_MedicalConditionIncident_SapovirusUnknown_PatientDeceased_SuspectedCase_PersonToPersonTransmission","[]","2012-11"
"[P1Y]","8","[dcAggregate/NORSNonInfectiousDisease]","[]","Count_MedicalConditionIncident_Norovirus_PatientDeceased_SuspectedCase_EnvironmentalContaminationTransmissionExceptFood_Water","[]","2011-02"
"[P1Y]","2","[dcAggregate/NORSNonInfectiousDisease]","[]","Count_MedicalConditionIncident_ClostridiumPerfringensEtiology_SuspectedCase_PersonToPersonTransmission","[]","2019-10"
"[P1Y]","7","[dcAggregate/NORSNonInfectiousDisease]","[]","Count_MedicalConditionIncident_CryptosporidiumParvumEtiology_PatientDeceased_ConfirmedCase_Indeterminate_Other_UnknownTramissionMode","[]","2009-08"
"[P1Y]","3","[dcAggregate/NORSNonInfectiousDisease]","[]","Count_MedicalConditionIncident_CryptosporidiumHominisEtiology_PatientDeceased_PersonToPersonTransmission","[]","2013-11"
"[P1Y]","2","[dcAggregate/NORSNonInfectiousDisease]","[]","Count_MedicalConditionIncident_BacillusOther_PatientHospitalized_SuspectedCase_FoodborneTransmission","[]","2006-03"
"[P1Y]","7","[dcAggregate/NORSNonInfectiousDisease]","[]","Count_MedicalConditionIncident_CampylobacterUnknown_ConfirmedCase_PersonToPersonTransmission","[]","2012-06"
"[P1Y]","48","[dcAggregate/NORSNonInfectiousDisease]","[]","Count_MedicalConditionIncident_NorovirusGenogroupII_PatientHospitalized_SuspectedCase_PersonToPersonTransmission","[]","2009-01"
"[P1Y]","12","[dcAggregate/NORSNonInfectiousDisease]","[]","Count_MedicalConditionIncident_EColiEnterotoxigenicEtiology_PatientDeceased_FoodborneTransmission","[]","1998-06"
"[P1Y]","45","[dcAggregate/NORSNonInfectiousDisease]","[]","Count_MedicalConditionIncident_NorovirusGenogroupII_PatientDeceased_ConfirmedCase_Indeterminate_Other_UnknownTramissionMode","[]","2009-01"
"[P1Y]","13","[dcAggregate/NORSNonInfectiousDisease]","[]","Count_MedicalConditionIncident_CampylobacterColiEtiology_PatientHospitalized_FoodborneTransmission","[]","2002-02"
"[P1Y]","25","[dcAggregate/NORSNonInfectiousDisease]","[]","Count_MedicalConditionIncident_ShigellaSonneiEtiology_PatientDeceased_ConfirmedCase_Indeterminate_Other_UnknownTramissionMode","[]","2009-01"
"[P1Y]","5","[dcAggregate/NORSNonInfectiousDisease]","[]","Count_MedicalConditionIncident_CampylobacterJejuniEtiology_PatientDeceased_EnvironmentalContaminationTransmissionExceptFood_Water","[]","2012-07"
"[P1Y]","3","[dcAggregate/NORSNonInfectiousDisease]","[]","Count_MedicalConditionIncident_NORSOthers_PatientHospitalized_ConfirmedCase_WaterborneTransmission","[]","1978-10"
"[P1Y]","2","[dcAggregate/NORSNonInfectiousDisease]","[]","Count_MedicalConditionIncident_CampylobacterEtiology_ConfirmedCase_EnvironmentalContaminationTransmissionExceptFood_Water","[]","2017-10"
"[P1Y]","5","[dcAggregate/NORSNonInfectiousDisease]","[]","Count_MedicalConditionIncident_SapovirusUnknown_PatientHospitalized_FoodborneTransmission","[]","2015-08"
"[P1Y]","3","[dcAggregate/NORSNonInfectiousDisease]","[]","Count_MedicalConditionIncident_TrichinellaUnknown_PatientDeceased_ConfirmedCase_FoodborneTransmission","[]","2012-01"
"[P1Y]","8","[dcAggregate/NORSNonInfectiousDisease]","[]","Count_MedicalConditionIncident_EColiEnteropathogenicEtiology_SuspectedCase_PersonToPersonTransmission","[]","2016-06"
"[P1Y]","13","[dcAggregate/NORSNonInfectiousDisease]","[]","Count_MedicalConditionIncident_NorovirusGenogroupI_PatientHospitalized_WaterborneTransmission","[]","2006-05"
"[P1Y]","23","[dcAggregate/NORSNonInfectiousDisease]","[]","Count_MedicalConditionIncident_CampylobacterJejuniEtiology_ConfirmedCase_WaterborneTransmission","[]","1978-05"
"[P1Y]","2","[dcAggregate/NORSNonInfectiousDisease]","[]","Count_MedicalConditionIncident_NaegleriaFowleriEtiology_PatientDeceased_WaterborneTransmission","[]","2002-10"
"[P1Y]","7","[dcAggregate/NORSNonInfectiousDisease]","[]","Count_MedicalConditionIncident_CryptosporidiumParvumEtiology_ConfirmedCase_Indeterminate_Other_UnknownTramissionMode","[]","2009-08"
"[P1Y]","16","[dcAggregate/NORSNonInfectiousDisease]","[]","Count_MedicalConditionIncident_NorovirusGenogroupII_PatientHospitalized_ConfirmedCase_WaterborneTransmission","[]","2007-05"
"[P1Y]","2","[dcAggregate/NORSNonInfectiousDisease]","[]","Count_MedicalConditionIncident_HeavyMetal_PatientDeceased_SuspectedCase_FoodborneTransmission","[]","2001-08"
"[P1Y]","2","[dcAggregate/NORSNonInfectiousDisease]","[]","Count_MedicalConditionIncident_EnterobacterOther_FoodborneTransmission","[]","2023-11"
"[P1Y]","5","[dcAggregate/NORSNonInfectiousDisease]","[]","Count_MedicalConditionIncident_CampylobacterJejuniEtiology_EnvironmentalContaminationTransmissionExceptFood_Water","[]","2012-07"
"[P1Y]","2","[dcAggregate/NORSNonInfectiousDisease]","[]","Count_MedicalConditionIncident_NORSUnknownChemical_Toxin_PatientHospitalized_FoodborneTransmission","[]","2023-10"
"[P1Y]","8","[dcAggregate/NORSNonInfectiousDisease]","[]","Count_MedicalConditionIncident_StaphylococcusUnknown_PatientDeceased_FoodborneTransmission","[]","2005-10"
"[P1Y]","3","[dcAggregate/NORSNonInfectiousDisease]","[]","Count_MedicalConditionIncident_CampylobacterUnknown_PatientHospitalized_EnvironmentalContaminationTransmissionExceptFood_Water","[]","2018-07"
"[P1Y]","2","[dcAggregate/NORSNonInfectiousDisease]","[]","Count_MedicalConditionIncident_Phenol_PatientDeceased_ConfirmedCase_WaterborneTransmission","[]","1974-07"
"[P1Y]","51","[dcAggregate/NORSNonInfectiousDisease]","[]","Count_MedicalConditionIncident_NorovirusUnknown_PatientHospitalized_FoodborneTransmission","[]","1998-04"
"[P1Y]","4","[dcAggregate/NORSNonInfectiousDisease]","[]","Count_MedicalConditionIncident_ShigaToxinEColi_PatientHospitalized_SuspectedCase_AnimalContactTransmission","[]","2016-08"
"[P1Y]","2","[dcAggregate/NORSNonInfectiousDisease]","[]","Count_MedicalConditionIncident_NeurotoxicShellfishPoison_PatientHospitalized_SuspectedCase_FoodborneTransmission","[]","2001-03"
"[P1Y]","10","[dcAggregate/NORSNonInfectiousDisease]","[]","Count_MedicalConditionIncident_NorovirusGenogroupI_EnvironmentalContaminationTransmissionExceptFood_Water","[]","2009-04"
"[P1Y]","5","[dcAggregate/NORSNonInfectiousDisease]","[]","Count_MedicalConditionIncident_CyanotoxinUnknown_PatientDeceased_SuspectedCase_WaterborneTransmission","[]","2009-06"
"[P1Y]","15","[dcAggregate/NORSNonInfectiousDisease]","[]","Count_MedicalConditionIncident_SapovirusUnknown_ConfirmedCase_PersonToPersonTransmission","[]","2013-12"
"[P1Y]","16","[dcAggregate/NORSNonInfectiousDisease]","[]","Count_MedicalConditionIncident_NorovirusGenogroupII_WaterborneTransmission","[]","2007-05"
"[P1Y]","6","[dcAggregate/NORSNonInfectiousDisease]","[]","Count_MedicalConditionIncident_FuelOil_WaterborneTransmission","[]","1972-11"
"[P1Y]","38","[dcAggregate/NORSNonInfectiousDisease]","[]","Count_MedicalConditionIncident_Norovirus_PatientDeceased_SuspectedCase_FoodborneTransmission","[]","2007-03"
"[P1Y]","5","[dcAggregate/NORSNonInfectiousDisease]","[]","Count_MedicalConditionIncident_CampylobacterJejuniEtiology_PatientHospitalized_EnvironmentalContaminationTransmissionExceptFood_Water","[]","2012-07"
"[P1Y]","4","[dcAggregate/NORSNonInfectiousDisease]","[]","Count_MedicalConditionIncident_EColiOther_PatientHospitalized_SuspectedCase_FoodborneTransmission","[]","1999-09"
"[P1Y]","2","[dcAggregate/NORSNonInfectiousDisease]","[]","Count_MedicalConditionIncident_Rotavirus_ConfirmedCase_WaterborneTransmission","[]","1981-03"
"[P1Y]","3","[dcAggregate/NORSNonInfectiousDisease]","[]","Count_MedicalConditionIncident_SapovirusGenogroupI_PatientDeceased_FoodborneTransmission","[]","2012-11"
"[P1Y]","5","[dcAggregate/NORSNonInfectiousDisease]","[]","Count_MedicalConditionIncident_LeptospiraInterrogansEtiology_PatientHospitalized_WaterborneTransmission","[]","1981-08"
"[P1Y]","36","[dcAggregate/NORSNonInfectiousDisease]","[]","Count_MedicalConditionIncident_ShigaToxinEColi_PatientHospitalized_PersonToPersonTransmission","[]","2009-02"
"[P1Y]","2","[dcAggregate/NORSNonInfectiousDisease]","[]","Count_MedicalConditionIncident_CyanotoxinOther_PatientHospitalized_SuspectedCase_WaterborneTransmission","[]","2018-06"
"[P1Y]","3","[dcAggregate/NORSNonInfectiousDisease]","[]","Count_MedicalConditionIncident_NorovirusOther_PatientDeceased_FoodborneTransmission","[]","2012-03"
"[P1Y]","15","[dcAggregate/NORSNonInfectiousDisease]","[]","Count_MedicalConditionIncident_NORSOtherBacterium_FoodborneTransmission","[]","1998-04"
"[P1Y]","46","[dcAggregate/NORSNonInfectiousDisease]","[]","Count_MedicalConditionIncident_NorovirusGenogroupI_PatientHospitalized_ConfirmedCase_PersonToPersonTransmission","[]","2009-01"
"[P1Y]","3","[dcAggregate/NORSNonInfectiousDisease]","[]","Count_MedicalConditionIncident_VibrioVulnificusEtiology_PatientHospitalized_FoodborneTransmission","[]","2015-12"
"[P1Y]","4","[dcAggregate/NORSNonInfectiousDisease]","[]","Count_MedicalConditionIncident_CampylobacterColiEtiology_SuspectedCase_FoodborneTransmission","[]","2002-02"
"[P1Y]","2","[dcAggregate/NORSNonInfectiousDisease]","[]","Count_MedicalConditionIncident_LeptospiraUnknown_PatientHospitalized_ConfirmedCase_EnvironmentalContaminationTransmissionExceptFood_Water","[]","2023-10"
"[P1Y]","4","[dcAggregate/NORSNonInfectiousDisease]","[]","Count_MedicalConditionIncident_ClostridiumOther_PatientHospitalized_SuspectedCase_PersonToPersonTransmission","[]","2013-03"
"[P1Y]","4","[dcAggregate/NORSNonInfectiousDisease]","[]","Count_MedicalConditionIncident_BacillusCereusEtiology_Indeterminate_Other_UnknownTramissionMode","[]","2011-04"
"[P1Y]","3","[dcAggregate/NORSNonInfectiousDisease]","[]","Count_MedicalConditionIncident_EColiOther_PersonToPersonTransmission","[]","2019-05"
"[P1Y]","2","[dcAggregate/NORSNonInfectiousDisease]","[]","Count_MedicalConditionIncident_AlkalineWater_PatientDeceased_ConfirmedCase_WaterborneTransmission","[]","1988-04"
"[P1Y]","7","[dcAggregate/NORSNonInfectiousDisease]","[]","Count_MedicalConditionIncident_Sapovirus_PatientHospitalized_Indeterminate_Other_UnknownTramissionMode","[]","2011-12"
"[P1Y]","5","[dcAggregate/NORSNonInfectiousDisease]","[]","Count_MedicalConditionIncident_ShigellaSonneiEtiology_PatientHospitalized_ConfirmedCase_EnvironmentalContaminationTransmissionExceptFood_Water","[]","2010-08"
"[P1Y]","44","[dcAggregate/NORSNonInfectiousDisease]","[]","Count_MedicalConditionIncident_CryptosporidiumUnknown_WaterborneTransmission","[]","1992-06"
"[P1Y]","5","[dcAggregate/NORSNonInfectiousDisease]","[]","Count_MedicalConditionIncident_CampylobacterJejuniEtiology_PatientHospitalized_SuspectedCase_AnimalContactTransmission","[]","2009-05"
"[P1Y]","8","[dcAggregate/NORSNonInfectiousDisease]","[]","Count_MedicalConditionIncident_Astrovirus_PatientDeceased_PersonToPersonTransmission","[]","2011-11"
"[P1Y]","12","[dcAggregate/NORSNonInfectiousDisease]","[]","Count_MedicalConditionIncident_NorovirusGenogroupII_ConfirmedCase_EnvironmentalContaminationTransmissionExceptFood_Water","[]","2011-02"
"[P1Y]","14","[dcAggregate/NORSNonInfectiousDisease]","[]","Count_MedicalConditionIncident_CryptosporidiumParvumEtiology_PatientHospitalized_FoodborneTransmission","[]","1998-09"
"[P1Y]","4","[dcAggregate/NORSNonInfectiousDisease]","[]","Count_MedicalConditionIncident_ClostridiumEtiology_PatientHospitalized_ConfirmedCase_PersonToPersonTransmission","[]","2013-02"
"[P1Y]","2","[dcAggregate/NORSNonInfectiousDisease]","[]","Count_MedicalConditionIncident_BacillusOther_PatientHospitalized_FoodborneTransmission","[]","2006-03"
"[P1Y]","24","[dcAggregate/NORSNonInfectiousDisease]","[]","Count_MedicalConditionIncident_LegionellaUnknown_PatientDeceased_ConfirmedCase_WaterborneTransmission","[]","1975-08"
"[P1Y]","2","[dcAggregate/NORSNonInfectiousDisease]","[]","Count_MedicalConditionIncident_Cholera_PatientHospitalized_Indeterminate_Other_UnknownTramissionMode","[]","2015-06"
"[P1Y]","29","[dcAggregate/NORSNonInfectiousDisease]","[]","Count_MedicalConditionIncident_ShigellaSonneiEtiology_PatientDeceased_FoodborneTransmission","[]","1998-01"
"[P1Y]","14","[dcAggregate/NORSNonInfectiousDisease]","[]","Count_MedicalConditionIncident_CampylobacterEtiology_PatientDeceased_SuspectedCase_FoodborneTransmission","[]","2013-08"
"[P1Y]","6","[dcAggregate/NORSNonInfectiousDisease]","[]","Count_MedicalConditionIncident_ClostridiumEtiology_PatientDeceased_PersonToPersonTransmission","[]","2009-01"
"[P1Y]","2","[dcAggregate/NORSNonInfectiousDisease]","[]","Count_MedicalConditionIncident_TrichinellaSpiralisEtiology_PatientDeceased_SuspectedCase_FoodborneTransmission","[]","2023-12"
"[P1Y]","2","[dcAggregate/NORSNonInfectiousDisease]","[]","Count_MedicalConditionIncident_CampylobacterColiEtiology_PatientDeceased_SuspectedCase_AnimalContactTransmission","[]","2013-04"
"[P1Y]","16","[dcAggregate/NORSNonInfectiousDisease]","[]","Count_MedicalConditionIncident_NorovirusGenogroupII_ConfirmedCase_WaterborneTransmission","[]","2007-05"
"[P1Y]","2","[dcAggregate/NORSNonInfectiousDisease]","[]","Count_MedicalConditionIncident_GiardiaDuodenalisEtiology_PatientDeceased_SuspectedCase_Indeterminate_Other_UnknownTramissionMode","[]","2018-08"
"[P1Y]","10","[dcAggregate/NORSNonInfectiousDisease]","[]","Count_MedicalConditionIncident_SalmonellaUnknown_Indeterminate_Other_UnknownTramissionMode","[]","2012-10"
"[P1Y]","20","[dcAggregate/NORSNonInfectiousDisease]","[]","Count_MedicalConditionIncident_ClostridiumDifficileEtiology_PatientHospitalized_PersonToPersonTransmission","[]","2014-12"
"[P1Y]","3","[dcAggregate/NORSNonInfectiousDisease]","[]","Count_MedicalConditionIncident_CryptosporidiumParvumEtiology_PatientDeceased_SuspectedCase_FoodborneTransmission","[]","2006-07"
"[P1Y]","2","[dcAggregate/NORSNonInfectiousDisease]","[]","Count_MedicalConditionIncident_EColiEnteropathogenicEtiology_SuspectedCase_WaterborneTransmission","[]","2023-06"
"[P1Y]","2","[dcAggregate/NORSNonInfectiousDisease]","[]","Count_MedicalConditionIncident_MicrocoleusLyngbyeiEtiology_WaterborneTransmission","[]","1981-08"
"[P1Y]","11","[dcAggregate/NORSNonInfectiousDisease]","[]","Count_MedicalConditionIncident_Fluorine_ConfirmedCase_WaterborneTransmission","[]","1972-06"
"[P1Y]","2","[dcAggregate/NORSNonInfectiousDisease]","[]","Count_MedicalConditionIncident_ShigellaOther_PatientDeceased_ConfirmedCase_Indeterminate_Other_UnknownTramissionMode","[]","2012-01"
"[P1Y]","9","[dcAggregate/NORSNonInfectiousDisease]","[]","Count_MedicalConditionIncident_ShigaToxinEColi_PatientDeceased_EnvironmentalContaminationTransmissionExceptFood_Water","[]","2011-05"
"[P1Y]","3","[dcAggregate/NORSNonInfectiousDisease]","[]","Count_MedicalConditionIncident_YersiniaEnterocoliticaEtiology_PatientDeceased_ConfirmedCase_Indeterminate_Other_UnknownTramissionMode","[]","2010-11"
"[P1Y]","2","[dcAggregate/NORSNonInfectiousDisease]","[]","Count_MedicalConditionIncident_ClostridiumOther_FoodborneTransmission","[]","2011-04"
"[P1Y]","52","[dcAggregate/NORSNonInfectiousDisease]","[]","Count_MedicalConditionIncident_NorovirusGenogroupII_FoodborneTransmission","[]","1998-03"
"[P1Y]","25","[dcAggregate/NORSNonInfectiousDisease]","[]","Count_MedicalConditionIncident_ShigellaSonneiEtiology_ConfirmedCase_Indeterminate_Other_UnknownTramissionMode","[]","2009-01"
"[P1Y]","2","[dcAggregate/NORSNonInfectiousDisease]","[]","Count_MedicalConditionIncident_GiardiaDuodenalisEtiology_PatientDeceased_SuspectedCase_EnvironmentalContaminationTransmissionExceptFood_Water","[]","2019-09"
"[P1Y]","2","[dcAggregate/NORSNonInfectiousDisease]","[]","Count_MedicalConditionIncident_NeurotoxicShellfishPoison_ConfirmedCase_FoodborneTransmission","[]","2005-07"
"[P1Y]","4","[dcAggregate/NORSNonInfectiousDisease]","[]","Count_MedicalConditionIncident_NorovirusGenogroupIX_PersonToPersonTransmission","[]","2021-01"
"[P1Y]","17","[dcAggregate/NORSNonInfectiousDisease]","[]","Count_MedicalConditionIncident_SapovirusUnknown_PatientDeceased_PersonToPersonTransmission","[]","2012-11"
"[P1Y]","2","[dcAggregate/NORSNonInfectiousDisease]","[]","Count_MedicalConditionIncident_ClostridiumEtiology_ConfirmedCase_EnvironmentalContaminationTransmissionExceptFood_Water","[]","2020-02"
"[P1Y]","2","[dcAggregate/NORSNonInfectiousDisease]","[]","Count_MedicalConditionIncident_EColiUnknownEtiology_PatientDeceased_PersonToPersonTransmission","[]","2023-07"
"[P1Y]","14","[dcAggregate/NORSNonInfectiousDisease]","[]","Count_MedicalConditionIncident_ShigellaFlexneriEtiology_PatientDeceased_Indeterminate_Other_UnknownTramissionMode","[]","2010-01"
"[P1Y]","10","[dcAggregate/NORSNonInfectiousDisease]","[]","Count_MedicalConditionIncident_Rotavirus_FoodborneTransmission","[]","2000-03"
"[P1Y]","8","[dcAggregate/NORSNonInfectiousDisease]","[]","Count_MedicalConditionIncident_ShigellaBoydiiEtiology_PatientDeceased_FoodborneTransmission","[]","1998-01"
"[P1Y]","23","[dcAggregate/NORSNonInfectiousDisease]","[]","Count_MedicalConditionIncident_CryptosporidiumParvumEtiology_ConfirmedCase_WaterborneTransmission","[]","1984-07"
"[P1Y]","20","[dcAggregate/NORSNonInfectiousDisease]","[]","Count_MedicalConditionIncident_CampylobacterJejuniEtiology_ConfirmedCase_Indeterminate_Other_UnknownTramissionMode","[]","2009-08"
"[P1Y]","30","[dcAggregate/NORSNonInfectiousDisease]","[]","Count_MedicalConditionIncident_PseudomonasAeruginosaEtiology_PatientDeceased_WaterborneTransmission","[]","1978-10"
"[P1Y]","2","[dcAggregate/NORSNonInfectiousDisease]","[]","Count_MedicalConditionIncident_AdenovirusUnknown_PersonToPersonTransmission","[]","2021-10"
"[P1Y]","2","[dcAggregate/NORSNonInfectiousDisease]","[]","Count_MedicalConditionIncident_MonosodiumGlutamate_ConfirmedCase_FoodborneTransmission","[]","2006-04"
"[P1Y]","10","[dcAggregate/NORSNonInfectiousDisease]","[]","Count_MedicalConditionIncident_EColiEnteropathogenicEtiology_PatientDeceased_PersonToPersonTransmission","[]","2016-06"
"[P1Y]","1","[dcAggregate/NORSNonInfectiousDisease]","[]","Count_MedicalConditionIncident_Cholera_WaterborneTransmission","[]","2000-12"
"[P1Y]","28","[dcAggregate/NORSNonInfectiousDisease]","[]","Count_MedicalConditionIncident_ShigaToxinEColi_ConfirmedCase_WaterborneTransmission","[]","1989-12"
"[P1Y]","2","[dcAggregate/NORSNonInfectiousDisease]","[]","Count_MedicalConditionIncident_NORSUnknown_SuspectedCase_PersonToPersonTransmission","[]","2023-07"
"[P1Y]","33","[dcAggregate/NORSNonInfectiousDisease]","[]","Count_MedicalConditionIncident_Rotavirus_PatientDeceased_PersonToPersonTransmission","[]","2009-01"
"[P1Y]","28","[dcAggregate/NORSNonInfectiousDisease]","[]","Count_MedicalConditionIncident_VibrioParahaemolyticusEtiology_PatientDeceased_ConfirmedCase_FoodborneTransmission","[]","1998-01"
"[P1Y]","5","[dcAggregate/NORSNonInfectiousDisease]","[]","Count_MedicalConditionIncident_StaphylococcusEtiology_SuspectedCase_FoodborneTransmission","[]","2015-06"
"[P1Y]","2","[dcAggregate/NORSNonInfectiousDisease]","[]","Count_MedicalConditionIncident_AmnesicShellfishPoison_ConfirmedCase_FoodborneTransmission","[]","2013-07"
"[P1Y]","10","[dcAggregate/NORSNonInfectiousDisease]","[]","Count_MedicalConditionIncident_CampylobacterEtiology_PatientHospitalized_SuspectedCase_Indeterminate_Other_UnknownTramissionMode","[]","2013-04"
"[P1Y]","2","[dcAggregate/NORSNonInfectiousDisease]","[]","Count_MedicalConditionIncident_ShigellaDysenteriaeEtiology_FoodborneTransmission","[]","2002-02"
"[P1Y]","2","[dcAggregate/NORSNonInfectiousDisease]","[]","Count_MedicalConditionIncident_Brucella_PatientHospitalized_ConfirmedCase_FoodborneTransmission","[]","2016-03"
"[P1Y]","10","[dcAggregate/NORSNonInfectiousDisease]","[]","Count_MedicalConditionIncident_ShigellaFlexneriEtiology_PatientHospitalized_ConfirmedCase_WaterborneTransmission","[]","1976-08"
"[P1Y]","2","[dcAggregate/NORSNonInfectiousDisease]","[]","Count_MedicalConditionIncident_AlkalineWater_WaterborneTransmission","[]","1988-04"
"[P1Y]","2","[dcAggregate/NORSNonInfectiousDisease]","[]","Count_MedicalConditionIncident_EColiOther_SuspectedCase_PersonToPersonTransmission","[]","2022-07"
"[P1Y]","12","[dcAggregate/NORSNonInfectiousDisease]","[]","Count_MedicalConditionIncident_ShigellaEtiology_PatientHospitalized_SuspectedCase_PersonToPersonTransmission","[]","2012-01"
"[P1Y]","18","[dcAggregate/NORSNonInfectiousDisease]","[]","Count_MedicalConditionIncident_CampylobacterJejuniEtiology_AnimalContactTransmission","[]","2009-05"
"[P1Y]","2","[dcAggregate/NORSNonInfectiousDisease]","[]","Count_MedicalConditionIncident_StreptococcusUnknown_PatientHospitalized_ConfirmedCase_WaterborneTransmission","[]","1984-02"
"[P1Y]","56","[dcAggregate/NORSNonInfectiousDisease]","[]","Count_MedicalConditionIncident_WaterborneTransmission","[]","1971-02"
"[P1Y]","50","[dcAggregate/NORSNonInfectiousDisease]","[]","Count_MedicalConditionIncident_NorovirusGenogroupII_PatientHospitalized_ConfirmedCase_PersonToPersonTransmission","[]","2009-01"
"[P1Y]","13","[dcAggregate/NORSNonInfectiousDisease]","[]","Count_MedicalConditionIncident_CampylobacterUnknown_ConfirmedCase_Indeterminate_Other_UnknownTramissionMode","[]","2009-06"
"[P1Y]","2","[dcAggregate/NORSNonInfectiousDisease]","[]","Count_MedicalConditionIncident_NORSUnknown_PatientDeceased_Indeterminate_Other_UnknownTramissionMode","[]","2023-12"
"[P1Y]","2","[dcAggregate/NORSNonInfectiousDisease]","[]","Count_MedicalConditionIncident_CyclosporaEtiology_PatientHospitalized_Indeterminate_Other_UnknownTramissionMode","[]","2020-02"
"[P1Y]","3","[dcAggregate/NORSNonInfectiousDisease]","[]","Count_MedicalConditionIncident_CyclosporaCayetanensisEtiology_PatientHospitalized_SuspectedCase_Indeterminate_Other_UnknownTramissionMode","[]","2019-05"
"[P1Y]","2","[dcAggregate/NORSNonInfectiousDisease]","[]","Count_MedicalConditionIncident_ShigellaUnknown_PatientHospitalized_SuspectedCase_EnvironmentalContaminationTransmissionExceptFood_Water","[]","2019-06"
"[P1Y]","2","[dcAggregate/NORSNonInfectiousDisease]","[]","Count_MedicalConditionIncident_MicrocoleusLyngbyeiEtiology_PatientDeceased_WaterborneTransmission","[]","1981-08"
"[P1Y]","2","[dcAggregate/NORSNonInfectiousDisease]","[]","Count_MedicalConditionIncident_SapovirusGenogroupI_PatientDeceased_Indeterminate_Other_UnknownTramissionMode","[]","2013-02"
"[P1Y]","4","[dcAggregate/NORSNonInfectiousDisease]","[]","Count_MedicalConditionIncident_StaphylococcusAureusEtiology_PatientHospitalized_ConfirmedCase_Indeterminate_Other_UnknownTramissionMode","[]","2009-01"
"[P1Y]","13","[dcAggregate/NORSNonInfectiousDisease]","[]","Count_MedicalConditionIncident_CryptosporidiumEtiology_PatientDeceased_PersonToPersonTransmission","[]","2009-02"
"[P1Y]","4","[dcAggregate/NORSNonInfectiousDisease]","[]","Count_MedicalConditionIncident_NORSOtherVirus_PatientDeceased_PersonToPersonTransmission","[]","2020-05"
"[P1Y]","5","[dcAggregate/NORSNonInfectiousDisease]","[]","Count_MedicalConditionIncident_CyanotoxinUnknown_PatientDeceased_WaterborneTransmission","[]","2009-06"
"[P1Y]","2","[dcAggregate/NORSNonInfectiousDisease]","[]","Count_MedicalConditionIncident_BacillusOther_PatientDeceased_FoodborneTransmission","[]","2006-03"
"[P1Y]","2","[dcAggregate/NORSNonInfectiousDisease]","[]","Count_MedicalConditionIncident_Cyanotoxin_PatientHospitalized_SuspectedCase_WaterborneTransmission","[]","2009-06"
"[P1Y]","2","[dcAggregate/NORSNonInfectiousDisease]","[]","Count_MedicalConditionIncident_EColiEnteroinvasiveEtiology_PatientDeceased_ConfirmedCase_PersonToPersonTransmission","[]","2017-08"
"[P1Y]","2","[dcAggregate/NORSNonInfectiousDisease]","[]","Count_MedicalConditionIncident_Chromium_PatientDeceased_ConfirmedCase_WaterborneTransmission","[]","1974-09"
"[P1Y]","13","[dcAggregate/NORSNonInfectiousDisease]","[]","Count_MedicalConditionIncident_CryptosporidiumParvumEtiology_ConfirmedCase_FoodborneTransmission","[]","1998-09"
"[P1Y]","4","[dcAggregate/NORSNonInfectiousDisease]","[]","Count_MedicalConditionIncident_ClostridiumOther_PatientDeceased_SuspectedCase_PersonToPersonTransmission","[]","2013-03"
"[P1Y]","2","[dcAggregate/NORSNonInfectiousDisease]","[]","Count_MedicalConditionIncident_MycobacteriumOther_ConfirmedCase_WaterborneTransmission","[]","2016-10"
"[P1Y]","53","[dcAggregate/NORSNonInfectiousDisease]","[]","Count_MedicalConditionIncident_PatientHospitalized_Indeterminate_Other_UnknownTramissionMode","[]","2009-01"
"[P1Y]","2","[dcAggregate/NORSNonInfectiousDisease]","[]","Count_MedicalConditionIncident_ShigaToxinEColi_PatientDeceased_SuspectedCase_EnvironmentalContaminationTransmissionExceptFood_Water","[]","2019-07"
"[P1Y]","3","[dcAggregate/NORSNonInfectiousDisease]","[]","Count_MedicalConditionIncident_GiardiaEtiology_PatientHospitalized_SuspectedCase_Indeterminate_Other_UnknownTramissionMode","[]","2013-11"
"[P1Y]","3","[dcAggregate/NORSNonInfectiousDisease]","[]","Count_MedicalConditionIncident_Norovirus_PatientHospitalized_SuspectedCase_WaterborneTransmission","[]","2009-09"
"[P1Y]","2","[dcAggregate/NORSNonInfectiousDisease]","[]","Count_MedicalConditionIncident_MycobacteriumAviumComplexEtiology_PatientDeceased_WaterborneTransmission","[]","2011-01"
"[P1Y]","32","[dcAggregate/NORSNonInfectiousDisease]","[]","Count_MedicalConditionIncident_PseudomonasUnknown_ConfirmedCase_WaterborneTransmission","[]","1978-02"
"[P1Y]","5","[dcAggregate/NORSNonInfectiousDisease]","[]","Count_MedicalConditionIncident_ShigellaSonneiEtiology_EnvironmentalContaminationTransmissionExceptFood_Water","[]","2010-08"
"[P1Y]","5","[dcAggregate/NORSNonInfectiousDisease]","[]","Count_MedicalConditionIncident_CryptosporidiumParvumEtiology_SuspectedCase_PersonToPersonTransmission","[]","2010-07"
"[P1Y]","1","[dcAggregate/NORSNonInfectiousDisease]","[]","Count_MedicalConditionIncident_Cholera_PatientHospitalized_WaterborneTransmission","[]","2000-12"
"[P1Y]","7","[dcAggregate/NORSNonInfectiousDisease]","[]","Count_MedicalConditionIncident_VibrioEtiology_PatientHospitalized_FoodborneTransmission","[]","2018-07"
"[P1Y]","9","[dcAggregate/NORSNonInfectiousDisease]","[]","Count_MedicalConditionIncident_SalmonellaEtiology_PatientDeceased_FoodborneTransmission","[]","2013-07"
"[P1Y]","26","[dcAggregate/NORSNonInfectiousDisease]","[]","Count_MedicalConditionIncident_CampylobacterUnknown_PatientDeceased_ConfirmedCase_FoodborneTransmission","[]","1998-01"
"[P1Y]","2","[dcAggregate/NORSNonInfectiousDisease]","[]","Count_MedicalConditionIncident_NORSOtherParasite_PatientHospitalized_ConfirmedCase_FoodborneTransmission","[]","2006-08"
"[P1Y]","2","[dcAggregate/NORSNonInfectiousDisease]","[]","Count_MedicalConditionIncident_CryptosporidiumOther_PatientHospitalized_PersonToPersonTransmission","[]","2016-08"
"[P1Y]","8","[dcAggregate/NORSNonInfectiousDisease]","[]","Count_MedicalConditionIncident_SalmonellaUnknown_ConfirmedCase_WaterborneTransmission","[]","1974-07"
"[P1Y]","4","[dcAggregate/NORSNonInfectiousDisease]","[]","Count_MedicalConditionIncident_TrichinellaUnknown_PatientHospitalized_FoodborneTransmission","[]","2012-01"
"[P1Y]","33","[dcAggregate/NORSNonInfectiousDisease]","[]","Count_MedicalConditionIncident_Norovirus_SuspectedCase_Indeterminate_Other_UnknownTramissionMode","[]","2009-01"
"[P1Y]","6","[dcAggregate/NORSNonInfectiousDisease]","[]","Count_MedicalConditionIncident_SalmonellaUnknown_PatientDeceased_ConfirmedCase_Indeterminate_Other_UnknownTramissionMode","[]","2015-08"
"[P1Y]","2","[dcAggregate/NORSNonInfectiousDisease]","[]","Count_MedicalConditionIncident_StreptococcusGroupA_PatientHospitalized_SuspectedCase_FoodborneTransmission","[]","2015-03"
"[P1Y]","3","[dcAggregate/NORSNonInfectiousDisease]","[]","Count_MedicalConditionIncident_ShigellaEtiology_PatientDeceased_SuspectedCase_FoodborneTransmission","[]","2019-12"
"[P1Y]","36","[dcAggregate/NORSNonInfectiousDisease]","[]","Count_MedicalConditionIncident_SalmonellaEntericaEtiology_ConfirmedCase_PersonToPersonTransmission","[]","2009-08"
"[P1Y]","3","[dcAggregate/NORSNonInfectiousDisease]","[]","Count_MedicalConditionIncident_Astrovirus_PatientHospitalized_FoodborneTransmission","[]","2002-01"
"[P1Y]","13","[dcAggregate/NORSNonInfectiousDisease]","[]","Count_MedicalConditionIncident_ShigellaFlexneriEtiology_ConfirmedCase_Indeterminate_Other_UnknownTramissionMode","[]","2010-01"
"[P1Y]","6","[dcAggregate/NORSNonInfectiousDisease]","[]","Count_MedicalConditionIncident_ShigellaFlexneriEtiology_PatientDeceased_SuspectedCase_PersonToPersonTransmission","[]","2012-12"
"[P1Y]","17","[dcAggregate/NORSNonInfectiousDisease]","[]","Count_MedicalConditionIncident_SalmonellaEntericaEtiology_PatientDeceased_SuspectedCase_PersonToPersonTransmission","[]","2009-04"
"[P1Y]","4","[dcAggregate/NORSNonInfectiousDisease]","[]","Count_MedicalConditionIncident_VibrioEtiology_PatientDeceased_ConfirmedCase_FoodborneTransmission","[]","2021-07"
"[P1Y]","14","[dcAggregate/NORSNonInfectiousDisease]","[]","Count_MedicalConditionIncident_SalmonellaEntericaEtiology_PatientHospitalized_EnvironmentalContaminationTransmissionExceptFood_Water","[]","2009-10"
"[P1Y]","3","[dcAggregate/NORSNonInfectiousDisease]","[]","Count_MedicalConditionIncident_NORSOtherBacterium_ConfirmedCase_WaterborneTransmission","[]","2018-02"
"[P1Y]","6","[dcAggregate/NORSNonInfectiousDisease]","[]","Count_MedicalConditionIncident_Rotavirus_PatientHospitalized_SuspectedCase_FoodborneTransmission","[]","2002-03"
"[P1Y]","4","[dcAggregate/NORSNonInfectiousDisease]","[]","Count_MedicalConditionIncident_NORSOtherBacterium_ConfirmedCase_FoodborneTransmission","[]","2004-01"
"[P1Y]","42","[dcAggregate/NORSNonInfectiousDisease]","[]","Count_MedicalConditionIncident_NorovirusUnknown_PatientDeceased_ConfirmedCase_FoodborneTransmission","[]","2001-01"
"[P1Y]","18","[dcAggregate/NORSNonInfectiousDisease]","[]","Count_MedicalConditionIncident_ShigellaFlexneriEtiology_ConfirmedCase_PersonToPersonTransmission","[]","2009-07"
"[P1Y]","4","[dcAggregate/NORSNonInfectiousDisease]","[]","Count_MedicalConditionIncident_NORSUnknownVirus_PatientDeceased_WaterborneTransmission","[]","2010-03"
"[P1Y]","2","[dcAggregate/NORSNonInfectiousDisease]","[]","Count_MedicalConditionIncident_YersiniaEtiology_PatientDeceased_ConfirmedCase_Indeterminate_Other_UnknownTramissionMode","[]","2013-11"
"[P1Y]","2","[dcAggregate/NORSNonInfectiousDisease]","[]","Count_MedicalConditionIncident_AdenovirusB_PatientDeceased_SuspectedCase_WaterborneTransmission","[]","1991-06"
"[P1Y]","7","[dcAggregate/NORSNonInfectiousDisease]","[]","Count_MedicalConditionIncident_NORSOtherVirus_PatientHospitalized_ConfirmedCase_FoodborneTransmission","[]","2003-10"
"[P1Y]","7","[dcAggregate/NORSNonInfectiousDisease]","[]","Count_MedicalConditionIncident_Sapovirus_ConfirmedCase_FoodborneTransmission","[]","2012-04"
"[P1Y]","2","[dcAggregate/NORSNonInfectiousDisease]","[]","Count_MedicalConditionIncident_StaphylococcusAureusEtiology_PatientDeceased_SuspectedCase_Indeterminate_Other_UnknownTramissionMode","[]","2009-04"
"[P1Y]","50","[dcAggregate/NORSNonInfectiousDisease]","[]","Count_MedicalConditionIncident_NorovirusGenogroupI_PatientDeceased_ConfirmedCase_FoodborneTransmission","[]","1998-02"
"[P1Y]","6","[dcAggregate/NORSNonInfectiousDisease]","[]","Count_MedicalConditionIncident_NorovirusGenogroupII_PatientHospitalized_SuspectedCase_EnvironmentalContaminationTransmissionExceptFood_Water","[]","2011-04"
"[P1Y]","5","[dcAggregate/NORSNonInfectiousDisease]","[]","Count_MedicalConditionIncident_CampylobacterJejuniEtiology_SuspectedCase_AnimalContactTransmission","[]","2009-05"
"[P1Y]","28","[dcAggregate/NORSNonInfectiousDisease]","[]","Count_MedicalConditionIncident_ShigellaSonneiEtiology_PatientDeceased_Indeterminate_Other_UnknownTramissionMode","[]","2009-01"
"[P1Y]","18","[dcAggregate/NORSNonInfectiousDisease]","[]","Count_MedicalConditionIncident_CampylobacterUnknown_PatientHospitalized_Indeterminate_Other_UnknownTramissionMode","[]","2009-06"
"[P1Y]","9","[dcAggregate/NORSNonInfectiousDisease]","[]","Count_MedicalConditionIncident_Chloramines_WaterborneTransmission","[]","1997-09"
"[P1Y]","21","[dcAggregate/NORSNonInfectiousDisease]","[]","Count_MedicalConditionIncident_ShigaToxinEColi_PatientDeceased_ConfirmedCase_AnimalContactTransmission","[]","2009-01"
"[P1Y]","10","[dcAggregate/NORSNonInfectiousDisease]","[]","Count_MedicalConditionIncident_CampylobacterJejuniEtiology_ConfirmedCase_PersonToPersonTransmission","[]","2010-06"
"[P1Y]","2","[dcAggregate/NORSNonInfectiousDisease]","[]","Count_MedicalConditionIncident_NORSOtherVirus_ConfirmedCase_PersonToPersonTransmission","[]","2023-12"
"[P1Y]","2","[dcAggregate/NORSNonInfectiousDisease]","[]","Count_MedicalConditionIncident_AnatoxinA_PatientDeceased_WaterborneTransmission","[]","2021-02"
"[P1Y]","9","[dcAggregate/NORSNonInfectiousDisease]","[]","Count_MedicalConditionIncident_SalmonellaUnknown_PatientHospitalized_SuspectedCase_FoodborneTransmission","[]","2005-08"
"[P1Y]","2","[dcAggregate/NORSNonInfectiousDisease]","[]","Count_MedicalConditionIncident_SalmonellaOther_PatientHospitalized_SuspectedCase_Indeterminate_Other_UnknownTramissionMode","[]","2022-10"
"[P1Y]","4","[dcAggregate/NORSNonInfectiousDisease]","[]","Count_MedicalConditionIncident_ClostridiumDifficileEtiology_SuspectedCase_Indeterminate_Other_UnknownTramissionMode","[]","2016-07"
"[P1Y]","54","[dcAggregate/NORSNonInfectiousDisease]","[]","Count_MedicalConditionIncident_SalmonellaEntericaEtiology_PatientHospitalized_FoodborneTransmission","[]","1998-01"
"[P1Y]","7","[dcAggregate/NORSNonInfectiousDisease]","[]","Count_MedicalConditionIncident_ClostridiumDifficileEtiology_PatientHospitalized_ConfirmedCase_Indeterminate_Other_UnknownTramissionMode","[]","2016-05"
"[P1Y]","3","[dcAggregate/NORSNonInfectiousDisease]","[]","Count_MedicalConditionIncident_Arsenic_ConfirmedCase_WaterborneTransmission","[]","1972-05"
"[P1Y]","5","[dcAggregate/NORSNonInfectiousDisease]","[]","Count_MedicalConditionIncident_ShigellaEtiology_PatientDeceased_Indeterminate_Other_UnknownTramissionMode","[]","2015-05"
"[P1Y]","4","[dcAggregate/NORSNonInfectiousDisease]","[]","Count_MedicalConditionIncident_ParalyticShellfishPoison_PatientDeceased_SuspectedCase_FoodborneTransmission","[]","1999-03"
"[P1Y]","19","[dcAggregate/NORSNonInfectiousDisease]","[]","Count_MedicalConditionIncident_ListeriaMonocytogenesEtiology_PatientDeceased_ConfirmedCase_FoodborneTransmission","[]","1998-12"
"[P1Y]","5","[dcAggregate/NORSNonInfectiousDisease]","[]","Count_MedicalConditionIncident_PlesiomonasShigelloidesEtiology_WaterborneTransmission","[]","1996-06"
"[P1Y]","20","[dcAggregate/NORSNonInfectiousDisease]","[]","Count_MedicalConditionIncident_ClostridiumBotulinumEtiology_PatientHospitalized_ConfirmedCase_FoodborneTransmission","[]","1998-06"
"[P1Y]","15","[dcAggregate/NORSNonInfectiousDisease]","[]","Count_MedicalConditionIncident_SapovirusUnknown_PatientHospitalized_ConfirmedCase_PersonToPersonTransmission","[]","2013-12"
"[P1Y]","2","[dcAggregate/NORSNonInfectiousDisease]","[]","Count_MedicalConditionIncident_GiardiaDuodenalisEtiology_EnvironmentalContaminationTransmissionExceptFood_Water","[]","2019-09"
"[P1Y]","3","[dcAggregate/NORSNonInfectiousDisease]","[]","Count_MedicalConditionIncident_GiardiaEtiology_SuspectedCase_PersonToPersonTransmission","[]","2017-03"
"[P1Y]","32","[dcAggregate/NORSNonInfectiousDisease]","[]","Count_MedicalConditionIncident_GiardiaDuodenalisEtiology_PatientDeceased_WaterborneTransmission","[]","1972-05"
"[P1Y]","2","[dcAggregate/NORSNonInfectiousDisease]","[]","Count_MedicalConditionIncident_CryptosporidiumUnknown_PatientHospitalized_EnvironmentalContaminationTransmissionExceptFood_Water","[]","2015-07"
"[P1Y]","2","[dcAggregate/NORSNonInfectiousDisease]","[]","Count_MedicalConditionIncident_PufferFishTetrodotoxin_PatientHospitalized_SuspectedCase_FoodborneTransmission","[]","2006-11"
"[P1Y]","8","[dcAggregate/NORSNonInfectiousDisease]","[]","Count_MedicalConditionIncident_NORSOtherChemical_Toxin_PatientHospitalized_SuspectedCase_WaterborneTransmission","[]","1994-01"
"[P1Y]","2","[dcAggregate/NORSNonInfectiousDisease]","[]","Count_MedicalConditionIncident_Cholera_PatientDeceased_ConfirmedCase_Indeterminate_Other_UnknownTramissionMode","[]","2015-06"
"[P1Y]","9","[dcAggregate/NORSNonInfectiousDisease]","[]","Count_MedicalConditionIncident_CryptosporidiumUnknown_FoodborneTransmission","[]","2007-07"
"[P1Y]","55","[dcAggregate/NORSNonInfectiousDisease]","[]","Count_MedicalConditionIncident_PatientHospitalized_FoodborneTransmission","[]","1998-01"
"[P1Y]","2","[dcAggregate/NORSNonInfectiousDisease]","[]","Count_MedicalConditionIncident_Selenium_PatientDeceased_ConfirmedCase_WaterborneTransmission","[]","1971-06"
"[P1Y]","5","[dcAggregate/NORSNonInfectiousDisease]","[]","Count_MedicalConditionIncident_VibrioOther_SuspectedCase_FoodborneTransmission","[]","1999-06"
"[P1Y]","6","[dcAggregate/NORSNonInfectiousDisease]","[]","Count_MedicalConditionIncident_StreptococcusGroupA_PatientDeceased_FoodborneTransmission","[]","1998-03"
"[P1Y]","46","[dcAggregate/NORSNonInfectiousDisease]","[]","Count_MedicalConditionIncident_NorovirusUnknown_PatientDeceased_ConfirmedCase_PersonToPersonTransmission","[]","2009-01"
"[P1Y]","2","[dcAggregate/NORSNonInfectiousDisease]","[]","Count_MedicalConditionIncident_CyclosporaEtiology_PatientHospitalized_ConfirmedCase_Indeterminate_Other_UnknownTramissionMode","[]","2020-02"
"[P1Y]","17","[dcAggregate/NORSNonInfectiousDisease]","[]","Count_MedicalConditionIncident_VibrioParahaemolyticusEtiology_SuspectedCase_FoodborneTransmission","[]","1998-04"
"[P1Y]","5","[dcAggregate/NORSNonInfectiousDisease]","[]","Count_MedicalConditionIncident_CyanotoxinUnknown_SuspectedCase_WaterborneTransmission","[]","2009-06"
"[P1Y]","3","[dcAggregate/NORSNonInfectiousDisease]","[]","Count_MedicalConditionIncident_CryptosporidiumEtiology_PatientHospitalized_WaterborneTransmission","[]","2009-08"
"[P1Y]","10","[dcAggregate/NORSNonInfectiousDisease]","[]","Count_MedicalConditionIncident_ChlorineGas_WaterborneTransmission","[]","2007-08"
"[P1Y]","3","[dcAggregate/NORSNonInfectiousDisease]","[]","Count_MedicalConditionIncident_EColiOther_PatientDeceased_PersonToPersonTransmission","[]","2019-05"
"[P1Y]","7","[dcAggregate/NORSNonInfectiousDisease]","[]","Count_MedicalConditionIncident_SalmonellaUnknown_PatientHospitalized_SuspectedCase_PersonToPersonTransmission","[]","2012-06"
"[P1Y]","2","[dcAggregate/NORSNonInfectiousDisease]","[]","Count_MedicalConditionIncident_Adenovirus_PersonToPersonTransmission","[]","2018-04"
"[P1Y]","3","[dcAggregate/NORSNonInfectiousDisease]","[]","Count_MedicalConditionIncident_EColiEnteroaggregativeEtiology_Indeterminate_Other_UnknownTramissionMode","[]","2017-10"
"[P1Y]","23","[dcAggregate/NORSNonInfectiousDisease]","[]","Count_MedicalConditionIncident_Ciguatoxin_ConfirmedCase_FoodborneTransmission","[]","1998-01"
"[P1Y]","2","[dcAggregate/NORSNonInfectiousDisease]","[]","Count_MedicalConditionIncident_NorovirusOther_SuspectedCase_FoodborneTransmission","[]","2013-06"
"[P1Y]","2","[dcAggregate/NORSNonInfectiousDisease]","[]","Count_MedicalConditionIncident_ProvidenciaUnknown_PatientHospitalized_ConfirmedCase_WaterborneTransmission","[]","2008-08"
"[P1Y]","17","[dcAggregate/NORSNonInfectiousDisease]","[]","Count_MedicalConditionIncident_ScombroidToxin_PatientDeceased_SuspectedCase_FoodborneTransmission","[]","1998-01"
"[P1Y]","20","[dcAggregate/NORSNonInfectiousDisease]","[]","Count_MedicalConditionIncident_ListeriaMonocytogenesEtiology_PatientHospitalized_FoodborneTransmission","[]","1998-12"
"[P1Y]","44","[dcAggregate/NORSNonInfectiousDisease]","[]","Count_MedicalConditionIncident_LegionellaPneumophilaEtiology_PatientDeceased_WaterborneTransmission","[]","1973-06"
"[P1Y]","6","[dcAggregate/NORSNonInfectiousDisease]","[]","Count_MedicalConditionIncident_ShigellaFlexneriEtiology_PatientHospitalized_SuspectedCase_PersonToPersonTransmission","[]","2012-12"
"[P1Y]","23","[dcAggregate/NORSNonInfectiousDisease]","[]","Count_MedicalConditionIncident_Ciguatoxin_PatientHospitalized_ConfirmedCase_FoodborneTransmission","[]","1998-01"
"[P1Y]","20","[dcAggregate/NORSNonInfectiousDisease]","[]","Count_MedicalConditionIncident_ShigellaFlexneriEtiology_PersonToPersonTransmission","[]","2009-07"
"[P1Y]","3","[dcAggregate/NORSNonInfectiousDisease]","[]","Count_MedicalConditionIncident_EColiEnteroaggregativeEtiology_PatientDeceased_ConfirmedCase_PersonToPersonTransmission","[]","2016-06"
"[P1Y]","13","[dcAggregate/NORSNonInfectiousDisease]","[]","Count_MedicalConditionIncident_NORSOthers_FoodborneTransmission","[]","2011-01"
"[P1Y]","2","[dcAggregate/NORSNonInfectiousDisease]","[]","Count_MedicalConditionIncident_NorovirusOther_SuspectedCase_Indeterminate_Other_UnknownTramissionMode","[]","2017-02"
"[P1Y]","15","[dcAggregate/NORSNonInfectiousDisease]","[]","Count_MedicalConditionIncident_ShigaToxinEColi_SuspectedCase_Indeterminate_Other_UnknownTramissionMode","[]","2009-12"
"[P1Y]","20","[dcAggregate/NORSNonInfectiousDisease]","[]","Count_MedicalConditionIncident_ListeriaMonocytogenesEtiology_PatientDeceased_FoodborneTransmission","[]","1998-12"
"[P1Y]","36","[dcAggregate/NORSNonInfectiousDisease]","[]","Count_MedicalConditionIncident_ShigaToxinEColi_PatientDeceased_PersonToPersonTransmission","[]","2009-02"
"[P1Y]","2","[dcAggregate/NORSNonInfectiousDisease]","[]","Count_MedicalConditionIncident_NorovirusOther_PatientHospitalized_ConfirmedCase_FoodborneTransmission","[]","2012-03"
"[P1Y]","2","[dcAggregate/NORSNonInfectiousDisease]","[]","Count_MedicalConditionIncident_BlastomycesGilchristiiEtiology_ConfirmedCase_EnvironmentalContaminationTransmissionExceptFood_Water","[]","2022-12"
"[P1Y]","8","[dcAggregate/NORSNonInfectiousDisease]","[]","Count_MedicalConditionIncident_StaphylococcusUnknown_FoodborneTransmission","[]","2005-10"
"[P1Y]","3","[dcAggregate/NORSNonInfectiousDisease]","[]","Count_MedicalConditionIncident_EColiEnteroaggregativeEtiology_PatientDeceased_Indeterminate_Other_UnknownTramissionMode","[]","2017-10"
"[P1Y]","7","[dcAggregate/NORSNonInfectiousDisease]","[]","Count_MedicalConditionIncident_CampylobacterJejuniEtiology_PatientDeceased_SuspectedCase_PersonToPersonTransmission","[]","2012-06"
"[P1Y]","46","[dcAggregate/NORSNonInfectiousDisease]","[]","Count_MedicalConditionIncident_ShigaToxinEColi_PatientHospitalized_ConfirmedCase_FoodborneTransmission","[]","1998-05"
"[P1Y]","4","[dcAggregate/NORSNonInfectiousDisease]","[]","Count_MedicalConditionIncident_NORSOtherVirus_PersonToPersonTransmission","[]","2020-05"
"[P1Y]","2","[dcAggregate/NORSNonInfectiousDisease]","[]","Count_MedicalConditionIncident_Bromine_PatientDeceased_ConfirmedCase_WaterborneTransmission","[]","2000-02"
"[P1Y]","21","[dcAggregate/NORSNonInfectiousDisease]","[]","Count_MedicalConditionIncident_ShigaToxinEColi_PatientHospitalized_AnimalContactTransmission","[]","2009-01"
"[P1Y]","2","[dcAggregate/NORSNonInfectiousDisease]","[]","Count_MedicalConditionIncident_EColiEnteroinvasiveEtiology_PatientDeceased_PersonToPersonTransmission","[]","2017-08"
"[P1Y]","2","[dcAggregate/NORSNonInfectiousDisease]","[]","Count_MedicalConditionIncident_StaphylococcusAureusEtiology_PatientDeceased_SuspectedCase_WaterborneTransmission","[]","2018-06"
"[P1Y]","2","[dcAggregate/NORSNonInfectiousDisease]","[]","Count_MedicalConditionIncident_ClostridiumEtiology_Indeterminate_Other_UnknownTramissionMode","[]","2020-02"
"[P1Y]","3","[dcAggregate/NORSNonInfectiousDisease]","[]","Count_MedicalConditionIncident_EthyleneGlycol_ConfirmedCase_WaterborneTransmission","[]","1987-04"
"[P1Y]","6","[dcAggregate/NORSNonInfectiousDisease]","[]","Count_MedicalConditionIncident_SalmonellaUnknown_PatientHospitalized_ConfirmedCase_Indeterminate_Other_UnknownTramissionMode","[]","2015-08"
"[P1Y]","24","[dcAggregate/NORSNonInfectiousDisease]","[]","Count_MedicalConditionIncident_CampylobacterJejuniEtiology_PatientHospitalized_Indeterminate_Other_UnknownTramissionMode","[]","2009-08"
"[P1Y]","2","[dcAggregate/NORSNonInfectiousDisease]","[]","Count_MedicalConditionIncident_EColiEnteroinvasiveEtiology_PersonToPersonTransmission","[]","2017-08"
"[P1Y]","2","[dcAggregate/NORSNonInfectiousDisease]","[]","Count_MedicalConditionIncident_MicrocystisUnknown_ConfirmedCase_WaterborneTransmission","[]","2013-09"
"[P1Y]","47","[dcAggregate/NORSNonInfectiousDisease]","[]","Count_MedicalConditionIncident_Norovirus_PatientDeceased_SuspectedCase_PersonToPersonTransmission","[]","2009-01"
"[P1Y]","53","[dcAggregate/NORSNonInfectiousDisease]","[]","Count_MedicalConditionIncident_SalmonellaEntericaEtiology_PatientDeceased_ConfirmedCase_FoodborneTransmission","[]","1998-01"
"[P1Y]","5","[dcAggregate/NORSNonInfectiousDisease]","[]","Count_MedicalConditionIncident_BacillusEtiology_PatientHospitalized_FoodborneTransmission","[]","2007-01"
"[P1Y]","3","[dcAggregate/NORSNonInfectiousDisease]","[]","Count_MedicalConditionIncident_CampylobacterFetusEtiology_FoodborneTransmission","[]","2003-12"
"[P1Y]","2","[dcAggregate/NORSNonInfectiousDisease]","[]","Count_MedicalConditionIncident_AcanthamoebaUnknown_PatientHospitalized_ConfirmedCase_WaterborneTransmission","[]","2015-11"
"[P1Y]","2","[dcAggregate/NORSNonInfectiousDisease]","[]","Count_MedicalConditionIncident_ShigellaDysenteriaeEtiology_PatientDeceased_FoodborneTransmission","[]","2002-02"
"[P1Y]","2","[dcAggregate/NORSNonInfectiousDisease]","[]","Count_MedicalConditionIncident_EnterococcusFaecalisEtiology_PatientDeceased_ConfirmedCase_FoodborneTransmission","[]","2009-05"
"[P1Y]","5","[dcAggregate/NORSNonInfectiousDisease]","[]","Count_MedicalConditionIncident_NORSUnknownChemical_Toxin_PatientHospitalized_SuspectedCase_WaterborneTransmission","[]","2007-05"
"[P1Y]","4","[dcAggregate/NORSNonInfectiousDisease]","[]","Count_MedicalConditionIncident_VibrioEtiology_PatientHospitalized_ConfirmedCase_FoodborneTransmission","[]","2021-07"
"[P1Y]","22","[dcAggregate/NORSNonInfectiousDisease]","[]","Count_MedicalConditionIncident_PseudomonasAeruginosaEtiology_PatientHospitalized_ConfirmedCase_WaterborneTransmission","[]","1978-10"
"[P1Y]","3","[dcAggregate/NORSNonInfectiousDisease]","[]","Count_MedicalConditionIncident_NORSUnknownChemical_Toxin_PatientDeceased_ConfirmedCase_WaterborneTransmission","[]","2008-08"
"[P1Y]","2","[dcAggregate/NORSNonInfectiousDisease]","[]","Count_MedicalConditionIncident_CampylobacterFetusEtiology_PatientDeceased_SuspectedCase_FoodborneTransmission","[]","2003-12"
"[P1Y]","3","[dcAggregate/NORSNonInfectiousDisease]","[]","Count_MedicalConditionIncident_StaphylococcusAureusEtiology_PatientHospitalized_WaterborneTransmission","[]","2003-08"
"[P1Y]","4","[dcAggregate/NORSNonInfectiousDisease]","[]","Count_MedicalConditionIncident_CampylobacterEtiology_PatientHospitalized_SuspectedCase_AnimalContactTransmission","[]","2016-06"
"[P1Y]","2","[dcAggregate/NORSNonInfectiousDisease]","[]","Count_MedicalConditionIncident_Bromine_ConfirmedCase_WaterborneTransmission","[]","2000-02"
"[P1Y]","5","[dcAggregate/NORSNonInfectiousDisease]","[]","Count_MedicalConditionIncident_CyanotoxinUnknown_PatientHospitalized_SuspectedCase_WaterborneTransmission","[]","2009-06"
"[P1Y]","2","[dcAggregate/NORSNonInfectiousDisease]","[]","Count_MedicalConditionIncident_NORSOtherVirus_PatientDeceased_WaterborneTransmission","[]","2003-07"
"[P1Y]","5","[dcAggregate/NORSNonInfectiousDisease]","[]","Count_MedicalConditionIncident_StaphylococcusEtiology_PatientDeceased_FoodborneTransmission","[]","2015-06"
"[P1Y]","2","[dcAggregate/NORSNonInfectiousDisease]","[]","Count_MedicalConditionIncident_CampylobacterColiEtiology_SuspectedCase_AnimalContactTransmission","[]","2013-04"
"[P1Y]","3","[dcAggregate/NORSNonInfectiousDisease]","[]","Count_MedicalConditionIncident_ListeriaMonocytogenesEtiology_ConfirmedCase_Indeterminate_Other_UnknownTramissionMode","[]","2009-04"
"[P1Y]","6","[dcAggregate/NORSNonInfectiousDisease]","[]","Count_MedicalConditionIncident_VibrioUnknown_SuspectedCase_FoodborneTransmission","[]","1999-05"
"[P1Y]","2","[dcAggregate/NORSNonInfectiousDisease]","[]","Count_MedicalConditionIncident_EColiEnteropathogenicEtiology_PatientHospitalized_SuspectedCase_WaterborneTransmission","[]","2023-06"
"[P1Y]","10","[dcAggregate/NORSNonInfectiousDisease]","[]","Count_MedicalConditionIncident_ShigellaFlexneriEtiology_WaterborneTransmission","[]","1976-08"
"[P1Y]","2","[dcAggregate/NORSNonInfectiousDisease]","[]","Count_MedicalConditionIncident_GiardiaEtiology_SuspectedCase_FoodborneTransmission","[]","2019-12"
"[P1Y]","5","[dcAggregate/NORSNonInfectiousDisease]","[]","Count_MedicalConditionIncident_Cyanotoxin_PatientDeceased_WaterborneTransmission","[]","2009-06"
"[P1Y]","2","[dcAggregate/NORSNonInfectiousDisease]","[]","Count_MedicalConditionIncident_MicrocystisUnknown_PatientHospitalized_SuspectedCase_WaterborneTransmission","[]","2021-06"
"[P1Y]","4","[dcAggregate/NORSNonInfectiousDisease]","[]","Count_MedicalConditionIncident_CampylobacterEtiology_SuspectedCase_AnimalContactTransmission","[]","2016-06"
"[P1Y]","2","[dcAggregate/NORSNonInfectiousDisease]","[]","Count_MedicalConditionIncident_MycobacteriumMageritenseEtiology_PatientHospitalized_WaterborneTransmission","[]","2002-09"
"[P1Y]","8","[dcAggregate/NORSNonInfectiousDisease]","[]","Count_MedicalConditionIncident_SalmonellaOther_PatientHospitalized_PersonToPersonTransmission","[]","2014-05"
"[P1Y]","5","[dcAggregate/NORSNonInfectiousDisease]","[]","Count_MedicalConditionIncident_CampylobacterColiEtiology_PatientDeceased_ConfirmedCase_AnimalContactTransmission","[]","2013-10"
"[P1Y]","2","[dcAggregate/NORSNonInfectiousDisease]","[]","Count_MedicalConditionIncident_AnatoxinA_SuspectedCase_WaterborneTransmission","[]","2021-02"
"[P1Y]","52","[dcAggregate/NORSNonInfectiousDisease]","[]","Count_MedicalConditionIncident_NorovirusGenogroupI_FoodborneTransmission","[]","1998-01"
"[P1Y]","14","[dcAggregate/NORSNonInfectiousDisease]","[]","Count_MedicalConditionIncident_ShigellaFlexneriEtiology_PatientHospitalized_Indeterminate_Other_UnknownTramissionMode","[]","2010-01"
"[P1Y]","13","[dcAggregate/NORSNonInfectiousDisease]","[]","Count_MedicalConditionIncident_Chlorine_SuspectedCase_WaterborneTransmission","[]","1984-10"
"[P1Y]","13","[dcAggregate/NORSNonInfectiousDisease]","[]","Count_MedicalConditionIncident_CampylobacterEtiology_Indeterminate_Other_UnknownTramissionMode","[]","2013-04"
"[P1Y]","11","[dcAggregate/NORSNonInfectiousDisease]","[]","Count_MedicalConditionIncident_CampylobacterUnknown_PatientDeceased_AnimalContactTransmission","[]","2010-09"
"[P1Y]","10","[dcAggregate/NORSNonInfectiousDisease]","[]","Count_MedicalConditionIncident_CampylobacterColiEtiology_ConfirmedCase_FoodborneTransmission","[]","2002-08"
"[P1Y]","2","[dcAggregate/NORSNonInfectiousDisease]","[]","Count_MedicalConditionIncident_StaphylococcusOther_PatientDeceased_FoodborneTransmission","[]","2005-08"
"[P1Y]","2","[dcAggregate/NORSNonInfectiousDisease]","[]","Count_MedicalConditionIncident_AdenovirusB_WaterborneTransmission","[]","1991-06"
"[P1Y]","2","[dcAggregate/NORSNonInfectiousDisease]","[]","Count_MedicalConditionIncident_ClostridiumPerfringensEtiology_PatientDeceased_SuspectedCase_PersonToPersonTransmission","[]","2019-10"
"[P1Y]","12","[dcAggregate/NORSNonInfectiousDisease]","[]","Count_MedicalConditionIncident_AvianSchistosomes_PatientDeceased_SuspectedCase_WaterborneTransmission","[]","1984-07"
"[P1Y]","19","[dcAggregate/NORSNonInfectiousDisease]","[]","Count_MedicalConditionIncident_PseudomonasAeruginosaEtiology_SuspectedCase_WaterborneTransmission","[]","1984-01"
"[P1Y]","2","[dcAggregate/NORSNonInfectiousDisease]","[]","Count_MedicalConditionIncident_LegionellaDumoffiiEtiology_PatientDeceased_ConfirmedCase_WaterborneTransmission","[]","1980-11"
"[P1Y]","13","[dcAggregate/NORSNonInfectiousDisease]","[]","Count_MedicalConditionIncident_CryptosporidiumEtiology_AnimalContactTransmission","[]","2010-01"
"[P1Y]","2","[dcAggregate/NORSNonInfectiousDisease]","[]","Count_MedicalConditionIncident_Chromium_PatientDeceased_WaterborneTransmission","[]","1974-09"
"[P1Y]","27","[dcAggregate/NORSNonInfectiousDisease]","[]","Count_MedicalConditionIncident_Rotavirus_ConfirmedCase_PersonToPersonTransmission","[]","2009-01"
"[P1Y]","31","[dcAggregate/NORSNonInfectiousDisease]","[]","Count_MedicalConditionIncident_NorovirusUnknown_ConfirmedCase_Indeterminate_Other_UnknownTramissionMode","[]","2009-01"
"[P1Y]","3","[dcAggregate/NORSNonInfectiousDisease]","[]","Count_MedicalConditionIncident_Arsenic_PatientHospitalized_WaterborneTransmission","[]","1972-05"
"[P1Y]","4","[dcAggregate/NORSNonInfectiousDisease]","[]","Count_MedicalConditionIncident_CryptosporidiumEtiology_SuspectedCase_AnimalContactTransmission","[]","2013-10"
"[P1Y]","2","[dcAggregate/NORSNonInfectiousDisease]","[]","Count_MedicalConditionIncident_NorovirusOther_PatientHospitalized_SuspectedCase_Indeterminate_Other_UnknownTramissionMode","[]","2017-02"
"[P1Y]","2","[dcAggregate/NORSNonInfectiousDisease]","[]","Count_MedicalConditionIncident_ProvidenciaUnknown_PatientDeceased_WaterborneTransmission","[]","2008-08"
"[P1Y]","46","[dcAggregate/NORSNonInfectiousDisease]","[]","Count_MedicalConditionIncident_SalmonellaEntericaEtiology_Indeterminate_Other_UnknownTramissionMode","[]","2009-01"
"[P1Y]","17","[dcAggregate/NORSNonInfectiousDisease]","[]","Count_MedicalConditionIncident_Histamine_PatientDeceased_ConfirmedCase_FoodborneTransmission","[]","1999-12"
"[P1Y]","32","[dcAggregate/NORSNonInfectiousDisease]","[]","Count_MedicalConditionIncident_ScombroidToxin_PatientDeceased_ConfirmedCase_FoodborneTransmission","[]","1998-01"
"[P1Y]","4","[dcAggregate/NORSNonInfectiousDisease]","[]","Count_MedicalConditionIncident_LeptospiraUnknown_ConfirmedCase_WaterborneTransmission","[]","1987-07"
"[P1Y]","2","[dcAggregate/NORSNonInfectiousDisease]","[]","Count_MedicalConditionIncident_ClostridiumEtiology_PatientDeceased_ConfirmedCase_EnvironmentalContaminationTransmissionExceptFood_Water","[]","2020-02"
"[P1Y]","2","[dcAggregate/NORSNonInfectiousDisease]","[]","Count_MedicalConditionIncident_CryptosporidiumOther_WaterborneTransmission","[]","2016-08"
"[P1Y]","2","[dcAggregate/NORSNonInfectiousDisease]","[]","Count_MedicalConditionIncident_CryptosporidiumUnknown_EnvironmentalContaminationTransmissionExceptFood_Water","[]","2015-07"
"[P1Y]","2","[dcAggregate/NORSNonInfectiousDisease]","[]","Count_MedicalConditionIncident_BlastomycesGilchristiiEtiology_PatientDeceased_EnvironmentalContaminationTransmissionExceptFood_Water","[]","2022-12"
"[P1Y]","2","[dcAggregate/NORSNonInfectiousDisease]","[]","Count_MedicalConditionIncident_EColiUnknownEtiology_PatientHospitalized_ConfirmedCase_PersonToPersonTransmission","[]","2023-07"
"[P1Y]","3","[dcAggregate/NORSNonInfectiousDisease]","[]","Count_MedicalConditionIncident_ShigellaEtiology_SuspectedCase_Indeterminate_Other_UnknownTramissionMode","[]","2019-07"
"[P1Y]","3","[dcAggregate/NORSNonInfectiousDisease]","[]","Count_MedicalConditionIncident_Cholera_SuspectedCase_FoodborneTransmission","[]","2013-06"
"[P1Y]","3","[dcAggregate/NORSNonInfectiousDisease]","[]","Count_MedicalConditionIncident_EColiEnteroinvasiveEtiology_PatientHospitalized_ConfirmedCase_FoodborneTransmission","[]","2018-06"
"[P1Y]","18","[dcAggregate/NORSNonInfectiousDisease]","[]","Count_MedicalConditionIncident_NORSOtherChemical_Toxin_PatientDeceased_SuspectedCase_FoodborneTransmission","[]","1998-05"
"[P1Y]","13","[dcAggregate/NORSNonInfectiousDisease]","[]","Count_MedicalConditionIncident_ClostridiumOther_PatientHospitalized_ConfirmedCase_PersonToPersonTransmission","[]","2009-05"
"[P1Y]","36","[dcAggregate/NORSNonInfectiousDisease]","[]","Count_MedicalConditionIncident_ShigellaSonneiEtiology_PatientHospitalized_ConfirmedCase_WaterborneTransmission","[]","1971-07"
"[P1Y]","2","[dcAggregate/NORSNonInfectiousDisease]","[]","Count_MedicalConditionIncident_VibrioEtiology_PatientDeceased_ConfirmedCase_Indeterminate_Other_UnknownTramissionMode","[]","2022-02"
"[P1Y]","5","[dcAggregate/NORSNonInfectiousDisease]","[]","Count_MedicalConditionIncident_EColiEnteropathogenicEtiology_PatientHospitalized_SuspectedCase_FoodborneTransmission","[]","1999-03"
"[P1Y]","23","[dcAggregate/NORSNonInfectiousDisease]","[]","Count_MedicalConditionIncident_CryptosporidiumParvumEtiology_WaterborneTransmission","[]","1984-07"
"[P1Y]","2","[dcAggregate/NORSNonInfectiousDisease]","[]","Count_MedicalConditionIncident_ClostridiumEtiology_PatientDeceased_SuspectedCase_FoodborneTransmission","[]","2013-05"
"[P1Y]","1","[dcAggregate/NORSNonInfectiousDisease]","[]","Count_MedicalConditionIncident_Cholera_PatientDeceased_ConfirmedCase_WaterborneTransmission","[]","2000-12"
"[P1Y]","2","[dcAggregate/NORSNonInfectiousDisease]","[]","Count_MedicalConditionIncident_CampylobacterColiEtiology_PatientHospitalized_SuspectedCase_AnimalContactTransmission","[]","2013-04"
"[P1Y]","7","[dcAggregate/NORSNonInfectiousDisease]","[]","Count_MedicalConditionIncident_CampylobacterUnknown_PatientHospitalized_ConfirmedCase_PersonToPersonTransmission","[]","2012-06"
"[P1Y]","5","[dcAggregate/NORSNonInfectiousDisease]","[]","Count_MedicalConditionIncident_EColiEnteropathogenicEtiology_SuspectedCase_FoodborneTransmission","[]","1999-03"
"[P1Y]","2","[dcAggregate/NORSNonInfectiousDisease]","[]","Count_MedicalConditionIncident_EnterobacterEtiology_PatientHospitalized_SuspectedCase_PersonToPersonTransmission","[]","2013-11"
"[P1Y]","14","[dcAggregate/NORSNonInfectiousDisease]","[]","Count_MedicalConditionIncident_CryptosporidiumParvumEtiology_PatientDeceased_AnimalContactTransmission","[]","2009-06"
"[P1Y]","26","[dcAggregate/NORSNonInfectiousDisease]","[]","Count_MedicalConditionIncident_CryptosporidiumUnknown_ConfirmedCase_AnimalContactTransmission","[]","2009-01"
"[P1Y]","14","[dcAggregate/NORSNonInfectiousDisease]","[]","Count_MedicalConditionIncident_SalmonellaEntericaEtiology_PatientHospitalized_ConfirmedCase_EnvironmentalContaminationTransmissionExceptFood_Water","[]","2009-10"
"[P1Y]","3","[dcAggregate/NORSNonInfectiousDisease]","[]","Count_MedicalConditionIncident_YersiniaEnterocoliticaEtiology_ConfirmedCase_Indeterminate_Other_UnknownTramissionMode","[]","2010-11"
"[P1Y]","8","[dcAggregate/NORSNonInfectiousDisease]","[]","Count_MedicalConditionIncident_NORSOtherChemical_Toxin_PatientHospitalized_WaterborneTransmission","[]","1994-01"
"[P1Y]","2","[dcAggregate/NORSNonInfectiousDisease]","[]","Count_MedicalConditionIncident_Selenium_PatientHospitalized_WaterborneTransmission","[]","1971-06"
"[P1Y]","9","[dcAggregate/NORSNonInfectiousDisease]","[]","Count_MedicalConditionIncident_GiardiaUnknown_ConfirmedCase_PersonToPersonTransmission","[]","2013-02"
"[P1Y]","3","[dcAggregate/NORSNonInfectiousDisease]","[]","Count_MedicalConditionIncident_TrichinellaUnknown_PatientHospitalized_ConfirmedCase_FoodborneTransmission","[]","2012-01"
"[P1Y]","2","[dcAggregate/NORSNonInfectiousDisease]","[]","Count_MedicalConditionIncident_CryptosporidiumEtiology_SuspectedCase_WaterborneTransmission","[]","2018-05"
"[P1Y]","32","[dcAggregate/NORSNonInfectiousDisease]","[]","Count_MedicalConditionIncident_HepatitisA_PatientHospitalized_FoodborneTransmission","[]","1998-01"
"[P1Y]","2","[dcAggregate/NORSNonInfectiousDisease]","[]","Count_MedicalConditionIncident_CampylobacterOther_PatientDeceased_SuspectedCase_FoodborneTransmission","[]","1999-02"
"[P1Y]","4","[dcAggregate/NORSNonInfectiousDisease]","[]","Count_MedicalConditionIncident_CyclosporaCayetanensisEtiology_ConfirmedCase_Indeterminate_Other_UnknownTramissionMode","[]","2009-06"
"[P1Y]","27","[dcAggregate/NORSNonInfectiousDisease]","[]","Count_MedicalConditionIncident_CryptosporidiumUnknown_PatientHospitalized_PersonToPersonTransmission","[]","2009-09"
"[P1Y]","4","[dcAggregate/NORSNonInfectiousDisease]","[]","Count_MedicalConditionIncident_ParalyticShellfishPoison_SuspectedCase_FoodborneTransmission","[]","1999-03"
"[P1Y]","21","[dcAggregate/NORSNonInfectiousDisease]","[]","Count_MedicalConditionIncident_NORSOtherVirus_FoodborneTransmission","[]","1998-01"
"[P1Y]","6","[dcAggregate/NORSNonInfectiousDisease]","[]","Count_MedicalConditionIncident_Rotavirus_PatientDeceased_SuspectedCase_FoodborneTransmission","[]","2002-03"
"[P1Y]","11","[dcAggregate/NORSNonInfectiousDisease]","[]","Count_MedicalConditionIncident_Fluorine_WaterborneTransmission","[]","1972-06"
"[P1Y]","35","[dcAggregate/NORSNonInfectiousDisease]","[]","Count_MedicalConditionIncident_SalmonellaEntericaEtiology_PatientHospitalized_ConfirmedCase_AnimalContactTransmission","[]","2009-02"
"[P1Y]","30","[dcAggregate/NORSNonInfectiousDisease]","[]","Count_MedicalConditionIncident_PseudomonasAeruginosaEtiology_WaterborneTransmission","[]","1978-10"
"[P1Y]","23","[dcAggregate/NORSNonInfectiousDisease]","[]","Count_MedicalConditionIncident_ShigaToxinEColi_PatientDeceased_SuspectedCase_FoodborneTransmission","[]","1999-04"
"[P1Y]","2","[dcAggregate/NORSNonInfectiousDisease]","[]","Count_MedicalConditionIncident_EColiEnterotoxigenicEtiology_PatientDeceased_ConfirmedCase_WaterborneTransmission","[]","1975-06"
"[P1Y]","19","[dcAggregate/NORSNonInfectiousDisease]","[]","Count_MedicalConditionIncident_ListeriaMonocytogenesEtiology_ConfirmedCase_FoodborneTransmission","[]","1998-12"
"[P1Y]","12","[dcAggregate/NORSNonInfectiousDisease]","[]","Count_MedicalConditionIncident_Mycotoxins_PatientDeceased_ConfirmedCase_FoodborneTransmission","[]","1998-07"
"[P1Y]","11","[dcAggregate/NORSNonInfectiousDisease]","[]","Count_MedicalConditionIncident_GiardiaDuodenalisEtiology_PatientDeceased_PersonToPersonTransmission","[]","2009-07"
"[P1Y]","2","[dcAggregate/NORSNonInfectiousDisease]","[]","Count_MedicalConditionIncident_AdenovirusB_PersonToPersonTransmission","[]","2015-10"
"[P1Y]","48","[dcAggregate/NORSNonInfectiousDisease]","[]","Count_MedicalConditionIncident_NorovirusUnknown_PatientHospitalized_SuspectedCase_PersonToPersonTransmission","[]","2009-01"
"[P1Y]","36","[dcAggregate/NORSNonInfectiousDisease]","[]","Count_MedicalConditionIncident_ShigellaSonneiEtiology_ConfirmedCase_WaterborneTransmission","[]","1971-07"
"[P1Y]","8","[dcAggregate/NORSNonInfectiousDisease]","[]","Count_MedicalConditionIncident_Cholera_PatientDeceased_FoodborneTransmission","[]","1998-09"
"[P1Y]","2","[dcAggregate/NORSNonInfectiousDisease]","[]","Count_MedicalConditionIncident_ClostridiumEtiology_PatientHospitalized_ConfirmedCase_Indeterminate_Other_UnknownTramissionMode","[]","2020-02"
"[P1Y]","2","[dcAggregate/NORSNonInfectiousDisease]","[]","Count_MedicalConditionIncident_SapovirusGenogroupI_ConfirmedCase_Indeterminate_Other_UnknownTramissionMode","[]","2013-02"
"[P1Y]","3","[dcAggregate/NORSNonInfectiousDisease]","[]","Count_MedicalConditionIncident_CampylobacterEtiology_PatientHospitalized_WaterborneTransmission","[]","2018-07"
"[P1Y]","3","[dcAggregate/NORSNonInfectiousDisease]","[]","Count_MedicalConditionIncident_HepatitisA_PatientHospitalized_SuspectedCase_FoodborneTransmission","[]","2000-08"
"[P1Y]","6","[dcAggregate/NORSNonInfectiousDisease]","[]","Count_MedicalConditionIncident_SalmonellaUnknown_PatientDeceased_ConfirmedCase_PersonToPersonTransmission","[]","2009-07"
"[P1Y]","16","[dcAggregate/NORSNonInfectiousDisease]","[]","Count_MedicalConditionIncident_CryptosporidiumUnknown_SuspectedCase_PersonToPersonTransmission","[]","2011-08"
"[P1Y]","13","[dcAggregate/NORSNonInfectiousDisease]","[]","Count_MedicalConditionIncident_CampylobacterJejuniEtiology_PatientHospitalized_PersonToPersonTransmission","[]","2010-06"
"[P1Y]","45","[dcAggregate/NORSNonInfectiousDisease]","[]","Count_MedicalConditionIncident_SalmonellaEntericaEtiology_ConfirmedCase_Indeterminate_Other_UnknownTramissionMode","[]","2009-01"
"[P1Y]","2","[dcAggregate/NORSNonInfectiousDisease]","[]","Count_MedicalConditionIncident_NORSOtherVirus_PatientHospitalized_WaterborneTransmission","[]","2003-07"
"[P1Y]","4","[dcAggregate/NORSNonInfectiousDisease]","[]","Count_MedicalConditionIncident_LegionellaAnisaEtiology_PatientDeceased_ConfirmedCase_WaterborneTransmission","[]","1988-04"
"[P1Y]","2","[dcAggregate/NORSNonInfectiousDisease]","[]","Count_MedicalConditionIncident_EColiEnterotoxigenicEtiology_PatientDeceased_WaterborneTransmission","[]","1975-06"
"[P1Y]","7","[dcAggregate/NORSNonInfectiousDisease]","[]","Count_MedicalConditionIncident_Sapovirus_PatientHospitalized_ConfirmedCase_FoodborneTransmission","[]","2012-04"
"[P1Y]","4","[dcAggregate/NORSNonInfectiousDisease]","[]","Count_MedicalConditionIncident_StaphylococcusAureusEtiology_ConfirmedCase_Indeterminate_Other_UnknownTramissionMode","[]","2009-01"
"[P1Y]","2","[dcAggregate/NORSNonInfectiousDisease]","[]","Count_MedicalConditionIncident_CryptosporidiumHominisEtiology_PatientHospitalized_ConfirmedCase_FoodborneTransmission","[]","2018-09"
"[P1Y]","2","[dcAggregate/NORSNonInfectiousDisease]","[]","Count_MedicalConditionIncident_EnterovirusCoxsackievirusAEtiology_PatientHospitalized_WaterborneTransmission","[]","1983-07"
"[P1Y]","2","[dcAggregate/NORSNonInfectiousDisease]","[]","Count_MedicalConditionIncident_MonosodiumGlutamate_PatientHospitalized_FoodborneTransmission","[]","2006-04"
"[P1Y]","2","[dcAggregate/NORSNonInfectiousDisease]","[]","Count_MedicalConditionIncident_ClostridiumUnknown_SuspectedCase_PersonToPersonTransmission","[]","2013-02"
"[P1Y]","45","[dcAggregate/NORSNonInfectiousDisease]","[]","Count_MedicalConditionIncident_NorovirusGenogroupII_ConfirmedCase_Indeterminate_Other_UnknownTramissionMode","[]","2009-01"
"[P1Y]","2","[dcAggregate/NORSNonInfectiousDisease]","[]","Count_MedicalConditionIncident_Brucella_PatientHospitalized_FoodborneTransmission","[]","2016-03"
"[P1Y]","12","[dcAggregate/NORSNonInfectiousDisease]","[]","Count_MedicalConditionIncident_CryptosporidiumParvumEtiology_ConfirmedCase_AnimalContactTransmission","[]","2009-06"
"[P1Y]","2","[dcAggregate/NORSNonInfectiousDisease]","[]","Count_MedicalConditionIncident_GiardiaDuodenalisEtiology_PatientHospitalized_ConfirmedCase_AnimalContactTransmission","[]","2010-03"
"[P1Y]","3","[dcAggregate/NORSNonInfectiousDisease]","[]","Count_MedicalConditionIncident_EColiEnterotoxigenicEtiology_PersonToPersonTransmission","[]","2018-09"
"[P1Y]","51","[dcAggregate/NORSNonInfectiousDisease]","[]","Count_MedicalConditionIncident_NorovirusUnknown_PersonToPersonTransmission","[]","2009-01"
"[P1Y]","2","[dcAggregate/NORSNonInfectiousDisease]","[]","Count_MedicalConditionIncident_ShigellaUnknown_SuspectedCase_WaterborneTransmission","[]","2018-06"
"[P1Y]","4","[dcAggregate/NORSNonInfectiousDisease]","[]","Count_MedicalConditionIncident_ClostridiumEtiology_PatientDeceased_ConfirmedCase_PersonToPersonTransmission","[]","2013-02"
"[P1Y]","31","[dcAggregate/NORSNonInfectiousDisease]","[]","Count_MedicalConditionIncident_NorovirusGenogroupII_PatientDeceased_SuspectedCase_Indeterminate_Other_UnknownTramissionMode","[]","2009-04"
"[P1Y]","2","[dcAggregate/NORSNonInfectiousDisease]","[]","Count_MedicalConditionIncident_StaphylococcusUnknown_PatientDeceased_ConfirmedCase_FoodborneTransmission","[]","2013-01"
"[P1Y]","51","[dcAggregate/NORSNonInfectiousDisease]","[]","Count_MedicalConditionIncident_NorovirusUnknown_PatientHospitalized_PersonToPersonTransmission","[]","2009-01"
"[P1Y]","3","[dcAggregate/NORSNonInfectiousDisease]","[]","Count_MedicalConditionIncident_MycobacteriumOther_PatientDeceased_WaterborneTransmission","[]","2015-01"
"[P1Y]","4","[dcAggregate/NORSNonInfectiousDisease]","[]","Count_MedicalConditionIncident_GiardiaEtiology_PatientHospitalized_ConfirmedCase_WaterborneTransmission","[]","2013-10"
"[P1Y]","10","[dcAggregate/NORSNonInfectiousDisease]","[]","Count_MedicalConditionIncident_GiardiaUnknown_PatientHospitalized_PersonToPersonTransmission","[]","2013-02"
"[P1Y]","2","[dcAggregate/NORSNonInfectiousDisease]","[]","Count_MedicalConditionIncident_EColiOther_PatientDeceased_ConfirmedCase_PersonToPersonTransmission","[]","2019-05"
"[P1Y]","38","[dcAggregate/NORSNonInfectiousDisease]","[]","Count_MedicalConditionIncident_SalmonellaEntericaEtiology_PatientDeceased_SuspectedCase_FoodborneTransmission","[]","1998-03"
"[P1Y]","13","[dcAggregate/NORSNonInfectiousDisease]","[]","Count_MedicalConditionIncident_CampylobacterUnknown_PersonToPersonTransmission","[]","2011-03"
"[P1Y]","5","[dcAggregate/NORSNonInfectiousDisease]","[]","Count_MedicalConditionIncident_EColiEnterotoxigenicEtiology_SuspectedCase_FoodborneTransmission","[]","2000-05"
"[P1Y]","14","[dcAggregate/NORSNonInfectiousDisease]","[]","Count_MedicalConditionIncident_SalmonellaEntericaEtiology_WaterborneTransmission","[]","1972-06"
"[P1Y]","15","[dcAggregate/NORSNonInfectiousDisease]","[]","Count_MedicalConditionIncident_ShigaToxinEColi_PatientDeceased_SuspectedCase_Indeterminate_Other_UnknownTramissionMode","[]","2009-12"
"[P1Y]","13","[dcAggregate/NORSNonInfectiousDisease]","[]","Count_MedicalConditionIncident_CampylobacterEtiology_PatientHospitalized_ConfirmedCase_FoodborneTransmission","[]","2012-06"
"[P1Y]","5","[dcAggregate/NORSNonInfectiousDisease]","[]","Count_MedicalConditionIncident_Sapovirus_PatientDeceased_ConfirmedCase_Indeterminate_Other_UnknownTramissionMode","[]","2011-12"
"[P1Y]","2","[dcAggregate/NORSNonInfectiousDisease]","[]","Count_MedicalConditionIncident_NORSOtherBacterium_ConfirmedCase_Indeterminate_Other_UnknownTramissionMode","[]","2019-05"
"[P1Y]","2","[dcAggregate/NORSNonInfectiousDisease]","[]","Count_MedicalConditionIncident_Astrovirus_PatientHospitalized_SuspectedCase_FoodborneTransmission","[]","2012-11"
"[P1Y]","9","[dcAggregate/NORSNonInfectiousDisease]","[]","Count_MedicalConditionIncident_SalmonellaUnknown_PatientDeceased_SuspectedCase_FoodborneTransmission","[]","2005-08"
"[P1Y]","13","[dcAggregate/NORSNonInfectiousDisease]","[]","Count_MedicalConditionIncident_ShigellaUnknown_PatientDeceased_WaterborneTransmission","[]","1973-06"
"[P1Y]","46","[dcAggregate/NORSNonInfectiousDisease]","[]","Count_MedicalConditionIncident_ShigaToxinEColi_ConfirmedCase_FoodborneTransmission","[]","1998-05"
"[P1Y]","3","[dcAggregate/NORSNonInfectiousDisease]","[]","Count_MedicalConditionIncident_CyclosporaCayetanensisEtiology_PatientDeceased_ConfirmedCase_WaterborneTransmission","[]","1990-07"
"[P1Y]","7","[dcAggregate/NORSNonInfectiousDisease]","[]","Count_MedicalConditionIncident_NORSOthers_PatientHospitalized_ConfirmedCase_FoodborneTransmission","[]","2011-03"
"[P1Y]","8","[dcAggregate/NORSNonInfectiousDisease]","[]","Count_MedicalConditionIncident_TrichinellaSpiralisEtiology_ConfirmedCase_FoodborneTransmission","[]","1998-09"
"[P1Y]","6","[dcAggregate/NORSNonInfectiousDisease]","[]","Count_MedicalConditionIncident_HeavyMetal_PatientHospitalized_FoodborneTransmission","[]","1999-12"
"[P1Y]","2","[dcAggregate/NORSNonInfectiousDisease]","[]","Count_MedicalConditionIncident_VibrioEtiology_Indeterminate_Other_UnknownTramissionMode","[]","2022-02"
"[P1Y]","32","[dcAggregate/NORSNonInfectiousDisease]","[]","Count_MedicalConditionIncident_PseudomonasUnknown_PatientDeceased_WaterborneTransmission","[]","1978-02"
"[P1Y]","3","[dcAggregate/NORSNonInfectiousDisease]","[]","Count_MedicalConditionIncident_BrucellaOther_PatientDeceased_ConfirmedCase_FoodborneTransmission","[]","2021-05"
"[P1Y]","15","[dcAggregate/NORSNonInfectiousDisease]","[]","Count_MedicalConditionIncident_Sapovirus_PatientDeceased_PersonToPersonTransmission","[]","2009-01"
"[P1Y]","3","[dcAggregate/NORSNonInfectiousDisease]","[]","Count_MedicalConditionIncident_CleaningAgents_PatientHospitalized_ConfirmedCase_WaterborneTransmission","[]","1999-08"
"[P1Y]","5","[dcAggregate/NORSNonInfectiousDisease]","[]","Count_MedicalConditionIncident_LeptospiraInterrogansEtiology_PatientDeceased_ConfirmedCase_WaterborneTransmission","[]","1981-08"
"[P1Y]","2","[dcAggregate/NORSNonInfectiousDisease]","[]","Count_MedicalConditionIncident_NeurotoxicShellfishPoison_PatientHospitalized_ConfirmedCase_FoodborneTransmission","[]","2005-07"
"[P1Y]","5","[dcAggregate/NORSNonInfectiousDisease]","[]","Count_MedicalConditionIncident_EColiOther_PatientDeceased_Indeterminate_Other_UnknownTramissionMode","[]","2012-07"
"[P1Y]","10","[dcAggregate/NORSNonInfectiousDisease]","[]","Count_MedicalConditionIncident_NorovirusGenogroupI_PatientDeceased_EnvironmentalContaminationTransmissionExceptFood_Water","[]","2009-04"
"[P1Y]","4","[dcAggregate/NORSNonInfectiousDisease]","[]","Count_MedicalConditionIncident_Cyanotoxin_PatientHospitalized_ConfirmedCase_WaterborneTransmission","[]","2011-07"
"[P1Y]","6","[dcAggregate/NORSNonInfectiousDisease]","[]","Count_MedicalConditionIncident_CryptosporidiumParvumEtiology_ConfirmedCase_PersonToPersonTransmission","[]","2010-06"
"[P1Y]","2","[dcAggregate/NORSNonInfectiousDisease]","[]","Count_MedicalConditionIncident_ClostridiumPerfringensEtiology_PatientHospitalized_PersonToPersonTransmission","[]","2019-10"
"[P1Y]","2","[dcAggregate/NORSNonInfectiousDisease]","[]","Count_MedicalConditionIncident_MycobacteriumMageritenseEtiology_PatientHospitalized_ConfirmedCase_WaterborneTransmission","[]","2002-09"
"[P1Y]","50","[dcAggregate/NORSNonInfectiousDisease]","[]","Count_MedicalConditionIncident_NorovirusGenogroupII_ConfirmedCase_PersonToPersonTransmission","[]","2009-01"
"[P1Y]","2","[dcAggregate/NORSNonInfectiousDisease]","[]","Count_MedicalConditionIncident_MonosodiumGlutamate_FoodborneTransmission","[]","2006-04"
"[P1Y]","5","[dcAggregate/NORSNonInfectiousDisease]","[]","Count_MedicalConditionIncident_TrichinellaEtiology_PatientDeceased_ConfirmedCase_FoodborneTransmission","[]","2015-10"
"[P1Y]","29","[dcAggregate/NORSNonInfectiousDisease]","[]","Count_MedicalConditionIncident_ShigellaSonneiEtiology_PatientHospitalized_FoodborneTransmission","[]","1998-01"
"[P1Y]","44","[dcAggregate/NORSNonInfectiousDisease]","[]","Count_MedicalConditionIncident_NorovirusGenogroupI_PatientDeceased_SuspectedCase_FoodborneTransmission","[]","1998-01"
"[P1Y]","15","[dcAggregate/NORSNonInfectiousDisease]","[]","Count_MedicalConditionIncident_NORSOtherBacterium_PatientDeceased_FoodborneTransmission","[]","1998-04"
"[P1Y]","28","[dcAggregate/NORSNonInfectiousDisease]","[]","Count_MedicalConditionIncident_ShigaToxinEColi_PatientHospitalized_WaterborneTransmission","[]","1989-12"
"[P1Y]","5","[dcAggregate/NORSNonInfectiousDisease]","[]","Count_MedicalConditionIncident_CampylobacterColiEtiology_PatientHospitalized_ConfirmedCase_AnimalContactTransmission","[]","2013-10"
"[P1Y]","2","[dcAggregate/NORSNonInfectiousDisease]","[]","Count_MedicalConditionIncident_Adenovirus_PatientDeceased_ConfirmedCase_PersonToPersonTransmission","[]","2023-03"
"[P1Y]","45","[dcAggregate/NORSNonInfectiousDisease]","[]","Count_MedicalConditionIncident_ClostridiumPerfringensEtiology_ConfirmedCase_FoodborneTransmission","[]","1998-01"
"[P1Y]","3","[dcAggregate/NORSNonInfectiousDisease]","[]","Count_MedicalConditionIncident_Microcystis_WaterborneTransmission","[]","2009-06"
"[P1Y]","55","[dcAggregate/NORSNonInfectiousDisease]","[]","Count_MedicalConditionIncident_PatientDeceased_FoodborneTransmission","[]","1998-01"
"[P1Y]","4","[dcAggregate/NORSNonInfectiousDisease]","[]","Count_MedicalConditionIncident_Astrovirus_Indeterminate_Other_UnknownTramissionMode","[]","2016-04"
"[P1Y]","8","[dcAggregate/NORSNonInfectiousDisease]","[]","Count_MedicalConditionIncident_LegionellaUnknown_SuspectedCase_WaterborneTransmission","[]","2006-10"
"[P1Y]","4","[dcAggregate/NORSNonInfectiousDisease]","[]","Count_MedicalConditionIncident_SalmonellaEtiology_PatientHospitalized_SuspectedCase_Indeterminate_Other_UnknownTramissionMode","[]","2013-06"
"[P1Y]","26","[dcAggregate/NORSNonInfectiousDisease]","[]","Count_MedicalConditionIncident_Norovirus_ConfirmedCase_PersonToPersonTransmission","[]","2009-01"
"[P1Y]","2","[dcAggregate/NORSNonInfectiousDisease]","[]","Count_MedicalConditionIncident_NORSUnknown_PatientDeceased_SuspectedCase_PersonToPersonTransmission","[]","2023-07"
"[P1Y]","2","[dcAggregate/NORSNonInfectiousDisease]","[]","Count_MedicalConditionIncident_CampylobacterEtiology_PatientHospitalized_ConfirmedCase_WaterborneTransmission","[]","2019-04"
"[P1Y]","5","[dcAggregate/NORSNonInfectiousDisease]","[]","Count_MedicalConditionIncident_EColiEnteropathogenicEtiology_PatientDeceased_SuspectedCase_Indeterminate_Other_UnknownTramissionMode","[]","2009-11"
"[P1Y]","3","[dcAggregate/NORSNonInfectiousDisease]","[]","Count_MedicalConditionIncident_PufferFishTetrodotoxin_PatientDeceased_ConfirmedCase_FoodborneTransmission","[]","2007-05"
"[P1Y]","2","[dcAggregate/NORSNonInfectiousDisease]","[]","Count_MedicalConditionIncident_Chromium_WaterborneTransmission","[]","1974-09"
"[P1Y]","3","[dcAggregate/NORSNonInfectiousDisease]","[]","Count_MedicalConditionIncident_EthyleneGlycol_PatientDeceased_WaterborneTransmission","[]","1987-04"
"[P1Y]","4","[dcAggregate/NORSNonInfectiousDisease]","[]","Count_MedicalConditionIncident_GiardiaEtiology_PatientHospitalized_WaterborneTransmission","[]","2013-10"
"[P1Y]","2","[dcAggregate/NORSNonInfectiousDisease]","[]","Count_MedicalConditionIncident_ProvidenciaUnknown_PatientHospitalized_WaterborneTransmission","[]","2008-08"
"[P1Y]","2","[dcAggregate/NORSNonInfectiousDisease]","[]","Count_MedicalConditionIncident_CryptosporidiumHominisEtiology_PatientHospitalized_SuspectedCase_WaterborneTransmission","[]","1988-07"
"[P1Y]","2","[dcAggregate/NORSNonInfectiousDisease]","[]","Count_MedicalConditionIncident_Anisakis_PatientHospitalized_ConfirmedCase_FoodborneTransmission","[]","1999-02"
"[P1Y]","20","[dcAggregate/NORSNonInfectiousDisease]","[]","Count_MedicalConditionIncident_ClostridiumBotulinumEtiology_PatientDeceased_ConfirmedCase_FoodborneTransmission","[]","1998-06"
"[P1Y]","6","[dcAggregate/NORSNonInfectiousDisease]","[]","Count_MedicalConditionIncident_Chlorine_PatientHospitalized_ConfirmedCase_WaterborneTransmission","[]","1984-01"
"[P1Y]","40","[dcAggregate/NORSNonInfectiousDisease]","[]","Count_MedicalConditionIncident_Norovirus_FoodborneTransmission","[]","2007-03"
"[P1Y]","7","[dcAggregate/NORSNonInfectiousDisease]","[]","Count_MedicalConditionIncident_NorovirusOther_PatientHospitalized_SuspectedCase_PersonToPersonTransmission","[]","2014-02"
"[P1Y]","4","[dcAggregate/NORSNonInfectiousDisease]","[]","Count_MedicalConditionIncident_LegionellaAnisaEtiology_WaterborneTransmission","[]","1988-04"
"[P1Y]","7","[dcAggregate/NORSNonInfectiousDisease]","[]","Count_MedicalConditionIncident_NORSOthers_PatientDeceased_ConfirmedCase_FoodborneTransmission","[]","2011-03"
"[P1Y]","3","[dcAggregate/NORSNonInfectiousDisease]","[]","Count_MedicalConditionIncident_CryptosporidiumParvumEtiology_PatientHospitalized_SuspectedCase_Indeterminate_Other_UnknownTramissionMode","[]","2013-09"
"[P1Y]","14","[dcAggregate/NORSNonInfectiousDisease]","[]","Count_MedicalConditionIncident_Mycotoxins_PatientDeceased_FoodborneTransmission","[]","1998-07"
"[P1Y]","7","[dcAggregate/NORSNonInfectiousDisease]","[]","Count_MedicalConditionIncident_ShigellaBoydiiEtiology_PatientDeceased_ConfirmedCase_FoodborneTransmission","[]","1998-01"
"[P1Y]","2","[dcAggregate/NORSNonInfectiousDisease]","[]","Count_MedicalConditionIncident_GiardiaUnknown_PatientDeceased_SuspectedCase_FoodborneTransmission","[]","2016-11"
"[P1Y]","6","[dcAggregate/NORSNonInfectiousDisease]","[]","Count_MedicalConditionIncident_SalmonellaUnknown_ConfirmedCase_Indeterminate_Other_UnknownTramissionMode","[]","2015-08"
"[P1Y]","2","[dcAggregate/NORSNonInfectiousDisease]","[]","Count_MedicalConditionIncident_Gasoline_PatientDeceased_WaterborneTransmission","[]","1977-01"
"[P1Y]","2","[dcAggregate/NORSNonInfectiousDisease]","[]","Count_MedicalConditionIncident_SapovirusGenogroupII_PersonToPersonTransmission","[]","2016-01"
"[P1Y]","44","[dcAggregate/NORSNonInfectiousDisease]","[]","Count_MedicalConditionIncident_CampylobacterJejuniEtiology_PatientHospitalized_ConfirmedCase_FoodborneTransmission","[]","1998-05"
"[P1Y]","2","[dcAggregate/NORSNonInfectiousDisease]","[]","Count_MedicalConditionIncident_EColiOther_ConfirmedCase_PersonToPersonTransmission","[]","2019-05"
"[P1Y]","4","[dcAggregate/NORSNonInfectiousDisease]","[]","Count_MedicalConditionIncident_SapovirusUnknown_PatientDeceased_Indeterminate_Other_UnknownTramissionMode","[]","2017-10"
"[P1Y]","25","[dcAggregate/NORSNonInfectiousDisease]","[]","Count_MedicalConditionIncident_ShigellaSonneiEtiology_PatientHospitalized_ConfirmedCase_Indeterminate_Other_UnknownTramissionMode","[]","2009-01"
"[P1Y]","8","[dcAggregate/NORSNonInfectiousDisease]","[]","Count_MedicalConditionIncident_EColiEnteropathogenicEtiology_FoodborneTransmission","[]","1999-03"
"[P1Y]","12","[dcAggregate/NORSNonInfectiousDisease]","[]","Count_MedicalConditionIncident_CampylobacterJejuniEtiology_SuspectedCase_Indeterminate_Other_UnknownTramissionMode","[]","2011-04"
"[P1Y]","2","[dcAggregate/NORSNonInfectiousDisease]","[]","Count_MedicalConditionIncident_Trichloroethylene_PatientDeceased_ConfirmedCase_WaterborneTransmission","[]","1980-09"
"[P1Y]","5","[dcAggregate/NORSNonInfectiousDisease]","[]","Count_MedicalConditionIncident_BrucellaUnknown_PatientHospitalized_ConfirmedCase_FoodborneTransmission","[]","2001-07"
"[P1Y]","2","[dcAggregate/NORSNonInfectiousDisease]","[]","Count_MedicalConditionIncident_SalmonellaOther_PatientHospitalized_SuspectedCase_PersonToPersonTransmission","[]","2018-02"
"[P1Y]","2","[dcAggregate/NORSNonInfectiousDisease]","[]","Count_MedicalConditionIncident_NorovirusGenogroupIV_PatientDeceased_ConfirmedCase_FoodborneTransmission","[]","2016-05"
"[P1Y]","2","[dcAggregate/NORSNonInfectiousDisease]","[]","Count_MedicalConditionIncident_ListeriaUnknown_PatientDeceased_FoodborneTransmission","[]","2006-06"
"[P1Y]","2","[dcAggregate/NORSNonInfectiousDisease]","[]","Count_MedicalConditionIncident_StaphylococcusEtiology_SuspectedCase_Indeterminate_Other_UnknownTramissionMode","[]","2014-02"
"[P1Y]","3","[dcAggregate/NORSNonInfectiousDisease]","[]","Count_MedicalConditionIncident_CampylobacterEtiology_PatientDeceased_WaterborneTransmission","[]","2018-07"
"[P1Y]","2","[dcAggregate/NORSNonInfectiousDisease]","[]","Count_MedicalConditionIncident_GiardiaDuodenalisEtiology_PatientHospitalized_EnvironmentalContaminationTransmissionExceptFood_Water","[]","2019-09"
"[P1Y]","17","[dcAggregate/NORSNonInfectiousDisease]","[]","Count_MedicalConditionIncident_ShigellaFlexneriEtiology_PatientHospitalized_FoodborneTransmission","[]","1998-01"
"[P1Y]","30","[dcAggregate/NORSNonInfectiousDisease]","[]","Count_MedicalConditionIncident_CyclosporaCayetanensisEtiology_PatientHospitalized_FoodborneTransmission","[]","1998-05"
"[P1Y]","3","[dcAggregate/NORSNonInfectiousDisease]","[]","Count_MedicalConditionIncident_CryptosporidiumHominisEtiology_PatientDeceased_ConfirmedCase_Indeterminate_Other_UnknownTramissionMode","[]","2016-10"
"[P1Y]","5","[dcAggregate/NORSNonInfectiousDisease]","[]","Count_MedicalConditionIncident_SapovirusGenogroupI_PatientDeceased_ConfirmedCase_PersonToPersonTransmission","[]","2011-02"
"[P1Y]","17","[dcAggregate/NORSNonInfectiousDisease]","[]","Count_MedicalConditionIncident_Histamine_PatientHospitalized_ConfirmedCase_FoodborneTransmission","[]","1999-12"
"[P1Y]","3","[dcAggregate/NORSNonInfectiousDisease]","[]","Count_MedicalConditionIncident_EColiEnteropathogenicEtiology_PatientDeceased_WaterborneTransmission","[]","1987-07"
"[P1Y]","4","[dcAggregate/NORSNonInfectiousDisease]","[]","Count_MedicalConditionIncident_EColiEnteropathogenicEtiology_PatientDeceased_ConfirmedCase_PersonToPersonTransmission","[]","2018-10"
"[P1Y]","8","[dcAggregate/NORSNonInfectiousDisease]","[]","Count_MedicalConditionIncident_SodiumHydroxide_PatientDeceased_WaterborneTransmission","[]","1980-12"
"[P1Y]","9","[dcAggregate/NORSNonInfectiousDisease]","[]","Count_MedicalConditionIncident_CampylobacterEtiology_PatientHospitalized_SuspectedCase_PersonToPersonTransmission","[]","2011-08"
"[P1Y]","2","[dcAggregate/NORSNonInfectiousDisease]","[]","Count_MedicalConditionIncident_EthylAcrylate_PatientHospitalized_WaterborneTransmission","[]","1975-10"
"[P1Y]","3","[dcAggregate/NORSNonInfectiousDisease]","[]","Count_MedicalConditionIncident_EntamoebaHistolyticaEtiology_PatientHospitalized_WaterborneTransmission","[]","1984-06"
"[P1Y]","3","[dcAggregate/NORSNonInfectiousDisease]","[]","Count_MedicalConditionIncident_VibrioOther_ConfirmedCase_FoodborneTransmission","[]","1998-11"
"[P1Y]","2","[dcAggregate/NORSNonInfectiousDisease]","[]","Count_MedicalConditionIncident_MycobacteriumOther_PatientDeceased_SuspectedCase_WaterborneTransmission","[]","2015-01"
"[P1Y]","4","[dcAggregate/NORSNonInfectiousDisease]","[]","Count_MedicalConditionIncident_ShigellaEtiology_PatientHospitalized_ConfirmedCase_Indeterminate_Other_UnknownTramissionMode","[]","2015-05"
"[P1Y]","2","[dcAggregate/NORSNonInfectiousDisease]","[]","Count_MedicalConditionIncident_YersiniaEnterocoliticaEtiology_PatientDeceased_WaterborneTransmission","[]","1981-05"
"[P1Y]","3","[dcAggregate/NORSNonInfectiousDisease]","[]","Count_MedicalConditionIncident_SalmonellaEtiology_ConfirmedCase_PersonToPersonTransmission","[]","2014-08"
"[P1Y]","2","[dcAggregate/NORSNonInfectiousDisease]","[]","Count_MedicalConditionIncident_CryptosporidiumHominisEtiology_PatientDeceased_FoodborneTransmission","[]","2018-09"
"[P1Y]","2","[dcAggregate/NORSNonInfectiousDisease]","[]","Count_MedicalConditionIncident_Cholera_PatientDeceased_Indeterminate_Other_UnknownTramissionMode","[]","2015-06"
"[P1Y]","3","[dcAggregate/NORSNonInfectiousDisease]","[]","Count_MedicalConditionIncident_NORSUnknownBacterium_PatientHospitalized_FoodborneTransmission","[]","2022-01"
"[P1Y]","2","[dcAggregate/NORSNonInfectiousDisease]","[]","Count_MedicalConditionIncident_SapovirusGenogroupIV_PatientHospitalized_Indeterminate_Other_UnknownTramissionMode","[]","2016-02"
"[P1Y]","2","[dcAggregate/NORSNonInfectiousDisease]","[]","Count_MedicalConditionIncident_AmnesicShellfishPoison_PatientHospitalized_ConfirmedCase_FoodborneTransmission","[]","2013-07"
"[P1Y]","47","[dcAggregate/NORSNonInfectiousDisease]","[]","Count_MedicalConditionIncident_Norovirus_PatientHospitalized_SuspectedCase_PersonToPersonTransmission","[]","2009-01"
"[P1Y]","5","[dcAggregate/NORSNonInfectiousDisease]","[]","Count_MedicalConditionIncident_BacillusEtiology_FoodborneTransmission","[]","2007-01"
"[P1Y]","5","[dcAggregate/NORSNonInfectiousDisease]","[]","Count_MedicalConditionIncident_ClostridiumBotulinumEtiology_SuspectedCase_FoodborneTransmission","[]","2001-08"
"[P1Y]","2","[dcAggregate/NORSNonInfectiousDisease]","[]","Count_MedicalConditionIncident_SapovirusGenogroupI_PatientHospitalized_Indeterminate_Other_UnknownTramissionMode","[]","2013-02"
"[P1Y]","23","[dcAggregate/NORSNonInfectiousDisease]","[]","Count_MedicalConditionIncident_CampylobacterUnknown_PatientDeceased_SuspectedCase_FoodborneTransmission","[]","1998-01"
"[P1Y]","2","[dcAggregate/NORSNonInfectiousDisease]","[]","Count_MedicalConditionIncident_CleaningAgents_PatientHospitalized_ConfirmedCase_FoodborneTransmission","[]","2014-08"
"[P1Y]","32","[dcAggregate/NORSNonInfectiousDisease]","[]","Count_MedicalConditionIncident_GiardiaDuodenalisEtiology_PatientHospitalized_WaterborneTransmission","[]","1972-05"
"[P1Y]","7","[dcAggregate/NORSNonInfectiousDisease]","[]","Count_MedicalConditionIncident_SalmonellaUnknown_SuspectedCase_PersonToPersonTransmission","[]","2012-06"
"[P1Y]","2","[dcAggregate/NORSNonInfectiousDisease]","[]","Count_MedicalConditionIncident_NORSOtherVirus_ConfirmedCase_WaterborneTransmission","[]","2003-07"
"[P1Y]","2","[dcAggregate/NORSNonInfectiousDisease]","[]","Count_MedicalConditionIncident_BacillusUnknown_PatientHospitalized_FoodborneTransmission","[]","2010-06"
"[P1Y]","10","[dcAggregate/NORSNonInfectiousDisease]","[]","Count_MedicalConditionIncident_Rotavirus_PatientHospitalized_SuspectedCase_Indeterminate_Other_UnknownTramissionMode","[]","2014-06"
"[P1Y]","2","[dcAggregate/NORSNonInfectiousDisease]","[]","Count_MedicalConditionIncident_Brucella_PatientDeceased_FoodborneTransmission","[]","2016-03"
"[P1Y]","14","[dcAggregate/NORSNonInfectiousDisease]","[]","Count_MedicalConditionIncident_CampylobacterEtiology_SuspectedCase_FoodborneTransmission","[]","2013-08"
"[P1Y]","20","[dcAggregate/NORSNonInfectiousDisease]","[]","Count_MedicalConditionIncident_ClostridiumDifficileEtiology_PatientDeceased_PersonToPersonTransmission","[]","2014-12"
"[P1Y]","9","[dcAggregate/NORSNonInfectiousDisease]","[]","Count_MedicalConditionIncident_CampylobacterEtiology_PatientHospitalized_PersonToPersonTransmission","[]","2011-08"
"[P1Y]","3","[dcAggregate/NORSNonInfectiousDisease]","[]","Count_MedicalConditionIncident_NORSUnknown_PatientHospitalized_SuspectedCase_FoodborneTransmission","[]","2022-02"
"[P1Y]","8","[dcAggregate/NORSNonInfectiousDisease]","[]","Count_MedicalConditionIncident_CampylobacterUnknown_PatientHospitalized_ConfirmedCase_WaterborneTransmission","[]","2004-08"
"[P1Y]","22","[dcAggregate/NORSNonInfectiousDisease]","[]","Count_MedicalConditionIncident_Norovirus_ConfirmedCase_FoodborneTransmission","[]","2009-01"
"[P1Y]","3","[dcAggregate/NORSNonInfectiousDisease]","[]","Count_MedicalConditionIncident_VibrioVulnificusEtiology_SuspectedCase_FoodborneTransmission","[]","2015-12"
"[P1Y]","2","[dcAggregate/NORSNonInfectiousDisease]","[]","Count_MedicalConditionIncident_EnterovirusUnknownEtiology_PersonToPersonTransmission","[]","2023-03"
"[P1Y]","4","[dcAggregate/NORSNonInfectiousDisease]","[]","Count_MedicalConditionIncident_ShigellaFlexneriEtiology_PatientHospitalized_SuspectedCase_Indeterminate_Other_UnknownTramissionMode","[]","2015-09"
"[P1Y]","2","[dcAggregate/NORSNonInfectiousDisease]","[]","Count_MedicalConditionIncident_MycobacteriumAviumEtiology_PatientHospitalized_ConfirmedCase_WaterborneTransmission","[]","2015-06"
"[P1Y]","31","[dcAggregate/NORSNonInfectiousDisease]","[]","Count_MedicalConditionIncident_GiardiaDuodenalisEtiology_PatientHospitalized_ConfirmedCase_WaterborneTransmission","[]","1972-05"
"[P1Y]","2","[dcAggregate/NORSNonInfectiousDisease]","[]","Count_MedicalConditionIncident_MycobacteriumAviumEtiology_ConfirmedCase_WaterborneTransmission","[]","2015-06"
"[P1Y]","30","[dcAggregate/NORSNonInfectiousDisease]","[]","Count_MedicalConditionIncident_CyclosporaCayetanensisEtiology_PatientHospitalized_ConfirmedCase_FoodborneTransmission","[]","1998-05"
"[P1Y]","17","[dcAggregate/NORSNonInfectiousDisease]","[]","Count_MedicalConditionIncident_NORSOtherVirus_PatientHospitalized_SuspectedCase_FoodborneTransmission","[]","1998-01"
"[P1Y]","2","[dcAggregate/NORSNonInfectiousDisease]","[]","Count_MedicalConditionIncident_Herbicide_PatientHospitalized_ConfirmedCase_WaterborneTransmission","[]","1975-06"
"[P1Y]","11","[dcAggregate/NORSNonInfectiousDisease]","[]","Count_MedicalConditionIncident_ShigellaEtiology_ConfirmedCase_PersonToPersonTransmission","[]","2012-09"
"[P1Y]","7","[dcAggregate/NORSNonInfectiousDisease]","[]","Count_MedicalConditionIncident_CryptosporidiumUnknown_ConfirmedCase_FoodborneTransmission","[]","2007-07"
"[P1Y]","20","[dcAggregate/NORSNonInfectiousDisease]","[]","Count_MedicalConditionIncident_CampylobacterJejuniEtiology_PatientHospitalized_ConfirmedCase_Indeterminate_Other_UnknownTramissionMode","[]","2009-08"
"[P1Y]","2","[dcAggregate/NORSNonInfectiousDisease]","[]","Count_MedicalConditionIncident_ToxoplasmaEtiology_PatientHospitalized_ConfirmedCase_FoodborneTransmission","[]","2018-12"
"[P1Y]","4","[dcAggregate/NORSNonInfectiousDisease]","[]","Count_MedicalConditionIncident_ShigellaUnknown_SuspectedCase_FoodborneTransmission","[]","2000-07"
"[P1Y]","3","[dcAggregate/NORSNonInfectiousDisease]","[]","Count_MedicalConditionIncident_CampylobacterUnknown_PatientDeceased_EnvironmentalContaminationTransmissionExceptFood_Water","[]","2018-07"
"[P1Y]","2","[dcAggregate/NORSNonInfectiousDisease]","[]","Count_MedicalConditionIncident_StaphylococcusUnknown_WaterborneTransmission","[]","2001-06"
"[P1Y]","5","[dcAggregate/NORSNonInfectiousDisease]","[]","Count_MedicalConditionIncident_EColiEnterotoxigenicEtiology_PatientDeceased_SuspectedCase_FoodborneTransmission","[]","2000-05"
"[P1Y]","2","[dcAggregate/NORSNonInfectiousDisease]","[]","Count_MedicalConditionIncident_CryptosporidiumOther_PatientHospitalized_ConfirmedCase_PersonToPersonTransmission","[]","2021-10"
"[P1Y]","44","[dcAggregate/NORSNonInfectiousDisease]","[]","Count_MedicalConditionIncident_CampylobacterJejuniEtiology_ConfirmedCase_FoodborneTransmission","[]","1998-05"
"[P1Y]","9","[dcAggregate/NORSNonInfectiousDisease]","[]","Count_MedicalConditionIncident_TrichinellaSpiralisEtiology_FoodborneTransmission","[]","1998-09"
"[P1Y]","2","[dcAggregate/NORSNonInfectiousDisease]","[]","Count_MedicalConditionIncident_ShigellaUnknown_PatientHospitalized_SuspectedCase_Indeterminate_Other_UnknownTramissionMode","[]","2015-10"
"[P1Y]","2","[dcAggregate/NORSNonInfectiousDisease]","[]","Count_MedicalConditionIncident_CleaningAgents_PatientDeceased_ConfirmedCase_FoodborneTransmission","[]","2014-08"
"[P1Y]","5","[dcAggregate/NORSNonInfectiousDisease]","[]","Count_MedicalConditionIncident_NORSOtherBacterium_WaterborneTransmission","[]","2004-06"
"[P1Y]","32","[dcAggregate/NORSNonInfectiousDisease]","[]","Count_MedicalConditionIncident_HepatitisA_PatientDeceased_FoodborneTransmission","[]","1998-01"
"[P1Y]","17","[dcAggregate/NORSNonInfectiousDisease]","[]","Count_MedicalConditionIncident_SalmonellaEntericaEtiology_PatientHospitalized_SuspectedCase_PersonToPersonTransmission","[]","2009-04"
"[P1Y]","2","[dcAggregate/NORSNonInfectiousDisease]","[]","Count_MedicalConditionIncident_NORSUnknownVirus_PatientDeceased_Indeterminate_Other_UnknownTramissionMode","[]","2023-12"
"[P1Y]","2","[dcAggregate/NORSNonInfectiousDisease]","[]","Count_MedicalConditionIncident_AnatoxinA_PatientDeceased_SuspectedCase_WaterborneTransmission","[]","2021-02"
"[P1Y]","14","[dcAggregate/NORSNonInfectiousDisease]","[]","Count_MedicalConditionIncident_SalmonellaEntericaEtiology_EnvironmentalContaminationTransmissionExceptFood_Water","[]","2009-10"
"[P1Y]","2","[dcAggregate/NORSNonInfectiousDisease]","[]","Count_MedicalConditionIncident_EColiOther_PatientDeceased_SuspectedCase_Indeterminate_Other_UnknownTramissionMode","[]","2021-05"
"[P1Y]","13","[dcAggregate/NORSNonInfectiousDisease]","[]","Count_MedicalConditionIncident_CampylobacterEtiology_PatientDeceased_Indeterminate_Other_UnknownTramissionMode","[]","2013-04"
"[P1Y]","13","[dcAggregate/NORSNonInfectiousDisease]","[]","Count_MedicalConditionIncident_ShigellaUnknown_PatientHospitalized_ConfirmedCase_WaterborneTransmission","[]","1973-06"
"[P1Y]","4","[dcAggregate/NORSNonInfectiousDisease]","[]","Count_MedicalConditionIncident_LegionellaAnisaEtiology_PatientDeceased_WaterborneTransmission","[]","1988-04"
"[P1Y]","47","[dcAggregate/NORSNonInfectiousDisease]","[]","Count_MedicalConditionIncident_Norovirus_PatientHospitalized_PersonToPersonTransmission","[]","2009-01"
"[P1Y]","5","[dcAggregate/NORSNonInfectiousDisease]","[]","Count_MedicalConditionIncident_GiardiaUnknown_PatientDeceased_SuspectedCase_PersonToPersonTransmission","[]","2013-10"
"[P1Y]","14","[dcAggregate/NORSNonInfectiousDisease]","[]","Count_MedicalConditionIncident_CryptosporidiumParvumEtiology_PatientDeceased_FoodborneTransmission","[]","1998-09"
"[P1Y]","2","[dcAggregate/NORSNonInfectiousDisease]","[]","Count_MedicalConditionIncident_EColiEnterotoxigenicEtiology_WaterborneTransmission","[]","1975-06"
"[P1Y]","2","[dcAggregate/NORSNonInfectiousDisease]","[]","Count_MedicalConditionIncident_NORSUnknownVirus_PatientHospitalized_Indeterminate_Other_UnknownTramissionMode","[]","2023-12"
"[P1Y]","18","[dcAggregate/NORSNonInfectiousDisease]","[]","Count_MedicalConditionIncident_NORSOtherChemical_Toxin_PatientHospitalized_SuspectedCase_FoodborneTransmission","[]","1998-05"
"[P1Y]","2","[dcAggregate/NORSNonInfectiousDisease]","[]","Count_MedicalConditionIncident_CryptosporidiumParvumEtiology_PatientHospitalized_EnvironmentalContaminationTransmissionExceptFood_Water","[]","2014-07"
"[P1Y]","12","[dcAggregate/NORSNonInfectiousDisease]","[]","Count_MedicalConditionIncident_CyclosporaEtiology_PatientHospitalized_ConfirmedCase_FoodborneTransmission","[]","2014-06"
"[P1Y]","5","[dcAggregate/NORSNonInfectiousDisease]","[]","Count_MedicalConditionIncident_CampylobacterColiEtiology_ConfirmedCase_AnimalContactTransmission","[]","2013-10"
"[P1Y]","10","[dcAggregate/NORSNonInfectiousDisease]","[]","Count_MedicalConditionIncident_Norovirus_ConfirmedCase_Indeterminate_Other_UnknownTramissionMode","[]","2009-01"
"[P1Y]","5","[dcAggregate/NORSNonInfectiousDisease]","[]","Count_MedicalConditionIncident_Astrovirus_PatientHospitalized_SuspectedCase_PersonToPersonTransmission","[]","2015-04"
"[P1Y]","2","[dcAggregate/NORSNonInfectiousDisease]","[]","Count_MedicalConditionIncident_StaphylococcusUnknown_PatientHospitalized_SuspectedCase_WaterborneTransmission","[]","2001-06"
"[P1Y]","4","[dcAggregate/NORSNonInfectiousDisease]","[]","Count_MedicalConditionIncident_Sapovirus_SuspectedCase_Indeterminate_Other_UnknownTramissionMode","[]","2013-09"
"[P1Y]","7","[dcAggregate/NORSNonInfectiousDisease]","[]","Count_MedicalConditionIncident_SalmonellaUnknown_PatientDeceased_SuspectedCase_Indeterminate_Other_UnknownTramissionMode","[]","2012-10"
"[P1Y]","51","[dcAggregate/NORSNonInfectiousDisease]","[]","Count_MedicalConditionIncident_NorovirusGenogroupII_PatientDeceased_ConfirmedCase_FoodborneTransmission","[]","1998-03"
"[P1Y]","17","[dcAggregate/NORSNonInfectiousDisease]","[]","Count_MedicalConditionIncident_SalmonellaEntericaEtiology_SuspectedCase_PersonToPersonTransmission","[]","2009-04"
"[P1Y]","12","[dcAggregate/NORSNonInfectiousDisease]","[]","Count_MedicalConditionIncident_CampylobacterUnknown_PatientHospitalized_SuspectedCase_Indeterminate_Other_UnknownTramissionMode","[]","2010-12"
"[P1Y]","17","[dcAggregate/NORSNonInfectiousDisease]","[]","Count_MedicalConditionIncident_CryptosporidiumUnknown_PatientDeceased_Indeterminate_Other_UnknownTramissionMode","[]","2010-07"
"[P1Y]","16","[dcAggregate/NORSNonInfectiousDisease]","[]","Count_MedicalConditionIncident_GiardiaUnknown_PatientHospitalized_WaterborneTransmission","[]","2004-03"
"[P1Y]","3","[dcAggregate/NORSNonInfectiousDisease]","[]","Count_MedicalConditionIncident_CyanotoxinUnknown_PatientDeceased_ConfirmedCase_WaterborneTransmission","[]","2009-08"
"[P1Y]","14","[dcAggregate/NORSNonInfectiousDisease]","[]","Count_MedicalConditionIncident_Copper_ConfirmedCase_WaterborneTransmission","[]","1971-02"
"[P1Y]","2","[dcAggregate/NORSNonInfectiousDisease]","[]","Count_MedicalConditionIncident_StaphylococcusUnknown_PatientHospitalized_WaterborneTransmission","[]","2001-06"
"[P1Y]","33","[dcAggregate/NORSNonInfectiousDisease]","[]","Count_MedicalConditionIncident_Rotavirus_PatientHospitalized_PersonToPersonTransmission","[]","2009-01"
"[P1Y]","2","[dcAggregate/NORSNonInfectiousDisease]","[]","Count_MedicalConditionIncident_Herbicide_PatientDeceased_ConfirmedCase_WaterborneTransmission","[]","1975-06"
"[P1Y]","3","[dcAggregate/NORSNonInfectiousDisease]","[]","Count_MedicalConditionIncident_ToxoplasmaGondiiEtiology_PatientHospitalized_ConfirmedCase_FoodborneTransmission","[]","2017-10"
"[P1Y]","8","[dcAggregate/NORSNonInfectiousDisease]","[]","Count_MedicalConditionIncident_SalmonellaOther_PatientHospitalized_Indeterminate_Other_UnknownTramissionMode","[]","2014-05"
"[P1Y]","3","[dcAggregate/NORSNonInfectiousDisease]","[]","Count_MedicalConditionIncident_SalmonellaEtiology_PatientDeceased_SuspectedCase_PersonToPersonTransmission","[]","2009-01"
"[P1Y]","3","[dcAggregate/NORSNonInfectiousDisease]","[]","Count_MedicalConditionIncident_CleaningAgents_ConfirmedCase_WaterborneTransmission","[]","1999-08"
"[P1Y]","2","[dcAggregate/NORSNonInfectiousDisease]","[]","Count_MedicalConditionIncident_StaphylococcusUnknown_PatientDeceased_SuspectedCase_WaterborneTransmission","[]","2001-06"
"[P1Y]","21","[dcAggregate/NORSNonInfectiousDisease]","[]","Count_MedicalConditionIncident_NorovirusGenogroupI_PatientHospitalized_SuspectedCase_Indeterminate_Other_UnknownTramissionMode","[]","2010-07"
"[P1Y]","2","[dcAggregate/NORSNonInfectiousDisease]","[]","Count_MedicalConditionIncident_NorovirusGenogroupII_PatientDeceased_SuspectedCase_WaterborneTransmission","[]","2023-05"
"[P1Y]","2","[dcAggregate/NORSNonInfectiousDisease]","[]","Count_MedicalConditionIncident_CryptosporidiumParvumEtiology_PatientHospitalized_ConfirmedCase_EnvironmentalContaminationTransmissionExceptFood_Water","[]","2014-07"
"[P1Y]","45","[dcAggregate/NORSNonInfectiousDisease]","[]","Count_MedicalConditionIncident_NorovirusGenogroupII_PatientHospitalized_ConfirmedCase_Indeterminate_Other_UnknownTramissionMode","[]","2009-01"
"[P1Y]","8","[dcAggregate/NORSNonInfectiousDisease]","[]","Count_MedicalConditionIncident_CryptosporidiumEtiology_PatientHospitalized_SuspectedCase_PersonToPersonTransmission","[]","2009-02"
"[P1Y]","10","[dcAggregate/NORSNonInfectiousDisease]","[]","Count_MedicalConditionIncident_ShigellaFlexneriEtiology_PatientHospitalized_WaterborneTransmission","[]","1976-08"
"[P1Y]","2","[dcAggregate/NORSNonInfectiousDisease]","[]","Count_MedicalConditionIncident_StreptococcusUnknown_ConfirmedCase_WaterborneTransmission","[]","1984-02"
"[P1Y]","33","[dcAggregate/NORSNonInfectiousDisease]","[]","Count_MedicalConditionIncident_Rotavirus_PersonToPersonTransmission","[]","2009-01"
"[P1Y]","9","[dcAggregate/NORSNonInfectiousDisease]","[]","Count_MedicalConditionIncident_CampylobacterEtiology_PersonToPersonTransmission","[]","2011-08"
"[P1Y]","11","[dcAggregate/NORSNonInfectiousDisease]","[]","Count_MedicalConditionIncident_Fluorine_PatientDeceased_ConfirmedCase_WaterborneTransmission","[]","1972-06"
"[P1Y]","2","[dcAggregate/NORSNonInfectiousDisease]","[]","Count_MedicalConditionIncident_GiardiaEtiology_PatientHospitalized_FoodborneTransmission","[]","2019-12"
"[P1Y]","9","[dcAggregate/NORSNonInfectiousDisease]","[]","Count_MedicalConditionIncident_CryptosporidiumEtiology_Indeterminate_Other_UnknownTramissionMode","[]","2012-07"
"[P1Y]","8","[dcAggregate/NORSNonInfectiousDisease]","[]","Count_MedicalConditionIncident_ShigaToxinEColi_PatientDeceased_ConfirmedCase_EnvironmentalContaminationTransmissionExceptFood_Water","[]","2011-05"
"[P1Y]","2","[dcAggregate/NORSNonInfectiousDisease]","[]","Count_MedicalConditionIncident_ClostridiumOther_ConfirmedCase_EnvironmentalContaminationTransmissionExceptFood_Water","[]","2013-11"
"[P1Y]","5","[dcAggregate/NORSNonInfectiousDisease]","[]","Count_MedicalConditionIncident_StaphylococcusEtiology_PatientHospitalized_FoodborneTransmission","[]","2015-06"
"[P1Y]","14","[dcAggregate/NORSNonInfectiousDisease]","[]","Count_MedicalConditionIncident_SalmonellaEntericaEtiology_PatientDeceased_ConfirmedCase_EnvironmentalContaminationTransmissionExceptFood_Water","[]","2009-10"
"[P1Y]","12","[dcAggregate/NORSNonInfectiousDisease]","[]","Count_MedicalConditionIncident_AvianSchistosomes_PatientHospitalized_SuspectedCase_WaterborneTransmission","[]","1984-07"
"[P1Y]","5","[dcAggregate/NORSNonInfectiousDisease]","[]","Count_MedicalConditionIncident_ToxinsPlant_Herbal_PatientDeceased_ConfirmedCase_FoodborneTransmission","[]","2006-12"
"[P1Y]","5","[dcAggregate/NORSNonInfectiousDisease]","[]","Count_MedicalConditionIncident_SapovirusGenogroupI_PatientHospitalized_ConfirmedCase_PersonToPersonTransmission","[]","2011-02"
"[P1Y]","24","[dcAggregate/NORSNonInfectiousDisease]","[]","Count_MedicalConditionIncident_Ciguatoxin_FoodborneTransmission","[]","1998-01"
"[P1Y]","31","[dcAggregate/NORSNonInfectiousDisease]","[]","Count_MedicalConditionIncident_NorovirusGenogroupII_SuspectedCase_Indeterminate_Other_UnknownTramissionMode","[]","2009-04"
"[P1Y]","37","[dcAggregate/NORSNonInfectiousDisease]","[]","Count_MedicalConditionIncident_SalmonellaEntericaEtiology_AnimalContactTransmission","[]","2009-02"
"[P1Y]","36","[dcAggregate/NORSNonInfectiousDisease]","[]","Count_MedicalConditionIncident_ShigellaSonneiEtiology_WaterborneTransmission","[]","1971-07"
"[P1Y]","3","[dcAggregate/NORSNonInfectiousDisease]","[]","Count_MedicalConditionIncident_Nitrate_WaterborneTransmission","[]","1993-12"
"[P1Y]","3","[dcAggregate/NORSNonInfectiousDisease]","[]","Count_MedicalConditionIncident_EColiEnteroaggregativeEtiology_PatientHospitalized_SuspectedCase_Indeterminate_Other_UnknownTramissionMode","[]","2017-10"
"[P1Y]","2","[dcAggregate/NORSNonInfectiousDisease]","[]","Count_MedicalConditionIncident_NORSUnknown_PatientDeceased_PersonToPersonTransmission","[]","2023-07"
"[P1Y]","4","[dcAggregate/NORSNonInfectiousDisease]","[]","Count_MedicalConditionIncident_SalmonellaEtiology_PatientDeceased_SuspectedCase_Indeterminate_Other_UnknownTramissionMode","[]","2013-06"
"[P1Y]","3","[dcAggregate/NORSNonInfectiousDisease]","[]","Count_MedicalConditionIncident_NORSUnknownBacterium_FoodborneTransmission","[]","2022-01"
"[P1Y]","4","[dcAggregate/NORSNonInfectiousDisease]","[]","Count_MedicalConditionIncident_BacillusCereusEtiology_PatientDeceased_SuspectedCase_Indeterminate_Other_UnknownTramissionMode","[]","2011-04"
"[P1Y]","3","[dcAggregate/NORSNonInfectiousDisease]","[]","Count_MedicalConditionIncident_HepatitisA_PatientDeceased_SuspectedCase_FoodborneTransmission","[]","2000-08"
"[P1Y]","2","[dcAggregate/NORSNonInfectiousDisease]","[]","Count_MedicalConditionIncident_Rotavirus_WaterborneTransmission","[]","1981-03"
"[P1Y]","2","[dcAggregate/NORSNonInfectiousDisease]","[]","Count_MedicalConditionIncident_NaegleriaFowleriEtiology_PatientHospitalized_WaterborneTransmission","[]","2002-10"
"[P1Y]","41","[dcAggregate/NORSNonInfectiousDisease]","[]","Count_MedicalConditionIncident_BacillusCereusEtiology_PatientHospitalized_FoodborneTransmission","[]","1998-01"
"[P1Y]","2","[dcAggregate/NORSNonInfectiousDisease]","[]","Count_MedicalConditionIncident_LegionellaDumoffiiEtiology_PatientHospitalized_ConfirmedCase_WaterborneTransmission","[]","1980-11"
"[P1Y]","6","[dcAggregate/NORSNonInfectiousDisease]","[]","Count_MedicalConditionIncident_Chlorine_PatientDeceased_ConfirmedCase_WaterborneTransmission","[]","1984-01"
"[P1Y]","2","[dcAggregate/NORSNonInfectiousDisease]","[]","Count_MedicalConditionIncident_NORSOtherVirus_PatientHospitalized_ConfirmedCase_WaterborneTransmission","[]","2003-07"
"[P1Y]","2","[dcAggregate/NORSNonInfectiousDisease]","[]","Count_MedicalConditionIncident_ClostridiumPerfringensEtiology_PersonToPersonTransmission","[]","2019-10"
"[P1Y]","8","[dcAggregate/NORSNonInfectiousDisease]","[]","Count_MedicalConditionIncident_NORSOtherChemical_Toxin_WaterborneTransmission","[]","1994-01"
"[P1Y]","8","[dcAggregate/NORSNonInfectiousDisease]","[]","Count_MedicalConditionIncident_StaphylococcusUnknown_PatientHospitalized_SuspectedCase_FoodborneTransmission","[]","2005-10"
"[P1Y]","40","[dcAggregate/NORSNonInfectiousDisease]","[]","Count_MedicalConditionIncident_ShigellaSonneiEtiology_ConfirmedCase_PersonToPersonTransmission","[]","2009-01"
"[P1Y]","3","[dcAggregate/NORSNonInfectiousDisease]","[]","Count_MedicalConditionIncident_BrucellaOther_PatientHospitalized_FoodborneTransmission","[]","2021-05"
"[P1Y]","27","[dcAggregate/NORSNonInfectiousDisease]","[]","Count_MedicalConditionIncident_Rotavirus_PatientDeceased_ConfirmedCase_PersonToPersonTransmission","[]","2009-01"
"[P1Y]","2","[dcAggregate/NORSNonInfectiousDisease]","[]","Count_MedicalConditionIncident_CryptosporidiumHominisEtiology_PatientHospitalized_FoodborneTransmission","[]","2018-09"
"[P1Y]","29","[dcAggregate/NORSNonInfectiousDisease]","[]","Count_MedicalConditionIncident_CryptosporidiumHominisEtiology_PatientDeceased_ConfirmedCase_WaterborneTransmission","[]","1997-06"
"[P1Y]","2","[dcAggregate/NORSNonInfectiousDisease]","[]","Count_MedicalConditionIncident_SalmonellaOther_PatientDeceased_ConfirmedCase_AnimalContactTransmission","[]","2016-11"
"[P1Y]","3","[dcAggregate/NORSNonInfectiousDisease]","[]","Count_MedicalConditionIncident_NorovirusOther_PatientHospitalized_ConfirmedCase_PersonToPersonTransmission","[]","2015-05"
"[P1Y]","9","[dcAggregate/NORSNonInfectiousDisease]","[]","Count_MedicalConditionIncident_CampylobacterEtiology_PatientDeceased_PersonToPersonTransmission","[]","2011-08"
"[P1Y]","3","[dcAggregate/NORSNonInfectiousDisease]","[]","Count_MedicalConditionIncident_CryptosporidiumHominisEtiology_PatientHospitalized_ConfirmedCase_Indeterminate_Other_UnknownTramissionMode","[]","2016-10"
"[P1Y]","4","[dcAggregate/NORSNonInfectiousDisease]","[]","Count_MedicalConditionIncident_ShigellaUnknown_PatientHospitalized_SuspectedCase_FoodborneTransmission","[]","2000-07"
"[P1Y]","11","[dcAggregate/NORSNonInfectiousDisease]","[]","Count_MedicalConditionIncident_ShigellaEtiology_PatientHospitalized_ConfirmedCase_PersonToPersonTransmission","[]","2012-09"
"[P1Y]","6","[dcAggregate/NORSNonInfectiousDisease]","[]","Count_MedicalConditionIncident_CleaningAgents_PatientHospitalized_FoodborneTransmission","[]","2006-06"
"[P1Y]","5","[dcAggregate/NORSNonInfectiousDisease]","[]","Count_MedicalConditionIncident_BrucellaUnknown_PatientDeceased_FoodborneTransmission","[]","2001-07"
"[P1Y]","13","[dcAggregate/NORSNonInfectiousDisease]","[]","Count_MedicalConditionIncident_CampylobacterJejuniEtiology_PersonToPersonTransmission","[]","2010-06"
"[P1Y]","2","[dcAggregate/NORSNonInfectiousDisease]","[]","Count_MedicalConditionIncident_CampylobacterFetusEtiology_PatientHospitalized_ConfirmedCase_FoodborneTransmission","[]","2006-07"
"[P1Y]","2","[dcAggregate/NORSNonInfectiousDisease]","[]","Count_MedicalConditionIncident_MicrocystisUnknown_PatientDeceased_SuspectedCase_WaterborneTransmission","[]","2021-06"
"[P1Y]","2","[dcAggregate/NORSNonInfectiousDisease]","[]","Count_MedicalConditionIncident_SapovirusGenogroupIV_PatientDeceased_Indeterminate_Other_UnknownTramissionMode","[]","2016-02"
"[P1Y]","2","[dcAggregate/NORSNonInfectiousDisease]","[]","Count_MedicalConditionIncident_NorovirusOther_PatientDeceased_SuspectedCase_Indeterminate_Other_UnknownTramissionMode","[]","2017-02"
"[P1Y]","45","[dcAggregate/NORSNonInfectiousDisease]","[]","Count_MedicalConditionIncident_NORSUnknown_PatientHospitalized_SuspectedCase_WaterborneTransmission","[]","1971-06"
"[P1Y]","9","[dcAggregate/NORSNonInfectiousDisease]","[]","Count_MedicalConditionIncident_CryptosporidiumEtiology_PatientHospitalized_Indeterminate_Other_UnknownTramissionMode","[]","2012-07"
"[P1Y]","6","[dcAggregate/NORSNonInfectiousDisease]","[]","Count_MedicalConditionIncident_CampylobacterColiEtiology_PatientHospitalized_AnimalContactTransmission","[]","2013-04"
"[P1Y]","7","[dcAggregate/NORSNonInfectiousDisease]","[]","Count_MedicalConditionIncident_VibrioEtiology_FoodborneTransmission","[]","2018-07"
"[P1Y]","3","[dcAggregate/NORSNonInfectiousDisease]","[]","Count_MedicalConditionIncident_HydrochloricAcid_PatientDeceased_ConfirmedCase_WaterborneTransmission","[]","1998-09"
"[P1Y]","4","[dcAggregate/NORSNonInfectiousDisease]","[]","Count_MedicalConditionIncident_SalmonellaEtiology_PatientDeceased_SuspectedCase_FoodborneTransmission","[]","2013-07"
"[P1Y]","3","[dcAggregate/NORSNonInfectiousDisease]","[]","Count_MedicalConditionIncident_ToxinsPlant_Herbal_PatientHospitalized_SuspectedCase_FoodborneTransmission","[]","2001-02"
"[P1Y]","3","[dcAggregate/NORSNonInfectiousDisease]","[]","Count_MedicalConditionIncident_TrichinellaUnknown_SuspectedCase_FoodborneTransmission","[]","2012-08"
"[P1Y]","10","[dcAggregate/NORSNonInfectiousDisease]","[]","Count_MedicalConditionIncident_ShigellaFlexneriEtiology_PatientDeceased_WaterborneTransmission","[]","1976-08"
"[P1Y]","43","[dcAggregate/NORSNonInfectiousDisease]","[]","Count_MedicalConditionIncident_CryptosporidiumUnknown_PatientHospitalized_ConfirmedCase_WaterborneTransmission","[]","1992-06"
"[P1Y]","4","[dcAggregate/NORSNonInfectiousDisease]","[]","Count_MedicalConditionIncident_LegionellaMicdadeiEtiology_PatientDeceased_WaterborneTransmission","[]","1977-06"
"[P1Y]","11","[dcAggregate/NORSNonInfectiousDisease]","[]","Count_MedicalConditionIncident_Fluorine_PatientHospitalized_WaterborneTransmission","[]","1972-06"
"[P1Y]","39","[dcAggregate/NORSNonInfectiousDisease]","[]","Count_MedicalConditionIncident_PatientHospitalized_EnvironmentalContaminationTransmissionExceptFood_Water","[]","2009-04"
"[P1Y]","42","[dcAggregate/NORSNonInfectiousDisease]","[]","Count_MedicalConditionIncident_StaphylococcusAureusEtiology_ConfirmedCase_FoodborneTransmission","[]","1998-02"
"[P1Y]","20","[dcAggregate/NORSNonInfectiousDisease]","[]","Count_MedicalConditionIncident_CampylobacterJejuniEtiology_PatientDeceased_ConfirmedCase_Indeterminate_Other_UnknownTramissionMode","[]","2009-08"
"[P1Y]","36","[dcAggregate/NORSNonInfectiousDisease]","[]","Count_MedicalConditionIncident_ShigaToxinEColi_PatientDeceased_ConfirmedCase_PersonToPersonTransmission","[]","2009-02"
"[P1Y]","12","[dcAggregate/NORSNonInfectiousDisease]","[]","Count_MedicalConditionIncident_Mycotoxins_PatientHospitalized_ConfirmedCase_FoodborneTransmission","[]","1998-07"
"[P1Y]","2","[dcAggregate/NORSNonInfectiousDisease]","[]","Count_MedicalConditionIncident_Bromine_WaterborneTransmission","[]","2000-02"
"[P1Y]","48","[dcAggregate/NORSNonInfectiousDisease]","[]","Count_MedicalConditionIncident_NorovirusGenogroupII_SuspectedCase_PersonToPersonTransmission","[]","2009-01"
"[P1Y]","8","[dcAggregate/NORSNonInfectiousDisease]","[]","Count_MedicalConditionIncident_CampylobacterUnknown_PatientDeceased_ConfirmedCase_AnimalContactTransmission","[]","2010-09"
"[P1Y]","3","[dcAggregate/NORSNonInfectiousDisease]","[]","Count_MedicalConditionIncident_NorovirusGenogroupIV_ConfirmedCase_PersonToPersonTransmission","[]","2012-10"
"[P1Y]","2","[dcAggregate/NORSNonInfectiousDisease]","[]","Count_MedicalConditionIncident_EscherichiaEtiology_PatientHospitalized_ConfirmedCase_Indeterminate_Other_UnknownTramissionMode","[]","2015-10"
"[P1Y]","3","[dcAggregate/NORSNonInfectiousDisease]","[]","Count_MedicalConditionIncident_CryptosporidiumHominisEtiology_ConfirmedCase_PersonToPersonTransmission","[]","2013-11"
"[P1Y]","3","[dcAggregate/NORSNonInfectiousDisease]","[]","Count_MedicalConditionIncident_CampylobacterOther_ConfirmedCase_AnimalContactTransmission","[]","2013-03"
"[P1Y]","22","[dcAggregate/NORSNonInfectiousDisease]","[]","Count_MedicalConditionIncident_NorovirusOther_ConfirmedCase_WaterborneTransmission","[]","1978-05"
"[P1Y]","3","[dcAggregate/NORSNonInfectiousDisease]","[]","Count_MedicalConditionIncident_NORSUnknown_PatientHospitalized_FoodborneTransmission","[]","2022-02"
"[P1Y]","3","[dcAggregate/NORSNonInfectiousDisease]","[]","Count_MedicalConditionIncident_SalmonellaEtiology_PatientDeceased_ConfirmedCase_PersonToPersonTransmission","[]","2014-08"
"[P1Y]","19","[dcAggregate/NORSNonInfectiousDisease]","[]","Count_MedicalConditionIncident_HepatitisA_PatientHospitalized_ConfirmedCase_WaterborneTransmission","[]","1971-06"
"[P1Y]","8","[dcAggregate/NORSNonInfectiousDisease]","[]","Count_MedicalConditionIncident_Sapovirus_PatientDeceased_FoodborneTransmission","[]","2012-04"
"[P1Y]","3","[dcAggregate/NORSNonInfectiousDisease]","[]","Count_MedicalConditionIncident_CampylobacterEtiology_ConfirmedCase_AnimalContactTransmission","[]","2013-08"
"[P1Y]","8","[dcAggregate/NORSNonInfectiousDisease]","[]","Count_MedicalConditionIncident_Cholera_PatientHospitalized_FoodborneTransmission","[]","1998-09"
"[P1Y]","16","[dcAggregate/NORSNonInfectiousDisease]","[]","Count_MedicalConditionIncident_ShigellaFlexneriEtiology_PatientHospitalized_ConfirmedCase_FoodborneTransmission","[]","1998-01"
"[P1Y]","8","[dcAggregate/NORSNonInfectiousDisease]","[]","Count_MedicalConditionIncident_TrichinellaSpiralisEtiology_PatientHospitalized_ConfirmedCase_FoodborneTransmission","[]","1998-09"
"[P1Y]","2","[dcAggregate/NORSNonInfectiousDisease]","[]","Count_MedicalConditionIncident_MycobacteriumAviumEtiology_PatientDeceased_WaterborneTransmission","[]","2015-06"
"[P1Y]","4","[dcAggregate/NORSNonInfectiousDisease]","[]","Count_MedicalConditionIncident_ClostridiumOther_SuspectedCase_PersonToPersonTransmission","[]","2013-03"
"[P1Y]","2","[dcAggregate/NORSNonInfectiousDisease]","[]","Count_MedicalConditionIncident_ShigellaBoydiiEtiology_SuspectedCase_PersonToPersonTransmission","[]","2013-12"
"[P1Y]","2","[dcAggregate/NORSNonInfectiousDisease]","[]","Count_MedicalConditionIncident_GiardiaEtiology_PatientHospitalized_SuspectedCase_FoodborneTransmission","[]","2019-12"
"[P1Y]","2","[dcAggregate/NORSNonInfectiousDisease]","[]","Count_MedicalConditionIncident_CampylobacterOther_SuspectedCase_FoodborneTransmission","[]","1999-02"
"[P1Y]","32","[dcAggregate/NORSNonInfectiousDisease]","[]","Count_MedicalConditionIncident_PseudomonasUnknown_PatientHospitalized_WaterborneTransmission","[]","1978-02"
"[P1Y]","4","[dcAggregate/NORSNonInfectiousDisease]","[]","Count_MedicalConditionIncident_VibrioEtiology_ConfirmedCase_FoodborneTransmission","[]","2021-07"
"[P1Y]","35","[dcAggregate/NORSNonInfectiousDisease]","[]","Count_MedicalConditionIncident_SalmonellaEntericaEtiology_PatientDeceased_ConfirmedCase_AnimalContactTransmission","[]","2009-02"
"[P1Y]","11","[dcAggregate/NORSNonInfectiousDisease]","[]","Count_MedicalConditionIncident_ShigellaSonneiEtiology_PatientHospitalized_SuspectedCase_Indeterminate_Other_UnknownTramissionMode","[]","2009-12"
"[P1Y]","4","[dcAggregate/NORSNonInfectiousDisease]","[]","Count_MedicalConditionIncident_TrichinellaUnknown_PatientDeceased_FoodborneTransmission","[]","2012-01"
"[P1Y]","7","[dcAggregate/NORSNonInfectiousDisease]","[]","Count_MedicalConditionIncident_ChlorineGas_PatientDeceased_ConfirmedCase_WaterborneTransmission","[]","2007-08"
"[P1Y]","6","[dcAggregate/NORSNonInfectiousDisease]","[]","Count_MedicalConditionIncident_NORSUnknownChemical_Toxin_PatientHospitalized_WaterborneTransmission","[]","2007-05"
"[P1Y]","5","[dcAggregate/NORSNonInfectiousDisease]","[]","Count_MedicalConditionIncident_EColiEnteropathogenicEtiology_PatientDeceased_SuspectedCase_FoodborneTransmission","[]","1999-03"
"[P1Y]","2","[dcAggregate/NORSNonInfectiousDisease]","[]","Count_MedicalConditionIncident_NorovirusGenogroupIX_PatientHospitalized_FoodborneTransmission","[]","2023-01"
"[P1Y]","2","[dcAggregate/NORSNonInfectiousDisease]","[]","Count_MedicalConditionIncident_ShigellaBoydiiEtiology_PatientHospitalized_SuspectedCase_WaterborneTransmission","[]","1983-06"
"[P1Y]","42","[dcAggregate/NORSNonInfectiousDisease]","[]","Count_MedicalConditionIncident_NorovirusUnknown_ConfirmedCase_FoodborneTransmission","[]","2001-01"
"[P1Y]","2","[dcAggregate/NORSNonInfectiousDisease]","[]","Count_MedicalConditionIncident_CyclosporaEtiology_ConfirmedCase_Indeterminate_Other_UnknownTramissionMode","[]","2020-02"
"[P1Y]","28","[dcAggregate/NORSNonInfectiousDisease]","[]","Count_MedicalConditionIncident_ShigellaSonneiEtiology_ConfirmedCase_FoodborneTransmission","[]","1998-01"
"[P1Y]","5","[dcAggregate/NORSNonInfectiousDisease]","[]","Count_MedicalConditionIncident_StaphylococcusAureusEtiology_Indeterminate_Other_UnknownTramissionMode","[]","2009-01"
"[P1Y]","7","[dcAggregate/NORSNonInfectiousDisease]","[]","Count_MedicalConditionIncident_ChlorineGas_ConfirmedCase_WaterborneTransmission","[]","2007-08"
"[P1Y]","4","[dcAggregate/NORSNonInfectiousDisease]","[]","Count_MedicalConditionIncident_ClostridiumEtiology_ConfirmedCase_PersonToPersonTransmission","[]","2013-02"
"[P1Y]","15","[dcAggregate/NORSNonInfectiousDisease]","[]","Count_MedicalConditionIncident_GiardiaUnknown_ConfirmedCase_WaterborneTransmission","[]","2004-03"
"[P1Y]","3","[dcAggregate/NORSNonInfectiousDisease]","[]","Count_MedicalConditionIncident_ListeriaMonocytogenesEtiology_PatientDeceased_ConfirmedCase_Indeterminate_Other_UnknownTramissionMode","[]","2009-04"
"[P1Y]","6","[dcAggregate/NORSNonInfectiousDisease]","[]","Count_MedicalConditionIncident_EColiEnteroaggregativeEtiology_PatientDeceased_FoodborneTransmission","[]","2011-12"
"[P1Y]","3","[dcAggregate/NORSNonInfectiousDisease]","[]","Count_MedicalConditionIncident_YersiniaEnterocoliticaEtiology_PatientHospitalized_SuspectedCase_Indeterminate_Other_UnknownTramissionMode","[]","2011-08"
"[P1Y]","2","[dcAggregate/NORSNonInfectiousDisease]","[]","Count_MedicalConditionIncident_NorovirusGenogroupIV_PatientDeceased_FoodborneTransmission","[]","2016-05"
"[P1Y]","2","[dcAggregate/NORSNonInfectiousDisease]","[]","Count_MedicalConditionIncident_StaphylococcusEtiology_PatientHospitalized_Indeterminate_Other_UnknownTramissionMode","[]","2014-02"
"[P1Y]","5","[dcAggregate/NORSNonInfectiousDisease]","[]","Count_MedicalConditionIncident_PlesiomonasShigelloidesEtiology_PatientDeceased_WaterborneTransmission","[]","1996-06"
"[P1Y]","32","[dcAggregate/NORSNonInfectiousDisease]","[]","Count_MedicalConditionIncident_BacillusCereusEtiology_PatientDeceased_SuspectedCase_FoodborneTransmission","[]","1998-01"
"[P1Y]","2","[dcAggregate/NORSNonInfectiousDisease]","[]","Count_MedicalConditionIncident_NorovirusGenogroupII_SuspectedCase_WaterborneTransmission","[]","2023-05"
"[P1Y]","3","[dcAggregate/NORSNonInfectiousDisease]","[]","Count_MedicalConditionIncident_EthyleneGlycol_PatientDeceased_ConfirmedCase_WaterborneTransmission","[]","1987-04"
"[P1Y]","2","[dcAggregate/NORSNonInfectiousDisease]","[]","Count_MedicalConditionIncident_VibrioEtiology_ConfirmedCase_Indeterminate_Other_UnknownTramissionMode","[]","2022-02"
"[P1Y]","2","[dcAggregate/NORSNonInfectiousDisease]","[]","Count_MedicalConditionIncident_SapovirusGenogroupI_PatientHospitalized_SuspectedCase_PersonToPersonTransmission","[]","2019-01"
"[P1Y]","2","[dcAggregate/NORSNonInfectiousDisease]","[]","Count_MedicalConditionIncident_YersiniaEtiology_PatientHospitalized_ConfirmedCase_PersonToPersonTransmission","[]","2016-06"
"[P1Y]","43","[dcAggregate/NORSNonInfectiousDisease]","[]","Count_MedicalConditionIncident_CryptosporidiumUnknown_ConfirmedCase_WaterborneTransmission","[]","1992-06"
"[P1Y]","13","[dcAggregate/NORSNonInfectiousDisease]","[]","Count_MedicalConditionIncident_CryptosporidiumEtiology_PatientDeceased_AnimalContactTransmission","[]","2010-01"
"[P1Y]","3","[dcAggregate/NORSNonInfectiousDisease]","[]","Count_MedicalConditionIncident_CyclosporaCayetanensisEtiology_SuspectedCase_Indeterminate_Other_UnknownTramissionMode","[]","2019-05"
"[P1Y]","8","[dcAggregate/NORSNonInfectiousDisease]","[]","Count_MedicalConditionIncident_CampylobacterUnknown_PatientDeceased_SuspectedCase_AnimalContactTransmission","[]","2011-05"
"[P1Y]","3","[dcAggregate/NORSNonInfectiousDisease]","[]","Count_MedicalConditionIncident_NORSOtherBacterium_PatientDeceased_SuspectedCase_WaterborneTransmission","[]","2004-06"
"[P1Y]","6","[dcAggregate/NORSNonInfectiousDisease]","[]","Count_MedicalConditionIncident_SalmonellaEtiology_ConfirmedCase_FoodborneTransmission","[]","2014-03"
"[P1Y]","3","[dcAggregate/NORSNonInfectiousDisease]","[]","Count_MedicalConditionIncident_CampylobacterFetusEtiology_PatientHospitalized_FoodborneTransmission","[]","2003-12"
"[P1Y]","3","[dcAggregate/NORSNonInfectiousDisease]","[]","Count_MedicalConditionIncident_NORSOtherBacterium_PatientHospitalized_ConfirmedCase_WaterborneTransmission","[]","2018-02"
"[P1Y]","2","[dcAggregate/NORSNonInfectiousDisease]","[]","Count_MedicalConditionIncident_ShigellaOther_PatientDeceased_Indeterminate_Other_UnknownTramissionMode","[]","2012-01"
"[P1Y]","2","[dcAggregate/NORSNonInfectiousDisease]","[]","Count_MedicalConditionIncident_Selenium_PatientDeceased_WaterborneTransmission","[]","1971-06"
"[P1Y]","6","[dcAggregate/NORSNonInfectiousDisease]","[]","Count_MedicalConditionIncident_VibrioUnknown_PatientDeceased_SuspectedCase_FoodborneTransmission","[]","1999-05"
"[P1Y]","3","[dcAggregate/NORSNonInfectiousDisease]","[]","Count_MedicalConditionIncident_NORSOtherBacterium_Indeterminate_Other_UnknownTramissionMode","[]","2009-04"
"[P1Y]","35","[dcAggregate/NORSNonInfectiousDisease]","[]","Count_MedicalConditionIncident_NorovirusGenogroupI_Indeterminate_Other_UnknownTramissionMode","[]","2009-01"
"[P1Y]","5","[dcAggregate/NORSNonInfectiousDisease]","[]","Count_MedicalConditionIncident_SapovirusUnknown_SuspectedCase_FoodborneTransmission","[]","2015-08"
"[P1Y]","3","[dcAggregate/NORSNonInfectiousDisease]","[]","Count_MedicalConditionIncident_YersiniaEnterocoliticaEtiology_SuspectedCase_FoodborneTransmission","[]","2012-09"
"[P1Y]","4","[dcAggregate/NORSNonInfectiousDisease]","[]","Count_MedicalConditionIncident_SalmonellaEtiology_Indeterminate_Other_UnknownTramissionMode","[]","2013-06"
"[P1Y]","2","[dcAggregate/NORSNonInfectiousDisease]","[]","Count_MedicalConditionIncident_ClostridiumOther_PatientHospitalized_FoodborneTransmission","[]","2011-04"
"[P1Y]","5","[dcAggregate/NORSNonInfectiousDisease]","[]","Count_MedicalConditionIncident_ClostridiumEtiology_SuspectedCase_PersonToPersonTransmission","[]","2009-01"
"[P1Y]","2","[dcAggregate/NORSNonInfectiousDisease]","[]","Count_MedicalConditionIncident_EscherichiaEtiology_PatientDeceased_ConfirmedCase_Indeterminate_Other_UnknownTramissionMode","[]","2015-10"
"[P1Y]","3","[dcAggregate/NORSNonInfectiousDisease]","[]","Count_MedicalConditionIncident_YersiniaEnterocoliticaEtiology_SuspectedCase_Indeterminate_Other_UnknownTramissionMode","[]","2011-08"
"[P1Y]","14","[dcAggregate/NORSNonInfectiousDisease]","[]","Count_MedicalConditionIncident_SalmonellaEntericaEtiology_ConfirmedCase_EnvironmentalContaminationTransmissionExceptFood_Water","[]","2009-10"
"[P1Y]","2","[dcAggregate/NORSNonInfectiousDisease]","[]","Count_MedicalConditionIncident_CryptosporidiumUnknown_PatientHospitalized_SuspectedCase_EnvironmentalContaminationTransmissionExceptFood_Water","[]","2015-07"
"[P1Y]","2","[dcAggregate/NORSNonInfectiousDisease]","[]","Count_MedicalConditionIncident_Herbicide_WaterborneTransmission","[]","1975-06"
"[P1Y]","4","[dcAggregate/NORSNonInfectiousDisease]","[]","Count_MedicalConditionIncident_LegionellaMicdadeiEtiology_PatientHospitalized_WaterborneTransmission","[]","1977-06"
"[P1Y]","11","[dcAggregate/NORSNonInfectiousDisease]","[]","Count_MedicalConditionIncident_Fluorine_PatientHospitalized_ConfirmedCase_WaterborneTransmission","[]","1972-06"
"[P1Y]","6","[dcAggregate/NORSNonInfectiousDisease]","[]","Count_MedicalConditionIncident_FuelOil_PatientDeceased_ConfirmedCase_WaterborneTransmission","[]","1972-11"
"[P1Y]","40","[dcAggregate/NORSNonInfectiousDisease]","[]","Count_MedicalConditionIncident_ShigellaSonneiEtiology_PatientDeceased_PersonToPersonTransmission","[]","2009-01"
"[P1Y]","5","[dcAggregate/NORSNonInfectiousDisease]","[]","Count_MedicalConditionIncident_ShigaToxinEColi_PatientDeceased_SuspectedCase_WaterborneTransmission","[]","1999-09"
"[P1Y]","3","[dcAggregate/NORSNonInfectiousDisease]","[]","Count_MedicalConditionIncident_CleaningAgents_PatientDeceased_WaterborneTransmission","[]","1999-08"
"[P1Y]","32","[dcAggregate/NORSNonInfectiousDisease]","[]","Count_MedicalConditionIncident_ScombroidToxin_PatientHospitalized_ConfirmedCase_FoodborneTransmission","[]","1998-01"
"[P1Y]","2","[dcAggregate/NORSNonInfectiousDisease]","[]","Count_MedicalConditionIncident_AdenovirusB_SuspectedCase_WaterborneTransmission","[]","1991-06"
"[P1Y]","2","[dcAggregate/NORSNonInfectiousDisease]","[]","Count_MedicalConditionIncident_ToxoplasmaEtiology_PatientDeceased_ConfirmedCase_FoodborneTransmission","[]","2018-12"
"[P1Y]","16","[dcAggregate/NORSNonInfectiousDisease]","[]","Count_MedicalConditionIncident_LegionellaPneumophilaEtiology_PatientDeceased_SuspectedCase_WaterborneTransmission","[]","2011-09"
"[P1Y]","8","[dcAggregate/NORSNonInfectiousDisease]","[]","Count_MedicalConditionIncident_Sapovirus_PatientHospitalized_FoodborneTransmission","[]","2012-04"
"[P1Y]","5","[dcAggregate/NORSNonInfectiousDisease]","[]","Count_MedicalConditionIncident_SalmonellaOther_SuspectedCase_FoodborneTransmission","[]","2018-03"
"[P1Y]","48","[dcAggregate/NORSNonInfectiousDisease]","[]","Count_MedicalConditionIncident_NorovirusGenogroupI_PersonToPersonTransmission","[]","2009-01"
"[P1Y]","5","[dcAggregate/NORSNonInfectiousDisease]","[]","Count_MedicalConditionIncident_ChlorineGas_PatientHospitalized_SuspectedCase_WaterborneTransmission","[]","2009-06"
"[P1Y]","4","[dcAggregate/NORSNonInfectiousDisease]","[]","Count_MedicalConditionIncident_Sapovirus_PatientDeceased_SuspectedCase_Indeterminate_Other_UnknownTramissionMode","[]","2013-09"
"[P1Y]","3","[dcAggregate/NORSNonInfectiousDisease]","[]","Count_MedicalConditionIncident_Norovirus_PatientDeceased_SuspectedCase_WaterborneTransmission","[]","2009-09"
"[P1Y]","6","[dcAggregate/NORSNonInfectiousDisease]","[]","Count_MedicalConditionIncident_CryptosporidiumParvumEtiology_PatientHospitalized_SuspectedCase_AnimalContactTransmission","[]","2015-04"
"[P1Y]","5","[dcAggregate/NORSNonInfectiousDisease]","[]","Count_MedicalConditionIncident_NORSOtherBacterium_PatientDeceased_WaterborneTransmission","[]","2004-06"
"[P1Y]","41","[dcAggregate/NORSNonInfectiousDisease]","[]","Count_MedicalConditionIncident_NorovirusUnknown_Indeterminate_Other_UnknownTramissionMode","[]","2009-01"
"[P1Y]","36","[dcAggregate/NORSNonInfectiousDisease]","[]","Count_MedicalConditionIncident_ShigaToxinEColi_PatientDeceased_ConfirmedCase_Indeterminate_Other_UnknownTramissionMode","[]","2009-06"
"[P1Y]","8","[dcAggregate/NORSNonInfectiousDisease]","[]","Count_MedicalConditionIncident_CryptosporidiumParvumEtiology_Indeterminate_Other_UnknownTramissionMode","[]","2009-08"
"[P1Y]","3","[dcAggregate/NORSNonInfectiousDisease]","[]","Count_MedicalConditionIncident_SapovirusUnknown_PatientDeceased_SuspectedCase_Indeterminate_Other_UnknownTramissionMode","[]","2023-05"
"[P1Y]","2","[dcAggregate/NORSNonInfectiousDisease]","[]","Count_MedicalConditionIncident_NORSUnknown_PatientHospitalized_SuspectedCase_PersonToPersonTransmission","[]","2023-07"
"[P1Y]","20","[dcAggregate/NORSNonInfectiousDisease]","[]","Count_MedicalConditionIncident_ShigellaFlexneriEtiology_PatientDeceased_PersonToPersonTransmission","[]","2009-07"
"[P1Y]","4","[dcAggregate/NORSNonInfectiousDisease]","[]","Count_MedicalConditionIncident_NORSOthers_PatientDeceased_WaterborneTransmission","[]","1978-10"
"[P1Y]","3","[dcAggregate/NORSNonInfectiousDisease]","[]","Count_MedicalConditionIncident_CampylobacterUnknown_EnvironmentalContaminationTransmissionExceptFood_Water","[]","2018-07"
"[P1Y]","2","[dcAggregate/NORSNonInfectiousDisease]","[]","Count_MedicalConditionIncident_ToxoplasmaEtiology_SuspectedCase_FoodborneTransmission","[]","2017-11"
"[P1Y]","2","[dcAggregate/NORSNonInfectiousDisease]","[]","Count_MedicalConditionIncident_GiardiaDuodenalisEtiology_AnimalContactTransmission","[]","2010-03"
"[P1Y]","10","[dcAggregate/NORSNonInfectiousDisease]","[]","Count_MedicalConditionIncident_GiardiaUnknown_PatientDeceased_PersonToPersonTransmission","[]","2013-02"
"[P1Y]","36","[dcAggregate/NORSNonInfectiousDisease]","[]","Count_MedicalConditionIncident_ShigellaSonneiEtiology_PatientHospitalized_WaterborneTransmission","[]","1971-07"
"[P1Y]","3","[dcAggregate/NORSNonInfectiousDisease]","[]","Count_MedicalConditionIncident_EColiEnterotoxigenicEtiology_SuspectedCase_PersonToPersonTransmission","[]","2018-09"
"[P1Y]","2","[dcAggregate/NORSNonInfectiousDisease]","[]","Count_MedicalConditionIncident_NorovirusGenogroupIV_FoodborneTransmission","[]","2016-05"
"[P1Y]","10","[dcAggregate/NORSNonInfectiousDisease]","[]","Count_MedicalConditionIncident_EColiEnterotoxigenicEtiology_PatientHospitalized_ConfirmedCase_FoodborneTransmission","[]","1998-06"
"[P1Y]","4","[dcAggregate/NORSNonInfectiousDisease]","[]","Count_MedicalConditionIncident_EColiOther_PatientHospitalized_ConfirmedCase_Indeterminate_Other_UnknownTramissionMode","[]","2012-07"
"[P1Y]","2","[dcAggregate/NORSNonInfectiousDisease]","[]","Count_MedicalConditionIncident_CyanotoxinOther_WaterborneTransmission","[]","2018-06"
"[P1Y]","39","[dcAggregate/NORSNonInfectiousDisease]","[]","Count_MedicalConditionIncident_PatientDeceased_EnvironmentalContaminationTransmissionExceptFood_Water","[]","2009-04"
"[P1Y]","11","[dcAggregate/NORSNonInfectiousDisease]","[]","Count_MedicalConditionIncident_GiardiaUnknown_PatientHospitalized_Indeterminate_Other_UnknownTramissionMode","[]","2012-08"
"[P1Y]","2","[dcAggregate/NORSNonInfectiousDisease]","[]","Count_MedicalConditionIncident_StreptococcusGroupA_SuspectedCase_FoodborneTransmission","[]","2015-03"
"[P1Y]","46","[dcAggregate/NORSNonInfectiousDisease]","[]","Count_MedicalConditionIncident_NorovirusUnknown_ConfirmedCase_PersonToPersonTransmission","[]","2009-01"
"[P1Y]","11","[dcAggregate/NORSNonInfectiousDisease]","[]","Count_MedicalConditionIncident_CampylobacterUnknown_PatientHospitalized_SuspectedCase_PersonToPersonTransmission","[]","2011-03"
"[P1Y]","2","[dcAggregate/NORSNonInfectiousDisease]","[]","Count_MedicalConditionIncident_Selenium_PatientHospitalized_ConfirmedCase_WaterborneTransmission","[]","1971-06"
"[P1Y]","3","[dcAggregate/NORSNonInfectiousDisease]","[]","Count_MedicalConditionIncident_YersiniaEnterocoliticaEtiology_PatientDeceased_SuspectedCase_Indeterminate_Other_UnknownTramissionMode","[]","2011-08"
"[P1Y]","2","[dcAggregate/NORSNonInfectiousDisease]","[]","Count_MedicalConditionIncident_CryptosporidiumOther_PersonToPersonTransmission","[]","2016-08"
"[P1Y]","6","[dcAggregate/NORSNonInfectiousDisease]","[]","Count_MedicalConditionIncident_HeavyMetal_FoodborneTransmission","[]","1999-12"
"[P1Y]","2","[dcAggregate/NORSNonInfectiousDisease]","[]","Count_MedicalConditionIncident_EscherichiaEtiology_SuspectedCase_FoodborneTransmission","[]","2021-05"
"[P1Y]","10","[dcAggregate/NORSNonInfectiousDisease]","[]","Count_MedicalConditionIncident_SalmonellaEntericaEtiology_PatientDeceased_SuspectedCase_AnimalContactTransmission","[]","2011-12"
"[P1Y]","12","[dcAggregate/NORSNonInfectiousDisease]","[]","Count_MedicalConditionIncident_CampylobacterJejuniEtiology_PatientHospitalized_SuspectedCase_Indeterminate_Other_UnknownTramissionMode","[]","2011-04"
"[P1Y]","3","[dcAggregate/NORSNonInfectiousDisease]","[]","Count_MedicalConditionIncident_NorovirusGenogroupIV_PatientDeceased_PersonToPersonTransmission","[]","2012-10"
"[P1Y]","3","[dcAggregate/NORSNonInfectiousDisease]","[]","Count_MedicalConditionIncident_HydrochloricAcid_ConfirmedCase_WaterborneTransmission","[]","1998-09"
"[P1Y]","5","[dcAggregate/NORSNonInfectiousDisease]","[]","Count_MedicalConditionIncident_PlesiomonasShigelloidesEtiology_ConfirmedCase_WaterborneTransmission","[]","1996-06"
"[P1Y]","3","[dcAggregate/NORSNonInfectiousDisease]","[]","Count_MedicalConditionIncident_ShigellaFlexneriEtiology_PatientDeceased_SuspectedCase_FoodborneTransmission","[]","2014-06"
"[P1Y]","3","[dcAggregate/NORSNonInfectiousDisease]","[]","Count_MedicalConditionIncident_Astrovirus_FoodborneTransmission","[]","2002-01"
"[P1Y]","5","[dcAggregate/NORSNonInfectiousDisease]","[]","Count_MedicalConditionIncident_VibrioOther_PatientHospitalized_SuspectedCase_FoodborneTransmission","[]","1999-06"
"[P1Y]","2","[dcAggregate/NORSNonInfectiousDisease]","[]","Count_MedicalConditionIncident_Selenium_WaterborneTransmission","[]","1971-06"
"[P1Y]","13","[dcAggregate/NORSNonInfectiousDisease]","[]","Count_MedicalConditionIncident_NorovirusGenogroupI_PatientDeceased_ConfirmedCase_WaterborneTransmission","[]","2006-05"
"[P1Y]","18","[dcAggregate/NORSNonInfectiousDisease]","[]","Count_MedicalConditionIncident_CampylobacterUnknown_Indeterminate_Other_UnknownTramissionMode","[]","2009-06"
"[P1Y]","2","[dcAggregate/NORSNonInfectiousDisease]","[]","Count_MedicalConditionIncident_Brucella_FoodborneTransmission","[]","2016-03"
"[P1Y]","5","[dcAggregate/NORSNonInfectiousDisease]","[]","Count_MedicalConditionIncident_Mycotoxins_SuspectedCase_FoodborneTransmission","[]","2005-10"
"[P1Y]","2","[dcAggregate/NORSNonInfectiousDisease]","[]","Count_MedicalConditionIncident_Gasoline_WaterborneTransmission","[]","1977-01"
"[P1Y]","8","[dcAggregate/NORSNonInfectiousDisease]","[]","Count_MedicalConditionIncident_Norovirus_SuspectedCase_EnvironmentalContaminationTransmissionExceptFood_Water","[]","2011-02"
"[P1Y]","12","[dcAggregate/NORSNonInfectiousDisease]","[]","Count_MedicalConditionIncident_YersiniaEnterocoliticaEtiology_PatientHospitalized_FoodborneTransmission","[]","1998-02"
"[P1Y]","45","[dcAggregate/NORSNonInfectiousDisease]","[]","Count_MedicalConditionIncident_PatientHospitalized_AnimalContactTransmission","[]","2009-01"
"[P1Y]","5","[dcAggregate/NORSNonInfectiousDisease]","[]","Count_MedicalConditionIncident_Pesticides_FoodborneTransmission","[]","1998-08"
"[P1Y]","3","[dcAggregate/NORSNonInfectiousDisease]","[]","Count_MedicalConditionIncident_Arsenic_WaterborneTransmission","[]","1972-05"
"[P1Y]","7","[dcAggregate/NORSNonInfectiousDisease]","[]","Count_MedicalConditionIncident_Chloramines_PatientDeceased_SuspectedCase_WaterborneTransmission","[]","2004-01"
"[P1Y]","16","[dcAggregate/NORSNonInfectiousDisease]","[]","Count_MedicalConditionIncident_Chlorine_PatientDeceased_WaterborneTransmission","[]","1984-01"
"[P1Y]","23","[dcAggregate/NORSNonInfectiousDisease]","[]","Count_MedicalConditionIncident_Rotavirus_PatientDeceased_SuspectedCase_PersonToPersonTransmission","[]","2009-01"
"[P1Y]","2","[dcAggregate/NORSNonInfectiousDisease]","[]","Count_MedicalConditionIncident_EscherichiaEtiology_PatientDeceased_Indeterminate_Other_UnknownTramissionMode","[]","2015-10"
"[P1Y]","4","[dcAggregate/NORSNonInfectiousDisease]","[]","Count_MedicalConditionIncident_Astrovirus_PatientDeceased_SuspectedCase_Indeterminate_Other_UnknownTramissionMode","[]","2016-04"
"[P1Y]","2","[dcAggregate/NORSNonInfectiousDisease]","[]","Count_MedicalConditionIncident_GiardiaDuodenalisEtiology_PatientHospitalized_SuspectedCase_FoodborneTransmission","[]","2006-09"
"[P1Y]","4","[dcAggregate/NORSNonInfectiousDisease]","[]","Count_MedicalConditionIncident_TrichinellaUnknown_FoodborneTransmission","[]","2012-01"
"[P1Y]","14","[dcAggregate/NORSNonInfectiousDisease]","[]","Count_MedicalConditionIncident_NorovirusUnknown_PatientDeceased_ConfirmedCase_WaterborneTransmission","[]","1983-07"
"[P1Y]","2","[dcAggregate/NORSNonInfectiousDisease]","[]","Count_MedicalConditionIncident_CryptosporidiumOther_PatientHospitalized_ConfirmedCase_WaterborneTransmission","[]","2016-08"
"[P1Y]","6","[dcAggregate/NORSNonInfectiousDisease]","[]","Count_MedicalConditionIncident_CampylobacterColiEtiology_PatientDeceased_AnimalContactTransmission","[]","2013-04"
"[P1Y]","2","[dcAggregate/NORSNonInfectiousDisease]","[]","Count_MedicalConditionIncident_YersiniaEtiology_ConfirmedCase_PersonToPersonTransmission","[]","2016-06"
"[P1Y]","2","[dcAggregate/NORSNonInfectiousDisease]","[]","Count_MedicalConditionIncident_SalmonellaEntericaEtiology_PatientHospitalized_SuspectedCase_WaterborneTransmission","[]","2015-09"
"[P1Y]","2","[dcAggregate/NORSNonInfectiousDisease]","[]","Count_MedicalConditionIncident_AdenovirusB_PatientHospitalized_SuspectedCase_WaterborneTransmission","[]","1991-06"
"[P1Y]","2","[dcAggregate/NORSNonInfectiousDisease]","[]","Count_MedicalConditionIncident_ShigellaEtiology_PatientDeceased_WaterborneTransmission","[]","2018-05"
"[P1Y]","2","[dcAggregate/NORSNonInfectiousDisease]","[]","Count_MedicalConditionIncident_GiardiaDuodenalisEtiology_PatientHospitalized_SuspectedCase_EnvironmentalContaminationTransmissionExceptFood_Water","[]","2019-09"
"[P1Y]","31","[dcAggregate/NORSNonInfectiousDisease]","[]","Count_MedicalConditionIncident_GiardiaDuodenalisEtiology_ConfirmedCase_WaterborneTransmission","[]","1972-05"
"[P1Y]","4","[dcAggregate/NORSNonInfectiousDisease]","[]","Count_MedicalConditionIncident_SapovirusUnknown_Indeterminate_Other_UnknownTramissionMode","[]","2017-10"
"[P1Y]","2","[dcAggregate/NORSNonInfectiousDisease]","[]","Count_MedicalConditionIncident_CampylobacterEtiology_PatientDeceased_EnvironmentalContaminationTransmissionExceptFood_Water","[]","2017-10"
"[P1Y]","7","[dcAggregate/NORSNonInfectiousDisease]","[]","Count_MedicalConditionIncident_Sapovirus_PatientDeceased_Indeterminate_Other_UnknownTramissionMode","[]","2011-12"
"[P1Y]","2","[dcAggregate/NORSNonInfectiousDisease]","[]","Count_MedicalConditionIncident_VibrioEtiology_PatientHospitalized_ConfirmedCase_Indeterminate_Other_UnknownTramissionMode","[]","2022-02"
"[P1Y]","51","[dcAggregate/NORSNonInfectiousDisease]","[]","Count_MedicalConditionIncident_NorovirusGenogroupII_PatientDeceased_PersonToPersonTransmission","[]","2009-01"
"[P1Y]","32","[dcAggregate/NORSNonInfectiousDisease]","[]","Count_MedicalConditionIncident_PseudomonasUnknown_PatientDeceased_ConfirmedCase_WaterborneTransmission","[]","1978-02"
"[P1Y]","2","[dcAggregate/NORSNonInfectiousDisease]","[]","Count_MedicalConditionIncident_ListeriaUnknown_FoodborneTransmission","[]","2006-06"
"[P1Y]","17","[dcAggregate/NORSNonInfectiousDisease]","[]","Count_MedicalConditionIncident_SalmonellaUnknown_FoodborneTransmission","[]","2005-08"
"[P1Y]","2","[dcAggregate/NORSNonInfectiousDisease]","[]","Count_MedicalConditionIncident_CampylobacterOther_PatientHospitalized_Indeterminate_Other_UnknownTramissionMode","[]","2012-03"
"[P1Y]","5","[dcAggregate/NORSNonInfectiousDisease]","[]","Count_MedicalConditionIncident_SapovirusUnknown_PatientDeceased_SuspectedCase_FoodborneTransmission","[]","2015-08"
"[P1Y]","2","[dcAggregate/NORSNonInfectiousDisease]","[]","Count_MedicalConditionIncident_StaphylococcusAureusEtiology_PatientHospitalized_SuspectedCase_WaterborneTransmission","[]","2018-06"
"[P1Y]","13","[dcAggregate/NORSNonInfectiousDisease]","[]","Count_MedicalConditionIncident_NorovirusGenogroupI_PatientHospitalized_ConfirmedCase_WaterborneTransmission","[]","2006-05"
"[P1Y]","5","[dcAggregate/NORSNonInfectiousDisease]","[]","Count_MedicalConditionIncident_ShigellaEtiology_Indeterminate_Other_UnknownTramissionMode","[]","2015-05"
"[P1Y]","2","[dcAggregate/NORSNonInfectiousDisease]","[]","Count_MedicalConditionIncident_EthylAcrylate_PatientDeceased_WaterborneTransmission","[]","1975-10"
"[P1Y]","10","[dcAggregate/NORSNonInfectiousDisease]","[]","Count_MedicalConditionIncident_CampylobacterColiEtiology_PatientDeceased_ConfirmedCase_FoodborneTransmission","[]","2002-08"
"[P1Y]","2","[dcAggregate/NORSNonInfectiousDisease]","[]","Count_MedicalConditionIncident_NorovirusGenogroupIV_PatientHospitalized_ConfirmedCase_FoodborneTransmission","[]","2016-05"
"[P1Y]","5","[dcAggregate/NORSNonInfectiousDisease]","[]","Count_MedicalConditionIncident_BacillusEtiology_PatientHospitalized_SuspectedCase_FoodborneTransmission","[]","2007-01"
"[P1Y]","3","[dcAggregate/NORSNonInfectiousDisease]","[]","Count_MedicalConditionIncident_CampylobacterColiEtiology_PersonToPersonTransmission","[]","2013-02"
"[P1Y]","4","[dcAggregate/NORSNonInfectiousDisease]","[]","Count_MedicalConditionIncident_ShigellaUnknown_PatientDeceased_SuspectedCase_FoodborneTransmission","[]","2000-07"
"[P1Y]","13","[dcAggregate/NORSNonInfectiousDisease]","[]","Count_MedicalConditionIncident_ShigellaUnknown_PatientDeceased_ConfirmedCase_WaterborneTransmission","[]","1973-06"
"[P1Y]","5","[dcAggregate/NORSNonInfectiousDisease]","[]","Count_MedicalConditionIncident_Sapovirus_ConfirmedCase_Indeterminate_Other_UnknownTramissionMode","[]","2011-12"
"[P1Y]","46","[dcAggregate/NORSNonInfectiousDisease]","[]","Count_MedicalConditionIncident_NorovirusGenogroupII_PatientDeceased_Indeterminate_Other_UnknownTramissionMode","[]","2009-01"
"[P1Y]","3","[dcAggregate/NORSNonInfectiousDisease]","[]","Count_MedicalConditionIncident_BrucellaOther_FoodborneTransmission","[]","2021-05"
"[P1Y]","17","[dcAggregate/NORSNonInfectiousDisease]","[]","Count_MedicalConditionIncident_Histamine_ConfirmedCase_FoodborneTransmission","[]","1999-12"
"[P1Y]","2","[dcAggregate/NORSNonInfectiousDisease]","[]","Count_MedicalConditionIncident_GiardiaUnknown_SuspectedCase_FoodborneTransmission","[]","2016-11"
"[P1Y]","38","[dcAggregate/NORSNonInfectiousDisease]","[]","Count_MedicalConditionIncident_ShigaToxinEColi_Indeterminate_Other_UnknownTramissionMode","[]","2009-06"
"[P1Y]","2","[dcAggregate/NORSNonInfectiousDisease]","[]","Count_MedicalConditionIncident_ShigellaUnknown_PatientHospitalized_ConfirmedCase_EnvironmentalContaminationTransmissionExceptFood_Water","[]","2014-11"
"[P1Y]","17","[dcAggregate/NORSNonInfectiousDisease]","[]","Count_MedicalConditionIncident_ShigellaFlexneriEtiology_FoodborneTransmission","[]","1998-01"
"[P1Y]","2","[dcAggregate/NORSNonInfectiousDisease]","[]","Count_MedicalConditionIncident_YersiniaEtiology_PatientHospitalized_ConfirmedCase_FoodborneTransmission","[]","2015-07"
"[P1Y]","4","[dcAggregate/NORSNonInfectiousDisease]","[]","Count_MedicalConditionIncident_SalmonellaEtiology_PersonToPersonTransmission","[]","2009-01"
"[P1Y]","8","[dcAggregate/NORSNonInfectiousDisease]","[]","Count_MedicalConditionIncident_CryptosporidiumEtiology_PatientHospitalized_ConfirmedCase_PersonToPersonTransmission","[]","2009-07"
"[P1Y]","7","[dcAggregate/NORSNonInfectiousDisease]","[]","Count_MedicalConditionIncident_ToxinsPlant_Herbal_PatientHospitalized_FoodborneTransmission","[]","2001-02"
"[P1Y]","3","[dcAggregate/NORSNonInfectiousDisease]","[]","Count_MedicalConditionIncident_CampylobacterColiEtiology_PatientHospitalized_SuspectedCase_PersonToPersonTransmission","[]","2013-02"
"[P1Y]","2","[dcAggregate/NORSNonInfectiousDisease]","[]","Count_MedicalConditionIncident_CryptosporidiumOther_PatientHospitalized_SuspectedCase_PersonToPersonTransmission","[]","2016-08"
"[P1Y]","2","[dcAggregate/NORSNonInfectiousDisease]","[]","Count_MedicalConditionIncident_CampylobacterEtiology_PatientDeceased_ConfirmedCase_WaterborneTransmission","[]","2019-04"
"[P1Y]","8","[dcAggregate/NORSNonInfectiousDisease]","[]","Count_MedicalConditionIncident_CampylobacterUnknown_PatientDeceased_ConfirmedCase_WaterborneTransmission","[]","2004-08"
"[P1Y]","15","[dcAggregate/NORSNonInfectiousDisease]","[]","Count_MedicalConditionIncident_Rotavirus_PatientDeceased_Indeterminate_Other_UnknownTramissionMode","[]","2010-05"
"[P1Y]","50","[dcAggregate/NORSNonInfectiousDisease]","[]","Count_MedicalConditionIncident_NorovirusGenogroupII_PatientDeceased_ConfirmedCase_PersonToPersonTransmission","[]","2009-01"
"[P1Y]","4","[dcAggregate/NORSNonInfectiousDisease]","[]","Count_MedicalConditionIncident_GiardiaDuodenalisEtiology_SuspectedCase_PersonToPersonTransmission","[]","2010-02"
"[P1Y]","3","[dcAggregate/NORSNonInfectiousDisease]","[]","Count_MedicalConditionIncident_EntamoebaHistolyticaEtiology_WaterborneTransmission","[]","1984-06"
"[P1Y]","4","[dcAggregate/NORSNonInfectiousDisease]","[]","Count_MedicalConditionIncident_PufferFishTetrodotoxin_PatientDeceased_FoodborneTransmission","[]","2006-11"
"[P1Y]","16","[dcAggregate/NORSNonInfectiousDisease]","[]","Count_MedicalConditionIncident_NorovirusGenogroupII_PatientHospitalized_WaterborneTransmission","[]","2007-05"
"[P1Y]","4","[dcAggregate/NORSNonInfectiousDisease]","[]","Count_MedicalConditionIncident_CampylobacterColiEtiology_PatientHospitalized_SuspectedCase_FoodborneTransmission","[]","2002-02"
"[P1Y]","2","[dcAggregate/NORSNonInfectiousDisease]","[]","Count_MedicalConditionIncident_Bromine_PatientHospitalized_WaterborneTransmission","[]","2000-02"
"[P1Y]","9","[dcAggregate/NORSNonInfectiousDisease]","[]","Count_MedicalConditionIncident_CryptosporidiumEtiology_PatientDeceased_ConfirmedCase_Indeterminate_Other_UnknownTramissionMode","[]","2013-02"
"[P1Y]","5","[dcAggregate/NORSNonInfectiousDisease]","[]","Count_MedicalConditionIncident_SapovirusUnknown_PatientHospitalized_SuspectedCase_FoodborneTransmission","[]","2015-08"
"[P1Y]","21","[dcAggregate/NORSNonInfectiousDisease]","[]","Count_MedicalConditionIncident_NorovirusUnknown_WaterborneTransmission","[]","1983-07"
"[P1Y]","2","[dcAggregate/NORSNonInfectiousDisease]","[]","Count_MedicalConditionIncident_EnterobacterEtiology_PatientDeceased_SuspectedCase_PersonToPersonTransmission","[]","2013-11"
"[P1Y]","4","[dcAggregate/NORSNonInfectiousDisease]","[]","Count_MedicalConditionIncident_LegionellaEtiology_PatientHospitalized_ConfirmedCase_WaterborneTransmission","[]","2012-04"
"[P1Y]","3","[dcAggregate/NORSNonInfectiousDisease]","[]","Count_MedicalConditionIncident_CryptosporidiumHominisEtiology_ConfirmedCase_Indeterminate_Other_UnknownTramissionMode","[]","2016-10"
"[P1Y]","3","[dcAggregate/NORSNonInfectiousDisease]","[]","Count_MedicalConditionIncident_SapovirusGenogroupI_ConfirmedCase_FoodborneTransmission","[]","2012-11"
"[P1Y]","21","[dcAggregate/NORSNonInfectiousDisease]","[]","Count_MedicalConditionIncident_NORSOtherVirus_PatientHospitalized_FoodborneTransmission","[]","1998-01"
"[P1Y]","2","[dcAggregate/NORSNonInfectiousDisease]","[]","Count_MedicalConditionIncident_NORSOtherBacterium_PatientDeceased_SuspectedCase_Indeterminate_Other_UnknownTramissionMode","[]","2009-04"
"[P1Y]","2","[dcAggregate/NORSNonInfectiousDisease]","[]","Count_MedicalConditionIncident_ShigellaBoydiiEtiology_PatientDeceased_SuspectedCase_WaterborneTransmission","[]","1983-06"
"[P1Y]","8","[dcAggregate/NORSNonInfectiousDisease]","[]","Count_MedicalConditionIncident_CampylobacterUnknown_WaterborneTransmission","[]","2004-08"
"[P1Y]","2","[dcAggregate/NORSNonInfectiousDisease]","[]","Count_MedicalConditionIncident_YersiniaEtiology_PatientHospitalized_PersonToPersonTransmission","[]","2016-06"
"[P1Y]","20","[dcAggregate/NORSNonInfectiousDisease]","[]","Count_MedicalConditionIncident_ListeriaMonocytogenesEtiology_FoodborneTransmission","[]","1998-12"
"[P1Y]","9","[dcAggregate/NORSNonInfectiousDisease]","[]","Count_MedicalConditionIncident_CampylobacterEtiology_SuspectedCase_PersonToPersonTransmission","[]","2011-08"
"[P1Y]","3","[dcAggregate/NORSNonInfectiousDisease]","[]","Count_MedicalConditionIncident_EColiEnteroinvasiveEtiology_ConfirmedCase_FoodborneTransmission","[]","2018-06"
"[P1Y]","2","[dcAggregate/NORSNonInfectiousDisease]","[]","Count_MedicalConditionIncident_SalmonellaOther_ConfirmedCase_AnimalContactTransmission","[]","2016-11"
"[P1Y]","2","[dcAggregate/NORSNonInfectiousDisease]","[]","Count_MedicalConditionIncident_Norovirus_ConfirmedCase_WaterborneTransmission","[]","2018-07"
"[P1Y]","2","[dcAggregate/NORSNonInfectiousDisease]","[]","Count_MedicalConditionIncident_NorovirusGenogroupIX_PatientDeceased_FoodborneTransmission","[]","2023-01"
"[P1Y]","5","[dcAggregate/NORSNonInfectiousDisease]","[]","Count_MedicalConditionIncident_EColiEnteroaggregativeEtiology_PatientDeceased_PersonToPersonTransmission","[]","2016-06"
"[P1Y]","3","[dcAggregate/NORSNonInfectiousDisease]","[]","Count_MedicalConditionIncident_NORSUnknownBacterium_PatientHospitalized_SuspectedCase_FoodborneTransmission","[]","2022-01"
"[P1Y]","6","[dcAggregate/NORSNonInfectiousDisease]","[]","Count_MedicalConditionIncident_SalmonellaUnknown_ConfirmedCase_PersonToPersonTransmission","[]","2009-07"
"[P1Y]","2","[dcAggregate/NORSNonInfectiousDisease]","[]","Count_MedicalConditionIncident_EColiEnteropathogenicEtiology_PatientDeceased_SuspectedCase_WaterborneTransmission","[]","2023-06"
"[P1Y]","2","[dcAggregate/NORSNonInfectiousDisease]","[]","Count_MedicalConditionIncident_NORSUnknown_PersonToPersonTransmission","[]","2023-07"
"[P1Y]","3","[dcAggregate/NORSNonInfectiousDisease]","[]","Count_MedicalConditionIncident_EColiEnteropathogenicEtiology_PatientDeceased_ConfirmedCase_Indeterminate_Other_UnknownTramissionMode","[]","2016-05"
"[P1Y]","5","[dcAggregate/NORSNonInfectiousDisease]","[]","Count_MedicalConditionIncident_SalmonellaOther_PatientDeceased_SuspectedCase_FoodborneTransmission","[]","2018-03"
"[P1Y]","2","[dcAggregate/NORSNonInfectiousDisease]","[]","Count_MedicalConditionIncident_MycobacteriumMageritenseEtiology_PatientDeceased_WaterborneTransmission","[]","2002-09"
"[P1Y]","2","[dcAggregate/NORSNonInfectiousDisease]","[]","Count_MedicalConditionIncident_EnterovirusUnknownEtiology_PatientHospitalized_SuspectedCase_PersonToPersonTransmission","[]","2023-03"
"[P1Y]","15","[dcAggregate/NORSNonInfectiousDisease]","[]","Count_MedicalConditionIncident_NORSUnknown_ConfirmedCase_WaterborneTransmission","[]","2007-01"
"[P1Y]","3","[dcAggregate/NORSNonInfectiousDisease]","[]","Count_MedicalConditionIncident_HydrochloricAcid_PatientHospitalized_WaterborneTransmission","[]","1998-09"
"[P1Y]","8","[dcAggregate/NORSNonInfectiousDisease]","[]","Count_MedicalConditionIncident_SodiumHydroxide_WaterborneTransmission","[]","1980-12"
"[P1Y]","3","[dcAggregate/NORSNonInfectiousDisease]","[]","Count_MedicalConditionIncident_NORSOthers_PatientDeceased_ConfirmedCase_WaterborneTransmission","[]","1978-10"
"[P1Y]","2","[dcAggregate/NORSNonInfectiousDisease]","[]","Count_MedicalConditionIncident_StreptococcusGroupB_C_G_ConfirmedCase_AnimalContactTransmission","[]","2013-02"
"[P1Y]","6","[dcAggregate/NORSNonInfectiousDisease]","[]","Count_MedicalConditionIncident_CryptosporidiumParvumEtiology_PatientDeceased_ConfirmedCase_PersonToPersonTransmission","[]","2010-06"
"[P1Y]","9","[dcAggregate/NORSNonInfectiousDisease]","[]","Count_MedicalConditionIncident_Sapovirus_PatientHospitalized_SuspectedCase_PersonToPersonTransmission","[]","2012-01"
"[P1Y]","10","[dcAggregate/NORSNonInfectiousDisease]","[]","Count_MedicalConditionIncident_Rotavirus_PatientHospitalized_ConfirmedCase_Indeterminate_Other_UnknownTramissionMode","[]","2010-05"
"[P1Y]","31","[dcAggregate/NORSNonInfectiousDisease]","[]","Count_MedicalConditionIncident_VibrioParahaemolyticusEtiology_PatientDeceased_FoodborneTransmission","[]","1998-01"
"[P1Y]","10","[dcAggregate/NORSNonInfectiousDisease]","[]","Count_MedicalConditionIncident_Rotavirus_PatientDeceased_SuspectedCase_Indeterminate_Other_UnknownTramissionMode","[]","2014-06"
"[P1Y]","2","[dcAggregate/NORSNonInfectiousDisease]","[]","Count_MedicalConditionIncident_CampylobacterEtiology_SuspectedCase_WaterborneTransmission","[]","2018-07"
"[P1Y]","7","[dcAggregate/NORSNonInfectiousDisease]","[]","Count_MedicalConditionIncident_Astrovirus_PatientHospitalized_ConfirmedCase_PersonToPersonTransmission","[]","2011-11"
"[P1Y]","12","[dcAggregate/NORSNonInfectiousDisease]","[]","Count_MedicalConditionIncident_NorovirusGenogroupII_PatientHospitalized_ConfirmedCase_EnvironmentalContaminationTransmissionExceptFood_Water","[]","2011-02"
"[P1Y]","21","[dcAggregate/NORSNonInfectiousDisease]","[]","Count_MedicalConditionIncident_ShigaToxinEColi_PatientDeceased_AnimalContactTransmission","[]","2009-01"
"[P1Y]","3","[dcAggregate/NORSNonInfectiousDisease]","[]","Count_MedicalConditionIncident_NORSOtherVirus_PatientHospitalized_SuspectedCase_PersonToPersonTransmission","[]","2020-05"
"[P1Y]","11","[dcAggregate/NORSNonInfectiousDisease]","[]","Count_MedicalConditionIncident_YersiniaEnterocoliticaEtiology_PatientHospitalized_ConfirmedCase_FoodborneTransmission","[]","1998-02"
"[P1Y]","2","[dcAggregate/NORSNonInfectiousDisease]","[]","Count_MedicalConditionIncident_EthylAcrylate_PatientDeceased_ConfirmedCase_WaterborneTransmission","[]","1975-10"
"[P1Y]","11","[dcAggregate/NORSNonInfectiousDisease]","[]","Count_MedicalConditionIncident_GiardiaDuodenalisEtiology_PersonToPersonTransmission","[]","2009-07"
"[P1Y]","4","[dcAggregate/NORSNonInfectiousDisease]","[]","Count_MedicalConditionIncident_Chlordane_WaterborneTransmission","[]","1976-03"
"[P1Y]","21","[dcAggregate/NORSNonInfectiousDisease]","[]","Count_MedicalConditionIncident_ShigaToxinEColi_AnimalContactTransmission","[]","2009-01"
"[P1Y]","7","[dcAggregate/NORSNonInfectiousDisease]","[]","Count_MedicalConditionIncident_CryptosporidiumParvumEtiology_PatientHospitalized_ConfirmedCase_Indeterminate_Other_UnknownTramissionMode","[]","2009-08"
"[P1Y]","26","[dcAggregate/NORSNonInfectiousDisease]","[]","Count_MedicalConditionIncident_CryptosporidiumUnknown_PatientDeceased_ConfirmedCase_AnimalContactTransmission","[]","2009-01"
"[P1Y]","2","[dcAggregate/NORSNonInfectiousDisease]","[]","Count_MedicalConditionIncident_ShigaToxinEColi_SuspectedCase_EnvironmentalContaminationTransmissionExceptFood_Water","[]","2019-07"
"[P1Y]","36","[dcAggregate/NORSNonInfectiousDisease]","[]","Count_MedicalConditionIncident_SalmonellaEntericaEtiology_PatientHospitalized_ConfirmedCase_PersonToPersonTransmission","[]","2009-08"
"[P1Y]","38","[dcAggregate/NORSNonInfectiousDisease]","[]","Count_MedicalConditionIncident_NorovirusUnknown_PatientDeceased_SuspectedCase_Indeterminate_Other_UnknownTramissionMode","[]","2010-04"
"[P1Y]","36","[dcAggregate/NORSNonInfectiousDisease]","[]","Count_MedicalConditionIncident_ShigaToxinEColi_ConfirmedCase_Indeterminate_Other_UnknownTramissionMode","[]","2009-06"
"[P1Y]","5","[dcAggregate/NORSNonInfectiousDisease]","[]","Count_MedicalConditionIncident_ClostridiumEtiology_PatientDeceased_SuspectedCase_PersonToPersonTransmission","[]","2009-01"
"[P1Y]","2","[dcAggregate/NORSNonInfectiousDisease]","[]","Count_MedicalConditionIncident_CryptosporidiumEtiology_PatientHospitalized_SuspectedCase_WaterborneTransmission","[]","2018-05"
"[P1Y]","13","[dcAggregate/NORSNonInfectiousDisease]","[]","Count_MedicalConditionIncident_NORSOtherBacterium_PatientHospitalized_SuspectedCase_FoodborneTransmission","[]","1998-04"
"[P1Y]","3","[dcAggregate/NORSNonInfectiousDisease]","[]","Count_MedicalConditionIncident_GiardiaUnknown_PatientHospitalized_AnimalContactTransmission","[]","2020-06"
"[P1Y]","2","[dcAggregate/NORSNonInfectiousDisease]","[]","Count_MedicalConditionIncident_LeptospiraUnknown_PatientDeceased_EnvironmentalContaminationTransmissionExceptFood_Water","[]","2023-10"
"[P1Y]","50","[dcAggregate/NORSNonInfectiousDisease]","[]","Count_MedicalConditionIncident_NorovirusGenogroupI_PatientHospitalized_ConfirmedCase_FoodborneTransmission","[]","1998-02"
"[P1Y]","14","[dcAggregate/NORSNonInfectiousDisease]","[]","Count_MedicalConditionIncident_Mycotoxins_PatientHospitalized_FoodborneTransmission","[]","1998-07"
"[P1Y]","6","[dcAggregate/NORSNonInfectiousDisease]","[]","Count_MedicalConditionIncident_CampylobacterEtiology_PatientHospitalized_AnimalContactTransmission","[]","2013-08"
"[P1Y]","9","[dcAggregate/NORSNonInfectiousDisease]","[]","Count_MedicalConditionIncident_NorovirusGenogroupI_ConfirmedCase_EnvironmentalContaminationTransmissionExceptFood_Water","[]","2009-04"
"[P1Y]","2","[dcAggregate/NORSNonInfectiousDisease]","[]","Count_MedicalConditionIncident_NaegleriaFowleriEtiology_PatientDeceased_ConfirmedCase_WaterborneTransmission","[]","2002-10"
"[P1Y]","2","[dcAggregate/NORSNonInfectiousDisease]","[]","Count_MedicalConditionIncident_NORSUnknown_PatientHospitalized_PersonToPersonTransmission","[]","2023-07"
"[P1Y]","2","[dcAggregate/NORSNonInfectiousDisease]","[]","Count_MedicalConditionIncident_Astrovirus_ConfirmedCase_Indeterminate_Other_UnknownTramissionMode","[]","2016-05"
"[P1Y]","21","[dcAggregate/NORSNonInfectiousDisease]","[]","Count_MedicalConditionIncident_NorovirusGenogroupI_SuspectedCase_Indeterminate_Other_UnknownTramissionMode","[]","2010-07"
"[P1Y]","10","[dcAggregate/NORSNonInfectiousDisease]","[]","Count_MedicalConditionIncident_Rotavirus_PatientDeceased_ConfirmedCase_Indeterminate_Other_UnknownTramissionMode","[]","2010-05"
"[P1Y]","10","[dcAggregate/NORSNonInfectiousDisease]","[]","Count_MedicalConditionIncident_Rotavirus_PatientHospitalized_FoodborneTransmission","[]","2000-03"
"[P1Y]","2","[dcAggregate/NORSNonInfectiousDisease]","[]","Count_MedicalConditionIncident_EColiEnterotoxigenicEtiology_PatientHospitalized_ConfirmedCase_WaterborneTransmission","[]","1975-06"
"[P1Y]","3","[dcAggregate/NORSNonInfectiousDisease]","[]","Count_MedicalConditionIncident_MicrocystisUnknown_PatientHospitalized_WaterborneTransmission","[]","2013-09"
"[P1Y]","10","[dcAggregate/NORSNonInfectiousDisease]","[]","Count_MedicalConditionIncident_AvianSchistosomes_PatientDeceased_ConfirmedCase_WaterborneTransmission","[]","1978-08"
"[P1Y]","3","[dcAggregate/NORSNonInfectiousDisease]","[]","Count_MedicalConditionIncident_CampylobacterOther_PatientHospitalized_AnimalContactTransmission","[]","2013-03"
"[P1Y]","8","[dcAggregate/NORSNonInfectiousDisease]","[]","Count_MedicalConditionIncident_GiardiaDuodenalisEtiology_Indeterminate_Other_UnknownTramissionMode","[]","2009-07"
"[P1Y]","28","[dcAggregate/NORSNonInfectiousDisease]","[]","Count_MedicalConditionIncident_VibrioParahaemolyticusEtiology_PatientHospitalized_ConfirmedCase_FoodborneTransmission","[]","1998-01"
"[P1Y]","2","[dcAggregate/NORSNonInfectiousDisease]","[]","Count_MedicalConditionIncident_Copper_PatientHospitalized_SuspectedCase_WaterborneTransmission","[]","2010-06"
"[P1Y]","3","[dcAggregate/NORSNonInfectiousDisease]","[]","Count_MedicalConditionIncident_ClostridiumUnknown_PatientDeceased_ConfirmedCase_PersonToPersonTransmission","[]","2011-12"
"[P1Y]","2","[dcAggregate/NORSNonInfectiousDisease]","[]","Count_MedicalConditionIncident_AmnesicShellfishPoison_PatientHospitalized_FoodborneTransmission","[]","2013-07"
"[P1Y]","3","[dcAggregate/NORSNonInfectiousDisease]","[]","Count_MedicalConditionIncident_CryptosporidiumEtiology_PatientHospitalized_ConfirmedCase_FoodborneTransmission","[]","2014-12"
"[P1Y]","2","[dcAggregate/NORSNonInfectiousDisease]","[]","Count_MedicalConditionIncident_NorovirusGenogroupIV_ConfirmedCase_FoodborneTransmission","[]","2016-05"
"[P1Y]","8","[dcAggregate/NORSNonInfectiousDisease]","[]","Count_MedicalConditionIncident_CampylobacterUnknown_SuspectedCase_AnimalContactTransmission","[]","2011-05"
"[P1Y]","12","[dcAggregate/NORSNonInfectiousDisease]","[]","Count_MedicalConditionIncident_CampylobacterJejuniEtiology_PatientDeceased_SuspectedCase_Indeterminate_Other_UnknownTramissionMode","[]","2011-04"
"[P1Y]","8","[dcAggregate/NORSNonInfectiousDisease]","[]","Count_MedicalConditionIncident_GiardiaEtiology_PersonToPersonTransmission","[]","2013-06"
"[P1Y]","2","[dcAggregate/NORSNonInfectiousDisease]","[]","Count_MedicalConditionIncident_StaphylococcusUnknown_PatientDeceased_WaterborneTransmission","[]","2001-06"
"[P1Y]","2","[dcAggregate/NORSNonInfectiousDisease]","[]","Count_MedicalConditionIncident_SapovirusGenogroupI_PatientDeceased_SuspectedCase_PersonToPersonTransmission","[]","2019-01"
"[P1Y]","3","[dcAggregate/NORSNonInfectiousDisease]","[]","Count_MedicalConditionIncident_CyanotoxinUnknown_PatientHospitalized_ConfirmedCase_WaterborneTransmission","[]","2009-08"
"[P1Y]","2","[dcAggregate/NORSNonInfectiousDisease]","[]","Count_MedicalConditionIncident_ShigellaBoydiiEtiology_PatientHospitalized_WaterborneTransmission","[]","1983-06"
"[P1Y]","3","[dcAggregate/NORSNonInfectiousDisease]","[]","Count_MedicalConditionIncident_ToxoplasmaEtiology_FoodborneTransmission","[]","2017-11"
"[P1Y]","3","[dcAggregate/NORSNonInfectiousDisease]","[]","Count_MedicalConditionIncident_ToxoplasmaGondiiEtiology_ConfirmedCase_FoodborneTransmission","[]","2017-10"
"[P1Y]","2","[dcAggregate/NORSNonInfectiousDisease]","[]","Count_MedicalConditionIncident_YersiniaEnterocoliticaEtiology_ConfirmedCase_WaterborneTransmission","[]","1981-05"
"[P1Y]","3","[dcAggregate/NORSNonInfectiousDisease]","[]","Count_MedicalConditionIncident_EColiEnteroaggregativeEtiology_PatientHospitalized_Indeterminate_Other_UnknownTramissionMode","[]","2017-10"
"[P1Y]","30","[dcAggregate/NORSNonInfectiousDisease]","[]","Count_MedicalConditionIncident_CyclosporaCayetanensisEtiology_FoodborneTransmission","[]","1998-05"
"[P1Y]","21","[dcAggregate/NORSNonInfectiousDisease]","[]","Count_MedicalConditionIncident_ShigaToxinEColi_PatientHospitalized_ConfirmedCase_AnimalContactTransmission","[]","2009-01"
"[P1Y]","2","[dcAggregate/NORSNonInfectiousDisease]","[]","Count_MedicalConditionIncident_MonosodiumGlutamate_PatientDeceased_ConfirmedCase_FoodborneTransmission","[]","2006-04"
"[P1Y]","2","[dcAggregate/NORSNonInfectiousDisease]","[]","Count_MedicalConditionIncident_SalmonellaBongori_ConfirmedCase_AnimalContactTransmission","[]","2021-06"
"[P1Y]","6","[dcAggregate/NORSNonInfectiousDisease]","[]","Count_MedicalConditionIncident_Chlorine_ConfirmedCase_WaterborneTransmission","[]","1984-01"
"[P1Y]","4","[dcAggregate/NORSNonInfectiousDisease]","[]","Count_MedicalConditionIncident_LeptospiraUnknown_PatientHospitalized_WaterborneTransmission","[]","1987-07"
"[P1Y]","47","[dcAggregate/NORSNonInfectiousDisease]","[]","Count_MedicalConditionIncident_Norovirus_SuspectedCase_PersonToPersonTransmission","[]","2009-01"
"[P1Y]","26","[dcAggregate/NORSNonInfectiousDisease]","[]","Count_MedicalConditionIncident_Norovirus_PatientHospitalized_ConfirmedCase_PersonToPersonTransmission","[]","2009-01"
"[P1Y]","4","[dcAggregate/NORSNonInfectiousDisease]","[]","Count_MedicalConditionIncident_SalmonellaEtiology_PatientHospitalized_Indeterminate_Other_UnknownTramissionMode","[]","2013-06"
"[P1Y]","17","[dcAggregate/NORSNonInfectiousDisease]","[]","Count_MedicalConditionIncident_CryptosporidiumUnknown_Indeterminate_Other_UnknownTramissionMode","[]","2010-07"
"[P1Y]","14","[dcAggregate/NORSNonInfectiousDisease]","[]","Count_MedicalConditionIncident_CryptosporidiumParvumEtiology_AnimalContactTransmission","[]","2009-06"
"[P1Y]","41","[dcAggregate/NORSNonInfectiousDisease]","[]","Count_MedicalConditionIncident_NorovirusUnknown_PatientDeceased_Indeterminate_Other_UnknownTramissionMode","[]","2009-01"
"[P1Y]","31","[dcAggregate/NORSNonInfectiousDisease]","[]","Count_MedicalConditionIncident_VibrioParahaemolyticusEtiology_PatientHospitalized_FoodborneTransmission","[]","1998-01"
"[P1Y]","2","[dcAggregate/NORSNonInfectiousDisease]","[]","Count_MedicalConditionIncident_NorovirusGenogroupIX_ConfirmedCase_FoodborneTransmission","[]","2023-01"
"[P1Y]","5","[dcAggregate/NORSNonInfectiousDisease]","[]","Count_MedicalConditionIncident_StaphylococcusEtiology_PatientDeceased_SuspectedCase_FoodborneTransmission","[]","2015-06"
"[P1Y]","3","[dcAggregate/NORSNonInfectiousDisease]","[]","Count_MedicalConditionIncident_CryptosporidiumParvumEtiology_SuspectedCase_Indeterminate_Other_UnknownTramissionMode","[]","2013-09"
"[P1Y]","8","[dcAggregate/NORSNonInfectiousDisease]","[]","Count_MedicalConditionIncident_GiardiaEtiology_PatientDeceased_ConfirmedCase_PersonToPersonTransmission","[]","2013-06"
"[P1Y]","2","[dcAggregate/NORSNonInfectiousDisease]","[]","Count_MedicalConditionIncident_ShigellaEtiology_PatientDeceased_ConfirmedCase_WaterborneTransmission","[]","2018-05"
"[P1Y]","16","[dcAggregate/NORSNonInfectiousDisease]","[]","Count_MedicalConditionIncident_Chlorine_PatientHospitalized_WaterborneTransmission","[]","1984-01"
"[P1Y]","2","[dcAggregate/NORSNonInfectiousDisease]","[]","Count_MedicalConditionIncident_NeurotoxicShellfishPoison_PatientDeceased_ConfirmedCase_FoodborneTransmission","[]","2005-07"
"[P1Y]","2","[dcAggregate/NORSNonInfectiousDisease]","[]","Count_MedicalConditionIncident_EscherichiaEtiology_PatientHospitalized_SuspectedCase_FoodborneTransmission","[]","2021-05"
"[P1Y]","8","[dcAggregate/NORSNonInfectiousDisease]","[]","Count_MedicalConditionIncident_Norovirus_EnvironmentalContaminationTransmissionExceptFood_Water","[]","2011-02"
"[P1Y]","2","[dcAggregate/NORSNonInfectiousDisease]","[]","Count_MedicalConditionIncident_ShigellaBoydiiEtiology_SuspectedCase_WaterborneTransmission","[]","1983-06"
"[P1Y]","50","[dcAggregate/NORSNonInfectiousDisease]","[]","Count_MedicalConditionIncident_ClostridiumPerfringensEtiology_PatientDeceased_FoodborneTransmission","[]","1998-01"
"[P1Y]","13","[dcAggregate/NORSNonInfectiousDisease]","[]","Count_MedicalConditionIncident_ShigellaUnknown_WaterborneTransmission","[]","1973-06"
"[P1Y]","7","[dcAggregate/NORSNonInfectiousDisease]","[]","Count_MedicalConditionIncident_SalmonellaOther_PatientHospitalized_ConfirmedCase_PersonToPersonTransmission","[]","2014-05"
"[P1Y]","3","[dcAggregate/NORSNonInfectiousDisease]","[]","Count_MedicalConditionIncident_CryptosporidiumEtiology_PatientDeceased_WaterborneTransmission","[]","2009-08"
"[P1Y]","2","[dcAggregate/NORSNonInfectiousDisease]","[]","Count_MedicalConditionIncident_BlastomycesGilchristiiEtiology_PatientHospitalized_EnvironmentalContaminationTransmissionExceptFood_Water","[]","2022-12"
"[P1Y]","2","[dcAggregate/NORSNonInfectiousDisease]","[]","Count_MedicalConditionIncident_EthylAcrylate_PatientHospitalized_ConfirmedCase_WaterborneTransmission","[]","1975-10"
"[P1Y]","3","[dcAggregate/NORSNonInfectiousDisease]","[]","Count_MedicalConditionIncident_ClostridiumPerfringensEtiology_SuspectedCase_Indeterminate_Other_UnknownTramissionMode","[]","2013-01"
"[P1Y]","2","[dcAggregate/NORSNonInfectiousDisease]","[]","Count_MedicalConditionIncident_SalmonellaBongori_PatientDeceased_ConfirmedCase_AnimalContactTransmission","[]","2021-06"
"[P1Y]","11","[dcAggregate/NORSNonInfectiousDisease]","[]","Count_MedicalConditionIncident_CryptosporidiumUnknown_PatientDeceased_SuspectedCase_AnimalContactTransmission","[]","2012-02"
"[P1Y]","2","[dcAggregate/NORSNonInfectiousDisease]","[]","Count_MedicalConditionIncident_CampylobacterFetusEtiology_SuspectedCase_FoodborneTransmission","[]","2003-12"
"[P1Y]","4","[dcAggregate/NORSNonInfectiousDisease]","[]","Count_MedicalConditionIncident_LegionellaMicdadeiEtiology_ConfirmedCase_WaterborneTransmission","[]","1977-06"
"[P1Y]","4","[dcAggregate/NORSNonInfectiousDisease]","[]","Count_MedicalConditionIncident_ClostridiumPerfringensEtiology_PatientHospitalized_Indeterminate_Other_UnknownTramissionMode","[]","2013-01"
"[P1Y]","13","[dcAggregate/NORSNonInfectiousDisease]","[]","Count_MedicalConditionIncident_CryptosporidiumParvumEtiology_PatientHospitalized_ConfirmedCase_FoodborneTransmission","[]","1998-09"
"[P1Y]","3","[dcAggregate/NORSNonInfectiousDisease]","[]","Count_MedicalConditionIncident_NORSUnknownChemical_Toxin_PatientHospitalized_ConfirmedCase_WaterborneTransmission","[]","2008-08"
"[P1Y]","46","[dcAggregate/NORSNonInfectiousDisease]","[]","Count_MedicalConditionIncident_ShigaToxinEColi_PatientHospitalized_FoodborneTransmission","[]","1998-05"
"[P1Y]","13","[dcAggregate/NORSNonInfectiousDisease]","[]","Count_MedicalConditionIncident_CryptosporidiumParvumEtiology_PatientDeceased_ConfirmedCase_FoodborneTransmission","[]","1998-09"
"[P1Y]","4","[dcAggregate/NORSNonInfectiousDisease]","[]","Count_MedicalConditionIncident_ShigellaUnknown_PatientHospitalized_ConfirmedCase_Indeterminate_Other_UnknownTramissionMode","[]","2015-09"
"[P1Y]","13","[dcAggregate/NORSNonInfectiousDisease]","[]","Count_MedicalConditionIncident_NORSOthers_PatientHospitalized_FoodborneTransmission","[]","2011-01"
"[P1Y]","12","[dcAggregate/NORSNonInfectiousDisease]","[]","Count_MedicalConditionIncident_GiardiaDuodenalisEtiology_PatientHospitalized_FoodborneTransmission","[]","1998-04"
"[P1Y]","3","[dcAggregate/NORSNonInfectiousDisease]","[]","Count_MedicalConditionIncident_YersiniaEnterocoliticaEtiology_PatientHospitalized_SuspectedCase_FoodborneTransmission","[]","2012-09"
"[P1Y]","2","[dcAggregate/NORSNonInfectiousDisease]","[]","Count_MedicalConditionIncident_NORSUnknownChemical_Toxin_FoodborneTransmission","[]","2023-10"
"[P1Y]","14","[dcAggregate/NORSNonInfectiousDisease]","[]","Count_MedicalConditionIncident_NorovirusUnknown_PatientHospitalized_ConfirmedCase_WaterborneTransmission","[]","1983-07"
"[P1Y]","5","[dcAggregate/NORSNonInfectiousDisease]","[]","Count_MedicalConditionIncident_YersiniaEnterocoliticaEtiology_PatientHospitalized_Indeterminate_Other_UnknownTramissionMode","[]","2010-11"
"[P1Y]","45","[dcAggregate/NORSNonInfectiousDisease]","[]","Count_MedicalConditionIncident_ClostridiumPerfringensEtiology_PatientHospitalized_ConfirmedCase_FoodborneTransmission","[]","1998-01"
"[P1Y]","3","[dcAggregate/NORSNonInfectiousDisease]","[]","Count_MedicalConditionIncident_SapovirusUnknown_ConfirmedCase_Indeterminate_Other_UnknownTramissionMode","[]","2017-10"
"[P1Y]","4","[dcAggregate/NORSNonInfectiousDisease]","[]","Count_MedicalConditionIncident_NORSUnknownBacterium_PatientDeceased_SuspectedCase_WaterborneTransmission","[]","2008-07"
"[P1Y]","3","[dcAggregate/NORSNonInfectiousDisease]","[]","Count_MedicalConditionIncident_EColiOther_PatientHospitalized_PersonToPersonTransmission","[]","2019-05"
"[P1Y]","6","[dcAggregate/NORSNonInfectiousDisease]","[]","Count_MedicalConditionIncident_CryptosporidiumEtiology_SuspectedCase_Indeterminate_Other_UnknownTramissionMode","[]","2012-07"
"[P1Y]","4","[dcAggregate/NORSNonInfectiousDisease]","[]","Count_MedicalConditionIncident_CryptosporidiumUnknown_PatientDeceased_SuspectedCase_FoodborneTransmission","[]","2014-06"
"[P1Y]","13","[dcAggregate/NORSNonInfectiousDisease]","[]","Count_MedicalConditionIncident_ShigellaUnknown_ConfirmedCase_WaterborneTransmission","[]","1973-06"
"[P1Y]","4","[dcAggregate/NORSNonInfectiousDisease]","[]","Count_MedicalConditionIncident_LegionellaEtiology_WaterborneTransmission","[]","2012-04"
"[P1Y]","3","[dcAggregate/NORSNonInfectiousDisease]","[]","Count_MedicalConditionIncident_VibrioUnknown_PatientHospitalized_ConfirmedCase_FoodborneTransmission","[]","2021-07"
"[P1Y]","8","[dcAggregate/NORSNonInfectiousDisease]","[]","Count_MedicalConditionIncident_Norovirus_PatientDeceased_EnvironmentalContaminationTransmissionExceptFood_Water","[]","2011-02"
"[P1Y]","4","[dcAggregate/NORSNonInfectiousDisease]","[]","Count_MedicalConditionIncident_ShigellaUnknown_PatientDeceased_Indeterminate_Other_UnknownTramissionMode","[]","2015-09"
"[P1Y]","9","[dcAggregate/NORSNonInfectiousDisease]","[]","Count_MedicalConditionIncident_GiardiaDuodenalisEtiology_PatientDeceased_ConfirmedCase_PersonToPersonTransmission","[]","2009-07"
"[P1Y]","3","[dcAggregate/NORSNonInfectiousDisease]","[]","Count_MedicalConditionIncident_ClostridiumUnknown_ConfirmedCase_PersonToPersonTransmission","[]","2011-12"
"[P1Y]","29","[dcAggregate/NORSNonInfectiousDisease]","[]","Count_MedicalConditionIncident_ShigellaSonneiEtiology_FoodborneTransmission","[]","1998-01"
"[P1Y]","3","[dcAggregate/NORSNonInfectiousDisease]","[]","Count_MedicalConditionIncident_SapovirusGenogroupIV_PatientHospitalized_PersonToPersonTransmission","[]","2013-11"
"[P1Y]","17","[dcAggregate/NORSNonInfectiousDisease]","[]","Count_MedicalConditionIncident_CampylobacterJejuniEtiology_ConfirmedCase_AnimalContactTransmission","[]","2009-09"
"[P1Y]","6","[dcAggregate/NORSNonInfectiousDisease]","[]","Count_MedicalConditionIncident_HeavyMetal_ConfirmedCase_FoodborneTransmission","[]","1999-12"
"[P1Y]","2","[dcAggregate/NORSNonInfectiousDisease]","[]","Count_MedicalConditionIncident_GiardiaDuodenalisEtiology_PatientDeceased_SuspectedCase_FoodborneTransmission","[]","2006-09"
"[P1Y]","4","[dcAggregate/NORSNonInfectiousDisease]","[]","Count_MedicalConditionIncident_ParalyticShellfishPoison_PatientHospitalized_SuspectedCase_FoodborneTransmission","[]","1999-03"
"[P1Y]","3","[dcAggregate/NORSNonInfectiousDisease]","[]","Count_MedicalConditionIncident_MycobacteriumAbscessusEtiology_PatientDeceased_ConfirmedCase_WaterborneTransmission","[]","2013-01"
"[P1Y]","4","[dcAggregate/NORSNonInfectiousDisease]","[]","Count_MedicalConditionIncident_CampylobacterOther_PatientHospitalized_FoodborneTransmission","[]","1999-02"
"[P1Y]","2","[dcAggregate/NORSNonInfectiousDisease]","[]","Count_MedicalConditionIncident_SapovirusGenogroupIV_PatientDeceased_ConfirmedCase_Indeterminate_Other_UnknownTramissionMode","[]","2016-02"
"[P1Y]","2","[dcAggregate/NORSNonInfectiousDisease]","[]","Count_MedicalConditionIncident_GiardiaDuodenalisEtiology_PatientDeceased_EnvironmentalContaminationTransmissionExceptFood_Water","[]","2019-09"
"[P1Y]","20","[dcAggregate/NORSNonInfectiousDisease]","[]","Count_MedicalConditionIncident_ClostridiumBotulinumEtiology_PatientHospitalized_FoodborneTransmission","[]","1998-06"
"[P1Y]","3","[dcAggregate/NORSNonInfectiousDisease]","[]","Count_MedicalConditionIncident_Norovirus_SuspectedCase_WaterborneTransmission","[]","2009-09"
"[P1Y]","5","[dcAggregate/NORSNonInfectiousDisease]","[]","Count_MedicalConditionIncident_NORSUnknownChemical_Toxin_SuspectedCase_WaterborneTransmission","[]","2007-05"
"[P1Y]","10","[dcAggregate/NORSNonInfectiousDisease]","[]","Count_MedicalConditionIncident_Norovirus_PatientHospitalized_ConfirmedCase_Indeterminate_Other_UnknownTramissionMode","[]","2009-01"
"[P1Y]","13","[dcAggregate/NORSNonInfectiousDisease]","[]","Count_MedicalConditionIncident_NORSOtherBacterium_SuspectedCase_FoodborneTransmission","[]","1998-04"
"[P1Y]","3","[dcAggregate/NORSNonInfectiousDisease]","[]","Count_MedicalConditionIncident_NORSUnknown_FoodborneTransmission","[]","2022-02"
"[P1Y]","2","[dcAggregate/NORSNonInfectiousDisease]","[]","Count_MedicalConditionIncident_EnterobacterOther_PatientDeceased_SuspectedCase_FoodborneTransmission","[]","2023-11"
"[P1Y]","16","[dcAggregate/NORSNonInfectiousDisease]","[]","Count_MedicalConditionIncident_ShigellaFlexneriEtiology_PatientDeceased_ConfirmedCase_FoodborneTransmission","[]","1998-01"
"[P1Y]","7","[dcAggregate/NORSNonInfectiousDisease]","[]","Count_MedicalConditionIncident_SalmonellaOther_PatientHospitalized_ConfirmedCase_Indeterminate_Other_UnknownTramissionMode","[]","2014-05"
"[P1Y]","3","[dcAggregate/NORSNonInfectiousDisease]","[]","Count_MedicalConditionIncident_Arsenic_PatientHospitalized_ConfirmedCase_WaterborneTransmission","[]","1972-05"
"[P1Y]","7","[dcAggregate/NORSNonInfectiousDisease]","[]","Count_MedicalConditionIncident_NORSOtherVirus_ConfirmedCase_FoodborneTransmission","[]","2003-10"
"[P1Y]","3","[dcAggregate/NORSNonInfectiousDisease]","[]","Count_MedicalConditionIncident_EColiEnterotoxigenicEtiology_PatientDeceased_SuspectedCase_PersonToPersonTransmission","[]","2018-09"
"[P1Y]","5","[dcAggregate/NORSNonInfectiousDisease]","[]","Count_MedicalConditionIncident_GiardiaEtiology_ConfirmedCase_Indeterminate_Other_UnknownTramissionMode","[]","2012-10"
"[P1Y]","2","[dcAggregate/NORSNonInfectiousDisease]","[]","Count_MedicalConditionIncident_Bromine_PatientDeceased_WaterborneTransmission","[]","2000-02"
"[P1Y]","16","[dcAggregate/NORSNonInfectiousDisease]","[]","Count_MedicalConditionIncident_GiardiaUnknown_WaterborneTransmission","[]","2004-03"
"[P1Y]","3","[dcAggregate/NORSNonInfectiousDisease]","[]","Count_MedicalConditionIncident_ShigellaFlexneriEtiology_SuspectedCase_FoodborneTransmission","[]","2014-06"
"[P1Y]","2","[dcAggregate/NORSNonInfectiousDisease]","[]","Count_MedicalConditionIncident_AdenovirusUnknown_ConfirmedCase_WaterborneTransmission","[]","2012-07"
"[P1Y]","2","[dcAggregate/NORSNonInfectiousDisease]","[]","Count_MedicalConditionIncident_EColiOther_PatientDeceased_SuspectedCase_PersonToPersonTransmission","[]","2022-07"
"[P1Y]","11","[dcAggregate/NORSNonInfectiousDisease]","[]","Count_MedicalConditionIncident_ShigellaSonneiEtiology_PatientDeceased_SuspectedCase_Indeterminate_Other_UnknownTramissionMode","[]","2009-12"
"[P1Y]","38","[dcAggregate/NORSNonInfectiousDisease]","[]","Count_MedicalConditionIncident_SalmonellaEntericaEtiology_PatientHospitalized_SuspectedCase_FoodborneTransmission","[]","1998-03"
"[P1Y]","2","[dcAggregate/NORSNonInfectiousDisease]","[]","Count_MedicalConditionIncident_YersiniaEtiology_PatientDeceased_FoodborneTransmission","[]","2015-07"
"[P1Y]","2","[dcAggregate/NORSNonInfectiousDisease]","[]","Count_MedicalConditionIncident_MycobacteriumAviumComplexEtiology_PatientHospitalized_ConfirmedCase_WaterborneTransmission","[]","2011-01"
"[P1Y]","3","[dcAggregate/NORSNonInfectiousDisease]","[]","Count_MedicalConditionIncident_NORSOtherBacterium_PatientDeceased_Indeterminate_Other_UnknownTramissionMode","[]","2009-04"
"[P1Y]","4","[dcAggregate/NORSNonInfectiousDisease]","[]","Count_MedicalConditionIncident_GiardiaUnknown_PatientHospitalized_SuspectedCase_WaterborneTransmission","[]","2018-08"
"[P1Y]","15","[dcAggregate/NORSNonInfectiousDisease]","[]","Count_MedicalConditionIncident_Rotavirus_Indeterminate_Other_UnknownTramissionMode","[]","2010-05"
"[P1Y]","2","[dcAggregate/NORSNonInfectiousDisease]","[]","Count_MedicalConditionIncident_NorovirusGenogroupI_PatientHospitalized_SuspectedCase_EnvironmentalContaminationTransmissionExceptFood_Water","[]","2022-03"
"[P1Y]","19","[dcAggregate/NORSNonInfectiousDisease]","[]","Count_MedicalConditionIncident_ClostridiumDifficileEtiology_PatientDeceased_ConfirmedCase_PersonToPersonTransmission","[]","2014-12"
"[P1Y]","2","[dcAggregate/NORSNonInfectiousDisease]","[]","Count_MedicalConditionIncident_Cyanotoxin_SuspectedCase_WaterborneTransmission","[]","2009-06"
"[P1Y]","2","[dcAggregate/NORSNonInfectiousDisease]","[]","Count_MedicalConditionIncident_AdenovirusB_PatientDeceased_PersonToPersonTransmission","[]","2015-10"
"[P1Y]","6","[dcAggregate/NORSNonInfectiousDisease]","[]","Count_MedicalConditionIncident_ParalyticShellfishPoison_PatientHospitalized_FoodborneTransmission","[]","1998-10"
"[P1Y]","2","[dcAggregate/NORSNonInfectiousDisease]","[]","Count_MedicalConditionIncident_ClostridiumEtiology_SuspectedCase_FoodborneTransmission","[]","2013-05"
"[P1Y]","2","[dcAggregate/NORSNonInfectiousDisease]","[]","Count_MedicalConditionIncident_CampylobacterOther_PatientDeceased_Indeterminate_Other_UnknownTramissionMode","[]","2012-03"
"[P1Y]","2","[dcAggregate/NORSNonInfectiousDisease]","[]","Count_MedicalConditionIncident_AlkalineWater_PatientHospitalized_WaterborneTransmission","[]","1988-04"
"[P1Y]","2","[dcAggregate/NORSNonInfectiousDisease]","[]","Count_MedicalConditionIncident_Trichloroethylene_PatientDeceased_WaterborneTransmission","[]","1980-09"
"[P1Y]","13","[dcAggregate/NORSNonInfectiousDisease]","[]","Count_MedicalConditionIncident_SalmonellaEntericaEtiology_PatientDeceased_ConfirmedCase_WaterborneTransmission","[]","1972-06"
"[P1Y]","3","[dcAggregate/NORSNonInfectiousDisease]","[]","Count_MedicalConditionIncident_GiardiaUnknown_PatientHospitalized_ConfirmedCase_AnimalContactTransmission","[]","2020-06"
"[P1Y]","3","[dcAggregate/NORSNonInfectiousDisease]","[]","Count_MedicalConditionIncident_MycobacteriumAbscessusEtiology_PatientHospitalized_WaterborneTransmission","[]","2013-01"
"[P1Y]","33","[dcAggregate/NORSNonInfectiousDisease]","[]","Count_MedicalConditionIncident_ScombroidToxin_FoodborneTransmission","[]","1998-01"
"[P1Y]","2","[dcAggregate/NORSNonInfectiousDisease]","[]","Count_MedicalConditionIncident_MycobacteriumAviumComplexEtiology_ConfirmedCase_WaterborneTransmission","[]","2011-01"
"[P1Y]","9","[dcAggregate/NORSNonInfectiousDisease]","[]","Count_MedicalConditionIncident_Sapovirus_PatientDeceased_SuspectedCase_PersonToPersonTransmission","[]","2012-01"
"[P1Y]","5","[dcAggregate/NORSNonInfectiousDisease]","[]","Count_MedicalConditionIncident_TrichinellaEtiology_PatientHospitalized_ConfirmedCase_FoodborneTransmission","[]","2015-10"
"[P1Y]","3","[dcAggregate/NORSNonInfectiousDisease]","[]","Count_MedicalConditionIncident_CampylobacterColiEtiology_SuspectedCase_PersonToPersonTransmission","[]","2013-02"
"[P1Y]","14","[dcAggregate/NORSNonInfectiousDisease]","[]","Count_MedicalConditionIncident_SalmonellaEntericaEtiology_PatientHospitalized_WaterborneTransmission","[]","1972-06"
"[P1Y]","2","[dcAggregate/NORSNonInfectiousDisease]","[]","Count_MedicalConditionIncident_YersiniaEtiology_PatientDeceased_ConfirmedCase_PersonToPersonTransmission","[]","2016-06"
"[P1Y]","3","[dcAggregate/NORSNonInfectiousDisease]","[]","Count_MedicalConditionIncident_ClostridiumEtiology_PatientDeceased_FoodborneTransmission","[]","2013-05"
"[P1Y]","22","[dcAggregate/NORSNonInfectiousDisease]","[]","Count_MedicalConditionIncident_NorovirusOther_PatientDeceased_ConfirmedCase_WaterborneTransmission","[]","1978-05"
"[P1Y]","19","[dcAggregate/NORSNonInfectiousDisease]","[]","Count_MedicalConditionIncident_PseudomonasAeruginosaEtiology_PatientHospitalized_SuspectedCase_WaterborneTransmission","[]","1984-01"
"[P1Y]","2","[dcAggregate/NORSNonInfectiousDisease]","[]","Count_MedicalConditionIncident_LegionellaDumoffiiEtiology_PatientDeceased_WaterborneTransmission","[]","1980-11"
"[P1Y]","2","[dcAggregate/NORSNonInfectiousDisease]","[]","Count_MedicalConditionIncident_EnterovirusCoxsackievirusAEtiology_PatientDeceased_WaterborneTransmission","[]","1983-07"
"[P1Y]","40","[dcAggregate/NORSNonInfectiousDisease]","[]","Count_MedicalConditionIncident_ShigellaSonneiEtiology_PersonToPersonTransmission","[]","2009-01"
"[P1Y]","13","[dcAggregate/NORSNonInfectiousDisease]","[]","Count_MedicalConditionIncident_CampylobacterEtiology_PatientHospitalized_Indeterminate_Other_UnknownTramissionMode","[]","2013-04"
"[P1Y]","13","[dcAggregate/NORSNonInfectiousDisease]","[]","Count_MedicalConditionIncident_Chlorine_PatientHospitalized_SuspectedCase_WaterborneTransmission","[]","1984-10"
"[P1Y]","2","[dcAggregate/NORSNonInfectiousDisease]","[]","Count_MedicalConditionIncident_EscherichiaEtiology_PatientHospitalized_Indeterminate_Other_UnknownTramissionMode","[]","2015-10"
"[P1Y]","10","[dcAggregate/NORSNonInfectiousDisease]","[]","Count_MedicalConditionIncident_SalmonellaUnknown_PatientHospitalized_Indeterminate_Other_UnknownTramissionMode","[]","2012-10"
"[P1Y]","9","[dcAggregate/NORSNonInfectiousDisease]","[]","Count_MedicalConditionIncident_CryptosporidiumUnknown_PatientHospitalized_FoodborneTransmission","[]","2007-07"
"[P1Y]","5","[dcAggregate/NORSNonInfectiousDisease]","[]","Count_MedicalConditionIncident_BacillusEtiology_SuspectedCase_FoodborneTransmission","[]","2007-01"
"[P1Y]","4","[dcAggregate/NORSNonInfectiousDisease]","[]","Count_MedicalConditionIncident_EColiOther_FoodborneTransmission","[]","1999-09"
"[P1Y]","5","[dcAggregate/NORSNonInfectiousDisease]","[]","Count_MedicalConditionIncident_BrucellaUnknown_ConfirmedCase_FoodborneTransmission","[]","2001-07"
"[P1Y]","2","[dcAggregate/NORSNonInfectiousDisease]","[]","Count_MedicalConditionIncident_CampylobacterOther_Indeterminate_Other_UnknownTramissionMode","[]","2012-03"
"[P1Y]","23","[dcAggregate/NORSNonInfectiousDisease]","[]","Count_MedicalConditionIncident_CampylobacterJejuniEtiology_PatientDeceased_WaterborneTransmission","[]","1978-05"
"[P1Y]","2","[dcAggregate/NORSNonInfectiousDisease]","[]","Count_MedicalConditionIncident_ShigellaEtiology_WaterborneTransmission","[]","2018-05"
"[P1Y]","3","[dcAggregate/NORSNonInfectiousDisease]","[]","Count_MedicalConditionIncident_GiardiaEtiology_PatientDeceased_SuspectedCase_Indeterminate_Other_UnknownTramissionMode","[]","2013-11"
"[P1Y]","10","[dcAggregate/NORSNonInfectiousDisease]","[]","Count_MedicalConditionIncident_CampylobacterJejuniEtiology_PatientDeceased_ConfirmedCase_PersonToPersonTransmission","[]","2010-06"
"[P1Y]","8","[dcAggregate/NORSNonInfectiousDisease]","[]","Count_MedicalConditionIncident_CampylobacterUnknown_PatientHospitalized_SuspectedCase_AnimalContactTransmission","[]","2011-05"
"[P1Y]","6","[dcAggregate/NORSNonInfectiousDisease]","[]","Count_MedicalConditionIncident_SalmonellaEtiology_PatientDeceased_ConfirmedCase_FoodborneTransmission","[]","2014-03"
"[P1Y]","2","[dcAggregate/NORSNonInfectiousDisease]","[]","Count_MedicalConditionIncident_CryptosporidiumParvumEtiology_PatientDeceased_SuspectedCase_WaterborneTransmission","[]","2018-07"
"[P1Y]","2","[dcAggregate/NORSNonInfectiousDisease]","[]","Count_MedicalConditionIncident_Chromium_ConfirmedCase_WaterborneTransmission","[]","1974-09"
"[P1Y]","2","[dcAggregate/NORSNonInfectiousDisease]","[]","Count_MedicalConditionIncident_StaphylococcusAureusEtiology_SuspectedCase_WaterborneTransmission","[]","2018-06"
"[P1Y]","2","[dcAggregate/NORSNonInfectiousDisease]","[]","Count_MedicalConditionIncident_NORSOtherParasite_SuspectedCase_FoodborneTransmission","[]","1999-10"
"[P1Y]","12","[dcAggregate/NORSNonInfectiousDisease]","[]","Count_MedicalConditionIncident_Mycotoxins_ConfirmedCase_FoodborneTransmission","[]","1998-07"
"[P1Y]","2","[dcAggregate/NORSNonInfectiousDisease]","[]","Count_MedicalConditionIncident_NorovirusOther_PatientDeceased_Indeterminate_Other_UnknownTramissionMode","[]","2017-02"
"[P1Y]","2","[dcAggregate/NORSNonInfectiousDisease]","[]","Count_MedicalConditionIncident_CryptosporidiumHominisEtiology_SuspectedCase_PersonToPersonTransmission","[]","2015-06"
"[P1Y]","44","[dcAggregate/NORSNonInfectiousDisease]","[]","Count_MedicalConditionIncident_NorovirusGenogroupI_SuspectedCase_FoodborneTransmission","[]","1998-01"
"[P1Y]","2","[dcAggregate/NORSNonInfectiousDisease]","[]","Count_MedicalConditionIncident_BlastomycesGilchristiiEtiology_EnvironmentalContaminationTransmissionExceptFood_Water","[]","2022-12"
"[P1Y]","48","[dcAggregate/NORSNonInfectiousDisease]","[]","Count_MedicalConditionIncident_NorovirusUnknown_PatientDeceased_SuspectedCase_PersonToPersonTransmission","[]","2009-01"
"[P1Y]","4","[dcAggregate/NORSNonInfectiousDisease]","[]","Count_MedicalConditionIncident_NorovirusGenogroupIX_ConfirmedCase_PersonToPersonTransmission","[]","2021-01"
"[P1Y]","2","[dcAggregate/NORSNonInfectiousDisease]","[]","Count_MedicalConditionIncident_Trichloroethylene_ConfirmedCase_WaterborneTransmission","[]","1980-09"
"[P1Y]","18","[dcAggregate/NORSNonInfectiousDisease]","[]","Count_MedicalConditionIncident_CampylobacterUnknown_PatientDeceased_Indeterminate_Other_UnknownTramissionMode","[]","2009-06"
"[P1Y]","21","[dcAggregate/NORSNonInfectiousDisease]","[]","Count_MedicalConditionIncident_NorovirusGenogroupI_PatientDeceased_SuspectedCase_Indeterminate_Other_UnknownTramissionMode","[]","2010-07"
"[P1Y]","3","[dcAggregate/NORSNonInfectiousDisease]","[]","Count_MedicalConditionIncident_CampylobacterColiEtiology_PatientDeceased_SuspectedCase_PersonToPersonTransmission","[]","2013-02"
"[P1Y]","2","[dcAggregate/NORSNonInfectiousDisease]","[]","Count_MedicalConditionIncident_EColiOther_PatientHospitalized_SuspectedCase_Indeterminate_Other_UnknownTramissionMode","[]","2021-05"
"[P1Y]","2","[dcAggregate/NORSNonInfectiousDisease]","[]","Count_MedicalConditionIncident_NORSUnknownChemical_Toxin_PatientDeceased_FoodborneTransmission","[]","2023-10"
"[P1Y]","32","[dcAggregate/NORSNonInfectiousDisease]","[]","Count_MedicalConditionIncident_StaphylococcusAureusEtiology_PatientDeceased_SuspectedCase_FoodborneTransmission","[]","1998-01"
"[P1Y]","3","[dcAggregate/NORSNonInfectiousDisease]","[]","Count_MedicalConditionIncident_CryptosporidiumEtiology_PatientDeceased_ConfirmedCase_FoodborneTransmission","[]","2014-12"
"[P1Y]","29","[dcAggregate/NORSNonInfectiousDisease]","[]","Count_MedicalConditionIncident_CryptosporidiumHominisEtiology_ConfirmedCase_WaterborneTransmission","[]","1997-06"
"[P1Y]","2","[dcAggregate/NORSNonInfectiousDisease]","[]","Count_MedicalConditionIncident_ClostridiumPerfringensEtiology_PatientHospitalized_SuspectedCase_PersonToPersonTransmission","[]","2019-10"
"[P1Y]","2","[dcAggregate/NORSNonInfectiousDisease]","[]","Count_MedicalConditionIncident_CryptosporidiumParvumEtiology_EnvironmentalContaminationTransmissionExceptFood_Water","[]","2014-07"
"[P1Y]","2","[dcAggregate/NORSNonInfectiousDisease]","[]","Count_MedicalConditionIncident_ShigellaUnknown_PatientDeceased_SuspectedCase_EnvironmentalContaminationTransmissionExceptFood_Water","[]","2019-06"
"[P1Y]","2","[dcAggregate/NORSNonInfectiousDisease]","[]","Count_MedicalConditionIncident_YersiniaEtiology_PatientHospitalized_FoodborneTransmission","[]","2015-07"
"[P1Y]","5","[dcAggregate/NORSNonInfectiousDisease]","[]","Count_MedicalConditionIncident_SalmonellaOther_PatientHospitalized_SuspectedCase_FoodborneTransmission","[]","2018-03"
"[P1Y]","36","[dcAggregate/NORSNonInfectiousDisease]","[]","Count_MedicalConditionIncident_ShigellaSonneiEtiology_PatientDeceased_WaterborneTransmission","[]","1971-07"
"[P1Y]","2","[dcAggregate/NORSNonInfectiousDisease]","[]","Count_MedicalConditionIncident_EColiEnterotoxigenicEtiology_PatientHospitalized_WaterborneTransmission","[]","1975-06"
"[P1Y]","27","[dcAggregate/NORSNonInfectiousDisease]","[]","Count_MedicalConditionIncident_Rotavirus_PatientHospitalized_ConfirmedCase_PersonToPersonTransmission","[]","2009-01"
"[P1Y]","6","[dcAggregate/NORSNonInfectiousDisease]","[]","Count_MedicalConditionIncident_HeavyMetal_PatientHospitalized_ConfirmedCase_FoodborneTransmission","[]","1999-12"
"[P1Y]","14","[dcAggregate/NORSNonInfectiousDisease]","[]","Count_MedicalConditionIncident_SalmonellaUnknown_ConfirmedCase_FoodborneTransmission","[]","2005-09"
"[P1Y]","2","[dcAggregate/NORSNonInfectiousDisease]","[]","Count_MedicalConditionIncident_CryptosporidiumHominisEtiology_FoodborneTransmission","[]","2018-09"
"[P1Y]","8","[dcAggregate/NORSNonInfectiousDisease]","[]","Count_MedicalConditionIncident_NorovirusUnknown_SuspectedCase_EnvironmentalContaminationTransmissionExceptFood_Water","[]","2013-09"
"[P1Y]","4","[dcAggregate/NORSNonInfectiousDisease]","[]","Count_MedicalConditionIncident_GiardiaUnknown_PatientDeceased_SuspectedCase_WaterborneTransmission","[]","2018-08"
"[P1Y]","18","[dcAggregate/NORSNonInfectiousDisease]","[]","Count_MedicalConditionIncident_CampylobacterEtiology_PatientDeceased_FoodborneTransmission","[]","2012-06"
"[P1Y]","31","[dcAggregate/NORSNonInfectiousDisease]","[]","Count_MedicalConditionIncident_CampylobacterUnknown_PatientHospitalized_FoodborneTransmission","[]","1998-01"
"[P1Y]","34","[dcAggregate/NORSNonInfectiousDisease]","[]","Count_MedicalConditionIncident_Norovirus_PatientDeceased_Indeterminate_Other_UnknownTramissionMode","[]","2009-01"
"[P1Y]","5","[dcAggregate/NORSNonInfectiousDisease]","[]","Count_MedicalConditionIncident_Pesticides_PatientDeceased_ConfirmedCase_FoodborneTransmission","[]","1998-08"
"[P1Y]","4","[dcAggregate/NORSNonInfectiousDisease]","[]","Count_MedicalConditionIncident_NORSUnknownVirus_SuspectedCase_WaterborneTransmission","[]","2010-03"
"[P1Y]","2","[dcAggregate/NORSNonInfectiousDisease]","[]","Count_MedicalConditionIncident_EColiEnteroinvasiveEtiology_PatientHospitalized_PersonToPersonTransmission","[]","2017-08"
"[P1Y]","6","[dcAggregate/NORSNonInfectiousDisease]","[]","Count_MedicalConditionIncident_CryptosporidiumParvumEtiology_PatientHospitalized_ConfirmedCase_PersonToPersonTransmission","[]","2010-06"
"[P1Y]","5","[dcAggregate/NORSNonInfectiousDisease]","[]","Count_MedicalConditionIncident_SapovirusUnknown_PatientDeceased_FoodborneTransmission","[]","2015-08"
"[P1Y]","6","[dcAggregate/NORSNonInfectiousDisease]","[]","Count_MedicalConditionIncident_GiardiaEtiology_PatientDeceased_Indeterminate_Other_UnknownTramissionMode","[]","2012-10"
"[P1Y]","2","[dcAggregate/NORSNonInfectiousDisease]","[]","Count_MedicalConditionIncident_AnatoxinA_PatientHospitalized_WaterborneTransmission","[]","2021-02"
"[P1Y]","4","[dcAggregate/NORSNonInfectiousDisease]","[]","Count_MedicalConditionIncident_Norovirus_PatientHospitalized_WaterborneTransmission","[]","2009-09"
"[P1Y]","2","[dcAggregate/NORSNonInfectiousDisease]","[]","Count_MedicalConditionIncident_ToxinsPlant_Herbal_WaterborneTransmission","[]","2013-07"
"[P1Y]","2","[dcAggregate/NORSNonInfectiousDisease]","[]","Count_MedicalConditionIncident_Norovirus_PatientDeceased_ConfirmedCase_WaterborneTransmission","[]","2018-07"
"[P1Y]","26","[dcAggregate/NORSNonInfectiousDisease]","[]","Count_MedicalConditionIncident_Norovirus_PatientDeceased_ConfirmedCase_PersonToPersonTransmission","[]","2009-01"
"[P1Y]","3","[dcAggregate/NORSNonInfectiousDisease]","[]","Count_MedicalConditionIncident_SalmonellaEtiology_PatientHospitalized_ConfirmedCase_PersonToPersonTransmission","[]","2014-08"
"[P1Y]","3","[dcAggregate/NORSNonInfectiousDisease]","[]","Count_MedicalConditionIncident_ClostridiumPerfringensEtiology_PatientHospitalized_SuspectedCase_Indeterminate_Other_UnknownTramissionMode","[]","2013-01"
"[P1Y]","2","[dcAggregate/NORSNonInfectiousDisease]","[]","Count_MedicalConditionIncident_AdenovirusUnknown_PatientDeceased_ConfirmedCase_PersonToPersonTransmission","[]","2021-10"
"[P1Y]","6","[dcAggregate/NORSNonInfectiousDisease]","[]","Count_MedicalConditionIncident_NorovirusGenogroupII_PatientDeceased_SuspectedCase_EnvironmentalContaminationTransmissionExceptFood_Water","[]","2011-04"
"[P1Y]","28","[dcAggregate/NORSNonInfectiousDisease]","[]","Count_MedicalConditionIncident_ShigellaSonneiEtiology_PatientDeceased_ConfirmedCase_FoodborneTransmission","[]","1998-01"
"[P1Y]","3","[dcAggregate/NORSNonInfectiousDisease]","[]","Count_MedicalConditionIncident_PufferFishTetrodotoxin_PatientHospitalized_ConfirmedCase_FoodborneTransmission","[]","2007-05"
"[P1Y]","7","[dcAggregate/NORSNonInfectiousDisease]","[]","Count_MedicalConditionIncident_Chloramines_PatientHospitalized_SuspectedCase_WaterborneTransmission","[]","2004-01"
"[P1Y]","2","[dcAggregate/NORSNonInfectiousDisease]","[]","Count_MedicalConditionIncident_EnterobacterEtiology_PatientDeceased_PersonToPersonTransmission","[]","2013-11"
"[P1Y]","2","[dcAggregate/NORSNonInfectiousDisease]","[]","Count_MedicalConditionIncident_ShigaToxinEColi_PatientHospitalized_SuspectedCase_EnvironmentalContaminationTransmissionExceptFood_Water","[]","2019-07"
"[P1Y]","3","[dcAggregate/NORSNonInfectiousDisease]","[]","Count_MedicalConditionIncident_SapovirusGenogroupIV_PatientDeceased_PersonToPersonTransmission","[]","2013-11"
"[P1Y]","28","[dcAggregate/NORSNonInfectiousDisease]","[]","Count_MedicalConditionIncident_VibrioParahaemolyticusEtiology_ConfirmedCase_FoodborneTransmission","[]","1998-01"
"[P1Y]","2","[dcAggregate/NORSNonInfectiousDisease]","[]","Count_MedicalConditionIncident_NORSUnknown_PatientHospitalized_SuspectedCase_Indeterminate_Other_UnknownTramissionMode","[]","2023-12"
"[P1Y]","22","[dcAggregate/NORSNonInfectiousDisease]","[]","Count_MedicalConditionIncident_PseudomonasAeruginosaEtiology_PatientDeceased_ConfirmedCase_WaterborneTransmission","[]","1978-10"
"[P1Y]","2","[dcAggregate/NORSNonInfectiousDisease]","[]","Count_MedicalConditionIncident_ShigellaBoydiiEtiology_WaterborneTransmission","[]","1983-06"
"[P1Y]","2","[dcAggregate/NORSNonInfectiousDisease]","[]","Count_MedicalConditionIncident_CampylobacterOther_PatientHospitalized_ConfirmedCase_Indeterminate_Other_UnknownTramissionMode","[]","2012-03"
"[P1Y]","9","[dcAggregate/NORSNonInfectiousDisease]","[]","Count_MedicalConditionIncident_GiardiaDuodenalisEtiology_ConfirmedCase_PersonToPersonTransmission","[]","2009-07"
"[P1Y]","3","[dcAggregate/NORSNonInfectiousDisease]","[]","Count_MedicalConditionIncident_NORSOtherVirus_SuspectedCase_PersonToPersonTransmission","[]","2020-05"
"[P1Y]","2","[dcAggregate/NORSNonInfectiousDisease]","[]","Count_MedicalConditionIncident_ShigellaUnknown_PatientDeceased_EnvironmentalContaminationTransmissionExceptFood_Water","[]","2014-11"
"[P1Y]","2","[dcAggregate/NORSNonInfectiousDisease]","[]","Count_MedicalConditionIncident_AcanthamoebaUnknown_PatientDeceased_WaterborneTransmission","[]","2015-11"
"[P1Y]","9","[dcAggregate/NORSNonInfectiousDisease]","[]","Count_MedicalConditionIncident_ClostridiumDifficileEtiology_PatientHospitalized_SuspectedCase_PersonToPersonTransmission","[]","2016-02"
"[P1Y]","19","[dcAggregate/NORSNonInfectiousDisease]","[]","Count_MedicalConditionIncident_HepatitisA_PatientDeceased_ConfirmedCase_WaterborneTransmission","[]","1971-06"
"[P1Y]","12","[dcAggregate/NORSNonInfectiousDisease]","[]","Count_MedicalConditionIncident_EColiEnterotoxigenicEtiology_PatientHospitalized_FoodborneTransmission","[]","1998-06"
"[P1Y]","23","[dcAggregate/NORSNonInfectiousDisease]","[]","Count_MedicalConditionIncident_CryptosporidiumParvumEtiology_PatientHospitalized_ConfirmedCase_WaterborneTransmission","[]","1984-07"
"[P1Y]","5","[dcAggregate/NORSNonInfectiousDisease]","[]","Count_MedicalConditionIncident_ClostridiumBotulinumEtiology_PatientHospitalized_SuspectedCase_FoodborneTransmission","[]","2001-08"
"[P1Y]","9","[dcAggregate/NORSNonInfectiousDisease]","[]","Count_MedicalConditionIncident_ClostridiumDifficileEtiology_PatientHospitalized_Indeterminate_Other_UnknownTramissionMode","[]","2016-05"
"[P1Y]","4","[dcAggregate/NORSNonInfectiousDisease]","[]","Count_MedicalConditionIncident_EColiOther_SuspectedCase_FoodborneTransmission","[]","1999-09"
"[P1Y]","2","[dcAggregate/NORSNonInfectiousDisease]","[]","Count_MedicalConditionIncident_NORSOtherBacterium_PatientDeceased_ConfirmedCase_Indeterminate_Other_UnknownTramissionMode","[]","2019-05"
"[P1Y]","8","[dcAggregate/NORSNonInfectiousDisease]","[]","Count_MedicalConditionIncident_GiardiaDuodenalisEtiology_PatientDeceased_ConfirmedCase_Indeterminate_Other_UnknownTramissionMode","[]","2009-07"
"[P1Y]","31","[dcAggregate/NORSNonInfectiousDisease]","[]","Count_MedicalConditionIncident_CampylobacterUnknown_FoodborneTransmission","[]","1998-01"
"[P1Y]","9","[dcAggregate/NORSNonInfectiousDisease]","[]","Count_MedicalConditionIncident_ShigaToxinEColi_EnvironmentalContaminationTransmissionExceptFood_Water","[]","2011-05"
"[P1Y]","4","[dcAggregate/NORSNonInfectiousDisease]","[]","Count_MedicalConditionIncident_ShigellaFlexneriEtiology_SuspectedCase_Indeterminate_Other_UnknownTramissionMode","[]","2015-09"
"[P1Y]","8","[dcAggregate/NORSNonInfectiousDisease]","[]","Count_MedicalConditionIncident_ShigellaUnknown_ConfirmedCase_PersonToPersonTransmission","[]","2009-07"
"[P1Y]","4","[dcAggregate/NORSNonInfectiousDisease]","[]","Count_MedicalConditionIncident_LegionellaEtiology_PatientHospitalized_WaterborneTransmission","[]","2012-04"
"[P1Y]","3","[dcAggregate/NORSNonInfectiousDisease]","[]","Count_MedicalConditionIncident_NorovirusOther_ConfirmedCase_PersonToPersonTransmission","[]","2015-05"
"[P1Y]","2","[dcAggregate/NORSNonInfectiousDisease]","[]","Count_MedicalConditionIncident_Trichloroethylene_WaterborneTransmission","[]","1980-09"
"[P1Y]","2","[dcAggregate/NORSNonInfectiousDisease]","[]","Count_MedicalConditionIncident_CyclosporaEtiology_Indeterminate_Other_UnknownTramissionMode","[]","2020-02"
"[P1Y]","2","[dcAggregate/NORSNonInfectiousDisease]","[]","Count_MedicalConditionIncident_CyanotoxinOther_PatientHospitalized_WaterborneTransmission","[]","2018-06"
"[P1Y]","4","[dcAggregate/NORSNonInfectiousDisease]","[]","Count_MedicalConditionIncident_GiardiaEtiology_WaterborneTransmission","[]","2013-10"
"[P1Y]","3","[dcAggregate/NORSNonInfectiousDisease]","[]","Count_MedicalConditionIncident_Soap_Detergent_WaterborneTransmission","[]","1979-06"
"[P1Y]","22","[dcAggregate/NORSNonInfectiousDisease]","[]","Count_MedicalConditionIncident_CampylobacterJejuniEtiology_PatientDeceased_SuspectedCase_FoodborneTransmission","[]","2002-02"
"[P1Y]","2","[dcAggregate/NORSNonInfectiousDisease]","[]","Count_MedicalConditionIncident_StaphylococcusAureusEtiology_PatientHospitalized_ConfirmedCase_WaterborneTransmission","[]","2003-08"
"[P1Y]","4","[dcAggregate/NORSNonInfectiousDisease]","[]","Count_MedicalConditionIncident_Sapovirus_SuspectedCase_FoodborneTransmission","[]","2018-04"
"[P1Y]","40","[dcAggregate/NORSNonInfectiousDisease]","[]","Count_MedicalConditionIncident_Norovirus_PatientDeceased_FoodborneTransmission","[]","2007-03"
"[P1Y]","18","[dcAggregate/NORSNonInfectiousDisease]","[]","Count_MedicalConditionIncident_CampylobacterJejuniEtiology_PatientHospitalized_AnimalContactTransmission","[]","2009-05"
"[P1Y]","7","[dcAggregate/NORSNonInfectiousDisease]","[]","Count_MedicalConditionIncident_SalmonellaOther_ConfirmedCase_PersonToPersonTransmission","[]","2014-05"
"[P1Y]","4","[dcAggregate/NORSNonInfectiousDisease]","[]","Count_MedicalConditionIncident_VibrioEtiology_PatientDeceased_SuspectedCase_FoodborneTransmission","[]","2018-07"
"[P1Y]","2","[dcAggregate/NORSNonInfectiousDisease]","[]","Count_MedicalConditionIncident_AcanthamoebaUnknown_WaterborneTransmission","[]","2015-11"
"[P1Y]","13","[dcAggregate/NORSNonInfectiousDisease]","[]","Count_MedicalConditionIncident_Sapovirus_PatientHospitalized_ConfirmedCase_PersonToPersonTransmission","[]","2009-01"
"[P1Y]","3","[dcAggregate/NORSNonInfectiousDisease]","[]","Count_MedicalConditionIncident_CryptosporidiumParvumEtiology_SuspectedCase_FoodborneTransmission","[]","2006-07"
"[P1Y]","5","[dcAggregate/NORSNonInfectiousDisease]","[]","Count_MedicalConditionIncident_ShigellaSonneiEtiology_PatientHospitalized_EnvironmentalContaminationTransmissionExceptFood_Water","[]","2010-08"
"[P1Y]","7","[dcAggregate/NORSNonInfectiousDisease]","[]","Count_MedicalConditionIncident_CyclosporaCayetanensisEtiology_PatientDeceased_SuspectedCase_FoodborneTransmission","[]","2002-04"
"[P1Y]","7","[dcAggregate/NORSNonInfectiousDisease]","[]","Count_MedicalConditionIncident_ClostridiumDifficileEtiology_ConfirmedCase_Indeterminate_Other_UnknownTramissionMode","[]","2016-05"
"[P1Y]","2","[dcAggregate/NORSNonInfectiousDisease]","[]","Count_MedicalConditionIncident_YersiniaEnterocoliticaEtiology_PatientDeceased_ConfirmedCase_WaterborneTransmission","[]","1981-05"
"[P1Y]","31","[dcAggregate/NORSNonInfectiousDisease]","[]","Count_MedicalConditionIncident_NorovirusUnknown_PatientDeceased_ConfirmedCase_Indeterminate_Other_UnknownTramissionMode","[]","2009-01"
"[P1Y]","13","[dcAggregate/NORSNonInfectiousDisease]","[]","Count_MedicalConditionIncident_ClostridiumOther_PatientDeceased_PersonToPersonTransmission","[]","2009-05"
"[P1Y]","45","[dcAggregate/NORSNonInfectiousDisease]","[]","Count_MedicalConditionIncident_ClostridiumPerfringensEtiology_PatientDeceased_ConfirmedCase_FoodborneTransmission","[]","1998-01"
"[P1Y]","3","[dcAggregate/NORSNonInfectiousDisease]","[]","Count_MedicalConditionIncident_CampylobacterEtiology_PatientDeceased_ConfirmedCase_AnimalContactTransmission","[]","2013-08"
"[P1Y]","7","[dcAggregate/NORSNonInfectiousDisease]","[]","Count_MedicalConditionIncident_ShigellaBoydiiEtiology_ConfirmedCase_FoodborneTransmission","[]","1998-01"
"[P1Y]","17","[dcAggregate/NORSNonInfectiousDisease]","[]","Count_MedicalConditionIncident_NORSOtherVirus_PatientDeceased_SuspectedCase_FoodborneTransmission","[]","1998-01"
"[P1Y]","3","[dcAggregate/NORSNonInfectiousDisease]","[]","Count_MedicalConditionIncident_Adenovirus_PatientDeceased_WaterborneTransmission","[]","1980-06"
"[P1Y]","17","[dcAggregate/NORSNonInfectiousDisease]","[]","Count_MedicalConditionIncident_ShigellaEtiology_PatientDeceased_PersonToPersonTransmission","[]","2012-01"
"[P1Y]","2","[dcAggregate/NORSNonInfectiousDisease]","[]","Count_MedicalConditionIncident_EColiEnteroinvasiveEtiology_SuspectedCase_FoodborneTransmission","[]","2016-12"
"[P1Y]","4","[dcAggregate/NORSNonInfectiousDisease]","[]","Count_MedicalConditionIncident_EColiEnteroinvasiveEtiology_PatientHospitalized_FoodborneTransmission","[]","2016-12"
"[P1Y]","3","[dcAggregate/NORSNonInfectiousDisease]","[]","Count_MedicalConditionIncident_SapovirusGenogroupIV_PatientHospitalized_ConfirmedCase_PersonToPersonTransmission","[]","2013-11"
"[P1Y]","2","[dcAggregate/NORSNonInfectiousDisease]","[]","Count_MedicalConditionIncident_EnterovirusUnknownEtiology_PatientHospitalized_PersonToPersonTransmission","[]","2023-03"
"[P1Y]","2","[dcAggregate/NORSNonInfectiousDisease]","[]","Count_MedicalConditionIncident_EnterococcusFaecalisEtiology_PatientHospitalized_FoodborneTransmission","[]","2009-05"
"[P1Y]","2","[dcAggregate/NORSNonInfectiousDisease]","[]","Count_MedicalConditionIncident_CampylobacterOther_PatientDeceased_ConfirmedCase_Indeterminate_Other_UnknownTramissionMode","[]","2012-03"
"[P1Y]","46","[dcAggregate/NORSNonInfectiousDisease]","[]","Count_MedicalConditionIncident_NorovirusUnknown_PatientDeceased_SuspectedCase_FoodborneTransmission","[]","1998-04"
"[P1Y]","2","[dcAggregate/NORSNonInfectiousDisease]","[]","Count_MedicalConditionIncident_YersiniaEtiology_PatientDeceased_Indeterminate_Other_UnknownTramissionMode","[]","2013-11"
"[P1Y]","16","[dcAggregate/NORSNonInfectiousDisease]","[]","Count_MedicalConditionIncident_Chlorine_WaterborneTransmission","[]","1984-01"
"[P1Y]","3","[dcAggregate/NORSNonInfectiousDisease]","[]","Count_MedicalConditionIncident_GiardiaEtiology_PatientHospitalized_SuspectedCase_PersonToPersonTransmission","[]","2017-03"
"[P1Y]","2","[dcAggregate/NORSNonInfectiousDisease]","[]","Count_MedicalConditionIncident_BlastomycesGilchristiiEtiology_PatientHospitalized_ConfirmedCase_EnvironmentalContaminationTransmissionExceptFood_Water","[]","2022-12"
"[P1Y]","6","[dcAggregate/NORSNonInfectiousDisease]","[]","Count_MedicalConditionIncident_GiardiaEtiology_PatientHospitalized_Indeterminate_Other_UnknownTramissionMode","[]","2012-10"
"[P1Y]","3","[dcAggregate/NORSNonInfectiousDisease]","[]","Count_MedicalConditionIncident_ToxoplasmaEtiology_PatientHospitalized_FoodborneTransmission","[]","2017-11"
"[P1Y]","2","[dcAggregate/NORSNonInfectiousDisease]","[]","Count_MedicalConditionIncident_NORSOtherVirus_PatientHospitalized_ConfirmedCase_PersonToPersonTransmission","[]","2023-12"
"[P1Y]","2","[dcAggregate/NORSNonInfectiousDisease]","[]","Count_MedicalConditionIncident_CampylobacterColiEtiology_PatientHospitalized_ConfirmedCase_PersonToPersonTransmission","[]","2021-03"
"[P1Y]","7","[dcAggregate/NORSNonInfectiousDisease]","[]","Count_MedicalConditionIncident_CampylobacterJejuniEtiology_SuspectedCase_PersonToPersonTransmission","[]","2012-06"
"[P1Y]","2","[dcAggregate/NORSNonInfectiousDisease]","[]","Count_MedicalConditionIncident_LegionellaDumoffiiEtiology_ConfirmedCase_WaterborneTransmission","[]","1980-11"
"[P1Y]","7","[dcAggregate/NORSNonInfectiousDisease]","[]","Count_MedicalConditionIncident_SalmonellaOther_PatientDeceased_ConfirmedCase_PersonToPersonTransmission","[]","2014-05"
"[P1Y]","9","[dcAggregate/NORSNonInfectiousDisease]","[]","Count_MedicalConditionIncident_ClostridiumOther_PatientDeceased_ConfirmedCase_Indeterminate_Other_UnknownTramissionMode","[]","2010-08"
"[P1Y]","16","[dcAggregate/NORSNonInfectiousDisease]","[]","Count_MedicalConditionIncident_CryptosporidiumUnknown_PatientDeceased_SuspectedCase_PersonToPersonTransmission","[]","2011-08"
"[P1Y]","2","[dcAggregate/NORSNonInfectiousDisease]","[]","Count_MedicalConditionIncident_Adenovirus_SuspectedCase_PersonToPersonTransmission","[]","2018-04"
"[P1Y]","12","[dcAggregate/NORSNonInfectiousDisease]","[]","Count_MedicalConditionIncident_CyclosporaEtiology_PatientDeceased_ConfirmedCase_FoodborneTransmission","[]","2014-06"
"[P1Y]","5","[dcAggregate/NORSNonInfectiousDisease]","[]","Count_MedicalConditionIncident_CryptosporidiumParvumEtiology_PatientDeceased_SuspectedCase_PersonToPersonTransmission","[]","2010-07"
"[P1Y]","5","[dcAggregate/NORSNonInfectiousDisease]","[]","Count_MedicalConditionIncident_PlesiomonasShigelloidesEtiology_PatientDeceased_ConfirmedCase_WaterborneTransmission","[]","1996-06"
"[P1Y]","3","[dcAggregate/NORSNonInfectiousDisease]","[]","Count_MedicalConditionIncident_EColiEnteroinvasiveEtiology_PatientDeceased_ConfirmedCase_FoodborneTransmission","[]","2018-06"
"[P1Y]","4","[dcAggregate/NORSNonInfectiousDisease]","[]","Count_MedicalConditionIncident_StaphylococcusAureusEtiology_PatientDeceased_ConfirmedCase_Indeterminate_Other_UnknownTramissionMode","[]","2009-01"
"[P1Y]","23","[dcAggregate/NORSNonInfectiousDisease]","[]","Count_MedicalConditionIncident_Ciguatoxin_PatientDeceased_ConfirmedCase_FoodborneTransmission","[]","1998-01"
"[P1Y]","4","[dcAggregate/NORSNonInfectiousDisease]","[]","Count_MedicalConditionIncident_CyclosporaCayetanensisEtiology_PatientHospitalized_ConfirmedCase_Indeterminate_Other_UnknownTramissionMode","[]","2009-06"
"[P1Y]","7","[dcAggregate/NORSNonInfectiousDisease]","[]","Count_MedicalConditionIncident_SalmonellaUnknown_PatientHospitalized_SuspectedCase_Indeterminate_Other_UnknownTramissionMode","[]","2012-10"
"[P1Y]","5","[dcAggregate/NORSNonInfectiousDisease]","[]","Count_MedicalConditionIncident_CyanotoxinUnknown_PatientHospitalized_WaterborneTransmission","[]","2009-06"
"[P1Y]","4","[dcAggregate/NORSNonInfectiousDisease]","[]","Count_MedicalConditionIncident_NORSUnknownBacterium_PatientHospitalized_SuspectedCase_WaterborneTransmission","[]","2008-07"
"[P1Y]","1","[dcAggregate/NORSNonInfectiousDisease]","[]","Count_MedicalConditionIncident_Cholera_ConfirmedCase_WaterborneTransmission","[]","2000-12"
"[P1Y]","3","[dcAggregate/NORSNonInfectiousDisease]","[]","Count_MedicalConditionIncident_ClostridiumEtiology_PatientHospitalized_ConfirmedCase_FoodborneTransmission","[]","2017-04"
"[P1Y]","2","[dcAggregate/NORSNonInfectiousDisease]","[]","Count_MedicalConditionIncident_EnterovirusCoxsackievirusAEtiology_WaterborneTransmission","[]","1983-07"
"[P1Y]","4","[dcAggregate/NORSNonInfectiousDisease]","[]","Count_MedicalConditionIncident_SalmonellaEtiology_PatientHospitalized_SuspectedCase_FoodborneTransmission","[]","2013-07"
"[P1Y]","38","[dcAggregate/NORSNonInfectiousDisease]","[]","Count_MedicalConditionIncident_NorovirusUnknown_SuspectedCase_Indeterminate_Other_UnknownTramissionMode","[]","2010-04"
"[P1Y]","9","[dcAggregate/NORSNonInfectiousDisease]","[]","Count_MedicalConditionIncident_CryptosporidiumEtiology_PatientHospitalized_ConfirmedCase_Indeterminate_Other_UnknownTramissionMode","[]","2013-02"
"[P1Y]","5","[dcAggregate/NORSNonInfectiousDisease]","[]","Count_MedicalConditionIncident_Astrovirus_PatientDeceased_SuspectedCase_PersonToPersonTransmission","[]","2015-04"
"[P1Y]","3","[dcAggregate/NORSNonInfectiousDisease]","[]","Count_MedicalConditionIncident_GiardiaUnknown_PatientHospitalized_FoodborneTransmission","[]","2016-11"
"[P1Y]","5","[dcAggregate/NORSNonInfectiousDisease]","[]","Count_MedicalConditionIncident_ShigellaSonneiEtiology_PatientDeceased_ConfirmedCase_EnvironmentalContaminationTransmissionExceptFood_Water","[]","2010-08"
"[P1Y]","3","[dcAggregate/NORSNonInfectiousDisease]","[]","Count_MedicalConditionIncident_SapovirusGenogroupIV_ConfirmedCase_PersonToPersonTransmission","[]","2013-11"
"[P1Y]","2","[dcAggregate/NORSNonInfectiousDisease]","[]","Count_MedicalConditionIncident_EnterobacterEtiology_PersonToPersonTransmission","[]","2013-11"
"[P1Y]","10","[dcAggregate/NORSNonInfectiousDisease]","[]","Count_MedicalConditionIncident_AvianSchistosomes_ConfirmedCase_WaterborneTransmission","[]","1978-08"
"[P1Y]","47","[dcAggregate/NORSNonInfectiousDisease]","[]","Count_MedicalConditionIncident_Norovirus_PatientDeceased_PersonToPersonTransmission","[]","2009-01"
"[P1Y]","56","[dcAggregate/NORSNonInfectiousDisease]","[]","Count_MedicalConditionIncident_PatientHospitalized_WaterborneTransmission","[]","1971-02"
"[P1Y]","3","[dcAggregate/NORSNonInfectiousDisease]","[]","Count_MedicalConditionIncident_Nitrate_ConfirmedCase_WaterborneTransmission","[]","1993-12"
"[P1Y]","12","[dcAggregate/NORSNonInfectiousDisease]","[]","Count_MedicalConditionIncident_CampylobacterUnknown_SuspectedCase_Indeterminate_Other_UnknownTramissionMode","[]","2010-12"
"[P1Y]","3","[dcAggregate/NORSNonInfectiousDisease]","[]","Count_MedicalConditionIncident_ClostridiumUnknown_PatientHospitalized_ConfirmedCase_PersonToPersonTransmission","[]","2011-12"
"[P1Y]","22","[dcAggregate/NORSNonInfectiousDisease]","[]","Count_MedicalConditionIncident_NorovirusOther_PatientHospitalized_ConfirmedCase_WaterborneTransmission","[]","1978-05"
"[P1Y]","3","[dcAggregate/NORSNonInfectiousDisease]","[]","Count_MedicalConditionIncident_StaphylococcusAureusEtiology_PatientDeceased_WaterborneTransmission","[]","2003-08"
"[P1Y]","13","[dcAggregate/NORSNonInfectiousDisease]","[]","Count_MedicalConditionIncident_NorovirusUnknown_EnvironmentalContaminationTransmissionExceptFood_Water","[]","2009-11"
"[P1Y]","12","[dcAggregate/NORSNonInfectiousDisease]","[]","Count_MedicalConditionIncident_CryptosporidiumParvumEtiology_PatientHospitalized_ConfirmedCase_AnimalContactTransmission","[]","2009-06"
"[P1Y]","19","[dcAggregate/NORSNonInfectiousDisease]","[]","Count_MedicalConditionIncident_HepatitisA_ConfirmedCase_WaterborneTransmission","[]","1971-06"
"[P1Y]","5","[dcAggregate/NORSNonInfectiousDisease]","[]","Count_MedicalConditionIncident_StaphylococcusEtiology_FoodborneTransmission","[]","2015-06"
"[P1Y]","3","[dcAggregate/NORSNonInfectiousDisease]","[]","Count_MedicalConditionIncident_CampylobacterUnknown_PatientDeceased_ConfirmedCase_EnvironmentalContaminationTransmissionExceptFood_Water","[]","2018-07"
"[P1Y]","2","[dcAggregate/NORSNonInfectiousDisease]","[]","Count_MedicalConditionIncident_ClostridiumOther_PatientDeceased_ConfirmedCase_FoodborneTransmission","[]","2011-04"
"[P1Y]","23","[dcAggregate/NORSNonInfectiousDisease]","[]","Count_MedicalConditionIncident_CryptosporidiumParvumEtiology_PatientDeceased_WaterborneTransmission","[]","1984-07"
"[P1Y]","13","[dcAggregate/NORSNonInfectiousDisease]","[]","Count_MedicalConditionIncident_SalmonellaOther_FoodborneTransmission","[]","2005-09"
"[P1Y]","8","[dcAggregate/NORSNonInfectiousDisease]","[]","Count_MedicalConditionIncident_NorovirusUnknown_PatientHospitalized_ConfirmedCase_EnvironmentalContaminationTransmissionExceptFood_Water","[]","2009-11"
"[P1Y]","23","[dcAggregate/NORSNonInfectiousDisease]","[]","Count_MedicalConditionIncident_ShigaToxinEColi_SuspectedCase_FoodborneTransmission","[]","1999-04"
"[P1Y]","14","[dcAggregate/NORSNonInfectiousDisease]","[]","Count_MedicalConditionIncident_Copper_PatientDeceased_ConfirmedCase_WaterborneTransmission","[]","1971-02"
"[P1Y]","2","[dcAggregate/NORSNonInfectiousDisease]","[]","Count_MedicalConditionIncident_Gasoline_PatientHospitalized_WaterborneTransmission","[]","1977-01"
"[P1Y]","3","[dcAggregate/NORSNonInfectiousDisease]","[]","Count_MedicalConditionIncident_Nitrate_PatientHospitalized_ConfirmedCase_WaterborneTransmission","[]","1993-12"
"[P1Y]","28","[dcAggregate/NORSNonInfectiousDisease]","[]","Count_MedicalConditionIncident_ShigaToxinEColi_PatientHospitalized_ConfirmedCase_WaterborneTransmission","[]","1989-12"
"[P1Y]","9","[dcAggregate/NORSNonInfectiousDisease]","[]","Count_MedicalConditionIncident_NORSOthers_PatientHospitalized_SuspectedCase_FoodborneTransmission","[]","2011-01"
"[P1Y]","51","[dcAggregate/NORSNonInfectiousDisease]","[]","Count_MedicalConditionIncident_NorovirusGenogroupII_ConfirmedCase_FoodborneTransmission","[]","1998-03"
"[P1Y]","11","[dcAggregate/NORSNonInfectiousDisease]","[]","Count_MedicalConditionIncident_ShigellaUnknown_SuspectedCase_PersonToPersonTransmission","[]","2015-06"
"[P1Y]","3","[dcAggregate/NORSNonInfectiousDisease]","[]","Count_MedicalConditionIncident_GiardiaUnknown_AnimalContactTransmission","[]","2020-06"
"[P1Y]","4","[dcAggregate/NORSNonInfectiousDisease]","[]","Count_MedicalConditionIncident_Astrovirus_PatientHospitalized_SuspectedCase_Indeterminate_Other_UnknownTramissionMode","[]","2016-04"
"[P1Y]","40","[dcAggregate/NORSNonInfectiousDisease]","[]","Count_MedicalConditionIncident_ShigellaSonneiEtiology_PatientHospitalized_ConfirmedCase_PersonToPersonTransmission","[]","2009-01"
"[P1Y]","11","[dcAggregate/NORSNonInfectiousDisease]","[]","Count_MedicalConditionIncident_GiardiaUnknown_PatientDeceased_Indeterminate_Other_UnknownTramissionMode","[]","2012-08"
"[P1Y]","2","[dcAggregate/NORSNonInfectiousDisease]","[]","Count_MedicalConditionIncident_NaegleriaFowleriEtiology_WaterborneTransmission","[]","2002-10"
"[P1Y]","2","[dcAggregate/NORSNonInfectiousDisease]","[]","Count_MedicalConditionIncident_NeurotoxicShellfishPoison_SuspectedCase_FoodborneTransmission","[]","2001-03"
"[P1Y]","2","[dcAggregate/NORSNonInfectiousDisease]","[]","Count_MedicalConditionIncident_Anisakis_FoodborneTransmission","[]","1999-02"
"[P1Y]","2","[dcAggregate/NORSNonInfectiousDisease]","[]","Count_MedicalConditionIncident_CryptosporidiumOther_PatientHospitalized_WaterborneTransmission","[]","2016-08"
"[P1Y]","7","[dcAggregate/NORSNonInfectiousDisease]","[]","Count_MedicalConditionIncident_SalmonellaOther_PatientDeceased_ConfirmedCase_Indeterminate_Other_UnknownTramissionMode","[]","2014-05"
"[P1Y]","8","[dcAggregate/NORSNonInfectiousDisease]","[]","Count_MedicalConditionIncident_NORSOtherChemical_Toxin_SuspectedCase_WaterborneTransmission","[]","1994-01"
"[P1Y]","4","[dcAggregate/NORSNonInfectiousDisease]","[]","Count_MedicalConditionIncident_LegionellaEtiology_PatientDeceased_WaterborneTransmission","[]","2012-04"
"[P1Y]","9","[dcAggregate/NORSNonInfectiousDisease]","[]","Count_MedicalConditionIncident_ShigellaSonneiEtiology_PatientHospitalized_SuspectedCase_FoodborneTransmission","[]","1998-12"
"[P1Y]","3","[dcAggregate/NORSNonInfectiousDisease]","[]","Count_MedicalConditionIncident_EColiEnteroaggregativeEtiology_SuspectedCase_Indeterminate_Other_UnknownTramissionMode","[]","2017-10"
"[P1Y]","2","[dcAggregate/NORSNonInfectiousDisease]","[]","Count_MedicalConditionIncident_ShigellaBoydiiEtiology_PatientDeceased_SuspectedCase_PersonToPersonTransmission","[]","2013-12"
"[P1Y]","2","[dcAggregate/NORSNonInfectiousDisease]","[]","Count_MedicalConditionIncident_CryptosporidiumUnknown_SuspectedCase_EnvironmentalContaminationTransmissionExceptFood_Water","[]","2015-07"
"[P1Y]","5","[dcAggregate/NORSNonInfectiousDisease]","[]","Count_MedicalConditionIncident_VibrioOther_PatientDeceased_SuspectedCase_FoodborneTransmission","[]","1999-06"
"[P1Y]","6","[dcAggregate/NORSNonInfectiousDisease]","[]","Count_MedicalConditionIncident_EColiEnteroaggregativeEtiology_PatientHospitalized_ConfirmedCase_FoodborneTransmission","[]","2011-12"
"[P1Y]","2","[dcAggregate/NORSNonInfectiousDisease]","[]","Count_MedicalConditionIncident_SalmonellaBongori_PatientHospitalized_ConfirmedCase_AnimalContactTransmission","[]","2021-06"
"[P1Y]","3","[dcAggregate/NORSNonInfectiousDisease]","[]","Count_MedicalConditionIncident_NORSOtherParasite_FoodborneTransmission","[]","1999-10"
"[P1Y]","3","[dcAggregate/NORSNonInfectiousDisease]","[]","Count_MedicalConditionIncident_SapovirusGenogroupI_PatientDeceased_ConfirmedCase_FoodborneTransmission","[]","2012-11"
"[P1Y]","51","[dcAggregate/NORSNonInfectiousDisease]","[]","Count_MedicalConditionIncident_NorovirusGenogroupII_PatientHospitalized_ConfirmedCase_FoodborneTransmission","[]","1998-03"
"[P1Y]","2","[dcAggregate/NORSNonInfectiousDisease]","[]","Count_MedicalConditionIncident_NaegleriaFowleriEtiology_PatientHospitalized_ConfirmedCase_WaterborneTransmission","[]","2002-10"
"[P1Y]","2","[dcAggregate/NORSNonInfectiousDisease]","[]","Count_MedicalConditionIncident_StaphylococcusOther_SuspectedCase_FoodborneTransmission","[]","2005-08"
"[P1Y]","2","[dcAggregate/NORSNonInfectiousDisease]","[]","Count_MedicalConditionIncident_EColiOther_SuspectedCase_Indeterminate_Other_UnknownTramissionMode","[]","2021-05"
"[P1Y]","3","[dcAggregate/NORSNonInfectiousDisease]","[]","Count_MedicalConditionIncident_ToxoplasmaGondiiEtiology_PatientHospitalized_FoodborneTransmission","[]","2017-10"
"[P1Y]","3","[dcAggregate/NORSNonInfectiousDisease]","[]","Count_MedicalConditionIncident_NorovirusGenogroupIV_PersonToPersonTransmission","[]","2012-10"
"[P1Y]","53","[dcAggregate/NORSNonInfectiousDisease]","[]","Count_MedicalConditionIncident_PatientDeceased_PersonToPersonTransmission","[]","2009-01"
"[P1Y]","5","[dcAggregate/NORSNonInfectiousDisease]","[]","Count_MedicalConditionIncident_CampylobacterJejuniEtiology_ConfirmedCase_EnvironmentalContaminationTransmissionExceptFood_Water","[]","2012-07"
"[P1Y]","15","[dcAggregate/NORSNonInfectiousDisease]","[]","Count_MedicalConditionIncident_ShigaToxinEColi_PatientHospitalized_SuspectedCase_Indeterminate_Other_UnknownTramissionMode","[]","2009-12"
"[P1Y]","35","[dcAggregate/NORSNonInfectiousDisease]","[]","Count_MedicalConditionIncident_NorovirusGenogroupI_PatientDeceased_Indeterminate_Other_UnknownTramissionMode","[]","2009-01"
"[P1Y]","2","[dcAggregate/NORSNonInfectiousDisease]","[]","Count_MedicalConditionIncident_ShigellaBoydiiEtiology_PatientHospitalized_PersonToPersonTransmission","[]","2013-12"
"[P1Y]","2","[dcAggregate/NORSNonInfectiousDisease]","[]","Count_MedicalConditionIncident_SodiumHydroxide_PatientHospitalized_SuspectedCase_WaterborneTransmission","[]","2010-11"
"[P1Y]","4","[dcAggregate/NORSNonInfectiousDisease]","[]","Count_MedicalConditionIncident_NORSUnknownBacterium_PatientHospitalized_WaterborneTransmission","[]","2008-07"
"[P1Y]","46","[dcAggregate/NORSNonInfectiousDisease]","[]","Count_MedicalConditionIncident_StaphylococcusAureusEtiology_FoodborneTransmission","[]","1998-01"
"[P1Y]","19","[dcAggregate/NORSNonInfectiousDisease]","[]","Count_MedicalConditionIncident_ClostridiumDifficileEtiology_PatientHospitalized_ConfirmedCase_PersonToPersonTransmission","[]","2014-12"
"[P1Y]","13","[dcAggregate/NORSNonInfectiousDisease]","[]","Count_MedicalConditionIncident_NORSOthers_PatientDeceased_FoodborneTransmission","[]","2011-01"
"[P1Y]","3","[dcAggregate/NORSNonInfectiousDisease]","[]","Count_MedicalConditionIncident_NORSUnknown_PatientDeceased_FoodborneTransmission","[]","2022-02"
"[P1Y]","25","[dcAggregate/NORSNonInfectiousDisease]","[]","Count_MedicalConditionIncident_NORSOtherChemical_Toxin_PatientDeceased_FoodborneTransmission","[]","1998-05"
"[P1Y]","8","[dcAggregate/NORSNonInfectiousDisease]","[]","Count_MedicalConditionIncident_ShigellaUnknown_PatientDeceased_ConfirmedCase_PersonToPersonTransmission","[]","2009-07"
"[P1Y]","7","[dcAggregate/NORSNonInfectiousDisease]","[]","Count_MedicalConditionIncident_NorovirusOther_SuspectedCase_PersonToPersonTransmission","[]","2014-02"
"[P1Y]","6","[dcAggregate/NORSNonInfectiousDisease]","[]","Count_MedicalConditionIncident_Rotavirus_ConfirmedCase_FoodborneTransmission","[]","2000-03"
"[P1Y]","2","[dcAggregate/NORSNonInfectiousDisease]","[]","Count_MedicalConditionIncident_NORSOtherParasite_PatientDeceased_ConfirmedCase_FoodborneTransmission","[]","2006-08"
"[P1Y]","2","[dcAggregate/NORSNonInfectiousDisease]","[]","Count_MedicalConditionIncident_AdenovirusB_PatientDeceased_WaterborneTransmission","[]","1991-06"
"[P1Y]","22","[dcAggregate/NORSNonInfectiousDisease]","[]","Count_MedicalConditionIncident_Norovirus_PatientDeceased_ConfirmedCase_FoodborneTransmission","[]","2009-01"
"[P1Y]","19","[dcAggregate/NORSNonInfectiousDisease]","[]","Count_MedicalConditionIncident_SalmonellaEntericaEtiology_PatientHospitalized_SuspectedCase_Indeterminate_Other_UnknownTramissionMode","[]","2010-06"
"[P1Y]","44","[dcAggregate/NORSNonInfectiousDisease]","[]","Count_MedicalConditionIncident_CryptosporidiumUnknown_PatientDeceased_WaterborneTransmission","[]","1992-06"
"[P1Y]","14","[dcAggregate/NORSNonInfectiousDisease]","[]","Count_MedicalConditionIncident_ShigellaUnknown_PatientHospitalized_PersonToPersonTransmission","[]","2009-07"
"[P1Y]","5","[dcAggregate/NORSNonInfectiousDisease]","[]","Count_MedicalConditionIncident_TrichinellaEtiology_ConfirmedCase_FoodborneTransmission","[]","2015-10"
"[P1Y]","4","[dcAggregate/NORSNonInfectiousDisease]","[]","Count_MedicalConditionIncident_BacillusCereusEtiology_PatientDeceased_Indeterminate_Other_UnknownTramissionMode","[]","2011-04"
"[P1Y]","44","[dcAggregate/NORSNonInfectiousDisease]","[]","Count_MedicalConditionIncident_CryptosporidiumUnknown_PatientHospitalized_WaterborneTransmission","[]","1992-06"
"[P1Y]","2","[dcAggregate/NORSNonInfectiousDisease]","[]","Count_MedicalConditionIncident_ListeriaMonocytogenesEtiology_PatientDeceased_SuspectedCase_FoodborneTransmission","[]","2006-10"
"[P1Y]","5","[dcAggregate/NORSNonInfectiousDisease]","[]","Count_MedicalConditionIncident_Sapovirus_PatientHospitalized_ConfirmedCase_Indeterminate_Other_UnknownTramissionMode","[]","2011-12"
"[P1Y]","2","[dcAggregate/NORSNonInfectiousDisease]","[]","Count_MedicalConditionIncident_ShigellaUnknown_SuspectedCase_EnvironmentalContaminationTransmissionExceptFood_Water","[]","2019-06"
"[P1Y]","9","[dcAggregate/NORSNonInfectiousDisease]","[]","Count_MedicalConditionIncident_ClostridiumDifficileEtiology_PatientDeceased_Indeterminate_Other_UnknownTramissionMode","[]","2016-05"
"[P1Y]","4","[dcAggregate/NORSNonInfectiousDisease]","[]","Count_MedicalConditionIncident_NorovirusGenogroupIX_PatientHospitalized_ConfirmedCase_PersonToPersonTransmission","[]","2021-01"
"[P1Y]","9","[dcAggregate/NORSNonInfectiousDisease]","[]","Count_MedicalConditionIncident_Histamine_PatientHospitalized_SuspectedCase_FoodborneTransmission","[]","2001-07"
"[P1Y]","3","[dcAggregate/NORSNonInfectiousDisease]","[]","Count_MedicalConditionIncident_CryptosporidiumHominisEtiology_PatientHospitalized_PersonToPersonTransmission","[]","2013-11"
"[P1Y]","2","[dcAggregate/NORSNonInfectiousDisease]","[]","Count_MedicalConditionIncident_ShigellaOther_ConfirmedCase_Indeterminate_Other_UnknownTramissionMode","[]","2012-01"
"[P1Y]","3","[dcAggregate/NORSNonInfectiousDisease]","[]","Count_MedicalConditionIncident_CryptosporidiumEtiology_PatientDeceased_FoodborneTransmission","[]","2014-12"
"[P1Y]","17","[dcAggregate/NORSNonInfectiousDisease]","[]","Count_MedicalConditionIncident_SapovirusUnknown_PersonToPersonTransmission","[]","2012-11"
"[P1Y]","6","[dcAggregate/NORSNonInfectiousDisease]","[]","Count_MedicalConditionIncident_CryptosporidiumParvumEtiology_SuspectedCase_AnimalContactTransmission","[]","2015-04"
"[P1Y]","32","[dcAggregate/NORSNonInfectiousDisease]","[]","Count_MedicalConditionIncident_HepatitisA_FoodborneTransmission","[]","1998-01"
"[P1Y]","3","[dcAggregate/NORSNonInfectiousDisease]","[]","Count_MedicalConditionIncident_Adenovirus_ConfirmedCase_WaterborneTransmission","[]","1980-06"
"[P1Y]","2","[dcAggregate/NORSNonInfectiousDisease]","[]","Count_MedicalConditionIncident_BacillusUnknown_FoodborneTransmission","[]","2010-06"
"[P1Y]","2","[dcAggregate/NORSNonInfectiousDisease]","[]","Count_MedicalConditionIncident_SapovirusGenogroupII_PatientHospitalized_ConfirmedCase_PersonToPersonTransmission","[]","2016-01"
"[P1Y]","11","[dcAggregate/NORSNonInfectiousDisease]","[]","Count_MedicalConditionIncident_CryptosporidiumUnknown_SuspectedCase_AnimalContactTransmission","[]","2012-02"
"[P1Y]","7","[dcAggregate/NORSNonInfectiousDisease]","[]","Count_MedicalConditionIncident_Astrovirus_ConfirmedCase_PersonToPersonTransmission","[]","2011-11"
"[P1Y]","12","[dcAggregate/NORSNonInfectiousDisease]","[]","Count_MedicalConditionIncident_ShigaToxinEColi_PatientHospitalized_SuspectedCase_PersonToPersonTransmission","[]","2009-07"
"[P1Y]","2","[dcAggregate/NORSNonInfectiousDisease]","[]","Count_MedicalConditionIncident_NeurotoxicShellfishPoison_PatientDeceased_FoodborneTransmission","[]","2001-03"
"[P1Y]","2","[dcAggregate/NORSNonInfectiousDisease]","[]","Count_MedicalConditionIncident_SapovirusGenogroupIV_PatientHospitalized_ConfirmedCase_Indeterminate_Other_UnknownTramissionMode","[]","2016-02"
"[P1Y]","3","[dcAggregate/NORSNonInfectiousDisease]","[]","Count_MedicalConditionIncident_CryptosporidiumEtiology_PatientHospitalized_FoodborneTransmission","[]","2014-12"
"[P1Y]","4","[dcAggregate/NORSNonInfectiousDisease]","[]","Count_MedicalConditionIncident_NorovirusGenogroupIX_PatientDeceased_ConfirmedCase_PersonToPersonTransmission","[]","2021-01"
"[P1Y]","4","[dcAggregate/NORSNonInfectiousDisease]","[]","Count_MedicalConditionIncident_ShigaToxinEColi_PatientDeceased_SuspectedCase_AnimalContactTransmission","[]","2016-08"
"[P1Y]","3","[dcAggregate/NORSNonInfectiousDisease]","[]","Count_MedicalConditionIncident_VibrioVulnificusEtiology_PatientDeceased_FoodborneTransmission","[]","2015-12"
"[P1Y]","5","[dcAggregate/NORSNonInfectiousDisease]","[]","Count_MedicalConditionIncident_NORSOtherBacterium_PatientHospitalized_WaterborneTransmission","[]","2004-06"
"[P1Y]","7","[dcAggregate/NORSNonInfectiousDisease]","[]","Count_MedicalConditionIncident_SodiumHydroxide_ConfirmedCase_WaterborneTransmission","[]","1980-12"
"[P1Y]","2","[dcAggregate/NORSNonInfectiousDisease]","[]","Count_MedicalConditionIncident_YersiniaEtiology_FoodborneTransmission","[]","2015-07"
"[P1Y]","2","[dcAggregate/NORSNonInfectiousDisease]","[]","Count_MedicalConditionIncident_Gasoline_PatientHospitalized_ConfirmedCase_WaterborneTransmission","[]","1977-01"
"[P1Y]","3","[dcAggregate/NORSNonInfectiousDisease]","[]","Count_MedicalConditionIncident_PufferFishTetrodotoxin_ConfirmedCase_FoodborneTransmission","[]","2007-05"
"[P1Y]","7","[dcAggregate/NORSNonInfectiousDisease]","[]","Count_MedicalConditionIncident_NorovirusOther_PatientDeceased_SuspectedCase_PersonToPersonTransmission","[]","2014-02"
"[P1Y]","5","[dcAggregate/NORSNonInfectiousDisease]","[]","Count_MedicalConditionIncident_StreptococcusGroupA_PatientHospitalized_ConfirmedCase_FoodborneTransmission","[]","1998-03"
"[P1Y]","2","[dcAggregate/NORSNonInfectiousDisease]","[]","Count_MedicalConditionIncident_YersiniaEtiology_ConfirmedCase_Indeterminate_Other_UnknownTramissionMode","[]","2013-11"
"[P1Y]","3","[dcAggregate/NORSNonInfectiousDisease]","[]","Count_MedicalConditionIncident_CampylobacterOther_PatientDeceased_ConfirmedCase_FoodborneTransmission","[]","2000-06"
"[P1Y]","2","[dcAggregate/NORSNonInfectiousDisease]","[]","Count_MedicalConditionIncident_ShigellaEtiology_PatientHospitalized_WaterborneTransmission","[]","2018-05"
"[P1Y]","2","[dcAggregate/NORSNonInfectiousDisease]","[]","Count_MedicalConditionIncident_NORSUnknown_PatientHospitalized_Indeterminate_Other_UnknownTramissionMode","[]","2023-12"
"[P1Y]","6","[dcAggregate/NORSNonInfectiousDisease]","[]","Count_MedicalConditionIncident_CryptosporidiumEtiology_PatientDeceased_SuspectedCase_Indeterminate_Other_UnknownTramissionMode","[]","2012-07"
"[P1Y]","3","[dcAggregate/NORSNonInfectiousDisease]","[]","Count_MedicalConditionIncident_GiardiaUnknown_SuspectedCase_Indeterminate_Other_UnknownTramissionMode","[]","2012-08"
"[P1Y]","7","[dcAggregate/NORSNonInfectiousDisease]","[]","Count_MedicalConditionIncident_SalmonellaUnknown_SuspectedCase_Indeterminate_Other_UnknownTramissionMode","[]","2012-10"
"[P1Y]","5","[dcAggregate/NORSNonInfectiousDisease]","[]","Count_MedicalConditionIncident_ParalyticShellfishPoison_PatientDeceased_ConfirmedCase_FoodborneTransmission","[]","1998-10"
"[P1Y]","3","[dcAggregate/NORSNonInfectiousDisease]","[]","Count_MedicalConditionIncident_Cholera_PatientHospitalized_SuspectedCase_FoodborneTransmission","[]","2013-06"
"[P1Y]","6","[dcAggregate/NORSNonInfectiousDisease]","[]","Count_MedicalConditionIncident_HeavyMetal_PatientDeceased_ConfirmedCase_FoodborneTransmission","[]","1999-12"
"[P1Y]","17","[dcAggregate/NORSNonInfectiousDisease]","[]","Count_MedicalConditionIncident_VibrioParahaemolyticusEtiology_PatientDeceased_SuspectedCase_FoodborneTransmission","[]","1998-04"
"[P1Y]","5","[dcAggregate/NORSNonInfectiousDisease]","[]","Count_MedicalConditionIncident_EColiEnteroaggregativeEtiology_PatientHospitalized_PersonToPersonTransmission","[]","2016-06"
"[P1Y]","3","[dcAggregate/NORSNonInfectiousDisease]","[]","Count_MedicalConditionIncident_GiardiaUnknown_PatientDeceased_ConfirmedCase_AnimalContactTransmission","[]","2020-06"
"[P1Y]","15","[dcAggregate/NORSNonInfectiousDisease]","[]","Count_MedicalConditionIncident_Sapovirus_PatientHospitalized_PersonToPersonTransmission","[]","2009-01"
"[P1Y]","5","[dcAggregate/NORSNonInfectiousDisease]","[]","Count_MedicalConditionIncident_ToxinsPlant_Herbal_ConfirmedCase_FoodborneTransmission","[]","2006-12"
"[P1Y]","7","[dcAggregate/NORSNonInfectiousDisease]","[]","Count_MedicalConditionIncident_CampylobacterUnknown_PatientDeceased_ConfirmedCase_PersonToPersonTransmission","[]","2012-06"
"[P1Y]","2","[dcAggregate/NORSNonInfectiousDisease]","[]","Count_MedicalConditionIncident_SodiumHydroxide_SuspectedCase_WaterborneTransmission","[]","2010-11"
"[P1Y]","2","[dcAggregate/NORSNonInfectiousDisease]","[]","Count_MedicalConditionIncident_EColiEnterotoxigenicEtiology_ConfirmedCase_WaterborneTransmission","[]","1975-06"
"[P1Y]","5","[dcAggregate/NORSNonInfectiousDisease]","[]","Count_MedicalConditionIncident_ChlorineGas_PatientDeceased_SuspectedCase_WaterborneTransmission","[]","2009-06"
"[P1Y]","17","[dcAggregate/NORSNonInfectiousDisease]","[]","Count_MedicalConditionIncident_ScombroidToxin_SuspectedCase_FoodborneTransmission","[]","1998-01"
"[P1Y]","12","[dcAggregate/NORSNonInfectiousDisease]","[]","Count_MedicalConditionIncident_CryptosporidiumEtiology_ConfirmedCase_AnimalContactTransmission","[]","2010-01"
"[P1Y]","36","[dcAggregate/NORSNonInfectiousDisease]","[]","Count_MedicalConditionIncident_ShigellaSonneiEtiology_PatientDeceased_ConfirmedCase_WaterborneTransmission","[]","1971-07"
"[P1Y]","6","[dcAggregate/NORSNonInfectiousDisease]","[]","Count_MedicalConditionIncident_EColiEnteroaggregativeEtiology_FoodborneTransmission","[]","2011-12"
"[P1Y]","3","[dcAggregate/NORSNonInfectiousDisease]","[]","Count_MedicalConditionIncident_CampylobacterEtiology_PatientHospitalized_ConfirmedCase_AnimalContactTransmission","[]","2013-08"
"[P1Y]","3","[dcAggregate/NORSNonInfectiousDisease]","[]","Count_MedicalConditionIncident_ShigellaBoydiiEtiology_PatientHospitalized_SuspectedCase_FoodborneTransmission","[]","2002-07"
"[P1Y]","2","[dcAggregate/NORSNonInfectiousDisease]","[]","Count_MedicalConditionIncident_AdenovirusUnknown_ConfirmedCase_PersonToPersonTransmission","[]","2021-10"
"[P1Y]","7","[dcAggregate/NORSNonInfectiousDisease]","[]","Count_MedicalConditionIncident_EColiEnteropathogenicEtiology_PatientDeceased_Indeterminate_Other_UnknownTramissionMode","[]","2009-11"
"[P1Y]","42","[dcAggregate/NORSNonInfectiousDisease]","[]","Count_MedicalConditionIncident_NorovirusUnknown_PatientHospitalized_ConfirmedCase_FoodborneTransmission","[]","2001-01"
"[P1Y]","10","[dcAggregate/NORSNonInfectiousDisease]","[]","Count_MedicalConditionIncident_Rotavirus_SuspectedCase_Indeterminate_Other_UnknownTramissionMode","[]","2014-06"
"[P1Y]","2","[dcAggregate/NORSNonInfectiousDisease]","[]","Count_MedicalConditionIncident_CryptosporidiumHominisEtiology_PatientDeceased_SuspectedCase_PersonToPersonTransmission","[]","2015-06"
"[P1Y]","2","[dcAggregate/NORSNonInfectiousDisease]","[]","Count_MedicalConditionIncident_AdenovirusUnknown_PatientDeceased_WaterborneTransmission","[]","2012-07"
"[P1Y]","4","[dcAggregate/NORSNonInfectiousDisease]","[]","Count_MedicalConditionIncident_CyclosporaCayetanensisEtiology_PatientDeceased_ConfirmedCase_Indeterminate_Other_UnknownTramissionMode","[]","2009-06"
"[P1Y]","7","[dcAggregate/NORSNonInfectiousDisease]","[]","Count_MedicalConditionIncident_ShigellaUnknown_FoodborneTransmission","[]","2000-07"
"[P1Y]","46","[dcAggregate/NORSNonInfectiousDisease]","[]","Count_MedicalConditionIncident_NorovirusUnknown_PatientHospitalized_ConfirmedCase_PersonToPersonTransmission","[]","2009-01"
"[P1Y]","10","[dcAggregate/NORSNonInfectiousDisease]","[]","Count_MedicalConditionIncident_CampylobacterEtiology_PatientDeceased_SuspectedCase_Indeterminate_Other_UnknownTramissionMode","[]","2013-04"
"[P1Y]","2","[dcAggregate/NORSNonInfectiousDisease]","[]","Count_MedicalConditionIncident_GiardiaDuodenalisEtiology_SuspectedCase_EnvironmentalContaminationTransmissionExceptFood_Water","[]","2019-09"
"[P1Y]","2","[dcAggregate/NORSNonInfectiousDisease]","[]","Count_MedicalConditionIncident_EnterovirusCoxsackievirusAEtiology_ConfirmedCase_WaterborneTransmission","[]","1983-07"
"[P1Y]","2","[dcAggregate/NORSNonInfectiousDisease]","[]","Count_MedicalConditionIncident_MonosodiumGlutamate_PatientHospitalized_ConfirmedCase_FoodborneTransmission","[]","2006-04"
"[P1Y]","19","[dcAggregate/NORSNonInfectiousDisease]","[]","Count_MedicalConditionIncident_CryptosporidiumUnknown_ConfirmedCase_PersonToPersonTransmission","[]","2009-09"
"[P1Y]","2","[dcAggregate/NORSNonInfectiousDisease]","[]","Count_MedicalConditionIncident_NorovirusGenogroupIX_PatientHospitalized_ConfirmedCase_FoodborneTransmission","[]","2023-01"
"[P1Y]","3","[dcAggregate/NORSNonInfectiousDisease]","[]","Count_MedicalConditionIncident_CampylobacterOther_PatientDeceased_AnimalContactTransmission","[]","2013-03"
"[P1Y]","2","[dcAggregate/NORSNonInfectiousDisease]","[]","Count_MedicalConditionIncident_AlkalineWater_PatientDeceased_WaterborneTransmission","[]","1988-04"
"[P1Y]","2","[dcAggregate/NORSNonInfectiousDisease]","[]","Count_MedicalConditionIncident_ClostridiumEtiology_PatientDeceased_Indeterminate_Other_UnknownTramissionMode","[]","2020-02"
"[P1Y]","4","[dcAggregate/NORSNonInfectiousDisease]","[]","Count_MedicalConditionIncident_EColiEnteroinvasiveEtiology_PatientDeceased_FoodborneTransmission","[]","2016-12"
"[P1Y]","5","[dcAggregate/NORSNonInfectiousDisease]","[]","Count_MedicalConditionIncident_YersiniaEnterocoliticaEtiology_PatientDeceased_Indeterminate_Other_UnknownTramissionMode","[]","2010-11"
"[P1Y]","14","[dcAggregate/NORSNonInfectiousDisease]","[]","Count_MedicalConditionIncident_Mycotoxins_FoodborneTransmission","[]","1998-07"
"[P1Y]","2","[dcAggregate/NORSNonInfectiousDisease]","[]","Count_MedicalConditionIncident_ToxinsPlant_Herbal_PatientDeceased_WaterborneTransmission","[]","2013-07"
"[P1Y]","9","[dcAggregate/NORSNonInfectiousDisease]","[]","Count_MedicalConditionIncident_NorovirusGenogroupI_PatientDeceased_ConfirmedCase_EnvironmentalContaminationTransmissionExceptFood_Water","[]","2009-04"
"[P1Y]","28","[dcAggregate/NORSNonInfectiousDisease]","[]","Count_MedicalConditionIncident_LegionellaUnknown_PatientHospitalized_WaterborneTransmission","[]","1975-08"
"[P1Y]","34","[dcAggregate/NORSNonInfectiousDisease]","[]","Count_MedicalConditionIncident_Norovirus_PatientHospitalized_Indeterminate_Other_UnknownTramissionMode","[]","2009-01"
"[P1Y]","23","[dcAggregate/NORSNonInfectiousDisease]","[]","Count_MedicalConditionIncident_CampylobacterJejuniEtiology_PatientHospitalized_WaterborneTransmission","[]","1978-05"
"[P1Y]","5","[dcAggregate/NORSNonInfectiousDisease]","[]","Count_MedicalConditionIncident_Chloramines_PatientDeceased_ConfirmedCase_WaterborneTransmission","[]","1997-09"
"[P1Y]","7","[dcAggregate/NORSNonInfectiousDisease]","[]","Count_MedicalConditionIncident_ToxinsPlant_Herbal_PatientDeceased_FoodborneTransmission","[]","2001-02"
"[P1Y]","2","[dcAggregate/NORSNonInfectiousDisease]","[]","Count_MedicalConditionIncident_GiardiaDuodenalisEtiology_PatientHospitalized_AnimalContactTransmission","[]","2010-03"
"[P1Y]","6","[dcAggregate/NORSNonInfectiousDisease]","[]","Count_MedicalConditionIncident_CleaningAgents_PatientDeceased_SuspectedCase_FoodborneTransmission","[]","2006-06"
"[P1Y]","22","[dcAggregate/NORSNonInfectiousDisease]","[]","Count_MedicalConditionIncident_CampylobacterJejuniEtiology_SuspectedCase_FoodborneTransmission","[]","2002-02"
"[P1Y]","3","[dcAggregate/NORSNonInfectiousDisease]","[]","Count_MedicalConditionIncident_ClostridiumUnknown_PatientDeceased_PersonToPersonTransmission","[]","2011-12"
"[P1Y]","4","[dcAggregate/NORSNonInfectiousDisease]","[]","Count_MedicalConditionIncident_NORSUnknownVirus_PatientHospitalized_SuspectedCase_WaterborneTransmission","[]","2010-03"
"[P1Y]","44","[dcAggregate/NORSNonInfectiousDisease]","[]","Count_MedicalConditionIncident_LegionellaPneumophilaEtiology_ConfirmedCase_WaterborneTransmission","[]","1973-06"
"[P1Y]","17","[dcAggregate/NORSNonInfectiousDisease]","[]","Count_MedicalConditionIncident_ShigellaEtiology_PersonToPersonTransmission","[]","2012-01"
"[P1Y]","18","[dcAggregate/NORSNonInfectiousDisease]","[]","Count_MedicalConditionIncident_CampylobacterEtiology_FoodborneTransmission","[]","2012-06"
"[P1Y]","2","[dcAggregate/NORSNonInfectiousDisease]","[]","Count_MedicalConditionIncident_AcanthamoebaUnknown_PatientDeceased_ConfirmedCase_WaterborneTransmission","[]","2015-11"
"[P1Y]","2","[dcAggregate/NORSNonInfectiousDisease]","[]","Count_MedicalConditionIncident_ShigellaBoydiiEtiology_PatientDeceased_PersonToPersonTransmission","[]","2013-12"
"[P1Y]","13","[dcAggregate/NORSNonInfectiousDisease]","[]","Count_MedicalConditionIncident_CampylobacterUnknown_PatientHospitalized_ConfirmedCase_Indeterminate_Other_UnknownTramissionMode","[]","2009-06"
"[P1Y]","7","[dcAggregate/NORSNonInfectiousDisease]","[]","Count_MedicalConditionIncident_Sapovirus_PatientDeceased_ConfirmedCase_FoodborneTransmission","[]","2012-04"
"[P1Y]","4","[dcAggregate/NORSNonInfectiousDisease]","[]","Count_MedicalConditionIncident_PufferFishTetrodotoxin_FoodborneTransmission","[]","2006-11"
"[P1Y]","2","[dcAggregate/NORSNonInfectiousDisease]","[]","Count_MedicalConditionIncident_CleaningAgents_ConfirmedCase_FoodborneTransmission","[]","2014-08"
"[P1Y]","30","[dcAggregate/NORSNonInfectiousDisease]","[]","Count_MedicalConditionIncident_CryptosporidiumUnknown_PatientHospitalized_AnimalContactTransmission","[]","2009-01"
"[P1Y]","2","[dcAggregate/NORSNonInfectiousDisease]","[]","Count_MedicalConditionIncident_NORSOthers_SuspectedCase_WaterborneTransmission","[]","2023-09"
"[P1Y]","15","[dcAggregate/NORSNonInfectiousDisease]","[]","Count_MedicalConditionIncident_CryptosporidiumUnknown_ConfirmedCase_Indeterminate_Other_UnknownTramissionMode","[]","2010-07"
"[P1Y]","2","[dcAggregate/NORSNonInfectiousDisease]","[]","Count_MedicalConditionIncident_MycobacteriumOther_PatientHospitalized_ConfirmedCase_WaterborneTransmission","[]","2016-10"
"[P1Y]","41","[dcAggregate/NORSNonInfectiousDisease]","[]","Count_MedicalConditionIncident_BacillusCereusEtiology_FoodborneTransmission","[]","1998-01"
"[P1Y]","2","[dcAggregate/NORSNonInfectiousDisease]","[]","Count_MedicalConditionIncident_ShigellaDysenteriaeEtiology_ConfirmedCase_FoodborneTransmission","[]","2002-02"
"[P1Y]","2","[dcAggregate/NORSNonInfectiousDisease]","[]","Count_MedicalConditionIncident_SalmonellaOther_AnimalContactTransmission","[]","2016-11"
"[P1Y]","5","[dcAggregate/NORSNonInfectiousDisease]","[]","Count_MedicalConditionIncident_EColiOther_Indeterminate_Other_UnknownTramissionMode","[]","2012-07"
"[P1Y]","2","[dcAggregate/NORSNonInfectiousDisease]","[]","Count_MedicalConditionIncident_ClostridiumOther_PatientHospitalized_ConfirmedCase_EnvironmentalContaminationTransmissionExceptFood_Water","[]","2013-11"
"[P1Y]","2","[dcAggregate/NORSNonInfectiousDisease]","[]","Count_MedicalConditionIncident_Morpholine_PatientHospitalized_ConfirmedCase_WaterborneTransmission","[]","1979-08"
"[P1Y]","2","[dcAggregate/NORSNonInfectiousDisease]","[]","Count_MedicalConditionIncident_Brucella_PatientDeceased_ConfirmedCase_FoodborneTransmission","[]","2016-03"
"[P1Y]","3","[dcAggregate/NORSNonInfectiousDisease]","[]","Count_MedicalConditionIncident_SalmonellaEtiology_SuspectedCase_PersonToPersonTransmission","[]","2009-01"
"[P1Y]","2","[dcAggregate/NORSNonInfectiousDisease]","[]","Count_MedicalConditionIncident_SalmonellaOther_PatientDeceased_AnimalContactTransmission","[]","2016-11"
"[P1Y]","2","[dcAggregate/NORSNonInfectiousDisease]","[]","Count_MedicalConditionIncident_Cyanotoxin_PatientDeceased_SuspectedCase_WaterborneTransmission","[]","2009-06"
"[P1Y]","19","[dcAggregate/NORSNonInfectiousDisease]","[]","Count_MedicalConditionIncident_HepatitisA_WaterborneTransmission","[]","1971-06"
"[P1Y]","32","[dcAggregate/NORSNonInfectiousDisease]","[]","Count_MedicalConditionIncident_HepatitisA_PatientDeceased_ConfirmedCase_FoodborneTransmission","[]","1998-01"
"[P1Y]","3","[dcAggregate/NORSNonInfectiousDisease]","[]","Count_MedicalConditionIncident_Adenovirus_PatientHospitalized_ConfirmedCase_WaterborneTransmission","[]","1980-06"
"[P1Y]","4","[dcAggregate/NORSNonInfectiousDisease]","[]","Count_MedicalConditionIncident_NORSUnknownVirus_WaterborneTransmission","[]","2010-03"
"[P1Y]","51","[dcAggregate/NORSNonInfectiousDisease]","[]","Count_MedicalConditionIncident_NorovirusGenogroupII_PatientHospitalized_PersonToPersonTransmission","[]","2009-01"
"[P1Y]","11","[dcAggregate/NORSNonInfectiousDisease]","[]","Count_MedicalConditionIncident_CampylobacterUnknown_SuspectedCase_PersonToPersonTransmission","[]","2011-03"
"[P1Y]","32","[dcAggregate/NORSNonInfectiousDisease]","[]","Count_MedicalConditionIncident_StaphylococcusAureusEtiology_PatientHospitalized_SuspectedCase_FoodborneTransmission","[]","1998-01"
"[P1Y]","12","[dcAggregate/NORSNonInfectiousDisease]","[]","Count_MedicalConditionIncident_ShigaToxinEColi_SuspectedCase_PersonToPersonTransmission","[]","2009-07"
"[P1Y]","2","[dcAggregate/NORSNonInfectiousDisease]","[]","Count_MedicalConditionIncident_EnterobacterOther_PatientHospitalized_FoodborneTransmission","[]","2023-11"
"[P1Y]","8","[dcAggregate/NORSNonInfectiousDisease]","[]","Count_MedicalConditionIncident_CryptosporidiumParvumEtiology_PatientHospitalized_PersonToPersonTransmission","[]","2010-06"
"[P1Y]","2","[dcAggregate/NORSNonInfectiousDisease]","[]","Count_MedicalConditionIncident_CampylobacterFetusEtiology_PatientDeceased_ConfirmedCase_FoodborneTransmission","[]","2006-07"
"[P1Y]","2","[dcAggregate/NORSNonInfectiousDisease]","[]","Count_MedicalConditionIncident_EnterobacterOther_SuspectedCase_FoodborneTransmission","[]","2023-11"
"[P1Y]","10","[dcAggregate/NORSNonInfectiousDisease]","[]","Count_MedicalConditionIncident_CampylobacterEtiology_SuspectedCase_Indeterminate_Other_UnknownTramissionMode","[]","2013-04"
"[P1Y]","2","[dcAggregate/NORSNonInfectiousDisease]","[]","Count_MedicalConditionIncident_StaphylococcusUnknown_SuspectedCase_WaterborneTransmission","[]","2001-06"
"[P1Y]","2","[dcAggregate/NORSNonInfectiousDisease]","[]","Count_MedicalConditionIncident_EColiOther_PatientHospitalized_SuspectedCase_PersonToPersonTransmission","[]","2022-07"
"[P1Y]","27","[dcAggregate/NORSNonInfectiousDisease]","[]","Count_MedicalConditionIncident_CryptosporidiumUnknown_PatientDeceased_PersonToPersonTransmission","[]","2009-09"
"[P1Y]","2","[dcAggregate/NORSNonInfectiousDisease]","[]","Count_MedicalConditionIncident_NORSUnknownVirus_PatientDeceased_SuspectedCase_Indeterminate_Other_UnknownTramissionMode","[]","2023-12"
"[P1Y]","17","[dcAggregate/NORSNonInfectiousDisease]","[]","Count_MedicalConditionIncident_CampylobacterJejuniEtiology_PatientHospitalized_ConfirmedCase_AnimalContactTransmission","[]","2009-09"
"[P1Y]","32","[dcAggregate/NORSNonInfectiousDisease]","[]","Count_MedicalConditionIncident_PseudomonasUnknown_PatientHospitalized_ConfirmedCase_WaterborneTransmission","[]","1978-02"
"[P1Y]","3","[dcAggregate/NORSNonInfectiousDisease]","[]","Count_MedicalConditionIncident_Nitrate_PatientDeceased_WaterborneTransmission","[]","1993-12"
"[P1Y]","2","[dcAggregate/NORSNonInfectiousDisease]","[]","Count_MedicalConditionIncident_LegionellaDumoffiiEtiology_WaterborneTransmission","[]","1980-11"
"[P1Y]","2","[dcAggregate/NORSNonInfectiousDisease]","[]","Count_MedicalConditionIncident_Astrovirus_SuspectedCase_FoodborneTransmission","[]","2012-11"
"[P1Y]","3","[dcAggregate/NORSNonInfectiousDisease]","[]","Count_MedicalConditionIncident_Adenovirus_WaterborneTransmission","[]","1980-06"
"[P1Y]","2","[dcAggregate/NORSNonInfectiousDisease]","[]","Count_MedicalConditionIncident_Phenol_PatientHospitalized_WaterborneTransmission","[]","1974-07"
"[P1Y]","38","[dcAggregate/NORSNonInfectiousDisease]","[]","Count_MedicalConditionIncident_ShigaToxinEColi_PatientHospitalized_Indeterminate_Other_UnknownTramissionMode","[]","2009-06"
"[P1Y]","4","[dcAggregate/NORSNonInfectiousDisease]","[]","Count_MedicalConditionIncident_NORSOthers_WaterborneTransmission","[]","1978-10"
"[P1Y]","2","[dcAggregate/NORSNonInfectiousDisease]","[]","Count_MedicalConditionIncident_Rotavirus_PatientDeceased_ConfirmedCase_WaterborneTransmission","[]","1981-03"
"[P1Y]","7","[dcAggregate/NORSNonInfectiousDisease]","[]","Count_MedicalConditionIncident_ShigellaUnknown_ConfirmedCase_FoodborneTransmission","[]","2000-10"
"[P1Y]","13","[dcAggregate/NORSNonInfectiousDisease]","[]","Count_MedicalConditionIncident_SalmonellaEntericaEtiology_ConfirmedCase_WaterborneTransmission","[]","1972-06"
"[P1Y]","2","[dcAggregate/NORSNonInfectiousDisease]","[]","Count_MedicalConditionIncident_NorovirusOther_PatientDeceased_ConfirmedCase_FoodborneTransmission","[]","2012-03"
"[P1Y]","2","[dcAggregate/NORSNonInfectiousDisease]","[]","Count_MedicalConditionIncident_StreptococcusGroupB_C_G_PatientHospitalized_ConfirmedCase_AnimalContactTransmission","[]","2013-02"
"[P1Y]","3","[dcAggregate/NORSNonInfectiousDisease]","[]","Count_MedicalConditionIncident_YersiniaEnterocoliticaEtiology_PatientDeceased_SuspectedCase_FoodborneTransmission","[]","2012-09"
"[P1Y]","14","[dcAggregate/NORSNonInfectiousDisease]","[]","Count_MedicalConditionIncident_CryptosporidiumParvumEtiology_PatientHospitalized_AnimalContactTransmission","[]","2009-06"
"[P1Y]","12","[dcAggregate/NORSNonInfectiousDisease]","[]","Count_MedicalConditionIncident_ShigaToxinEColi_PatientDeceased_SuspectedCase_PersonToPersonTransmission","[]","2009-07"
"[P1Y]","3","[dcAggregate/NORSNonInfectiousDisease]","[]","Count_MedicalConditionIncident_MycobacteriumAbscessusEtiology_PatientHospitalized_ConfirmedCase_WaterborneTransmission","[]","2013-01"
"[P1Y]","23","[dcAggregate/NORSNonInfectiousDisease]","[]","Count_MedicalConditionIncident_CampylobacterUnknown_SuspectedCase_FoodborneTransmission","[]","1998-01"
"[P1Y]","5","[dcAggregate/NORSNonInfectiousDisease]","[]","Count_MedicalConditionIncident_Pesticides_ConfirmedCase_FoodborneTransmission","[]","1998-08"
"[P1Y]","2","[dcAggregate/NORSNonInfectiousDisease]","[]","Count_MedicalConditionIncident_AdenovirusB_PatientDeceased_ConfirmedCase_PersonToPersonTransmission","[]","2015-10"
"[P1Y]","13","[dcAggregate/NORSNonInfectiousDisease]","[]","Count_MedicalConditionIncident_CampylobacterUnknown_PatientHospitalized_PersonToPersonTransmission","[]","2011-03"
"[P1Y]","5","[dcAggregate/NORSNonInfectiousDisease]","[]","Count_MedicalConditionIncident_Astrovirus_SuspectedCase_PersonToPersonTransmission","[]","2015-04"
"[P1Y]","2","[dcAggregate/NORSNonInfectiousDisease]","[]","Count_MedicalConditionIncident_ClostridiumEtiology_PatientHospitalized_Indeterminate_Other_UnknownTramissionMode","[]","2020-02"
"[P1Y]","2","[dcAggregate/NORSNonInfectiousDisease]","[]","Count_MedicalConditionIncident_Cholera_ConfirmedCase_Indeterminate_Other_UnknownTramissionMode","[]","2015-06"
"[P1Y]","2","[dcAggregate/NORSNonInfectiousDisease]","[]","Count_MedicalConditionIncident_Gasoline_ConfirmedCase_WaterborneTransmission","[]","1977-01"
"[P1Y]","3","[dcAggregate/NORSNonInfectiousDisease]","[]","Count_MedicalConditionIncident_NORSUnknownBacterium_PatientDeceased_FoodborneTransmission","[]","2022-01"
"[P1Y]","12","[dcAggregate/NORSNonInfectiousDisease]","[]","Count_MedicalConditionIncident_AvianSchistosomes_SuspectedCase_WaterborneTransmission","[]","1984-07"
"[P1Y]","3","[dcAggregate/NORSNonInfectiousDisease]","[]","Count_MedicalConditionIncident_NorovirusOther_FoodborneTransmission","[]","2012-03"
"[P1Y]","2","[dcAggregate/NORSNonInfectiousDisease]","[]","Count_MedicalConditionIncident_NORSUnknownVirus_PatientHospitalized_SuspectedCase_Indeterminate_Other_UnknownTramissionMode","[]","2023-12"
"[P1Y]","4","[dcAggregate/NORSNonInfectiousDisease]","[]","Count_MedicalConditionIncident_ShigellaUnknown_PatientDeceased_ConfirmedCase_Indeterminate_Other_UnknownTramissionMode","[]","2015-09"
"[P1Y]","44","[dcAggregate/NORSNonInfectiousDisease]","[]","Count_MedicalConditionIncident_LegionellaPneumophilaEtiology_PatientHospitalized_ConfirmedCase_WaterborneTransmission","[]","1973-06"
"[P1Y]","13","[dcAggregate/NORSNonInfectiousDisease]","[]","Count_MedicalConditionIncident_CampylobacterEtiology_PatientDeceased_ConfirmedCase_FoodborneTransmission","[]","2012-06"
"[P1Y]","38","[dcAggregate/NORSNonInfectiousDisease]","[]","Count_MedicalConditionIncident_Norovirus_PatientHospitalized_SuspectedCase_FoodborneTransmission","[]","2007-03"
"[P1Y]","45","[dcAggregate/NORSNonInfectiousDisease]","[]","Count_MedicalConditionIncident_NORSUnknown_PatientDeceased_SuspectedCase_WaterborneTransmission","[]","1971-06"
"[P1Y]","2","[dcAggregate/NORSNonInfectiousDisease]","[]","Count_MedicalConditionIncident_Astrovirus_PatientDeceased_SuspectedCase_FoodborneTransmission","[]","2012-11"
"[P1Y]","3","[dcAggregate/NORSNonInfectiousDisease]","[]","Count_MedicalConditionIncident_SapovirusGenogroupIV_PatientDeceased_ConfirmedCase_PersonToPersonTransmission","[]","2013-11"
"[P1Y]","19","[dcAggregate/NORSNonInfectiousDisease]","[]","Count_MedicalConditionIncident_HepatitisA_PatientDeceased_WaterborneTransmission","[]","1971-06"
"[P1Y]","55","[dcAggregate/NORSNonInfectiousDisease]","[]","Count_MedicalConditionIncident_FoodborneTransmission","[]","1998-01"
"[P1Y]","15","[dcAggregate/NORSNonInfectiousDisease]","[]","Count_MedicalConditionIncident_Rotavirus_PatientHospitalized_Indeterminate_Other_UnknownTramissionMode","[]","2010-05"
"[P1Y]","2","[dcAggregate/NORSNonInfectiousDisease]","[]","Count_MedicalConditionIncident_Trichloroethylene_PatientHospitalized_WaterborneTransmission","[]","1980-09"
"[P1Y]","24","[dcAggregate/NORSNonInfectiousDisease]","[]","Count_MedicalConditionIncident_LegionellaUnknown_ConfirmedCase_WaterborneTransmission","[]","1975-08"
"[P1Y]","3","[dcAggregate/NORSNonInfectiousDisease]","[]","Count_MedicalConditionIncident_SapovirusUnknown_PatientHospitalized_ConfirmedCase_Indeterminate_Other_UnknownTramissionMode","[]","2017-10"
"[P1Y]","3","[dcAggregate/NORSNonInfectiousDisease]","[]","Count_MedicalConditionIncident_CampylobacterOther_PatientHospitalized_ConfirmedCase_FoodborneTransmission","[]","2000-06"
"[P1Y]","52","[dcAggregate/NORSNonInfectiousDisease]","[]","Count_MedicalConditionIncident_NorovirusGenogroupII_PatientDeceased_FoodborneTransmission","[]","1998-03"
"[P1Y]","2","[dcAggregate/NORSNonInfectiousDisease]","[]","Count_MedicalConditionIncident_ClostridiumOther_PatientHospitalized_EnvironmentalContaminationTransmissionExceptFood_Water","[]","2013-11"
"[P1Y]","2","[dcAggregate/NORSNonInfectiousDisease]","[]","Count_MedicalConditionIncident_Adenovirus_PatientDeceased_SuspectedCase_PersonToPersonTransmission","[]","2018-04"
"[P1Y]","2","[dcAggregate/NORSNonInfectiousDisease]","[]","Count_MedicalConditionIncident_StreptococcusGroupA_PatientDeceased_SuspectedCase_FoodborneTransmission","[]","2015-03"
"[P1Y]","14","[dcAggregate/NORSNonInfectiousDisease]","[]","Count_MedicalConditionIncident_Copper_PatientDeceased_WaterborneTransmission","[]","1971-02"
"[P1Y]","2","[dcAggregate/NORSNonInfectiousDisease]","[]","Count_MedicalConditionIncident_AlkalineWater_PatientHospitalized_ConfirmedCase_WaterborneTransmission","[]","1988-04"
"[P1Y]","39","[dcAggregate/NORSNonInfectiousDisease]","[]","Count_MedicalConditionIncident_EnvironmentalContaminationTransmissionExceptFood_Water","[]","2009-04"
"[P1Y]","2","[dcAggregate/NORSNonInfectiousDisease]","[]","Count_MedicalConditionIncident_CryptosporidiumParvumEtiology_PatientDeceased_ConfirmedCase_EnvironmentalContaminationTransmissionExceptFood_Water","[]","2014-07"
"[P1Y]","2","[dcAggregate/NORSNonInfectiousDisease]","[]","Count_MedicalConditionIncident_MicrocystisUnknown_PatientHospitalized_ConfirmedCase_WaterborneTransmission","[]","2013-09"
"[P1Y]","6","[dcAggregate/NORSNonInfectiousDisease]","[]","Count_MedicalConditionIncident_EColiEnteroaggregativeEtiology_ConfirmedCase_FoodborneTransmission","[]","2011-12"
"[P1Y]","5","[dcAggregate/NORSNonInfectiousDisease]","[]","Count_MedicalConditionIncident_ShigellaSonneiEtiology_ConfirmedCase_EnvironmentalContaminationTransmissionExceptFood_Water","[]","2010-08"
"[P1Y]","23","[dcAggregate/NORSNonInfectiousDisease]","[]","Count_MedicalConditionIncident_Rotavirus_PatientHospitalized_SuspectedCase_PersonToPersonTransmission","[]","2009-01"
"[P1Y]","3","[dcAggregate/NORSNonInfectiousDisease]","[]","Count_MedicalConditionIncident_ShigellaEtiology_PatientHospitalized_SuspectedCase_FoodborneTransmission","[]","2019-12"
"[P1Y]","20","[dcAggregate/NORSNonInfectiousDisease]","[]","Count_MedicalConditionIncident_ClostridiumBotulinumEtiology_ConfirmedCase_FoodborneTransmission","[]","1998-06"
"[P1Y]","13","[dcAggregate/NORSNonInfectiousDisease]","[]","Count_MedicalConditionIncident_NORSOtherBacterium_PatientDeceased_SuspectedCase_FoodborneTransmission","[]","1998-04"
"[P1Y]","8","[dcAggregate/NORSNonInfectiousDisease]","[]","Count_MedicalConditionIncident_SalmonellaUnknown_PatientDeceased_ConfirmedCase_WaterborneTransmission","[]","1974-07"
"[P1Y]","2","[dcAggregate/NORSNonInfectiousDisease]","[]","Count_MedicalConditionIncident_GiardiaUnknown_PatientHospitalized_ConfirmedCase_FoodborneTransmission","[]","2017-12"
"[P1Y]","8","[dcAggregate/NORSNonInfectiousDisease]","[]","Count_MedicalConditionIncident_ShigaToxinEColi_ConfirmedCase_EnvironmentalContaminationTransmissionExceptFood_Water","[]","2011-05"
"[P1Y]","8","[dcAggregate/NORSNonInfectiousDisease]","[]","Count_MedicalConditionIncident_CryptosporidiumUnknown_PatientHospitalized_SuspectedCase_Indeterminate_Other_UnknownTramissionMode","[]","2011-03"
"[P1Y]","18","[dcAggregate/NORSNonInfectiousDisease]","[]","Count_MedicalConditionIncident_CampylobacterJejuniEtiology_PatientDeceased_AnimalContactTransmission","[]","2009-05"
"[P1Y]","3","[dcAggregate/NORSNonInfectiousDisease]","[]","Count_MedicalConditionIncident_Soap_Detergent_PatientDeceased_ConfirmedCase_WaterborneTransmission","[]","1979-06"
"[P1Y]","2","[dcAggregate/NORSNonInfectiousDisease]","[]","Count_MedicalConditionIncident_YersiniaEnterocoliticaEtiology_WaterborneTransmission","[]","1981-05"
"[P1Y]","3","[dcAggregate/NORSNonInfectiousDisease]","[]","Count_MedicalConditionIncident_EColiEnteroaggregativeEtiology_PatientDeceased_SuspectedCase_Indeterminate_Other_UnknownTramissionMode","[]","2017-10"
"[P1Y]","29","[dcAggregate/NORSNonInfectiousDisease]","[]","Count_MedicalConditionIncident_CryptosporidiumHominisEtiology_PatientHospitalized_ConfirmedCase_WaterborneTransmission","[]","1997-06"
"[P1Y]","2","[dcAggregate/NORSNonInfectiousDisease]","[]","Count_MedicalConditionIncident_SalmonellaBongori_PatientHospitalized_AnimalContactTransmission","[]","2021-06"
"[P1Y]","2","[dcAggregate/NORSNonInfectiousDisease]","[]","Count_MedicalConditionIncident_AdenovirusUnknown_PatientDeceased_ConfirmedCase_WaterborneTransmission","[]","2012-07"
"[P1Y]","3","[dcAggregate/NORSNonInfectiousDisease]","[]","Count_MedicalConditionIncident_Arsenic_PatientDeceased_WaterborneTransmission","[]","1972-05"
"[P1Y]","2","[dcAggregate/NORSNonInfectiousDisease]","[]","Count_MedicalConditionIncident_CryptosporidiumHominisEtiology_PatientDeceased_SuspectedCase_WaterborneTransmission","[]","1988-07"
"[P1Y]","2","[dcAggregate/NORSNonInfectiousDisease]","[]","Count_MedicalConditionIncident_StaphylococcusUnknown_ConfirmedCase_FoodborneTransmission","[]","2013-01"
"[P1Y]","53","[dcAggregate/NORSNonInfectiousDisease]","[]","Count_MedicalConditionIncident_PatientDeceased_Indeterminate_Other_UnknownTramissionMode","[]","2009-01"
"[P1Y]","6","[dcAggregate/NORSNonInfectiousDisease]","[]","Count_MedicalConditionIncident_VibrioOther_PatientHospitalized_FoodborneTransmission","[]","1998-11"
"[P1Y]","3","[dcAggregate/NORSNonInfectiousDisease]","[]","Count_MedicalConditionIncident_GiardiaUnknown_PatientDeceased_AnimalContactTransmission","[]","2020-06"
"[P1Y]","34","[dcAggregate/NORSNonInfectiousDisease]","[]","Count_MedicalConditionIncident_Norovirus_Indeterminate_Other_UnknownTramissionMode","[]","2009-01"
"[P1Y]","2","[dcAggregate/NORSNonInfectiousDisease]","[]","Count_MedicalConditionIncident_ListeriaUnknown_ConfirmedCase_FoodborneTransmission","[]","2006-06"
"[P1Y]","8","[dcAggregate/NORSNonInfectiousDisease]","[]","Count_MedicalConditionIncident_GiardiaDuodenalisEtiology_PatientHospitalized_ConfirmedCase_Indeterminate_Other_UnknownTramissionMode","[]","2009-07"
"[P1Y]","5","[dcAggregate/NORSNonInfectiousDisease]","[]","Count_MedicalConditionIncident_LeptospiraInterrogansEtiology_WaterborneTransmission","[]","1981-08"
"[P1Y]","28","[dcAggregate/NORSNonInfectiousDisease]","[]","Count_MedicalConditionIncident_ShigaToxinEColi_PatientDeceased_WaterborneTransmission","[]","1989-12"
"[P1Y]","3","[dcAggregate/NORSNonInfectiousDisease]","[]","Count_MedicalConditionIncident_CryptosporidiumEtiology_PatientHospitalized_ConfirmedCase_WaterborneTransmission","[]","2009-08"
"[P1Y]","6","[dcAggregate/NORSNonInfectiousDisease]","[]","Count_MedicalConditionIncident_CleaningAgents_PatientDeceased_FoodborneTransmission","[]","2006-06"
"[P1Y]","11","[dcAggregate/NORSNonInfectiousDisease]","[]","Count_MedicalConditionIncident_GiardiaUnknown_Indeterminate_Other_UnknownTramissionMode","[]","2012-08"
"[P1Y]","2","[dcAggregate/NORSNonInfectiousDisease]","[]","Count_MedicalConditionIncident_ClostridiumOther_PatientDeceased_EnvironmentalContaminationTransmissionExceptFood_Water","[]","2013-11"
"[P1Y]","4","[dcAggregate/NORSNonInfectiousDisease]","[]","Count_MedicalConditionIncident_NORSUnknownVirus_PatientDeceased_SuspectedCase_WaterborneTransmission","[]","2010-03"
"[P1Y]","2","[dcAggregate/NORSNonInfectiousDisease]","[]","Count_MedicalConditionIncident_ShigellaDysenteriaeEtiology_PatientHospitalized_ConfirmedCase_FoodborneTransmission","[]","2002-02"
"[P1Y]","2","[dcAggregate/NORSNonInfectiousDisease]","[]","Count_MedicalConditionIncident_CryptosporidiumOther_PatientDeceased_PersonToPersonTransmission","[]","2016-08"
"[P1Y]","10","[dcAggregate/NORSNonInfectiousDisease]","[]","Count_MedicalConditionIncident_ShigellaFlexneriEtiology_ConfirmedCase_WaterborneTransmission","[]","1976-08"
"[P1Y]","10","[dcAggregate/NORSNonInfectiousDisease]","[]","Count_MedicalConditionIncident_GiardiaUnknown_PersonToPersonTransmission","[]","2013-02"
"[P1Y]","2","[dcAggregate/NORSNonInfectiousDisease]","[]","Count_MedicalConditionIncident_ShigellaBoydiiEtiology_PatientHospitalized_SuspectedCase_PersonToPersonTransmission","[]","2013-12"
"[P1Y]","9","[dcAggregate/NORSNonInfectiousDisease]","[]","Count_MedicalConditionIncident_NORSOthers_SuspectedCase_FoodborneTransmission","[]","2011-01"
"[P1Y]","7","[dcAggregate/NORSNonInfectiousDisease]","[]","Count_MedicalConditionIncident_Chloramines_SuspectedCase_WaterborneTransmission","[]","2004-01"
"[P1Y]","3","[dcAggregate/NORSNonInfectiousDisease]","[]","Count_MedicalConditionIncident_Microcystis_PatientHospitalized_WaterborneTransmission","[]","2009-06"
"[P1Y]","3","[dcAggregate/NORSNonInfectiousDisease]","[]","Count_MedicalConditionIncident_TrichinellaUnknown_PatientDeceased_SuspectedCase_FoodborneTransmission","[]","2012-08"
"[P1Y]","2","[dcAggregate/NORSNonInfectiousDisease]","[]","Count_MedicalConditionIncident_MycobacteriumMageritenseEtiology_PatientDeceased_ConfirmedCase_WaterborneTransmission","[]","2002-09"
"[P1Y]","32","[dcAggregate/NORSNonInfectiousDisease]","[]","Count_MedicalConditionIncident_BacillusCereusEtiology_SuspectedCase_FoodborneTransmission","[]","1998-01"
"[P1Y]","4","[dcAggregate/NORSNonInfectiousDisease]","[]","Count_MedicalConditionIncident_ShigellaUnknown_Indeterminate_Other_UnknownTramissionMode","[]","2015-09"
"[P1Y]","2","[dcAggregate/NORSNonInfectiousDisease]","[]","Count_MedicalConditionIncident_EscherichiaEtiology_ConfirmedCase_Indeterminate_Other_UnknownTramissionMode","[]","2015-10"
"[P1Y]","8","[dcAggregate/NORSNonInfectiousDisease]","[]","Count_MedicalConditionIncident_SalmonellaOther_PatientDeceased_Indeterminate_Other_UnknownTramissionMode","[]","2014-05"
"[P1Y]","2","[dcAggregate/NORSNonInfectiousDisease]","[]","Count_MedicalConditionIncident_StaphylococcusEtiology_PatientDeceased_SuspectedCase_Indeterminate_Other_UnknownTramissionMode","[]","2014-02"
"[P1Y]","17","[dcAggregate/NORSNonInfectiousDisease]","[]","Count_MedicalConditionIncident_AvianSchistosomes_PatientDeceased_WaterborneTransmission","[]","1978-08"
"[P1Y]","2","[dcAggregate/NORSNonInfectiousDisease]","[]","Count_MedicalConditionIncident_AdenovirusB_PatientHospitalized_WaterborneTransmission","[]","1991-06"
"[P1Y]","2","[dcAggregate/NORSNonInfectiousDisease]","[]","Count_MedicalConditionIncident_MicrocystisUnknown_PatientDeceased_ConfirmedCase_WaterborneTransmission","[]","2013-09"
"[P1Y]","19","[dcAggregate/NORSNonInfectiousDisease]","[]","Count_MedicalConditionIncident_CryptosporidiumUnknown_PatientDeceased_ConfirmedCase_PersonToPersonTransmission","[]","2009-09"
"[P1Y]","2","[dcAggregate/NORSNonInfectiousDisease]","[]","Count_MedicalConditionIncident_SapovirusGenogroupI_PatientDeceased_ConfirmedCase_Indeterminate_Other_UnknownTramissionMode","[]","2013-02"
"[P1Y]","3","[dcAggregate/NORSNonInfectiousDisease]","[]","Count_MedicalConditionIncident_ShigellaEtiology_PatientHospitalized_SuspectedCase_Indeterminate_Other_UnknownTramissionMode","[]","2019-07"
"[P1Y]","2","[dcAggregate/NORSNonInfectiousDisease]","[]","Count_MedicalConditionIncident_Adenovirus_PatientHospitalized_SuspectedCase_PersonToPersonTransmission","[]","2018-04"
"[P1Y]","5","[dcAggregate/NORSNonInfectiousDisease]","[]","Count_MedicalConditionIncident_CyclosporaCayetanensisEtiology_Indeterminate_Other_UnknownTramissionMode","[]","2009-06"
"[P1Y]","7","[dcAggregate/NORSNonInfectiousDisease]","[]","Count_MedicalConditionIncident_CyclosporaCayetanensisEtiology_SuspectedCase_FoodborneTransmission","[]","2002-04"
"[P1Y]","3","[dcAggregate/NORSNonInfectiousDisease]","[]","Count_MedicalConditionIncident_CampylobacterUnknown_ConfirmedCase_EnvironmentalContaminationTransmissionExceptFood_Water","[]","2018-07"
"[P1Y]","22","[dcAggregate/NORSNonInfectiousDisease]","[]","Count_MedicalConditionIncident_NorovirusOther_PatientHospitalized_WaterborneTransmission","[]","1978-05"
"[P1Y]","2","[dcAggregate/NORSNonInfectiousDisease]","[]","Count_MedicalConditionIncident_ClostridiumOther_SuspectedCase_Indeterminate_Other_UnknownTramissionMode","[]","2012-03"
"[P1Y]","13","[dcAggregate/NORSNonInfectiousDisease]","[]","Count_MedicalConditionIncident_ClostridiumOther_PersonToPersonTransmission","[]","2009-05"
"[P1Y]","38","[dcAggregate/NORSNonInfectiousDisease]","[]","Count_MedicalConditionIncident_NorovirusUnknown_PatientHospitalized_SuspectedCase_Indeterminate_Other_UnknownTramissionMode","[]","2010-04"
"[P1Y]","7","[dcAggregate/NORSNonInfectiousDisease]","[]","Count_MedicalConditionIncident_SalmonellaOther_ConfirmedCase_Indeterminate_Other_UnknownTramissionMode","[]","2014-05"
"[P1Y]","2","[dcAggregate/NORSNonInfectiousDisease]","[]","Count_MedicalConditionIncident_ClostridiumUnknown_PatientHospitalized_SuspectedCase_PersonToPersonTransmission","[]","2013-02"
"[P1Y]","15","[dcAggregate/NORSNonInfectiousDisease]","[]","Count_MedicalConditionIncident_GiardiaUnknown_PatientHospitalized_ConfirmedCase_WaterborneTransmission","[]","2004-03"
"[P1Y]","45","[dcAggregate/NORSNonInfectiousDisease]","[]","Count_MedicalConditionIncident_NORSUnknown_WaterborneTransmission","[]","1971-06"
"[P1Y]","2","[dcAggregate/NORSNonInfectiousDisease]","[]","Count_MedicalConditionIncident_SapovirusGenogroupI_PatientHospitalized_ConfirmedCase_Indeterminate_Other_UnknownTramissionMode","[]","2013-02"
"[P1Y]","3","[dcAggregate/NORSNonInfectiousDisease]","[]","Count_MedicalConditionIncident_MycobacteriumAbscessusEtiology_PatientDeceased_WaterborneTransmission","[]","2013-01"
"[P1Y]","3","[dcAggregate/NORSNonInfectiousDisease]","[]","Count_MedicalConditionIncident_EColiEnterotoxigenicEtiology_PatientHospitalized_PersonToPersonTransmission","[]","2018-09"
"[P1Y]","6","[dcAggregate/NORSNonInfectiousDisease]","[]","Count_MedicalConditionIncident_ShigellaFlexneriEtiology_SuspectedCase_PersonToPersonTransmission","[]","2012-12"
"[P1Y]","2","[dcAggregate/NORSNonInfectiousDisease]","[]","Count_MedicalConditionIncident_ClostridiumOther_PatientHospitalized_ConfirmedCase_FoodborneTransmission","[]","2011-04"
"[P1Y]","8","[dcAggregate/NORSNonInfectiousDisease]","[]","Count_MedicalConditionIncident_Norovirus_PatientHospitalized_SuspectedCase_EnvironmentalContaminationTransmissionExceptFood_Water","[]","2011-02"
"[P1Y]","18","[dcAggregate/NORSNonInfectiousDisease]","[]","Count_MedicalConditionIncident_CampylobacterEtiology_PatientHospitalized_FoodborneTransmission","[]","2012-06"
"[P1Y]","2","[dcAggregate/NORSNonInfectiousDisease]","[]","Count_MedicalConditionIncident_TrichinellaSpiralisEtiology_SuspectedCase_FoodborneTransmission","[]","2023-12"
"[P1Y]","13","[dcAggregate/NORSNonInfectiousDisease]","[]","Count_MedicalConditionIncident_CampylobacterJejuniEtiology_PatientDeceased_PersonToPersonTransmission","[]","2010-06"
"[P1Y]","4","[dcAggregate/NORSNonInfectiousDisease]","[]","Count_MedicalConditionIncident_GiardiaDuodenalisEtiology_PatientDeceased_SuspectedCase_PersonToPersonTransmission","[]","2010-02"
"[P1Y]","2","[dcAggregate/NORSNonInfectiousDisease]","[]","Count_MedicalConditionIncident_NaegleriaFowleriEtiology_ConfirmedCase_WaterborneTransmission","[]","2002-10"
"[P1Y]","2","[dcAggregate/NORSNonInfectiousDisease]","[]","Count_MedicalConditionIncident_YersiniaEtiology_PatientHospitalized_ConfirmedCase_Indeterminate_Other_UnknownTramissionMode","[]","2013-11"
"[P1Y]","2","[dcAggregate/NORSNonInfectiousDisease]","[]","Count_MedicalConditionIncident_CampylobacterEtiology_PatientHospitalized_EnvironmentalContaminationTransmissionExceptFood_Water","[]","2017-10"
"[P1Y]","2","[dcAggregate/NORSNonInfectiousDisease]","[]","Count_MedicalConditionIncident_EnterococcusFaecalisEtiology_PatientDeceased_FoodborneTransmission","[]","2009-05"
"[P1Y]","2","[dcAggregate/NORSNonInfectiousDisease]","[]","Count_MedicalConditionIncident_SalmonellaEntericaEtiology_PatientDeceased_SuspectedCase_WaterborneTransmission","[]","2015-09"
"[P1Y]","14","[dcAggregate/NORSNonInfectiousDisease]","[]","Count_MedicalConditionIncident_Copper_PatientHospitalized_WaterborneTransmission","[]","1971-02"
"[P1Y]","7","[dcAggregate/NORSNonInfectiousDisease]","[]","Count_MedicalConditionIncident_Astrovirus_PatientDeceased_ConfirmedCase_PersonToPersonTransmission","[]","2011-11"
"[P1Y]","2","[dcAggregate/NORSNonInfectiousDisease]","[]","Count_MedicalConditionIncident_ClostridiumEtiology_PatientHospitalized_ConfirmedCase_EnvironmentalContaminationTransmissionExceptFood_Water","[]","2020-02"
"[P1Y]","43","[dcAggregate/NORSNonInfectiousDisease]","[]","Count_MedicalConditionIncident_CryptosporidiumUnknown_PatientDeceased_ConfirmedCase_WaterborneTransmission","[]","1992-06"
"[P1Y]","24","[dcAggregate/NORSNonInfectiousDisease]","[]","Count_MedicalConditionIncident_LegionellaUnknown_PatientHospitalized_ConfirmedCase_WaterborneTransmission","[]","1975-08"
"[P1Y]","14","[dcAggregate/NORSNonInfectiousDisease]","[]","Count_MedicalConditionIncident_CampylobacterEtiology_PatientHospitalized_SuspectedCase_FoodborneTransmission","[]","2013-08"
"[P1Y]","6","[dcAggregate/NORSNonInfectiousDisease]","[]","Count_MedicalConditionIncident_NorovirusGenogroupII_SuspectedCase_EnvironmentalContaminationTransmissionExceptFood_Water","[]","2011-04"
"[P1Y]","9","[dcAggregate/NORSNonInfectiousDisease]","[]","Count_MedicalConditionIncident_ClostridiumDifficileEtiology_PatientDeceased_SuspectedCase_PersonToPersonTransmission","[]","2016-02"
"[P1Y]","3","[dcAggregate/NORSNonInfectiousDisease]","[]","Count_MedicalConditionIncident_NORSUnknownBacterium_PatientDeceased_SuspectedCase_FoodborneTransmission","[]","2022-01"
"[P1Y]","2","[dcAggregate/NORSNonInfectiousDisease]","[]","Count_MedicalConditionIncident_EColiOther_PatientHospitalized_ConfirmedCase_PersonToPersonTransmission","[]","2019-05"
"[P1Y]","3","[dcAggregate/NORSNonInfectiousDisease]","[]","Count_MedicalConditionIncident_CampylobacterOther_PatientDeceased_ConfirmedCase_AnimalContactTransmission","[]","2013-03"
"[P1Y]","4","[dcAggregate/NORSNonInfectiousDisease]","[]","Count_MedicalConditionIncident_EColiOther_PatientDeceased_ConfirmedCase_Indeterminate_Other_UnknownTramissionMode","[]","2012-07"
"[P1Y]","2","[dcAggregate/NORSNonInfectiousDisease]","[]","Count_MedicalConditionIncident_EnterococcusFaecalisEtiology_ConfirmedCase_FoodborneTransmission","[]","2009-05"
"[P1Y]","2","[dcAggregate/NORSNonInfectiousDisease]","[]","Count_MedicalConditionIncident_Morpholine_WaterborneTransmission","[]","1979-08"
"[P1Y]","8","[dcAggregate/NORSNonInfectiousDisease]","[]","Count_MedicalConditionIncident_NorovirusUnknown_PatientDeceased_ConfirmedCase_EnvironmentalContaminationTransmissionExceptFood_Water","[]","2009-11"
"[P1Y]","14","[dcAggregate/NORSNonInfectiousDisease]","[]","Count_MedicalConditionIncident_Copper_PatientHospitalized_ConfirmedCase_WaterborneTransmission","[]","1971-02"
"[P1Y]","2","[dcAggregate/NORSNonInfectiousDisease]","[]","Count_MedicalConditionIncident_Adenovirus_PatientDeceased_PersonToPersonTransmission","[]","2018-04"
"[P1Y]","33","[dcAggregate/NORSNonInfectiousDisease]","[]","Count_MedicalConditionIncident_ScombroidToxin_PatientDeceased_FoodborneTransmission","[]","1998-01"
"[P1Y]","2","[dcAggregate/NORSNonInfectiousDisease]","[]","Count_MedicalConditionIncident_NORSUnknownChemical_Toxin_PatientDeceased_SuspectedCase_FoodborneTransmission","[]","2023-10"
"[P1Y]","3","[dcAggregate/NORSNonInfectiousDisease]","[]","Count_MedicalConditionIncident_GiardiaUnknown_ConfirmedCase_AnimalContactTransmission","[]","2020-06"
"[P1Y]","9","[dcAggregate/NORSNonInfectiousDisease]","[]","Count_MedicalConditionIncident_Sapovirus_SuspectedCase_PersonToPersonTransmission","[]","2012-01"
"[P1Y]","2","[dcAggregate/NORSNonInfectiousDisease]","[]","Count_MedicalConditionIncident_SalmonellaOther_PatientDeceased_SuspectedCase_Indeterminate_Other_UnknownTramissionMode","[]","2022-10"
"[P1Y]","5","[dcAggregate/NORSNonInfectiousDisease]","[]","Count_MedicalConditionIncident_LeptospiraInterrogansEtiology_ConfirmedCase_WaterborneTransmission","[]","1981-08"
"[P1Y]","8","[dcAggregate/NORSNonInfectiousDisease]","[]","Count_MedicalConditionIncident_CryptosporidiumParvumEtiology_PersonToPersonTransmission","[]","2010-06"
"[P1Y]","20","[dcAggregate/NORSNonInfectiousDisease]","[]","Count_MedicalConditionIncident_Histamine_FoodborneTransmission","[]","1999-12"
"[P1Y]","17","[dcAggregate/NORSNonInfectiousDisease]","[]","Count_MedicalConditionIncident_ShigellaEtiology_PatientHospitalized_PersonToPersonTransmission","[]","2012-01"
"[P1Y]","9","[dcAggregate/NORSNonInfectiousDisease]","[]","Count_MedicalConditionIncident_NorovirusOther_PersonToPersonTransmission","[]","2014-02"
"[P1Y]","8","[dcAggregate/NORSNonInfectiousDisease]","[]","Count_MedicalConditionIncident_Sapovirus_FoodborneTransmission","[]","2012-04"
"[P1Y]","3","[dcAggregate/NORSNonInfectiousDisease]","[]","Count_MedicalConditionIncident_NORSUnknownChemical_Toxin_ConfirmedCase_WaterborneTransmission","[]","2008-08"
"[P1Y]","2","[dcAggregate/NORSNonInfectiousDisease]","[]","Count_MedicalConditionIncident_GiardiaDuodenalisEtiology_ConfirmedCase_AnimalContactTransmission","[]","2010-03"
"[P1Y]","5","[dcAggregate/NORSNonInfectiousDisease]","[]","Count_MedicalConditionIncident_BacillusEtiology_PatientDeceased_FoodborneTransmission","[]","2007-01"
"[P1Y]","13","[dcAggregate/NORSNonInfectiousDisease]","[]","Count_MedicalConditionIncident_CampylobacterColiEtiology_FoodborneTransmission","[]","2002-02"
"[P1Y]","3","[dcAggregate/NORSNonInfectiousDisease]","[]","Count_MedicalConditionIncident_GiardiaEtiology_PatientDeceased_SuspectedCase_PersonToPersonTransmission","[]","2017-03"
"[P1Y]","10","[dcAggregate/NORSNonInfectiousDisease]","[]","Count_MedicalConditionIncident_SalmonellaUnknown_PatientHospitalized_PersonToPersonTransmission","[]","2009-07"
"[P1Y]","2","[dcAggregate/NORSNonInfectiousDisease]","[]","Count_MedicalConditionIncident_StaphylococcusAureusEtiology_ConfirmedCase_WaterborneTransmission","[]","2003-08"
"[P1Y]","2","[dcAggregate/NORSNonInfectiousDisease]","[]","Count_MedicalConditionIncident_Brucella_ConfirmedCase_FoodborneTransmission","[]","2016-03"
"[P1Y]","3","[dcAggregate/NORSNonInfectiousDisease]","[]","Count_MedicalConditionIncident_ToxoplasmaGondiiEtiology_PatientDeceased_FoodborneTransmission","[]","2017-10"
"[P1Y]","13","[dcAggregate/NORSNonInfectiousDisease]","[]","Count_MedicalConditionIncident_SalmonellaOther_PatientHospitalized_FoodborneTransmission","[]","2005-09"
"[P1Y]","32","[dcAggregate/NORSNonInfectiousDisease]","[]","Count_MedicalConditionIncident_ScombroidToxin_ConfirmedCase_FoodborneTransmission","[]","1998-01"
"[P1Y]","46","[dcAggregate/NORSNonInfectiousDisease]","[]","Count_MedicalConditionIncident_SalmonellaEntericaEtiology_PatientDeceased_Indeterminate_Other_UnknownTramissionMode","[]","2009-01"
"[P1Y]","2","[dcAggregate/NORSNonInfectiousDisease]","[]","Count_MedicalConditionIncident_ShigellaEtiology_ConfirmedCase_WaterborneTransmission","[]","2018-05"
"[P1Y]","10","[dcAggregate/NORSNonInfectiousDisease]","[]","Count_MedicalConditionIncident_Norovirus_PatientDeceased_ConfirmedCase_Indeterminate_Other_UnknownTramissionMode","[]","2009-01"
"[P1Y]","2","[dcAggregate/NORSNonInfectiousDisease]","[]","Count_MedicalConditionIncident_ListeriaMonocytogenesEtiology_SuspectedCase_FoodborneTransmission","[]","2006-10"
"[P1Y]","48","[dcAggregate/NORSNonInfectiousDisease]","[]","Count_MedicalConditionIncident_NorovirusGenogroupI_PatientHospitalized_PersonToPersonTransmission","[]","2009-01"
"[P1Y]","10","[dcAggregate/NORSNonInfectiousDisease]","[]","Count_MedicalConditionIncident_SalmonellaEntericaEtiology_PatientHospitalized_SuspectedCase_AnimalContactTransmission","[]","2011-12"
"[P1Y]","16","[dcAggregate/NORSNonInfectiousDisease]","[]","Count_MedicalConditionIncident_GiardiaUnknown_PatientDeceased_WaterborneTransmission","[]","2004-03"
"[P1Y]","2","[dcAggregate/NORSNonInfectiousDisease]","[]","Count_MedicalConditionIncident_ClostridiumOther_PatientHospitalized_SuspectedCase_Indeterminate_Other_UnknownTramissionMode","[]","2012-03"
"[P1Y]","2","[dcAggregate/NORSNonInfectiousDisease]","[]","Count_MedicalConditionIncident_NORSOthers_PatientDeceased_SuspectedCase_WaterborneTransmission","[]","2023-09"
"[P1Y]","9","[dcAggregate/NORSNonInfectiousDisease]","[]","Count_MedicalConditionIncident_ClostridiumDifficileEtiology_Indeterminate_Other_UnknownTramissionMode","[]","2016-05"
"[P1Y]","2","[dcAggregate/NORSNonInfectiousDisease]","[]","Count_MedicalConditionIncident_ShigellaDysenteriaeEtiology_PatientDeceased_ConfirmedCase_FoodborneTransmission","[]","2002-02"
"[P1Y]","2","[dcAggregate/NORSNonInfectiousDisease]","[]","Count_MedicalConditionIncident_MicrocoleusLyngbyeiEtiology_PatientDeceased_ConfirmedCase_WaterborneTransmission","[]","1981-08"
"[P1Y]","5","[dcAggregate/NORSNonInfectiousDisease]","[]","Count_MedicalConditionIncident_EColiEnteropathogenicEtiology_SuspectedCase_Indeterminate_Other_UnknownTramissionMode","[]","2009-11"
"[P1Y]","7","[dcAggregate/NORSNonInfectiousDisease]","[]","Count_MedicalConditionIncident_ClostridiumDifficileEtiology_PatientDeceased_ConfirmedCase_Indeterminate_Other_UnknownTramissionMode","[]","2016-05"
"[P1Y]","44","[dcAggregate/NORSNonInfectiousDisease]","[]","Count_MedicalConditionIncident_NorovirusGenogroupII_PatientDeceased_SuspectedCase_FoodborneTransmission","[]","2000-03"
"[P1Y]","2","[dcAggregate/NORSNonInfectiousDisease]","[]","Count_MedicalConditionIncident_SapovirusGenogroupIV_Indeterminate_Other_UnknownTramissionMode","[]","2016-02"
"[P1Y]","3","[dcAggregate/NORSNonInfectiousDisease]","[]","Count_MedicalConditionIncident_CleaningAgents_PatientDeceased_ConfirmedCase_WaterborneTransmission","[]","1999-08"
"[P1Y]","2","[dcAggregate/NORSNonInfectiousDisease]","[]","Count_MedicalConditionIncident_NorovirusOther_ConfirmedCase_FoodborneTransmission","[]","2012-03"
"[P1Y]","3","[dcAggregate/NORSNonInfectiousDisease]","[]","Count_MedicalConditionIncident_NorovirusGenogroupIX_PatientHospitalized_ConfirmedCase_Indeterminate_Other_UnknownTramissionMode","[]","2021-03"
"[P1Y]","13","[dcAggregate/NORSNonInfectiousDisease]","[]","Count_MedicalConditionIncident_NorovirusGenogroupI_ConfirmedCase_WaterborneTransmission","[]","2006-05"
"[P1Y]","2","[dcAggregate/NORSNonInfectiousDisease]","[]","Count_MedicalConditionIncident_CryptosporidiumUnknown_PatientDeceased_EnvironmentalContaminationTransmissionExceptFood_Water","[]","2015-07"
"[P1Y]","8","[dcAggregate/NORSNonInfectiousDisease]","[]","Count_MedicalConditionIncident_SalmonellaOther_Indeterminate_Other_UnknownTramissionMode","[]","2014-05"
"[P1Y]","13","[dcAggregate/NORSNonInfectiousDisease]","[]","Count_MedicalConditionIncident_ShigellaFlexneriEtiology_PatientDeceased_ConfirmedCase_Indeterminate_Other_UnknownTramissionMode","[]","2010-01"
"[P1Y]","6","[dcAggregate/NORSNonInfectiousDisease]","[]","Count_MedicalConditionIncident_EColiEnteropathogenicEtiology_PatientDeceased_ConfirmedCase_FoodborneTransmission","[]","2004-09"
"[P1Y]","10","[dcAggregate/NORSNonInfectiousDisease]","[]","Count_MedicalConditionIncident_NorovirusGenogroupI_PatientHospitalized_EnvironmentalContaminationTransmissionExceptFood_Water","[]","2009-04"
"[P1Y]","27","[dcAggregate/NORSNonInfectiousDisease]","[]","Count_MedicalConditionIncident_CryptosporidiumUnknown_PersonToPersonTransmission","[]","2009-09"
"[P1Y]","8","[dcAggregate/NORSNonInfectiousDisease]","[]","Count_MedicalConditionIncident_NorovirusUnknown_ConfirmedCase_EnvironmentalContaminationTransmissionExceptFood_Water","[]","2009-11"
"[P1Y]","5","[dcAggregate/NORSNonInfectiousDisease]","[]","Count_MedicalConditionIncident_EColiEnteroaggregativeEtiology_PersonToPersonTransmission","[]","2016-06"
"[P1Y]","2","[dcAggregate/NORSNonInfectiousDisease]","[]","Count_MedicalConditionIncident_MycobacteriumAviumComplexEtiology_PatientDeceased_ConfirmedCase_WaterborneTransmission","[]","2011-01"
"[P1Y]","8","[dcAggregate/NORSNonInfectiousDisease]","[]","Count_MedicalConditionIncident_Ciguatoxin_PatientHospitalized_SuspectedCase_FoodborneTransmission","[]","1998-07"
"[P1Y]","5","[dcAggregate/NORSNonInfectiousDisease]","[]","Count_MedicalConditionIncident_ParalyticShellfishPoison_ConfirmedCase_FoodborneTransmission","[]","1998-10"
"[P1Y]","2","[dcAggregate/NORSNonInfectiousDisease]","[]","Count_MedicalConditionIncident_Rotavirus_PatientDeceased_WaterborneTransmission","[]","1981-03"
"[P1Y]","3","[dcAggregate/NORSNonInfectiousDisease]","[]","Count_MedicalConditionIncident_CyclosporaCayetanensisEtiology_PatientHospitalized_ConfirmedCase_WaterborneTransmission","[]","1990-07"
"[P1Y]","2","[dcAggregate/NORSNonInfectiousDisease]","[]","Count_MedicalConditionIncident_CryptosporidiumParvumEtiology_ConfirmedCase_EnvironmentalContaminationTransmissionExceptFood_Water","[]","2014-07"
"[P1Y]","2","[dcAggregate/NORSNonInfectiousDisease]","[]","Count_MedicalConditionIncident_SapovirusGenogroupII_PatientDeceased_PersonToPersonTransmission","[]","2016-01"
"[P1Y]","13","[dcAggregate/NORSNonInfectiousDisease]","[]","Count_MedicalConditionIncident_NorovirusGenogroupII_PatientHospitalized_EnvironmentalContaminationTransmissionExceptFood_Water","[]","2011-02"
"[P1Y]","3","[dcAggregate/NORSNonInfectiousDisease]","[]","Count_MedicalConditionIncident_EColiEnteropathogenicEtiology_PatientHospitalized_ConfirmedCase_Indeterminate_Other_UnknownTramissionMode","[]","2016-05"
"[P1Y]","5","[dcAggregate/NORSNonInfectiousDisease]","[]","Count_MedicalConditionIncident_Chloramines_PatientHospitalized_ConfirmedCase_WaterborneTransmission","[]","1997-09"
"[P1Y]","5","[dcAggregate/NORSNonInfectiousDisease]","[]","Count_MedicalConditionIncident_CyanotoxinUnknown_WaterborneTransmission","[]","2009-06"
"[P1Y]","2","[dcAggregate/NORSNonInfectiousDisease]","[]","Count_MedicalConditionIncident_EColiEnteropathogenicEtiology_PatientDeceased_ConfirmedCase_WaterborneTransmission","[]","1987-07"
"[P1Y]","4","[dcAggregate/NORSNonInfectiousDisease]","[]","Count_MedicalConditionIncident_Astrovirus_PatientDeceased_Indeterminate_Other_UnknownTramissionMode","[]","2016-04"
"[P1Y]","17","[dcAggregate/NORSNonInfectiousDisease]","[]","Count_MedicalConditionIncident_NORSOtherChemical_Toxin_PatientDeceased_ConfirmedCase_FoodborneTransmission","[]","1998-12"
"[P1Y]","17","[dcAggregate/NORSNonInfectiousDisease]","[]","Count_MedicalConditionIncident_SalmonellaUnknown_PatientDeceased_FoodborneTransmission","[]","2005-08"
"[P1Y]","2","[dcAggregate/NORSNonInfectiousDisease]","[]","Count_MedicalConditionIncident_ShigellaUnknown_PatientDeceased_ConfirmedCase_EnvironmentalContaminationTransmissionExceptFood_Water","[]","2014-11"
"[P1Y]","8","[dcAggregate/NORSNonInfectiousDisease]","[]","Count_MedicalConditionIncident_CryptosporidiumEtiology_PatientDeceased_SuspectedCase_PersonToPersonTransmission","[]","2009-02"
"[P1Y]","3","[dcAggregate/NORSNonInfectiousDisease]","[]","Count_MedicalConditionIncident_CryptosporidiumParvumEtiology_PatientDeceased_SuspectedCase_Indeterminate_Other_UnknownTramissionMode","[]","2013-09"
"[P1Y]","9","[dcAggregate/NORSNonInfectiousDisease]","[]","Count_MedicalConditionIncident_CampylobacterEtiology_PatientDeceased_SuspectedCase_PersonToPersonTransmission","[]","2011-08"
"[P1Y]","6","[dcAggregate/NORSNonInfectiousDisease]","[]","Count_MedicalConditionIncident_CampylobacterColiEtiology_AnimalContactTransmission","[]","2013-04"
"[P1Y]","2","[dcAggregate/NORSNonInfectiousDisease]","[]","Count_MedicalConditionIncident_BacillusOther_PatientDeceased_SuspectedCase_FoodborneTransmission","[]","2006-03"
"[P1Y]","30","[dcAggregate/NORSNonInfectiousDisease]","[]","Count_MedicalConditionIncident_CryptosporidiumUnknown_PatientDeceased_AnimalContactTransmission","[]","2009-01"
"[P1Y]","51","[dcAggregate/NORSNonInfectiousDisease]","[]","Count_MedicalConditionIncident_NorovirusUnknown_FoodborneTransmission","[]","1998-04"
"[P1Y]","45","[dcAggregate/NORSNonInfectiousDisease]","[]","Count_MedicalConditionIncident_SalmonellaEntericaEtiology_PatientDeceased_ConfirmedCase_Indeterminate_Other_UnknownTramissionMode","[]","2009-01"
"[P1Y]","38","[dcAggregate/NORSNonInfectiousDisease]","[]","Count_MedicalConditionIncident_Norovirus_SuspectedCase_FoodborneTransmission","[]","2007-03"
"[P1Y]","2","[dcAggregate/NORSNonInfectiousDisease]","[]","Count_MedicalConditionIncident_SalmonellaEntericaEtiology_SuspectedCase_WaterborneTransmission","[]","2015-09"
"[P1Y]","2","[dcAggregate/NORSNonInfectiousDisease]","[]","Count_MedicalConditionIncident_ToxinsPlant_Herbal_SuspectedCase_WaterborneTransmission","[]","2013-07"
"[P1Y]","3","[dcAggregate/NORSNonInfectiousDisease]","[]","Count_MedicalConditionIncident_TrichinellaUnknown_PatientHospitalized_SuspectedCase_FoodborneTransmission","[]","2012-08"
"[P1Y]","21","[dcAggregate/NORSNonInfectiousDisease]","[]","Count_MedicalConditionIncident_ShigaToxinEColi_ConfirmedCase_AnimalContactTransmission","[]","2009-01"
"[P1Y]","2","[dcAggregate/NORSNonInfectiousDisease]","[]","Count_MedicalConditionIncident_MycobacteriumMageritenseEtiology_ConfirmedCase_WaterborneTransmission","[]","2002-09"
"[P1Y]","2","[dcAggregate/NORSNonInfectiousDisease]","[]","Count_MedicalConditionIncident_YersiniaEtiology_PatientHospitalized_Indeterminate_Other_UnknownTramissionMode","[]","2013-11"
"[P1Y]","3","[dcAggregate/NORSNonInfectiousDisease]","[]","Count_MedicalConditionIncident_CryptosporidiumHominisEtiology_PatientDeceased_ConfirmedCase_PersonToPersonTransmission","[]","2013-11"
"[P1Y]","2","[dcAggregate/NORSNonInfectiousDisease]","[]","Count_MedicalConditionIncident_MycobacteriumAbscessusEtiology_PatientDeceased_SuspectedCase_WaterborneTransmission","[]","2021-07"
"[P1Y]","2","[dcAggregate/NORSNonInfectiousDisease]","[]","Count_MedicalConditionIncident_LeptospiraUnknown_ConfirmedCase_EnvironmentalContaminationTransmissionExceptFood_Water","[]","2023-10"
"[P1Y]","2","[dcAggregate/NORSNonInfectiousDisease]","[]","Count_MedicalConditionIncident_StreptococcusUnknown_WaterborneTransmission","[]","1984-02"
"[P1Y]","13","[dcAggregate/NORSNonInfectiousDisease]","[]","Count_MedicalConditionIncident_CryptosporidiumEtiology_PersonToPersonTransmission","[]","2009-02"
"[P1Y]","2","[dcAggregate/NORSNonInfectiousDisease]","[]","Count_MedicalConditionIncident_GiardiaUnknown_PatientDeceased_ConfirmedCase_FoodborneTransmission","[]","2017-12"
"[P1Y]","4","[dcAggregate/NORSNonInfectiousDisease]","[]","Count_MedicalConditionIncident_GiardiaEtiology_PatientDeceased_ConfirmedCase_WaterborneTransmission","[]","2013-10"
"[P1Y]","2","[dcAggregate/NORSNonInfectiousDisease]","[]","Count_MedicalConditionIncident_StaphylococcusOther_PatientDeceased_SuspectedCase_FoodborneTransmission","[]","2005-08"
"[P1Y]","2","[dcAggregate/NORSNonInfectiousDisease]","[]","Count_MedicalConditionIncident_CyanotoxinOther_PatientDeceased_WaterborneTransmission","[]","2018-06"
"[P1Y]","2","[dcAggregate/NORSNonInfectiousDisease]","[]","Count_MedicalConditionIncident_Norovirus_PatientHospitalized_ConfirmedCase_WaterborneTransmission","[]","2018-07"
"[P1Y]","4","[dcAggregate/NORSNonInfectiousDisease]","[]","Count_MedicalConditionIncident_VibrioEtiology_PatientHospitalized_SuspectedCase_FoodborneTransmission","[]","2018-07"
"[P1Y]","2","[dcAggregate/NORSNonInfectiousDisease]","[]","Count_MedicalConditionIncident_LeptospiraUnknown_EnvironmentalContaminationTransmissionExceptFood_Water","[]","2023-10"
"[P1Y]","11","[dcAggregate/NORSNonInfectiousDisease]","[]","Count_MedicalConditionIncident_GiardiaUnknown_PatientHospitalized_ConfirmedCase_Indeterminate_Other_UnknownTramissionMode","[]","2013-02"
"[P1Y]","20","[dcAggregate/NORSNonInfectiousDisease]","[]","Count_MedicalConditionIncident_Histamine_PatientDeceased_FoodborneTransmission","[]","1999-12"
"[P1Y]","6","[dcAggregate/NORSNonInfectiousDisease]","[]","Count_MedicalConditionIncident_SapovirusGenogroupI_PatientDeceased_PersonToPersonTransmission","[]","2011-02"
"[P1Y]","2","[dcAggregate/NORSNonInfectiousDisease]","[]","Count_MedicalConditionIncident_EnterovirusUnknownEtiology_PatientDeceased_SuspectedCase_PersonToPersonTransmission","[]","2023-03"
"[P1Y]","3","[dcAggregate/NORSNonInfectiousDisease]","[]","Count_MedicalConditionIncident_ClostridiumEtiology_PatientHospitalized_FoodborneTransmission","[]","2013-05"
"[P1Y]","2","[dcAggregate/NORSNonInfectiousDisease]","[]","Count_MedicalConditionIncident_CryptosporidiumParvumEtiology_PatientHospitalized_SuspectedCase_WaterborneTransmission","[]","2018-07"
"[P1Y]","2","[dcAggregate/NORSNonInfectiousDisease]","[]","Count_MedicalConditionIncident_ShigellaUnknown_PatientDeceased_SuspectedCase_WaterborneTransmission","[]","2018-06"
"[P1Y]","11","[dcAggregate/NORSNonInfectiousDisease]","[]","Count_MedicalConditionIncident_CampylobacterUnknown_PatientDeceased_SuspectedCase_PersonToPersonTransmission","[]","2011-03"
"[P1Y]","6","[dcAggregate/NORSNonInfectiousDisease]","[]","Count_MedicalConditionIncident_CleaningAgents_PatientHospitalized_SuspectedCase_FoodborneTransmission","[]","2006-06"
"[P1Y]","2","[dcAggregate/NORSNonInfectiousDisease]","[]","Count_MedicalConditionIncident_GiardiaDuodenalisEtiology_SuspectedCase_Indeterminate_Other_UnknownTramissionMode","[]","2018-08"
"[P1Y]","12","[dcAggregate/NORSNonInfectiousDisease]","[]","Count_MedicalConditionIncident_CryptosporidiumEtiology_PatientDeceased_ConfirmedCase_AnimalContactTransmission","[]","2010-01"
"[P1Y]","5","[dcAggregate/NORSNonInfectiousDisease]","[]","Count_MedicalConditionIncident_ClostridiumEtiology_PatientHospitalized_SuspectedCase_PersonToPersonTransmission","[]","2009-01"
"[P1Y]","3","[dcAggregate/NORSNonInfectiousDisease]","[]","Count_MedicalConditionIncident_CampylobacterFetusEtiology_PatientDeceased_FoodborneTransmission","[]","2003-12"
"[P1Y]","2","[dcAggregate/NORSNonInfectiousDisease]","[]","Count_MedicalConditionIncident_CampylobacterEtiology_PatientDeceased_SuspectedCase_WaterborneTransmission","[]","2018-07"
"[P1Y]","14","[dcAggregate/NORSNonInfectiousDisease]","[]","Count_MedicalConditionIncident_CryptosporidiumParvumEtiology_FoodborneTransmission","[]","1998-09"
"[P1Y]","2","[dcAggregate/NORSNonInfectiousDisease]","[]","Count_MedicalConditionIncident_ToxinsPlant_Herbal_PatientHospitalized_WaterborneTransmission","[]","2013-07"
"[P1Y]","5","[dcAggregate/NORSNonInfectiousDisease]","[]","Count_MedicalConditionIncident_Pesticides_PatientHospitalized_FoodborneTransmission","[]","1998-08"
"[P1Y]","13","[dcAggregate/NORSNonInfectiousDisease]","[]","Count_MedicalConditionIncident_Sapovirus_PatientDeceased_ConfirmedCase_PersonToPersonTransmission","[]","2009-01"
"[P1Y]","12","[dcAggregate/NORSNonInfectiousDisease]","[]","Count_MedicalConditionIncident_CryptosporidiumParvumEtiology_PatientDeceased_ConfirmedCase_AnimalContactTransmission","[]","2009-06"
"[P1Y]","2","[dcAggregate/NORSNonInfectiousDisease]","[]","Count_MedicalConditionIncident_MonosodiumGlutamate_PatientDeceased_FoodborneTransmission","[]","2006-04"
"[P1Y]","4","[dcAggregate/NORSNonInfectiousDisease]","[]","Count_MedicalConditionIncident_CampylobacterOther_FoodborneTransmission","[]","1999-02"
"[P1Y]","32","[dcAggregate/NORSNonInfectiousDisease]","[]","Count_MedicalConditionIncident_PseudomonasUnknown_WaterborneTransmission","[]","1978-02"
"[P1Y]","2","[dcAggregate/NORSNonInfectiousDisease]","[]","Count_MedicalConditionIncident_CampylobacterColiEtiology_ConfirmedCase_PersonToPersonTransmission","[]","2021-03"
"[P1Y]","5","[dcAggregate/NORSNonInfectiousDisease]","[]","Count_MedicalConditionIncident_CampylobacterJejuniEtiology_PatientDeceased_ConfirmedCase_EnvironmentalContaminationTransmissionExceptFood_Water","[]","2012-07"
"[P1Y]","2","[dcAggregate/NORSNonInfectiousDisease]","[]","Count_MedicalConditionIncident_NorovirusOther_PatientHospitalized_SuspectedCase_FoodborneTransmission","[]","2013-06"
"[P1Y]","2","[dcAggregate/NORSNonInfectiousDisease]","[]","Count_MedicalConditionIncident_GiardiaDuodenalisEtiology_PatientDeceased_AnimalContactTransmission","[]","2010-03"
"[P1Y]","3","[dcAggregate/NORSNonInfectiousDisease]","[]","Count_MedicalConditionIncident_GiardiaDuodenalisEtiology_SuspectedCase_WaterborneTransmission","[]","1985-09"
"[P1Y]","20","[dcAggregate/NORSNonInfectiousDisease]","[]","Count_MedicalConditionIncident_ShigellaFlexneriEtiology_PatientHospitalized_PersonToPersonTransmission","[]","2009-07"
"[P1Y]","4","[dcAggregate/NORSNonInfectiousDisease]","[]","Count_MedicalConditionIncident_EColiOther_PatientHospitalized_FoodborneTransmission","[]","1999-09"
"[P1Y]","2","[dcAggregate/NORSNonInfectiousDisease]","[]","Count_MedicalConditionIncident_MycobacteriumOther_SuspectedCase_WaterborneTransmission","[]","2015-01"
"[P1Y]","2","[dcAggregate/NORSNonInfectiousDisease]","[]","Count_MedicalConditionIncident_StaphylococcusAureusEtiology_PatientHospitalized_SuspectedCase_Indeterminate_Other_UnknownTramissionMode","[]","2009-04"
"[P1Y]","15","[dcAggregate/NORSNonInfectiousDisease]","[]","Count_MedicalConditionIncident_CryptosporidiumUnknown_PatientDeceased_ConfirmedCase_Indeterminate_Other_UnknownTramissionMode","[]","2010-07"
"[P1Y]","7","[dcAggregate/NORSNonInfectiousDisease]","[]","Count_MedicalConditionIncident_ShigellaUnknown_PatientHospitalized_ConfirmedCase_FoodborneTransmission","[]","2000-10"
"[P1Y]","22","[dcAggregate/NORSNonInfectiousDisease]","[]","Count_MedicalConditionIncident_CampylobacterJejuniEtiology_PatientHospitalized_SuspectedCase_FoodborneTransmission","[]","2002-02"
"[P1Y]","21","[dcAggregate/NORSNonInfectiousDisease]","[]","Count_MedicalConditionIncident_NORSOtherVirus_PatientDeceased_FoodborneTransmission","[]","1998-01"
"[P1Y]","8","[dcAggregate/NORSNonInfectiousDisease]","[]","Count_MedicalConditionIncident_NORSOtherChemical_Toxin_PatientDeceased_SuspectedCase_WaterborneTransmission","[]","1994-01"
"[P1Y]","2","[dcAggregate/NORSNonInfectiousDisease]","[]","Count_MedicalConditionIncident_NorovirusGenogroupIX_PatientDeceased_ConfirmedCase_FoodborneTransmission","[]","2023-01"
"[P1Y]","8","[dcAggregate/NORSNonInfectiousDisease]","[]","Count_MedicalConditionIncident_EColiEnteropathogenicEtiology_PatientDeceased_FoodborneTransmission","[]","1999-03"
"[P1Y]","13","[dcAggregate/NORSNonInfectiousDisease]","[]","Count_MedicalConditionIncident_SalmonellaEntericaEtiology_PatientHospitalized_ConfirmedCase_WaterborneTransmission","[]","1972-06"
"[P1Y]","2","[dcAggregate/NORSNonInfectiousDisease]","[]","Count_MedicalConditionIncident_CryptosporidiumOther_SuspectedCase_PersonToPersonTransmission","[]","2016-08"
"[P1Y]","16","[dcAggregate/NORSNonInfectiousDisease]","[]","Count_MedicalConditionIncident_NorovirusUnknown_PatientHospitalized_SuspectedCase_WaterborneTransmission","[]","1999-06"
"[P1Y]","2","[dcAggregate/NORSNonInfectiousDisease]","[]","Count_MedicalConditionIncident_YersiniaEtiology_PatientDeceased_ConfirmedCase_FoodborneTransmission","[]","2015-07"
"[P1Y]","46","[dcAggregate/NORSNonInfectiousDisease]","[]","Count_MedicalConditionIncident_StaphylococcusAureusEtiology_PatientHospitalized_FoodborneTransmission","[]","1998-01"
"[P1Y]","3","[dcAggregate/NORSNonInfectiousDisease]","[]","Count_MedicalConditionIncident_EColiEnterotoxigenicEtiology_PatientHospitalized_SuspectedCase_PersonToPersonTransmission","[]","2018-09"
"[P1Y]","2","[dcAggregate/NORSNonInfectiousDisease]","[]","Count_MedicalConditionIncident_LeptospiraUnknown_PatientHospitalized_EnvironmentalContaminationTransmissionExceptFood_Water","[]","2023-10"
"[P1Y]","5","[dcAggregate/NORSNonInfectiousDisease]","[]","Count_MedicalConditionIncident_GiardiaEtiology_PatientHospitalized_ConfirmedCase_Indeterminate_Other_UnknownTramissionMode","[]","2012-10"
"[P1Y]","11","[dcAggregate/NORSNonInfectiousDisease]","[]","Count_MedicalConditionIncident_GiardiaUnknown_PatientDeceased_ConfirmedCase_Indeterminate_Other_UnknownTramissionMode","[]","2013-02"
"[P1Y]","2","[dcAggregate/NORSNonInfectiousDisease]","[]","Count_MedicalConditionIncident_NeurotoxicShellfishPoison_PatientHospitalized_FoodborneTransmission","[]","2001-03"
"[P1Y]","23","[dcAggregate/NORSNonInfectiousDisease]","[]","Count_MedicalConditionIncident_ShigaToxinEColi_PatientHospitalized_SuspectedCase_FoodborneTransmission","[]","1999-04"
"[P1Y]","13","[dcAggregate/NORSNonInfectiousDisease]","[]","Count_MedicalConditionIncident_NorovirusGenogroupI_PatientDeceased_WaterborneTransmission","[]","2006-05"
"[P1Y]","3","[dcAggregate/NORSNonInfectiousDisease]","[]","Count_MedicalConditionIncident_ToxinsPlant_Herbal_PatientDeceased_SuspectedCase_FoodborneTransmission","[]","2001-02"
"[P1Y]","7","[dcAggregate/NORSNonInfectiousDisease]","[]","Count_MedicalConditionIncident_CampylobacterEtiology_PatientHospitalized_ConfirmedCase_Indeterminate_Other_UnknownTramissionMode","[]","2013-06"
"[P1Y]","2","[dcAggregate/NORSNonInfectiousDisease]","[]","Count_MedicalConditionIncident_EnterovirusCoxsackievirusAEtiology_PatientDeceased_ConfirmedCase_WaterborneTransmission","[]","1983-07"
"[P1Y]","11","[dcAggregate/NORSNonInfectiousDisease]","[]","Count_MedicalConditionIncident_SalmonellaOther_PatientDeceased_ConfirmedCase_FoodborneTransmission","[]","2005-09"
"[P1Y]","52","[dcAggregate/NORSNonInfectiousDisease]","[]","Count_MedicalConditionIncident_NorovirusGenogroupI_PatientHospitalized_FoodborneTransmission","[]","1998-01"
"[P1Y]","31","[dcAggregate/NORSNonInfectiousDisease]","[]","Count_MedicalConditionIncident_BacillusCereusEtiology_ConfirmedCase_FoodborneTransmission","[]","1998-04"
"[P1Y]","11","[dcAggregate/NORSNonInfectiousDisease]","[]","Count_MedicalConditionIncident_Fluorine_PatientDeceased_WaterborneTransmission","[]","1972-06"
"[P1Y]","18","[dcAggregate/NORSNonInfectiousDisease]","[]","Count_MedicalConditionIncident_ShigellaFlexneriEtiology_PatientDeceased_ConfirmedCase_PersonToPersonTransmission","[]","2009-07"
"[P1Y]","9","[dcAggregate/NORSNonInfectiousDisease]","[]","Count_MedicalConditionIncident_SalmonellaEtiology_PatientHospitalized_FoodborneTransmission","[]","2013-07"
"[P1Y]","23","[dcAggregate/NORSNonInfectiousDisease]","[]","Count_MedicalConditionIncident_CampylobacterJejuniEtiology_PatientDeceased_ConfirmedCase_WaterborneTransmission","[]","1978-05"
"[P1Y]","2","[dcAggregate/NORSNonInfectiousDisease]","[]","Count_MedicalConditionIncident_MycobacteriumOther_PatientHospitalized_SuspectedCase_WaterborneTransmission","[]","2015-01"
"[P1Y]","4","[dcAggregate/NORSNonInfectiousDisease]","[]","Count_MedicalConditionIncident_Chlordane_PatientDeceased_WaterborneTransmission","[]","1976-03"
"[P1Y]","23","[dcAggregate/NORSNonInfectiousDisease]","[]","Count_MedicalConditionIncident_ShigellaSonneiEtiology_PatientDeceased_SuspectedCase_PersonToPersonTransmission","[]","2009-03"
"[P1Y]","3","[dcAggregate/NORSNonInfectiousDisease]","[]","Count_MedicalConditionIncident_NorovirusGenogroupIV_PatientHospitalized_ConfirmedCase_PersonToPersonTransmission","[]","2012-10"
"[P1Y]","7","[dcAggregate/NORSNonInfectiousDisease]","[]","Count_MedicalConditionIncident_VibrioUnknown_PatientHospitalized_FoodborneTransmission","[]","1999-05"
"[P1Y]","4","[dcAggregate/NORSNonInfectiousDisease]","[]","Count_MedicalConditionIncident_LeptospiraUnknown_WaterborneTransmission","[]","1987-07"
"[P1Y]","4","[dcAggregate/NORSNonInfectiousDisease]","[]","Count_MedicalConditionIncident_ShigaToxinEColi_SuspectedCase_AnimalContactTransmission","[]","2016-08"
"[P1Y]","3","[dcAggregate/NORSNonInfectiousDisease]","[]","Count_MedicalConditionIncident_CampylobacterUnknown_PatientHospitalized_ConfirmedCase_EnvironmentalContaminationTransmissionExceptFood_Water","[]","2018-07"
"[P1Y]","4","[dcAggregate/NORSNonInfectiousDisease]","[]","Count_MedicalConditionIncident_EColiEnteropathogenicEtiology_ConfirmedCase_PersonToPersonTransmission","[]","2018-10"
"[P1Y]","3","[dcAggregate/NORSNonInfectiousDisease]","[]","Count_MedicalConditionIncident_EntamoebaHistolyticaEtiology_PatientDeceased_ConfirmedCase_WaterborneTransmission","[]","1984-06"
"[P1Y]","6","[dcAggregate/NORSNonInfectiousDisease]","[]","Count_MedicalConditionIncident_FuelOil_ConfirmedCase_WaterborneTransmission","[]","1972-11"
"[P1Y]","2","[dcAggregate/NORSNonInfectiousDisease]","[]","Count_MedicalConditionIncident_NORSOtherParasite_PatientDeceased_SuspectedCase_FoodborneTransmission","[]","1999-10"
"[P1Y]","11","[dcAggregate/NORSNonInfectiousDisease]","[]","Count_MedicalConditionIncident_ShigellaSonneiEtiology_SuspectedCase_Indeterminate_Other_UnknownTramissionMode","[]","2009-12"
"[P1Y]","8","[dcAggregate/NORSNonInfectiousDisease]","[]","Count_MedicalConditionIncident_SalmonellaUnknown_WaterborneTransmission","[]","1974-07"
"[P1Y]","2","[dcAggregate/NORSNonInfectiousDisease]","[]","Count_MedicalConditionIncident_Cholera_Indeterminate_Other_UnknownTramissionMode","[]","2015-06"
"[P1Y]","2","[dcAggregate/NORSNonInfectiousDisease]","[]","Count_MedicalConditionIncident_ClostridiumOther_PatientDeceased_FoodborneTransmission","[]","2011-04"
"[P1Y]","11","[dcAggregate/NORSNonInfectiousDisease]","[]","Count_MedicalConditionIncident_ShigellaUnknown_PatientDeceased_SuspectedCase_PersonToPersonTransmission","[]","2015-06"
"[P1Y]","2","[dcAggregate/NORSNonInfectiousDisease]","[]","Count_MedicalConditionIncident_StaphylococcusUnknown_PatientHospitalized_ConfirmedCase_FoodborneTransmission","[]","2013-01"
"[P1Y]","5","[dcAggregate/NORSNonInfectiousDisease]","[]","Count_MedicalConditionIncident_ShigellaEtiology_PatientHospitalized_Indeterminate_Other_UnknownTramissionMode","[]","2015-05"
"[P1Y]","15","[dcAggregate/NORSNonInfectiousDisease]","[]","Count_MedicalConditionIncident_GiardiaUnknown_PatientDeceased_ConfirmedCase_WaterborneTransmission","[]","2004-03"
"[P1Y]","46","[dcAggregate/NORSNonInfectiousDisease]","[]","Count_MedicalConditionIncident_SalmonellaEntericaEtiology_PatientHospitalized_Indeterminate_Other_UnknownTramissionMode","[]","2009-01"
"[P1Y]","15","[dcAggregate/NORSNonInfectiousDisease]","[]","Count_MedicalConditionIncident_NORSUnknown_PatientDeceased_ConfirmedCase_WaterborneTransmission","[]","2007-01"
"[P1Y]","7","[dcAggregate/NORSNonInfectiousDisease]","[]","Count_MedicalConditionIncident_ChlorineGas_PatientHospitalized_ConfirmedCase_WaterborneTransmission","[]","2007-08"
"[P1Y]","2","[dcAggregate/NORSNonInfectiousDisease]","[]","Count_MedicalConditionIncident_CyclosporaEtiology_PatientDeceased_Indeterminate_Other_UnknownTramissionMode","[]","2020-02"
"[P1Y]","2","[dcAggregate/NORSNonInfectiousDisease]","[]","Count_MedicalConditionIncident_BacillusOther_FoodborneTransmission","[]","2006-03"
"[P1Y]","3","[dcAggregate/NORSNonInfectiousDisease]","[]","Count_MedicalConditionIncident_Astrovirus_PatientDeceased_FoodborneTransmission","[]","2002-01"
"[P1Y]","40","[dcAggregate/NORSNonInfectiousDisease]","[]","Count_MedicalConditionIncident_Norovirus_PatientHospitalized_FoodborneTransmission","[]","2007-03"
"[P1Y]","12","[dcAggregate/NORSNonInfectiousDisease]","[]","Count_MedicalConditionIncident_CryptosporidiumEtiology_PatientHospitalized_ConfirmedCase_AnimalContactTransmission","[]","2010-01"
"[P1Y]","8","[dcAggregate/NORSNonInfectiousDisease]","[]","Count_MedicalConditionIncident_Ciguatoxin_SuspectedCase_FoodborneTransmission","[]","1998-07"
"[P1Y]","2","[dcAggregate/NORSNonInfectiousDisease]","[]","Count_MedicalConditionIncident_MycobacteriumAviumComplexEtiology_PatientHospitalized_WaterborneTransmission","[]","2011-01"
"[P1Y]","8","[dcAggregate/NORSNonInfectiousDisease]","[]","Count_MedicalConditionIncident_CryptosporidiumUnknown_SuspectedCase_Indeterminate_Other_UnknownTramissionMode","[]","2011-03"
"[P1Y]","45","[dcAggregate/NORSNonInfectiousDisease]","[]","Count_MedicalConditionIncident_AnimalContactTransmission","[]","2009-01"
"[P1Y]","8","[dcAggregate/NORSNonInfectiousDisease]","[]","Count_MedicalConditionIncident_SalmonellaUnknown_PatientDeceased_WaterborneTransmission","[]","1974-07"
"[P1Y]","2","[dcAggregate/NORSNonInfectiousDisease]","[]","Count_MedicalConditionIncident_NorovirusGenogroupII_PatientHospitalized_SuspectedCase_WaterborneTransmission","[]","2023-05"
"[P1Y]","2","[dcAggregate/NORSNonInfectiousDisease]","[]","Count_MedicalConditionIncident_ClostridiumOther_EnvironmentalContaminationTransmissionExceptFood_Water","[]","2013-11"
"[P1Y]","3","[dcAggregate/NORSNonInfectiousDisease]","[]","Count_MedicalConditionIncident_HydrochloricAcid_WaterborneTransmission","[]","1998-09"
"[P1Y]","6","[dcAggregate/NORSNonInfectiousDisease]","[]","Count_MedicalConditionIncident_EColiEnteroaggregativeEtiology_PatientHospitalized_FoodborneTransmission","[]","2011-12"
"[P1Y]","2","[dcAggregate/NORSNonInfectiousDisease]","[]","Count_MedicalConditionIncident_NORSOtherParasite_PatientHospitalized_SuspectedCase_FoodborneTransmission","[]","1999-10"
"[P1Y]","45","[dcAggregate/NORSNonInfectiousDisease]","[]","Count_MedicalConditionIncident_PatientDeceased_AnimalContactTransmission","[]","2009-01"
"[P1Y]","44","[dcAggregate/NORSNonInfectiousDisease]","[]","Count_MedicalConditionIncident_NorovirusGenogroupII_SuspectedCase_FoodborneTransmission","[]","2000-03"
"[P1Y]","2","[dcAggregate/NORSNonInfectiousDisease]","[]","Count_MedicalConditionIncident_ClostridiumOther_PatientDeceased_ConfirmedCase_EnvironmentalContaminationTransmissionExceptFood_Water","[]","2013-11"
"[P1Y]","23","[dcAggregate/NORSNonInfectiousDisease]","[]","Count_MedicalConditionIncident_CampylobacterJejuniEtiology_PatientHospitalized_ConfirmedCase_WaterborneTransmission","[]","1978-05"
"[P1Y]","2","[dcAggregate/NORSNonInfectiousDisease]","[]","Count_MedicalConditionIncident_ToxoplasmaEtiology_PatientDeceased_SuspectedCase_FoodborneTransmission","[]","2017-11"
"[P1Y]","6","[dcAggregate/NORSNonInfectiousDisease]","[]","Count_MedicalConditionIncident_CampylobacterEtiology_AnimalContactTransmission","[]","2013-08"
"[P1Y]","32","[dcAggregate/NORSNonInfectiousDisease]","[]","Count_MedicalConditionIncident_HepatitisA_PatientHospitalized_ConfirmedCase_FoodborneTransmission","[]","1998-01"
"[P1Y]","2","[dcAggregate/NORSNonInfectiousDisease]","[]","Count_MedicalConditionIncident_Chromium_PatientHospitalized_WaterborneTransmission","[]","1974-09"
"[P1Y]","6","[dcAggregate/NORSNonInfectiousDisease]","[]","Count_MedicalConditionIncident_FuelOil_PatientDeceased_WaterborneTransmission","[]","1972-11"
"[P1Y]","2","[dcAggregate/NORSNonInfectiousDisease]","[]","Count_MedicalConditionIncident_AdenovirusB_PatientHospitalized_ConfirmedCase_PersonToPersonTransmission","[]","2015-10"
"[P1Y]","9","[dcAggregate/NORSNonInfectiousDisease]","[]","Count_MedicalConditionIncident_CryptosporidiumUnknown_PatientDeceased_FoodborneTransmission","[]","2007-07"
"[P1Y]","2","[dcAggregate/NORSNonInfectiousDisease]","[]","Count_MedicalConditionIncident_NORSOtherBacterium_PatientHospitalized_SuspectedCase_Indeterminate_Other_UnknownTramissionMode","[]","2009-04"
"[P1Y]","4","[dcAggregate/NORSNonInfectiousDisease]","[]","Count_MedicalConditionIncident_LegionellaAnisaEtiology_PatientHospitalized_ConfirmedCase_WaterborneTransmission","[]","1988-04"
"[P1Y]","23","[dcAggregate/NORSNonInfectiousDisease]","[]","Count_MedicalConditionIncident_CryptosporidiumParvumEtiology_PatientDeceased_ConfirmedCase_WaterborneTransmission","[]","1984-07"
"[P1Y]","4","[dcAggregate/NORSNonInfectiousDisease]","[]","Count_MedicalConditionIncident_SalmonellaEtiology_SuspectedCase_FoodborneTransmission","[]","2013-07"
"[P1Y]","2","[dcAggregate/NORSNonInfectiousDisease]","[]","Count_MedicalConditionIncident_ProvidenciaUnknown_PatientDeceased_ConfirmedCase_WaterborneTransmission","[]","2008-08"
"[P1Y]","6","[dcAggregate/NORSNonInfectiousDisease]","[]","Count_MedicalConditionIncident_Rotavirus_PatientDeceased_ConfirmedCase_FoodborneTransmission","[]","2000-03"
"[P1Y]","3","[dcAggregate/NORSNonInfectiousDisease]","[]","Count_MedicalConditionIncident_Soap_Detergent_ConfirmedCase_WaterborneTransmission","[]","1979-06"
"[P1Y]","2","[dcAggregate/NORSNonInfectiousDisease]","[]","Count_MedicalConditionIncident_CampylobacterEtiology_ConfirmedCase_WaterborneTransmission","[]","2019-04"
"[P1Y]","4","[dcAggregate/NORSNonInfectiousDisease]","[]","Count_MedicalConditionIncident_PufferFishTetrodotoxin_PatientHospitalized_FoodborneTransmission","[]","2006-11"
"[P1Y]","2","[dcAggregate/NORSNonInfectiousDisease]","[]","Count_MedicalConditionIncident_SapovirusUnknown_PatientDeceased_ConfirmedCase_FoodborneTransmission","[]","2017-06"
"[P1Y]","2","[dcAggregate/NORSNonInfectiousDisease]","[]","Count_MedicalConditionIncident_ClostridiumUnknown_PatientDeceased_SuspectedCase_PersonToPersonTransmission","[]","2013-02"
"[P1Y]","5","[dcAggregate/NORSNonInfectiousDisease]","[]","Count_MedicalConditionIncident_Pesticides_PatientHospitalized_ConfirmedCase_FoodborneTransmission","[]","1998-08"
"[P1Y]","3","[dcAggregate/NORSNonInfectiousDisease]","[]","Count_MedicalConditionIncident_MycobacteriumOther_PatientHospitalized_WaterborneTransmission","[]","2015-01"
"[P1Y]","9","[dcAggregate/NORSNonInfectiousDisease]","[]","Count_MedicalConditionIncident_ShigellaSonneiEtiology_SuspectedCase_FoodborneTransmission","[]","1998-12"
"[P1Y]","15","[dcAggregate/NORSNonInfectiousDisease]","[]","Count_MedicalConditionIncident_CryptosporidiumUnknown_PatientHospitalized_ConfirmedCase_Indeterminate_Other_UnknownTramissionMode","[]","2010-07"
"[P1Y]","3","[dcAggregate/NORSNonInfectiousDisease]","[]","Count_MedicalConditionIncident_NORSUnknown_PatientDeceased_SuspectedCase_FoodborneTransmission","[]","2022-02"
"[P1Y]","6","[dcAggregate/NORSNonInfectiousDisease]","[]","Count_MedicalConditionIncident_EColiEnteropathogenicEtiology_PatientHospitalized_ConfirmedCase_FoodborneTransmission","[]","2004-09"
"[P1Y]","4","[dcAggregate/NORSNonInfectiousDisease]","[]","Count_MedicalConditionIncident_EColiOther_PatientDeceased_SuspectedCase_FoodborneTransmission","[]","1999-09"
"[P1Y]","3","[dcAggregate/NORSNonInfectiousDisease]","[]","Count_MedicalConditionIncident_ListeriaMonocytogenesEtiology_PatientHospitalized_ConfirmedCase_Indeterminate_Other_UnknownTramissionMode","[]","2009-04"
"[P1Y]","12","[dcAggregate/NORSNonInfectiousDisease]","[]","Count_MedicalConditionIncident_YersiniaEnterocoliticaEtiology_FoodborneTransmission","[]","1998-02"
"[P1Y]","6","[dcAggregate/NORSNonInfectiousDisease]","[]","Count_MedicalConditionIncident_NORSUnknownChemical_Toxin_WaterborneTransmission","[]","2007-05"
"[P1Y]","3","[dcAggregate/NORSNonInfectiousDisease]","[]","Count_MedicalConditionIncident_NORSOtherBacterium_PatientDeceased_ConfirmedCase_WaterborneTransmission","[]","2018-02"
"[P1Y]","46","[dcAggregate/NORSNonInfectiousDisease]","[]","Count_MedicalConditionIncident_NorovirusGenogroupI_PatientDeceased_ConfirmedCase_PersonToPersonTransmission","[]","2009-01"
"[P1Y]","2","[dcAggregate/NORSNonInfectiousDisease]","[]","Count_MedicalConditionIncident_ClostridiumEtiology_EnvironmentalContaminationTransmissionExceptFood_Water","[]","2020-02"
"[P1Y]","2","[dcAggregate/NORSNonInfectiousDisease]","[]","Count_MedicalConditionIncident_Astrovirus_PatientDeceased_ConfirmedCase_FoodborneTransmission","[]","2002-01"
"[P1Y]","2","[dcAggregate/NORSNonInfectiousDisease]","[]","Count_MedicalConditionIncident_AdenovirusUnknown_PatientDeceased_PersonToPersonTransmission","[]","2021-10"
"[P1Y]","3","[dcAggregate/NORSNonInfectiousDisease]","[]","Count_MedicalConditionIncident_VibrioOther_PatientHospitalized_ConfirmedCase_FoodborneTransmission","[]","1998-11"
"[P1Y]","2","[dcAggregate/NORSNonInfectiousDisease]","[]","Count_MedicalConditionIncident_YersiniaEtiology_PersonToPersonTransmission","[]","2016-06"
"[P1Y]","4","[dcAggregate/NORSNonInfectiousDisease]","[]","Count_MedicalConditionIncident_Nitrite_PatientDeceased_ConfirmedCase_WaterborneTransmission","[]","1996-03"
"[P1Y]","4","[dcAggregate/NORSNonInfectiousDisease]","[]","Count_MedicalConditionIncident_EColiEnteropathogenicEtiology_PatientHospitalized_ConfirmedCase_PersonToPersonTransmission","[]","2018-10"
"[P1Y]","56","[dcAggregate/NORSNonInfectiousDisease]","[]","Count_MedicalConditionIncident_PatientDeceased_WaterborneTransmission","[]","1971-02"
"[P1Y]","2","[dcAggregate/NORSNonInfectiousDisease]","[]","Count_MedicalConditionIncident_TrichinellaSpiralisEtiology_PatientHospitalized_SuspectedCase_FoodborneTransmission","[]","2023-12"
"[P1Y]","2","[dcAggregate/NORSNonInfectiousDisease]","[]","Count_MedicalConditionIncident_EColiEnteroinvasiveEtiology_PatientHospitalized_ConfirmedCase_PersonToPersonTransmission","[]","2017-08"
"[P1Y]","2","[dcAggregate/NORSNonInfectiousDisease]","[]","Count_MedicalConditionIncident_EColiEnteroinvasiveEtiology_PatientHospitalized_SuspectedCase_FoodborneTransmission","[]","2016-12"
"[P1Y]","46","[dcAggregate/NORSNonInfectiousDisease]","[]","Count_MedicalConditionIncident_StaphylococcusAureusEtiology_PatientDeceased_FoodborneTransmission","[]","1998-01"
"[P1Y]","3","[dcAggregate/NORSNonInfectiousDisease]","[]","Count_MedicalConditionIncident_VibrioUnknown_ConfirmedCase_FoodborneTransmission","[]","2021-07"
"[P1Y]","7","[dcAggregate/NORSNonInfectiousDisease]","[]","Count_MedicalConditionIncident_Sapovirus_Indeterminate_Other_UnknownTramissionMode","[]","2011-12"
"[P1Y]","15","[dcAggregate/NORSNonInfectiousDisease]","[]","Count_MedicalConditionIncident_Sapovirus_PersonToPersonTransmission","[]","2009-01"
"[P1Y]","4","[dcAggregate/NORSNonInfectiousDisease]","[]","Count_MedicalConditionIncident_LegionellaAnisaEtiology_PatientHospitalized_WaterborneTransmission","[]","1988-04"
"[P1Y]","2","[dcAggregate/NORSNonInfectiousDisease]","[]","Count_MedicalConditionIncident_AdenovirusUnknown_PatientHospitalized_WaterborneTransmission","[]","2012-07"
"[P1Y]","3","[dcAggregate/NORSNonInfectiousDisease]","[]","Count_MedicalConditionIncident_GiardiaUnknown_FoodborneTransmission","[]","2016-11"
"[P1Y]","5","[dcAggregate/NORSNonInfectiousDisease]","[]","Count_MedicalConditionIncident_ShigaToxinEColi_SuspectedCase_WaterborneTransmission","[]","1999-09"
"[P1Y]","4","[dcAggregate/NORSNonInfectiousDisease]","[]","Count_MedicalConditionIncident_GiardiaUnknown_SuspectedCase_WaterborneTransmission","[]","2018-08"
"[P1Y]","2","[dcAggregate/NORSNonInfectiousDisease]","[]","Count_MedicalConditionIncident_AdenovirusB_ConfirmedCase_PersonToPersonTransmission","[]","2015-10"
"[P1Y]","10","[dcAggregate/NORSNonInfectiousDisease]","[]","Count_MedicalConditionIncident_SalmonellaUnknown_PatientDeceased_Indeterminate_Other_UnknownTramissionMode","[]","2012-10"
"[P1Y]","3","[dcAggregate/NORSNonInfectiousDisease]","[]","Count_MedicalConditionIncident_Soap_Detergent_PatientHospitalized_ConfirmedCase_WaterborneTransmission","[]","1979-06"
"[P1Y]","5","[dcAggregate/NORSNonInfectiousDisease]","[]","Count_MedicalConditionIncident_LeptospiraInterrogansEtiology_PatientDeceased_WaterborneTransmission","[]","1981-08"
"[P1Y]","14","[dcAggregate/NORSNonInfectiousDisease]","[]","Count_MedicalConditionIncident_SalmonellaUnknown_PatientHospitalized_ConfirmedCase_FoodborneTransmission","[]","2005-09"
"[P1Y]","2","[dcAggregate/NORSNonInfectiousDisease]","[]","Count_MedicalConditionIncident_SapovirusUnknown_PatientHospitalized_ConfirmedCase_FoodborneTransmission","[]","2017-06"
"[P1Y]","4","[dcAggregate/NORSNonInfectiousDisease]","[]","Count_MedicalConditionIncident_ShigellaUnknown_ConfirmedCase_Indeterminate_Other_UnknownTramissionMode","[]","2015-09"
"[P1Y]","2","[dcAggregate/NORSNonInfectiousDisease]","[]","Count_MedicalConditionIncident_VibrioEtiology_PatientDeceased_Indeterminate_Other_UnknownTramissionMode","[]","2022-02"
"[P1Y]","13","[dcAggregate/NORSNonInfectiousDisease]","[]","Count_MedicalConditionIncident_NorovirusGenogroupII_EnvironmentalContaminationTransmissionExceptFood_Water","[]","2011-02"
"[P1Y]","3","[dcAggregate/NORSNonInfectiousDisease]","[]","Count_MedicalConditionIncident_CyclosporaCayetanensisEtiology_PatientDeceased_WaterborneTransmission","[]","1990-07"
"[P1Y]","9","[dcAggregate/NORSNonInfectiousDisease]","[]","Count_MedicalConditionIncident_Histamine_PatientDeceased_SuspectedCase_FoodborneTransmission","[]","2001-07"
"[P1Y]","2","[dcAggregate/NORSNonInfectiousDisease]","[]","Count_MedicalConditionIncident_SapovirusGenogroupI_SuspectedCase_PersonToPersonTransmission","[]","2019-01"
"[P1Y]","2","[dcAggregate/NORSNonInfectiousDisease]","[]","Count_MedicalConditionIncident_CampylobacterEtiology_PatientHospitalized_ConfirmedCase_EnvironmentalContaminationTransmissionExceptFood_Water","[]","2017-10"
"[P1Y]","8","[dcAggregate/NORSNonInfectiousDisease]","[]","Count_MedicalConditionIncident_GiardiaDuodenalisEtiology_PatientHospitalized_Indeterminate_Other_UnknownTramissionMode","[]","2009-07"
"[P1Y]","2","[dcAggregate/NORSNonInfectiousDisease]","[]","Count_MedicalConditionIncident_GiardiaDuodenalisEtiology_PatientHospitalized_SuspectedCase_Indeterminate_Other_UnknownTramissionMode","[]","2018-08"
"[P1Y]","10","[dcAggregate/NORSNonInfectiousDisease]","[]","Count_MedicalConditionIncident_SapovirusUnknown_PatientHospitalized_SuspectedCase_PersonToPersonTransmission","[]","2012-11"
"[P1Y]","2","[dcAggregate/NORSNonInfectiousDisease]","[]","Count_MedicalConditionIncident_CampylobacterFetusEtiology_PatientHospitalized_SuspectedCase_FoodborneTransmission","[]","2003-12"
"[P1Y]","6","[dcAggregate/NORSNonInfectiousDisease]","[]","Count_MedicalConditionIncident_Rotavirus_PatientHospitalized_ConfirmedCase_FoodborneTransmission","[]","2000-03"
"[P1Y]","3","[dcAggregate/NORSNonInfectiousDisease]","[]","Count_MedicalConditionIncident_HydrochloricAcid_PatientDeceased_WaterborneTransmission","[]","1998-09"
"[P1Y]","11","[dcAggregate/NORSNonInfectiousDisease]","[]","Count_MedicalConditionIncident_GiardiaDuodenalisEtiology_PatientHospitalized_ConfirmedCase_FoodborneTransmission","[]","1998-04"
"[P1Y]","3","[dcAggregate/NORSNonInfectiousDisease]","[]","Count_MedicalConditionIncident_TrichinellaUnknown_ConfirmedCase_FoodborneTransmission","[]","2012-01"
"[P1Y]","22","[dcAggregate/NORSNonInfectiousDisease]","[]","Count_MedicalConditionIncident_NorovirusOther_PatientDeceased_WaterborneTransmission","[]","1978-05"
"[P1Y]","12","[dcAggregate/NORSNonInfectiousDisease]","[]","Count_MedicalConditionIncident_GiardiaDuodenalisEtiology_FoodborneTransmission","[]","1998-04"
"[P1Y]","50","[dcAggregate/NORSNonInfectiousDisease]","[]","Count_MedicalConditionIncident_ClostridiumPerfringensEtiology_PatientHospitalized_FoodborneTransmission","[]","1998-01"
"[P1Y]","2","[dcAggregate/NORSNonInfectiousDisease]","[]","Count_MedicalConditionIncident_AdenovirusUnknown_WaterborneTransmission","[]","2012-07"
"[P1Y]","2","[dcAggregate/NORSNonInfectiousDisease]","[]","Count_MedicalConditionIncident_StreptococcusUnknown_PatientDeceased_ConfirmedCase_WaterborneTransmission","[]","1984-02"
"[P1Y]","4","[dcAggregate/NORSNonInfectiousDisease]","[]","Count_MedicalConditionIncident_Norovirus_PatientDeceased_WaterborneTransmission","[]","2009-09"
"[P1Y]","2","[dcAggregate/NORSNonInfectiousDisease]","[]","Count_MedicalConditionIncident_Anisakis_PatientDeceased_ConfirmedCase_FoodborneTransmission","[]","1999-02"
"[P1Y]","17","[dcAggregate/NORSNonInfectiousDisease]","[]","Count_MedicalConditionIncident_SalmonellaUnknown_PatientHospitalized_FoodborneTransmission","[]","2005-08"
"[P1Y]","36","[dcAggregate/NORSNonInfectiousDisease]","[]","Count_MedicalConditionIncident_ShigaToxinEColi_PatientHospitalized_ConfirmedCase_Indeterminate_Other_UnknownTramissionMode","[]","2009-06"
"[P1Y]","14","[dcAggregate/NORSNonInfectiousDisease]","[]","Count_MedicalConditionIncident_SalmonellaEntericaEtiology_PatientDeceased_EnvironmentalContaminationTransmissionExceptFood_Water","[]","2009-10"
"[P1Y]","2","[dcAggregate/NORSNonInfectiousDisease]","[]","Count_MedicalConditionIncident_NORSUnknown_PatientDeceased_SuspectedCase_Indeterminate_Other_UnknownTramissionMode","[]","2023-12"
"[P1Y]","38","[dcAggregate/NORSNonInfectiousDisease]","[]","Count_MedicalConditionIncident_ShigaToxinEColi_PatientDeceased_Indeterminate_Other_UnknownTramissionMode","[]","2009-06"
"[P1Y]","2","[dcAggregate/NORSNonInfectiousDisease]","[]","Count_MedicalConditionIncident_CryptosporidiumOther_PatientDeceased_ConfirmedCase_PersonToPersonTransmission","[]","2021-10"
"[P1Y]","3","[dcAggregate/NORSNonInfectiousDisease]","[]","Count_MedicalConditionIncident_ShigellaFlexneriEtiology_PatientHospitalized_SuspectedCase_FoodborneTransmission","[]","2014-06"
"[P1Y]","7","[dcAggregate/NORSNonInfectiousDisease]","[]","Count_MedicalConditionIncident_EColiEnteropathogenicEtiology_Indeterminate_Other_UnknownTramissionMode","[]","2009-11"
"[P1Y]","46","[dcAggregate/NORSNonInfectiousDisease]","[]","Count_MedicalConditionIncident_CampylobacterJejuniEtiology_PatientDeceased_FoodborneTransmission","[]","1998-05"
"[P1Y]","3","[dcAggregate/NORSNonInfectiousDisease]","[]","Count_MedicalConditionIncident_ShigellaEtiology_PatientHospitalized_FoodborneTransmission","[]","2019-12"
"[P1Y]","3","[dcAggregate/NORSNonInfectiousDisease]","[]","Count_MedicalConditionIncident_EColiEnteroaggregativeEtiology_PatientHospitalized_ConfirmedCase_PersonToPersonTransmission","[]","2016-06"
"[P1Y]","15","[dcAggregate/NORSNonInfectiousDisease]","[]","Count_MedicalConditionIncident_NORSUnknown_PatientHospitalized_ConfirmedCase_WaterborneTransmission","[]","2007-01"
"[P1Y]","4","[dcAggregate/NORSNonInfectiousDisease]","[]","Count_MedicalConditionIncident_Nitrite_ConfirmedCase_WaterborneTransmission","[]","1996-03"
"[P1Y]","8","[dcAggregate/NORSNonInfectiousDisease]","[]","Count_MedicalConditionIncident_TrichinellaSpiralisEtiology_PatientDeceased_ConfirmedCase_FoodborneTransmission","[]","1998-09"
"[P1Y]","6","[dcAggregate/NORSNonInfectiousDisease]","[]","Count_MedicalConditionIncident_FuelOil_PatientHospitalized_ConfirmedCase_WaterborneTransmission","[]","1972-11"
"[P1Y]","2","[dcAggregate/NORSNonInfectiousDisease]","[]","Count_MedicalConditionIncident_CryptosporidiumOther_PatientDeceased_ConfirmedCase_WaterborneTransmission","[]","2016-08"
"[P1Y]","6","[dcAggregate/NORSNonInfectiousDisease]","[]","Count_MedicalConditionIncident_SalmonellaUnknown_PatientHospitalized_ConfirmedCase_PersonToPersonTransmission","[]","2009-07"
"[P1Y]","8","[dcAggregate/NORSNonInfectiousDisease]","[]","Count_MedicalConditionIncident_NORSOtherChemical_Toxin_PatientDeceased_WaterborneTransmission","[]","1994-01"
"[P1Y]","12","[dcAggregate/NORSNonInfectiousDisease]","[]","Count_MedicalConditionIncident_ShigellaEtiology_PatientDeceased_SuspectedCase_PersonToPersonTransmission","[]","2012-01"
"[P1Y]","11","[dcAggregate/NORSNonInfectiousDisease]","[]","Count_MedicalConditionIncident_SalmonellaOther_ConfirmedCase_FoodborneTransmission","[]","2005-09"
"[P1Y]","3","[dcAggregate/NORSNonInfectiousDisease]","[]","Count_MedicalConditionIncident_EntamoebaHistolyticaEtiology_ConfirmedCase_WaterborneTransmission","[]","1984-06"
"[P1Y]","30","[dcAggregate/NORSNonInfectiousDisease]","[]","Count_MedicalConditionIncident_PseudomonasAeruginosaEtiology_PatientHospitalized_WaterborneTransmission","[]","1978-10"
"[P1Y]","14","[dcAggregate/NORSNonInfectiousDisease]","[]","Count_MedicalConditionIncident_PseudomonasUnknown_PatientDeceased_SuspectedCase_WaterborneTransmission","[]","1980-03"
"[P1Y]","17","[dcAggregate/NORSNonInfectiousDisease]","[]","Count_MedicalConditionIncident_SapovirusUnknown_PatientHospitalized_PersonToPersonTransmission","[]","2012-11"
"[P1Y]","24","[dcAggregate/NORSNonInfectiousDisease]","[]","Count_MedicalConditionIncident_Ciguatoxin_PatientHospitalized_FoodborneTransmission","[]","1998-01"
"[P1Y]","2","[dcAggregate/NORSNonInfectiousDisease]","[]","Count_MedicalConditionIncident_GiardiaEtiology_PatientDeceased_SuspectedCase_FoodborneTransmission","[]","2019-12"
"[P1Y]","46","[dcAggregate/NORSNonInfectiousDisease]","[]","Count_MedicalConditionIncident_NorovirusGenogroupI_ConfirmedCase_PersonToPersonTransmission","[]","2009-01"
"[P1Y]","2","[dcAggregate/NORSNonInfectiousDisease]","[]","Count_MedicalConditionIncident_ShigellaBoydiiEtiology_PatientDeceased_WaterborneTransmission","[]","1983-06"
"[P1Y]","13","[dcAggregate/NORSNonInfectiousDisease]","[]","Count_MedicalConditionIncident_ClostridiumOther_PatientDeceased_ConfirmedCase_PersonToPersonTransmission","[]","2009-05"
"[P1Y]","11","[dcAggregate/NORSNonInfectiousDisease]","[]","Count_MedicalConditionIncident_GiardiaDuodenalisEtiology_PatientHospitalized_PersonToPersonTransmission","[]","2009-07"
"[P1Y]","6","[dcAggregate/NORSNonInfectiousDisease]","[]","Count_MedicalConditionIncident_SalmonellaEtiology_PatientHospitalized_ConfirmedCase_FoodborneTransmission","[]","2014-03"
"[P1Y]","3","[dcAggregate/NORSNonInfectiousDisease]","[]","Count_MedicalConditionIncident_EColiEnterotoxigenicEtiology_PatientDeceased_PersonToPersonTransmission","[]","2018-09"
"[P1Y]","8","[dcAggregate/NORSNonInfectiousDisease]","[]","Count_MedicalConditionIncident_ShigellaBoydiiEtiology_PatientHospitalized_FoodborneTransmission","[]","1998-01"
"[P1Y]","7","[dcAggregate/NORSNonInfectiousDisease]","[]","Count_MedicalConditionIncident_SodiumHydroxide_PatientHospitalized_ConfirmedCase_WaterborneTransmission","[]","1980-12"
"[P1Y]","3","[dcAggregate/NORSNonInfectiousDisease]","[]","Count_MedicalConditionIncident_ListeriaMonocytogenesEtiology_PatientHospitalized_Indeterminate_Other_UnknownTramissionMode","[]","2009-04"
"[P1Y]","2","[dcAggregate/NORSNonInfectiousDisease]","[]","Count_MedicalConditionIncident_GiardiaEtiology_FoodborneTransmission","[]","2019-12"
"[P1Y]","50","[dcAggregate/NORSNonInfectiousDisease]","[]","Count_MedicalConditionIncident_ClostridiumPerfringensEtiology_FoodborneTransmission","[]","1998-01"
"[P1Y]","2","[dcAggregate/NORSNonInfectiousDisease]","[]","Count_MedicalConditionIncident_CryptosporidiumOther_ConfirmedCase_WaterborneTransmission","[]","2016-08"
"[P1Y]","3","[dcAggregate/NORSNonInfectiousDisease]","[]","Count_MedicalConditionIncident_CryptosporidiumEtiology_ConfirmedCase_FoodborneTransmission","[]","2014-12"
"[P1Y]","9","[dcAggregate/NORSNonInfectiousDisease]","[]","Count_MedicalConditionIncident_NORSOthers_PatientDeceased_SuspectedCase_FoodborneTransmission","[]","2011-01"
"[P1Y]","4","[dcAggregate/NORSNonInfectiousDisease]","[]","Count_MedicalConditionIncident_SalmonellaEtiology_SuspectedCase_Indeterminate_Other_UnknownTramissionMode","[]","2013-06"
"[P1Y]","2","[dcAggregate/NORSNonInfectiousDisease]","[]","Count_MedicalConditionIncident_AmnesicShellfishPoison_FoodborneTransmission","[]","2013-07"
"[P1Y]","9","[dcAggregate/NORSNonInfectiousDisease]","[]","Count_MedicalConditionIncident_ClostridiumOther_PatientHospitalized_ConfirmedCase_Indeterminate_Other_UnknownTramissionMode","[]","2010-08"
"[P1Y]","2","[dcAggregate/NORSNonInfectiousDisease]","[]","Count_MedicalConditionIncident_ListeriaUnknown_PatientHospitalized_FoodborneTransmission","[]","2006-06"
"[P1Y]","3","[dcAggregate/NORSNonInfectiousDisease]","[]","Count_MedicalConditionIncident_StaphylococcusAureusEtiology_WaterborneTransmission","[]","2003-08"
"[P1Y]","2","[dcAggregate/NORSNonInfectiousDisease]","[]","Count_MedicalConditionIncident_EnterobacterEtiology_PatientHospitalized_PersonToPersonTransmission","[]","2013-11"
"[P1Y]","2","[dcAggregate/NORSNonInfectiousDisease]","[]","Count_MedicalConditionIncident_SalmonellaOther_SuspectedCase_Indeterminate_Other_UnknownTramissionMode","[]","2022-10"
"[P1Y]","3","[dcAggregate/NORSNonInfectiousDisease]","[]","Count_MedicalConditionIncident_SapovirusGenogroupI_PatientHospitalized_ConfirmedCase_FoodborneTransmission","[]","2012-11"
"[P1Y]","11","[dcAggregate/NORSNonInfectiousDisease]","[]","Count_MedicalConditionIncident_SalmonellaOther_PatientHospitalized_ConfirmedCase_FoodborneTransmission","[]","2005-09"
"[P1Y]","28","[dcAggregate/NORSNonInfectiousDisease]","[]","Count_MedicalConditionIncident_NorovirusGenogroupI_ConfirmedCase_Indeterminate_Other_UnknownTramissionMode","[]","2009-01"
"[P1Y]","38","[dcAggregate/NORSNonInfectiousDisease]","[]","Count_MedicalConditionIncident_SalmonellaEntericaEtiology_SuspectedCase_FoodborneTransmission","[]","1998-03"
"[P1Y]","2","[dcAggregate/NORSNonInfectiousDisease]","[]","Count_MedicalConditionIncident_EnterobacterEtiology_SuspectedCase_PersonToPersonTransmission","[]","2013-11"
"[P1Y]","8","[dcAggregate/NORSNonInfectiousDisease]","[]","Count_MedicalConditionIncident_ShigaToxinEColi_PatientHospitalized_ConfirmedCase_EnvironmentalContaminationTransmissionExceptFood_Water","[]","2011-05"
"[P1Y]","2","[dcAggregate/NORSNonInfectiousDisease]","[]","Count_MedicalConditionIncident_EnterobacterOther_PatientDeceased_FoodborneTransmission","[]","2023-11"
"[P1Y]","8","[dcAggregate/NORSNonInfectiousDisease]","[]","Count_MedicalConditionIncident_CryptosporidiumEtiology_SuspectedCase_PersonToPersonTransmission","[]","2009-02"
"[P1Y]","3","[dcAggregate/NORSNonInfectiousDisease]","[]","Count_MedicalConditionIncident_ListeriaMonocytogenesEtiology_PatientDeceased_Indeterminate_Other_UnknownTramissionMode","[]","2009-04"
"[P1Y]","4","[dcAggregate/NORSNonInfectiousDisease]","[]","Count_MedicalConditionIncident_LegionellaMicdadeiEtiology_PatientDeceased_ConfirmedCase_WaterborneTransmission","[]","1977-06"
"[P1Y]","7","[dcAggregate/NORSNonInfectiousDisease]","[]","Count_MedicalConditionIncident_ShigellaUnknown_PatientHospitalized_FoodborneTransmission","[]","2000-07"
"[P1Y]","3","[dcAggregate/NORSNonInfectiousDisease]","[]","Count_MedicalConditionIncident_EntamoebaHistolyticaEtiology_PatientDeceased_WaterborneTransmission","[]","1984-06"
"[P1Y]","4","[dcAggregate/NORSNonInfectiousDisease]","[]","Count_MedicalConditionIncident_Norovirus_WaterborneTransmission","[]","2009-09"
"[P1Y]","36","[dcAggregate/NORSNonInfectiousDisease]","[]","Count_MedicalConditionIncident_ShigaToxinEColi_PatientHospitalized_ConfirmedCase_PersonToPersonTransmission","[]","2009-02"
"[P1Y]","2","[dcAggregate/NORSNonInfectiousDisease]","[]","Count_MedicalConditionIncident_CryptosporidiumHominisEtiology_PatientHospitalized_SuspectedCase_PersonToPersonTransmission","[]","2015-06"
"[P1Y]","42","[dcAggregate/NORSNonInfectiousDisease]","[]","Count_MedicalConditionIncident_StaphylococcusAureusEtiology_PatientHospitalized_ConfirmedCase_FoodborneTransmission","[]","1998-02"
"[P1Y]","6","[dcAggregate/NORSNonInfectiousDisease]","[]","Count_MedicalConditionIncident_CryptosporidiumParvumEtiology_PatientDeceased_SuspectedCase_AnimalContactTransmission","[]","2015-04"
"[P1Y]","8","[dcAggregate/NORSNonInfectiousDisease]","[]","Count_MedicalConditionIncident_GiardiaDuodenalisEtiology_ConfirmedCase_Indeterminate_Other_UnknownTramissionMode","[]","2009-07"
"[P1Y]","2","[dcAggregate/NORSNonInfectiousDisease]","[]","Count_MedicalConditionIncident_Rotavirus_PatientHospitalized_ConfirmedCase_WaterborneTransmission","[]","1981-03"
"[P1Y]","2","[dcAggregate/NORSNonInfectiousDisease]","[]","Count_MedicalConditionIncident_Bromine_PatientHospitalized_ConfirmedCase_WaterborneTransmission","[]","2000-02"
"[P1Y]","35","[dcAggregate/NORSNonInfectiousDisease]","[]","Count_MedicalConditionIncident_NorovirusGenogroupI_PatientHospitalized_Indeterminate_Other_UnknownTramissionMode","[]","2009-01"
"[P1Y]","3","[dcAggregate/NORSNonInfectiousDisease]","[]","Count_MedicalConditionIncident_ToxinsPlant_Herbal_SuspectedCase_FoodborneTransmission","[]","2001-02"
"[P1Y]","46","[dcAggregate/NORSNonInfectiousDisease]","[]","Count_MedicalConditionIncident_ClostridiumPerfringensEtiology_SuspectedCase_FoodborneTransmission","[]","1998-01"
"[P1Y]","30","[dcAggregate/NORSNonInfectiousDisease]","[]","Count_MedicalConditionIncident_CryptosporidiumUnknown_AnimalContactTransmission","[]","2009-01"
"[P1Y]","5","[dcAggregate/NORSNonInfectiousDisease]","[]","Count_MedicalConditionIncident_StreptococcusGroupA_ConfirmedCase_FoodborneTransmission","[]","1998-03"
"[P1Y]","3","[dcAggregate/NORSNonInfectiousDisease]","[]","Count_MedicalConditionIncident_CampylobacterColiEtiology_PatientDeceased_PersonToPersonTransmission","[]","2013-02"
"[P1Y]","14","[dcAggregate/NORSNonInfectiousDisease]","[]","Count_MedicalConditionIncident_ShigellaUnknown_PersonToPersonTransmission","[]","2009-07"
"[P1Y]","9","[dcAggregate/NORSNonInfectiousDisease]","[]","Count_MedicalConditionIncident_GiardiaDuodenalisEtiology_PatientHospitalized_ConfirmedCase_PersonToPersonTransmission","[]","2009-07"
"[P1Y]","5","[dcAggregate/NORSNonInfectiousDisease]","[]","Count_MedicalConditionIncident_CyclosporaCayetanensisEtiology_PatientHospitalized_Indeterminate_Other_UnknownTramissionMode","[]","2009-06"
"[P1Y]","9","[dcAggregate/NORSNonInfectiousDisease]","[]","Count_MedicalConditionIncident_TrichinellaSpiralisEtiology_PatientHospitalized_FoodborneTransmission","[]","1998-09"
"[P1Y]","16","[dcAggregate/NORSNonInfectiousDisease]","[]","Count_MedicalConditionIncident_NorovirusUnknown_SuspectedCase_WaterborneTransmission","[]","1999-06"
"[P1Y]","2","[dcAggregate/NORSNonInfectiousDisease]","[]","Count_MedicalConditionIncident_ClostridiumEtiology_PatientDeceased_EnvironmentalContaminationTransmissionExceptFood_Water","[]","2020-02"
"[P1Y]","2","[dcAggregate/NORSNonInfectiousDisease]","[]","Count_MedicalConditionIncident_NeurotoxicShellfishPoison_FoodborneTransmission","[]","2001-03"
"[P1Y]","2","[dcAggregate/NORSNonInfectiousDisease]","[]","Count_MedicalConditionIncident_ShigellaUnknown_EnvironmentalContaminationTransmissionExceptFood_Water","[]","2014-11"
"[P1Y]","30","[dcAggregate/NORSNonInfectiousDisease]","[]","Count_MedicalConditionIncident_CyclosporaCayetanensisEtiology_PatientDeceased_FoodborneTransmission","[]","1998-05"
"[P1Y]","53","[dcAggregate/NORSNonInfectiousDisease]","[]","Count_MedicalConditionIncident_Indeterminate_Other_UnknownTramissionMode","[]","2009-01"
"[P1Y]","4","[dcAggregate/NORSNonInfectiousDisease]","[]","Count_MedicalConditionIncident_SalmonellaEtiology_PatientHospitalized_PersonToPersonTransmission","[]","2009-01"
"[P1Y]","3","[dcAggregate/NORSNonInfectiousDisease]","[]","Count_MedicalConditionIncident_BrucellaOther_PatientHospitalized_ConfirmedCase_FoodborneTransmission","[]","2021-05"
"[P1Y]","31","[dcAggregate/NORSNonInfectiousDisease]","[]","Count_MedicalConditionIncident_CampylobacterUnknown_PatientDeceased_FoodborneTransmission","[]","1998-01"
"[P1Y]","2","[dcAggregate/NORSNonInfectiousDisease]","[]","Count_MedicalConditionIncident_NORSUnknown_SuspectedCase_Indeterminate_Other_UnknownTramissionMode","[]","2023-12"
"[P1Y]","5","[dcAggregate/NORSNonInfectiousDisease]","[]","Count_MedicalConditionIncident_SapovirusGenogroupI_ConfirmedCase_PersonToPersonTransmission","[]","2011-02"
"[P1Y]","19","[dcAggregate/NORSNonInfectiousDisease]","[]","Count_MedicalConditionIncident_HepatitisA_PatientHospitalized_WaterborneTransmission","[]","1971-06"
"[P1Y]","7","[dcAggregate/NORSNonInfectiousDisease]","[]","Count_MedicalConditionIncident_NORSOtherVirus_PatientDeceased_ConfirmedCase_FoodborneTransmission","[]","2003-10"
"[P1Y]","12","[dcAggregate/NORSNonInfectiousDisease]","[]","Count_MedicalConditionIncident_CyclosporaEtiology_PatientDeceased_FoodborneTransmission","[]","2014-06"
"[P1Y]","12","[dcAggregate/NORSNonInfectiousDisease]","[]","Count_MedicalConditionIncident_CyclosporaEtiology_ConfirmedCase_FoodborneTransmission","[]","2014-06"
"[P1Y]","3","[dcAggregate/NORSNonInfectiousDisease]","[]","Count_MedicalConditionIncident_Soap_Detergent_PatientDeceased_WaterborneTransmission","[]","1979-06"
"[P1Y]","2","[dcAggregate/NORSNonInfectiousDisease]","[]","Count_MedicalConditionIncident_ClostridiumEtiology_PatientDeceased_ConfirmedCase_Indeterminate_Other_UnknownTramissionMode","[]","2020-02"
"[P1Y]","32","[dcAggregate/NORSNonInfectiousDisease]","[]","Count_MedicalConditionIncident_GiardiaDuodenalisEtiology_WaterborneTransmission","[]","1972-05"
"[P1Y]","3","[dcAggregate/NORSNonInfectiousDisease]","[]","Count_MedicalConditionIncident_Nitrate_PatientDeceased_ConfirmedCase_WaterborneTransmission","[]","1993-12"
"[P1Y]","5","[dcAggregate/NORSNonInfectiousDisease]","[]","Count_MedicalConditionIncident_ShigaToxinEColi_PatientHospitalized_SuspectedCase_WaterborneTransmission","[]","1999-09"
"[P1Y]","2","[dcAggregate/NORSNonInfectiousDisease]","[]","Count_MedicalConditionIncident_StreptococcusUnknown_PatientHospitalized_WaterborneTransmission","[]","1984-02"
"[P1Y]","51","[dcAggregate/NORSNonInfectiousDisease]","[]","Count_MedicalConditionIncident_NorovirusUnknown_PatientDeceased_PersonToPersonTransmission","[]","2009-01"
"[P1Y]","26","[dcAggregate/NORSNonInfectiousDisease]","[]","Count_MedicalConditionIncident_CryptosporidiumUnknown_PatientHospitalized_ConfirmedCase_AnimalContactTransmission","[]","2009-01"
"[P1Y]","28","[dcAggregate/NORSNonInfectiousDisease]","[]","Count_MedicalConditionIncident_ShigaToxinEColi_PatientDeceased_ConfirmedCase_WaterborneTransmission","[]","1989-12"
"[P1Y]","2","[dcAggregate/NORSNonInfectiousDisease]","[]","Count_MedicalConditionIncident_StaphylococcusEtiology_Indeterminate_Other_UnknownTramissionMode","[]","2014-02"
"[P1Y]","5","[dcAggregate/NORSNonInfectiousDisease]","[]","Count_MedicalConditionIncident_EColiEnterotoxigenicEtiology_PatientHospitalized_SuspectedCase_FoodborneTransmission","[]","2000-05"
"[P1Y]","3","[dcAggregate/NORSNonInfectiousDisease]","[]","Count_MedicalConditionIncident_NorovirusGenogroupIX_PatientHospitalized_Indeterminate_Other_UnknownTramissionMode","[]","2021-03"
"[P1Y]","3","[dcAggregate/NORSNonInfectiousDisease]","[]","Count_MedicalConditionIncident_SalmonellaEtiology_PatientHospitalized_SuspectedCase_PersonToPersonTransmission","[]","2009-01"
"[P1Y]","3","[dcAggregate/NORSNonInfectiousDisease]","[]","Count_MedicalConditionIncident_ShigellaEtiology_SuspectedCase_FoodborneTransmission","[]","2019-12"
"[P1Y]","37","[dcAggregate/NORSNonInfectiousDisease]","[]","Count_MedicalConditionIncident_SalmonellaEntericaEtiology_PatientHospitalized_AnimalContactTransmission","[]","2009-02"
"[P1Y]","3","[dcAggregate/NORSNonInfectiousDisease]","[]","Count_MedicalConditionIncident_ClostridiumEtiology_ConfirmedCase_FoodborneTransmission","[]","2017-04"
"[P1Y]","46","[dcAggregate/NORSNonInfectiousDisease]","[]","Count_MedicalConditionIncident_CampylobacterJejuniEtiology_PatientHospitalized_FoodborneTransmission","[]","1998-05"
"[P1Y]","3","[dcAggregate/NORSNonInfectiousDisease]","[]","Count_MedicalConditionIncident_EColiEnteroaggregativeEtiology_SuspectedCase_PersonToPersonTransmission","[]","2018-07"
"[P1Y]","4","[dcAggregate/NORSNonInfectiousDisease]","[]","Count_MedicalConditionIncident_Astrovirus_PatientHospitalized_Indeterminate_Other_UnknownTramissionMode","[]","2016-04"
"[P1Y]","2","[dcAggregate/NORSNonInfectiousDisease]","[]","Count_MedicalConditionIncident_EnterococcusFaecalisEtiology_FoodborneTransmission","[]","2009-05"
"[P1Y]","2","[dcAggregate/NORSNonInfectiousDisease]","[]","Count_MedicalConditionIncident_ShigellaUnknown_PatientHospitalized_SuspectedCase_WaterborneTransmission","[]","2018-06"
"[P1Y]","2","[dcAggregate/NORSNonInfectiousDisease]","[]","Count_MedicalConditionIncident_SapovirusGenogroupII_PatientDeceased_ConfirmedCase_PersonToPersonTransmission","[]","2016-01"
"[P1Y]","2","[dcAggregate/NORSNonInfectiousDisease]","[]","Count_MedicalConditionIncident_CyclosporaEtiology_PatientHospitalized_SuspectedCase_FoodborneTransmission","[]","2019-06"
"[P1Y]","3","[dcAggregate/NORSNonInfectiousDisease]","[]","Count_MedicalConditionIncident_NORSOtherBacterium_PatientHospitalized_SuspectedCase_WaterborneTransmission","[]","2004-06"
"[P1Y]","22","[dcAggregate/NORSNonInfectiousDisease]","[]","Count_MedicalConditionIncident_NorovirusOther_WaterborneTransmission","[]","1978-05"
"[P1Y]","3","[dcAggregate/NORSNonInfectiousDisease]","[]","Count_MedicalConditionIncident_SapovirusUnknown_PatientHospitalized_SuspectedCase_Indeterminate_Other_UnknownTramissionMode","[]","2023-05"
"[P1Y]","4","[dcAggregate/NORSNonInfectiousDisease]","[]","Count_MedicalConditionIncident_Sapovirus_PatientHospitalized_SuspectedCase_FoodborneTransmission","[]","2018-04"
"[P1Y]","8","[dcAggregate/NORSNonInfectiousDisease]","[]","Count_MedicalConditionIncident_CryptosporidiumEtiology_ConfirmedCase_PersonToPersonTransmission","[]","2009-07"
"[P1Y]","2","[dcAggregate/NORSNonInfectiousDisease]","[]","Count_MedicalConditionIncident_NorovirusOther_PatientHospitalized_Indeterminate_Other_UnknownTramissionMode","[]","2017-02"
"[P1Y]","2","[dcAggregate/NORSNonInfectiousDisease]","[]","Count_MedicalConditionIncident_ShigellaOther_Indeterminate_Other_UnknownTramissionMode","[]","2012-01"
"[P1Y]","2","[dcAggregate/NORSNonInfectiousDisease]","[]","Count_MedicalConditionIncident_NorovirusGenogroupI_SuspectedCase_EnvironmentalContaminationTransmissionExceptFood_Water","[]","2022-03"
"[P1Y]","5","[dcAggregate/NORSNonInfectiousDisease]","[]","Count_MedicalConditionIncident_LeptospiraInterrogansEtiology_PatientHospitalized_ConfirmedCase_WaterborneTransmission","[]","1981-08"
"[P1Y]","28","[dcAggregate/NORSNonInfectiousDisease]","[]","Count_MedicalConditionIncident_ShigellaSonneiEtiology_Indeterminate_Other_UnknownTramissionMode","[]","2009-01"
"[P1Y]","2","[dcAggregate/NORSNonInfectiousDisease]","[]","Count_MedicalConditionIncident_Phenol_ConfirmedCase_WaterborneTransmission","[]","1974-07"
"[P1Y]","10","[dcAggregate/NORSNonInfectiousDisease]","[]","Count_MedicalConditionIncident_CampylobacterJejuniEtiology_PatientHospitalized_ConfirmedCase_PersonToPersonTransmission","[]","2010-06"
"[P1Y]","2","[dcAggregate/NORSNonInfectiousDisease]","[]","Count_MedicalConditionIncident_ShigellaSonneiEtiology_PatientDeceased_SuspectedCase_WaterborneTransmission","[]","1984-06"
"[P1Y]","4","[dcAggregate/NORSNonInfectiousDisease]","[]","Count_MedicalConditionIncident_ShigellaFlexneriEtiology_PatientDeceased_SuspectedCase_Indeterminate_Other_UnknownTramissionMode","[]","2015-09"
"[P1Y]","2","[dcAggregate/NORSNonInfectiousDisease]","[]","Count_MedicalConditionIncident_StaphylococcusEtiology_PatientHospitalized_SuspectedCase_Indeterminate_Other_UnknownTramissionMode","[]","2014-02"
"[P1Y]","3","[dcAggregate/NORSNonInfectiousDisease]","[]","Count_MedicalConditionIncident_EColiEnteropathogenicEtiology_ConfirmedCase_Indeterminate_Other_UnknownTramissionMode","[]","2016-05"
"[P1Y]","5","[dcAggregate/NORSNonInfectiousDisease]","[]","Count_MedicalConditionIncident_ShigellaSonneiEtiology_PatientDeceased_EnvironmentalContaminationTransmissionExceptFood_Water","[]","2010-08"
"[P1Y]","9","[dcAggregate/NORSNonInfectiousDisease]","[]","Count_MedicalConditionIncident_SalmonellaEtiology_FoodborneTransmission","[]","2013-07"
"[P1Y]","2","[dcAggregate/NORSNonInfectiousDisease]","[]","Count_MedicalConditionIncident_BlastomycesGilchristiiEtiology_PatientDeceased_ConfirmedCase_EnvironmentalContaminationTransmissionExceptFood_Water","[]","2022-12"
"[P1Y]","2","[dcAggregate/NORSNonInfectiousDisease]","[]","Count_MedicalConditionIncident_NorovirusGenogroupIV_PatientHospitalized_FoodborneTransmission","[]","2016-05"
"[P1Y]","2","[dcAggregate/NORSNonInfectiousDisease]","[]","Count_MedicalConditionIncident_SapovirusUnknown_ConfirmedCase_FoodborneTransmission","[]","2017-06"
"[P1Y]","2","[dcAggregate/NORSNonInfectiousDisease]","[]","Count_MedicalConditionIncident_StreptococcusUnknown_PatientDeceased_WaterborneTransmission","[]","1984-02"
"[P1Y]","5","[dcAggregate/NORSNonInfectiousDisease]","[]","Count_MedicalConditionIncident_Cyanotoxin_WaterborneTransmission","[]","2009-06"
"[P1Y]","5","[dcAggregate/NORSNonInfectiousDisease]","[]","Count_MedicalConditionIncident_ParalyticShellfishPoison_PatientHospitalized_ConfirmedCase_FoodborneTransmission","[]","1998-10"
"[P1Y]","3","[dcAggregate/NORSNonInfectiousDisease]","[]","Count_MedicalConditionIncident_SapovirusUnknown_SuspectedCase_Indeterminate_Other_UnknownTramissionMode","[]","2023-05"
"[P1Y]","4","[dcAggregate/NORSNonInfectiousDisease]","[]","Count_MedicalConditionIncident_ClostridiumDifficileEtiology_PatientHospitalized_SuspectedCase_Indeterminate_Other_UnknownTramissionMode","[]","2016-07"
"[P1Y]","2","[dcAggregate/NORSNonInfectiousDisease]","[]","Count_MedicalConditionIncident_NORSOthers_PatientHospitalized_SuspectedCase_WaterborneTransmission","[]","2023-09"
"[P1Y]","3","[dcAggregate/NORSNonInfectiousDisease]","[]","Count_MedicalConditionIncident_NORSOthers_ConfirmedCase_WaterborneTransmission","[]","1978-10"
"[P1Y]","13","[dcAggregate/NORSNonInfectiousDisease]","[]","Count_MedicalConditionIncident_NorovirusGenogroupI_WaterborneTransmission","[]","2006-05"
"[P1Y]","3","[dcAggregate/NORSNonInfectiousDisease]","[]","Count_MedicalConditionIncident_EColiEnteropathogenicEtiology_WaterborneTransmission","[]","1987-07"
"[P1Y]","7","[dcAggregate/NORSNonInfectiousDisease]","[]","Count_MedicalConditionIncident_Cholera_ConfirmedCase_FoodborneTransmission","[]","1998-09"
"[P1Y]","8","[dcAggregate/NORSNonInfectiousDisease]","[]","Count_MedicalConditionIncident_Astrovirus_PersonToPersonTransmission","[]","2011-11"
"[P1Y]","9","[dcAggregate/NORSNonInfectiousDisease]","[]","Count_MedicalConditionIncident_ClostridiumOther_Indeterminate_Other_UnknownTramissionMode","[]","2010-08"
"[P1Y]","51","[dcAggregate/NORSNonInfectiousDisease]","[]","Count_MedicalConditionIncident_NorovirusUnknown_PatientDeceased_FoodborneTransmission","[]","1998-04"
"[P1Y]","10","[dcAggregate/NORSNonInfectiousDisease]","[]","Count_MedicalConditionIncident_SalmonellaUnknown_PersonToPersonTransmission","[]","2009-07"
"[P1Y]","28","[dcAggregate/NORSNonInfectiousDisease]","[]","Count_MedicalConditionIncident_ShigaToxinEColi_WaterborneTransmission","[]","1989-12"
"[P1Y]","12","[dcAggregate/NORSNonInfectiousDisease]","[]","Count_MedicalConditionIncident_CyclosporaEtiology_PatientHospitalized_FoodborneTransmission","[]","2014-06"
"[P1Y]","17","[dcAggregate/NORSNonInfectiousDisease]","[]","Count_MedicalConditionIncident_AvianSchistosomes_PatientHospitalized_WaterborneTransmission","[]","1978-08"
"[P1Y]","16","[dcAggregate/NORSNonInfectiousDisease]","[]","Count_MedicalConditionIncident_NorovirusGenogroupII_PatientDeceased_ConfirmedCase_WaterborneTransmission","[]","2007-05"
"[P1Y]","5","[dcAggregate/NORSNonInfectiousDisease]","[]","Count_MedicalConditionIncident_Chloramines_ConfirmedCase_WaterborneTransmission","[]","1997-09"
"[P1Y]","3","[dcAggregate/NORSNonInfectiousDisease]","[]","Count_MedicalConditionIncident_NORSOtherBacterium_SuspectedCase_WaterborneTransmission","[]","2004-06"
"[P1Y]","16","[dcAggregate/NORSNonInfectiousDisease]","[]","Count_MedicalConditionIncident_LegionellaPneumophilaEtiology_PatientHospitalized_SuspectedCase_WaterborneTransmission","[]","2011-09"
"[P1Y]","4","[dcAggregate/NORSNonInfectiousDisease]","[]","Count_MedicalConditionIncident_LegionellaEtiology_ConfirmedCase_WaterborneTransmission","[]","2012-04"
"[P1Y]","13","[dcAggregate/NORSNonInfectiousDisease]","[]","Count_MedicalConditionIncident_CampylobacterUnknown_PatientDeceased_ConfirmedCase_Indeterminate_Other_UnknownTramissionMode","[]","2009-06"
"[P1Y]","2","[dcAggregate/NORSNonInfectiousDisease]","[]","Count_MedicalConditionIncident_GiardiaUnknown_ConfirmedCase_FoodborneTransmission","[]","2017-12"
"[P1Y]","2","[dcAggregate/NORSNonInfectiousDisease]","[]","Count_MedicalConditionIncident_SapovirusGenogroupII_ConfirmedCase_PersonToPersonTransmission","[]","2016-01"
"[P1Y]","2","[dcAggregate/NORSNonInfectiousDisease]","[]","Count_MedicalConditionIncident_NORSOtherBacterium_PatientHospitalized_ConfirmedCase_Indeterminate_Other_UnknownTramissionMode","[]","2019-05"
"[P1Y]","9","[dcAggregate/NORSNonInfectiousDisease]","[]","Count_MedicalConditionIncident_ShigaToxinEColi_PatientHospitalized_EnvironmentalContaminationTransmissionExceptFood_Water","[]","2011-05"
"[P1Y]","7","[dcAggregate/NORSNonInfectiousDisease]","[]","Count_MedicalConditionIncident_ToxinsPlant_Herbal_FoodborneTransmission","[]","2001-02"
"[P1Y]","5","[dcAggregate/NORSNonInfectiousDisease]","[]","Count_MedicalConditionIncident_GiardiaUnknown_PatientHospitalized_SuspectedCase_PersonToPersonTransmission","[]","2013-10"
"[P1Y]","2","[dcAggregate/NORSNonInfectiousDisease]","[]","Count_MedicalConditionIncident_MicrocoleusLyngbyeiEtiology_PatientHospitalized_WaterborneTransmission","[]","1981-08"
"[P1Y]","2","[dcAggregate/NORSNonInfectiousDisease]","[]","Count_MedicalConditionIncident_Herbicide_PatientHospitalized_WaterborneTransmission","[]","1975-06"
"[P1Y]","2","[dcAggregate/NORSNonInfectiousDisease]","[]","Count_MedicalConditionIncident_AdenovirusUnknown_PatientHospitalized_ConfirmedCase_WaterborneTransmission","[]","2012-07"
"[P1Y]","2","[dcAggregate/NORSNonInfectiousDisease]","[]","Count_MedicalConditionIncident_EscherichiaEtiology_PatientDeceased_SuspectedCase_FoodborneTransmission","[]","2021-05"
"[P1Y]","8","[dcAggregate/NORSNonInfectiousDisease]","[]","Count_MedicalConditionIncident_ShigellaUnknown_PatientHospitalized_ConfirmedCase_PersonToPersonTransmission","[]","2009-07"
"[P1Y]","2","[dcAggregate/NORSNonInfectiousDisease]","[]","Count_MedicalConditionIncident_Morpholine_ConfirmedCase_WaterborneTransmission","[]","1979-08"
"[P1Y]","5","[dcAggregate/NORSNonInfectiousDisease]","[]","Count_MedicalConditionIncident_BrucellaUnknown_PatientHospitalized_FoodborneTransmission","[]","2001-07"
"[P1Y]","3","[dcAggregate/NORSNonInfectiousDisease]","[]","Count_MedicalConditionIncident_BrucellaOther_PatientDeceased_FoodborneTransmission","[]","2021-05"
"[P1Y]","2","[dcAggregate/NORSNonInfectiousDisease]","[]","Count_MedicalConditionIncident_NORSUnknown_Indeterminate_Other_UnknownTramissionMode","[]","2023-12"
"[P1Y]","3","[dcAggregate/NORSNonInfectiousDisease]","[]","Count_MedicalConditionIncident_CryptosporidiumEtiology_FoodborneTransmission","[]","2014-12"
"[P1Y]","3","[dcAggregate/NORSNonInfectiousDisease]","[]","Count_MedicalConditionIncident_CampylobacterColiEtiology_PatientHospitalized_PersonToPersonTransmission","[]","2013-02"
"[P1Y]","2","[dcAggregate/NORSNonInfectiousDisease]","[]","Count_MedicalConditionIncident_LeptospiraUnknown_PatientDeceased_ConfirmedCase_EnvironmentalContaminationTransmissionExceptFood_Water","[]","2023-10"
"[P1Y]","19","[dcAggregate/NORSNonInfectiousDisease]","[]","Count_MedicalConditionIncident_SalmonellaEntericaEtiology_PatientDeceased_SuspectedCase_Indeterminate_Other_UnknownTramissionMode","[]","2010-06"
"[P1Y]","17","[dcAggregate/NORSNonInfectiousDisease]","[]","Count_MedicalConditionIncident_CampylobacterJejuniEtiology_PatientDeceased_ConfirmedCase_AnimalContactTransmission","[]","2009-09"
"[P1Y]","2","[dcAggregate/NORSNonInfectiousDisease]","[]","Count_MedicalConditionIncident_GiardiaDuodenalisEtiology_SuspectedCase_FoodborneTransmission","[]","2006-09"
"[P1Y]","3","[dcAggregate/NORSNonInfectiousDisease]","[]","Count_MedicalConditionIncident_ToxoplasmaEtiology_PatientDeceased_FoodborneTransmission","[]","2017-11"
"[P1Y]","2","[dcAggregate/NORSNonInfectiousDisease]","[]","Count_MedicalConditionIncident_BacillusUnknown_SuspectedCase_FoodborneTransmission","[]","2010-06"
"[P1Y]","2","[dcAggregate/NORSNonInfectiousDisease]","[]","Count_MedicalConditionIncident_CryptosporidiumHominisEtiology_SuspectedCase_WaterborneTransmission","[]","1988-07"
"[P1Y]","6","[dcAggregate/NORSNonInfectiousDisease]","[]","Count_MedicalConditionIncident_VibrioUnknown_PatientHospitalized_SuspectedCase_FoodborneTransmission","[]","1999-05"
"[P1Y]","19","[dcAggregate/NORSNonInfectiousDisease]","[]","Count_MedicalConditionIncident_ListeriaMonocytogenesEtiology_PatientHospitalized_ConfirmedCase_FoodborneTransmission","[]","1998-12"
"[P1Y]","3","[dcAggregate/NORSNonInfectiousDisease]","[]","Count_MedicalConditionIncident_Cholera_PatientDeceased_SuspectedCase_FoodborneTransmission","[]","2013-06"
"[P1Y]","13","[dcAggregate/NORSNonInfectiousDisease]","[]","Count_MedicalConditionIncident_CryptosporidiumUnknown_PatientHospitalized_SuspectedCase_WaterborneTransmission","[]","2007-07"
"[P1Y]","5","[dcAggregate/NORSNonInfectiousDisease]","[]","Count_MedicalConditionIncident_BacillusEtiology_PatientDeceased_SuspectedCase_FoodborneTransmission","[]","2007-01"
"[P1Y]","40","[dcAggregate/NORSNonInfectiousDisease]","[]","Count_MedicalConditionIncident_NorovirusGenogroupI_PatientHospitalized_SuspectedCase_PersonToPersonTransmission","[]","2009-01"
"[P1Y]","13","[dcAggregate/NORSNonInfectiousDisease]","[]","Count_MedicalConditionIncident_NorovirusGenogroupII_PatientDeceased_EnvironmentalContaminationTransmissionExceptFood_Water","[]","2011-02"
"[P1Y]","7","[dcAggregate/NORSNonInfectiousDisease]","[]","Count_MedicalConditionIncident_VibrioUnknown_FoodborneTransmission","[]","1999-05"
"[P1Y]","26","[dcAggregate/NORSNonInfectiousDisease]","[]","Count_MedicalConditionIncident_CampylobacterUnknown_PatientHospitalized_ConfirmedCase_FoodborneTransmission","[]","1998-01"
"[P1Y]","9","[dcAggregate/NORSNonInfectiousDisease]","[]","Count_MedicalConditionIncident_GiardiaUnknown_PatientHospitalized_ConfirmedCase_PersonToPersonTransmission","[]","2013-02"
"[P1Y]","2","[dcAggregate/NORSNonInfectiousDisease]","[]","Count_MedicalConditionIncident_CampylobacterOther_ConfirmedCase_Indeterminate_Other_UnknownTramissionMode","[]","2012-03"
"[P1Y]","2","[dcAggregate/NORSNonInfectiousDisease]","[]","Count_MedicalConditionIncident_CryptosporidiumHominisEtiology_ConfirmedCase_FoodborneTransmission","[]","2018-09"
"[P1Y]","32","[dcAggregate/NORSNonInfectiousDisease]","[]","Count_MedicalConditionIncident_BacillusCereusEtiology_PatientHospitalized_SuspectedCase_FoodborneTransmission","[]","1998-01"
"[P1Y]","8","[dcAggregate/NORSNonInfectiousDisease]","[]","Count_MedicalConditionIncident_SalmonellaUnknown_PatientHospitalized_WaterborneTransmission","[]","1974-07"
"[P1Y]","3","[dcAggregate/NORSNonInfectiousDisease]","[]","Count_MedicalConditionIncident_GiardiaUnknown_PatientDeceased_SuspectedCase_Indeterminate_Other_UnknownTramissionMode","[]","2012-08"
"[P1Y]","2","[dcAggregate/NORSNonInfectiousDisease]","[]","Count_MedicalConditionIncident_CampylobacterEtiology_PatientHospitalized_SuspectedCase_WaterborneTransmission","[]","2018-07"
"[P1Y]","2","[dcAggregate/NORSNonInfectiousDisease]","[]","Count_MedicalConditionIncident_Phenol_PatientDeceased_WaterborneTransmission","[]","1974-07"
"[P1Y]","11","[dcAggregate/NORSNonInfectiousDisease]","[]","Count_MedicalConditionIncident_CryptosporidiumUnknown_PatientHospitalized_SuspectedCase_AnimalContactTransmission","[]","2012-02"
"[P1Y]","28","[dcAggregate/NORSNonInfectiousDisease]","[]","Count_MedicalConditionIncident_NorovirusGenogroupI_PatientDeceased_ConfirmedCase_Indeterminate_Other_UnknownTramissionMode","[]","2009-01"
"[P1Y]","7","[dcAggregate/NORSNonInfectiousDisease]","[]","Count_MedicalConditionIncident_CampylobacterJejuniEtiology_PatientHospitalized_SuspectedCase_PersonToPersonTransmission","[]","2012-06"
"[P1Y]","2","[dcAggregate/NORSNonInfectiousDisease]","[]","Count_MedicalConditionIncident_ProvidenciaUnknown_WaterborneTransmission","[]","2008-08"
"[P1Y]","17","[dcAggregate/NORSNonInfectiousDisease]","[]","Count_MedicalConditionIncident_VibrioParahaemolyticusEtiology_PatientHospitalized_SuspectedCase_FoodborneTransmission","[]","1998-04"
"[P1Y]","2","[dcAggregate/NORSNonInfectiousDisease]","[]","Count_MedicalConditionIncident_NorovirusGenogroupIX_FoodborneTransmission","[]","2023-01"
"[P1Y]","12","[dcAggregate/NORSNonInfectiousDisease]","[]","Count_MedicalConditionIncident_CyclosporaEtiology_FoodborneTransmission","[]","2014-06"
"[P1Y]","3","[dcAggregate/NORSNonInfectiousDisease]","[]","Count_MedicalConditionIncident_CampylobacterUnknown_PatientHospitalized_SuspectedCase_WaterborneTransmission","[]","2017-05"
"[P1Y]","17","[dcAggregate/NORSNonInfectiousDisease]","[]","Count_MedicalConditionIncident_ScombroidToxin_PatientHospitalized_SuspectedCase_FoodborneTransmission","[]","1998-01"
"[P1Y]","2","[dcAggregate/NORSNonInfectiousDisease]","[]","Count_MedicalConditionIncident_AdenovirusUnknown_PatientHospitalized_PersonToPersonTransmission","[]","2021-10"
"[P1Y]","4","[dcAggregate/NORSNonInfectiousDisease]","[]","Count_MedicalConditionIncident_ShigellaEtiology_PatientDeceased_ConfirmedCase_Indeterminate_Other_UnknownTramissionMode","[]","2015-05"
"[P1Y]","8","[dcAggregate/NORSNonInfectiousDisease]","[]","Count_MedicalConditionIncident_SalmonellaOther_PatientDeceased_PersonToPersonTransmission","[]","2014-05"
"[P1Y]","28","[dcAggregate/NORSNonInfectiousDisease]","[]","Count_MedicalConditionIncident_ShigellaSonneiEtiology_PatientHospitalized_ConfirmedCase_FoodborneTransmission","[]","1998-01"
"[P1Y]","41","[dcAggregate/NORSNonInfectiousDisease]","[]","Count_MedicalConditionIncident_BacillusCereusEtiology_PatientDeceased_FoodborneTransmission","[]","1998-01"
"[P1Y]","8","[dcAggregate/NORSNonInfectiousDisease]","[]","Count_MedicalConditionIncident_CryptosporidiumUnknown_PatientDeceased_SuspectedCase_Indeterminate_Other_UnknownTramissionMode","[]","2011-03"
"[P1Y]","2","[dcAggregate/NORSNonInfectiousDisease]","[]","Count_MedicalConditionIncident_ClostridiumEtiology_PatientHospitalized_EnvironmentalContaminationTransmissionExceptFood_Water","[]","2020-02"
"[P1Y]","4","[dcAggregate/NORSNonInfectiousDisease]","[]","Count_MedicalConditionIncident_Chlordane_PatientDeceased_ConfirmedCase_WaterborneTransmission","[]","1976-03"
"[P1Y]","19","[dcAggregate/NORSNonInfectiousDisease]","[]","Count_MedicalConditionIncident_CryptosporidiumUnknown_PatientHospitalized_ConfirmedCase_PersonToPersonTransmission","[]","2009-09"
"[P1Y]","10","[dcAggregate/NORSNonInfectiousDisease]","[]","Count_MedicalConditionIncident_ChlorineGas_PatientHospitalized_WaterborneTransmission","[]","2007-08"
"[P1Y]","41","[dcAggregate/NORSNonInfectiousDisease]","[]","Count_MedicalConditionIncident_NorovirusUnknown_PatientHospitalized_Indeterminate_Other_UnknownTramissionMode","[]","2009-01"
"[P1Y]","5","[dcAggregate/NORSNonInfectiousDisease]","[]","Count_MedicalConditionIncident_Mycotoxins_PatientDeceased_SuspectedCase_FoodborneTransmission","[]","2005-10"
"[P1Y]","10","[dcAggregate/NORSNonInfectiousDisease]","[]","Count_MedicalConditionIncident_ShigellaFlexneriEtiology_PatientDeceased_ConfirmedCase_WaterborneTransmission","[]","1976-08"
"[P1Y]","2","[dcAggregate/NORSNonInfectiousDisease]","[]","Count_MedicalConditionIncident_SalmonellaOther_PatientHospitalized_AnimalContactTransmission","[]","2016-11"
"[P1Y]","5","[dcAggregate/NORSNonInfectiousDisease]","[]","Count_MedicalConditionIncident_EColiOther_PatientHospitalized_Indeterminate_Other_UnknownTramissionMode","[]","2012-07"
"[P1Y]","29","[dcAggregate/NORSNonInfectiousDisease]","[]","Count_MedicalConditionIncident_CryptosporidiumHominisEtiology_WaterborneTransmission","[]","1988-07"
"[P1Y]","2","[dcAggregate/NORSNonInfectiousDisease]","[]","Count_MedicalConditionIncident_StreptococcusGroupB_C_G_PatientDeceased_ConfirmedCase_AnimalContactTransmission","[]","2013-02"
"[P1Y]","13","[dcAggregate/NORSNonInfectiousDisease]","[]","Count_MedicalConditionIncident_ClostridiumOther_PatientHospitalized_PersonToPersonTransmission","[]","2009-05"
"[P1Y]","2","[dcAggregate/NORSNonInfectiousDisease]","[]","Count_MedicalConditionIncident_YersiniaEtiology_ConfirmedCase_FoodborneTransmission","[]","2015-07"
"[P1Y]","2","[dcAggregate/NORSNonInfectiousDisease]","[]","Count_MedicalConditionIncident_EthylAcrylate_ConfirmedCase_WaterborneTransmission","[]","1975-10"
"[P1Y]","6","[dcAggregate/NORSNonInfectiousDisease]","[]","Count_MedicalConditionIncident_ParalyticShellfishPoison_PatientDeceased_FoodborneTransmission","[]","1998-10"
"[P1Y]","2","[dcAggregate/NORSNonInfectiousDisease]","[]","Count_MedicalConditionIncident_SalmonellaOther_PatientDeceased_SuspectedCase_PersonToPersonTransmission","[]","2018-02"
"[P1Y]","53","[dcAggregate/NORSNonInfectiousDisease]","[]","Count_MedicalConditionIncident_PersonToPersonTransmission","[]","2009-01"
"[P1Y]","6","[dcAggregate/NORSNonInfectiousDisease]","[]","Count_MedicalConditionIncident_FuelOil_PatientHospitalized_WaterborneTransmission","[]","1972-11"
"[P1Y]","2","[dcAggregate/NORSNonInfectiousDisease]","[]","Count_MedicalConditionIncident_CryptosporidiumOther_PatientDeceased_SuspectedCase_PersonToPersonTransmission","[]","2016-08"
"[P1Y]","2","[dcAggregate/NORSNonInfectiousDisease]","[]","Count_MedicalConditionIncident_BacillusUnknown_PatientDeceased_FoodborneTransmission","[]","2010-06"
"[P1Y]","4","[dcAggregate/NORSNonInfectiousDisease]","[]","Count_MedicalConditionIncident_CampylobacterOther_PatientDeceased_FoodborneTransmission","[]","1999-02"
"[P1Y]","44","[dcAggregate/NORSNonInfectiousDisease]","[]","Count_MedicalConditionIncident_NorovirusGenogroupII_PatientHospitalized_SuspectedCase_FoodborneTransmission","[]","2000-03"
"[P1Y]","13","[dcAggregate/NORSNonInfectiousDisease]","[]","Count_MedicalConditionIncident_CampylobacterEtiology_ConfirmedCase_FoodborneTransmission","[]","2012-06"
"[P1Y]","7","[dcAggregate/NORSNonInfectiousDisease]","[]","Count_MedicalConditionIncident_VibrioEtiology_PatientDeceased_FoodborneTransmission","[]","2018-07"
"[P1Y]","4","[dcAggregate/NORSNonInfectiousDisease]","[]","Count_MedicalConditionIncident_ClostridiumPerfringensEtiology_PatientDeceased_Indeterminate_Other_UnknownTramissionMode","[]","2013-01"
"[P1Y]","2","[dcAggregate/NORSNonInfectiousDisease]","[]","Count_MedicalConditionIncident_NORSUnknownVirus_Indeterminate_Other_UnknownTramissionMode","[]","2023-12"
"[P1Y]","2","[dcAggregate/NORSNonInfectiousDisease]","[]","Count_MedicalConditionIncident_CryptosporidiumOther_PatientDeceased_WaterborneTransmission","[]","2016-08"
"[P1Y]","6","[dcAggregate/NORSNonInfectiousDisease]","[]","Count_MedicalConditionIncident_ClostridiumEtiology_PatientHospitalized_PersonToPersonTransmission","[]","2009-01"
"[P1Y]","25","[dcAggregate/NORSNonInfectiousDisease]","[]","Count_MedicalConditionIncident_NORSOtherChemical_Toxin_FoodborneTransmission","[]","1998-05"
"[P1Y]","8","[dcAggregate/NORSNonInfectiousDisease]","[]","Count_MedicalConditionIncident_NorovirusUnknown_PatientDeceased_SuspectedCase_EnvironmentalContaminationTransmissionExceptFood_Water","[]","2013-09"
"[P1Y]","11","[dcAggregate/NORSNonInfectiousDisease]","[]","Count_MedicalConditionIncident_YersiniaEnterocoliticaEtiology_ConfirmedCase_FoodborneTransmission","[]","1998-02"
"[P1Y]","19","[dcAggregate/NORSNonInfectiousDisease]","[]","Count_MedicalConditionIncident_ClostridiumDifficileEtiology_ConfirmedCase_PersonToPersonTransmission","[]","2014-12"
"[P1Y]","32","[dcAggregate/NORSNonInfectiousDisease]","[]","Count_MedicalConditionIncident_HepatitisA_ConfirmedCase_FoodborneTransmission","[]","1998-01"
"[P1Y]","3","[dcAggregate/NORSNonInfectiousDisease]","[]","Count_MedicalConditionIncident_GiardiaUnknown_PatientDeceased_FoodborneTransmission","[]","2016-11"
"[P1Y]","3","[dcAggregate/NORSNonInfectiousDisease]","[]","Count_MedicalConditionIncident_NORSOtherVirus_PatientDeceased_SuspectedCase_PersonToPersonTransmission","[]","2020-05"
"[P1Y]","2","[dcAggregate/NORSNonInfectiousDisease]","[]","Count_MedicalConditionIncident_ClostridiumEtiology_PatientHospitalized_SuspectedCase_FoodborneTransmission","[]","2013-05"
"[P1Y]","53","[dcAggregate/NORSNonInfectiousDisease]","[]","Count_MedicalConditionIncident_PatientHospitalized_PersonToPersonTransmission","[]","2009-01"
"[P1Y]","37","[dcAggregate/NORSNonInfectiousDisease]","[]","Count_MedicalConditionIncident_SalmonellaEntericaEtiology_PatientDeceased_PersonToPersonTransmission","[]","2009-04"
"[P1Y]","2","[dcAggregate/NORSNonInfectiousDisease]","[]","Count_MedicalConditionIncident_StreptococcusGroupB_C_G_PatientHospitalized_AnimalContactTransmission","[]","2013-02"
"[P1Y]","8","[dcAggregate/NORSNonInfectiousDisease]","[]","Count_MedicalConditionIncident_GiardiaEtiology_PatientHospitalized_ConfirmedCase_PersonToPersonTransmission","[]","2013-06"
"[P1Y]","3","[dcAggregate/NORSNonInfectiousDisease]","[]","Count_MedicalConditionIncident_MycobacteriumAbscessusEtiology_ConfirmedCase_WaterborneTransmission","[]","2013-01"
"[P1Y]","7","[dcAggregate/NORSNonInfectiousDisease]","[]","Count_MedicalConditionIncident_CyclosporaCayetanensisEtiology_PatientHospitalized_SuspectedCase_FoodborneTransmission","[]","2002-04"
"[P1Y]","4","[dcAggregate/NORSNonInfectiousDisease]","[]","Count_MedicalConditionIncident_Chlordane_ConfirmedCase_WaterborneTransmission","[]","1976-03"
"[P1Y]","2","[dcAggregate/NORSNonInfectiousDisease]","[]","Count_MedicalConditionIncident_CryptosporidiumParvumEtiology_PatientDeceased_EnvironmentalContaminationTransmissionExceptFood_Water","[]","2014-07"
"[P1Y]","4","[dcAggregate/NORSNonInfectiousDisease]","[]","Count_MedicalConditionIncident_CryptosporidiumUnknown_SuspectedCase_FoodborneTransmission","[]","2014-06"
"[P1Y]","4","[dcAggregate/NORSNonInfectiousDisease]","[]","Count_MedicalConditionIncident_NORSUnknownBacterium_SuspectedCase_WaterborneTransmission","[]","2008-07"
"[P1Y]","16","[dcAggregate/NORSNonInfectiousDisease]","[]","Count_MedicalConditionIncident_NorovirusGenogroupII_PatientDeceased_WaterborneTransmission","[]","2007-05"
"[P1Y]","3","[dcAggregate/NORSNonInfectiousDisease]","[]","Count_MedicalConditionIncident_CryptosporidiumEtiology_WaterborneTransmission","[]","2009-08"
"[P1Y]","3","[dcAggregate/NORSNonInfectiousDisease]","[]","Count_MedicalConditionIncident_MicrocystisUnknown_PatientDeceased_WaterborneTransmission","[]","2013-09"
"[P1Y]","2","[dcAggregate/NORSNonInfectiousDisease]","[]","Count_MedicalConditionIncident_MycobacteriumAviumEtiology_PatientHospitalized_WaterborneTransmission","[]","2015-06"
"[P1Y]","3","[dcAggregate/NORSNonInfectiousDisease]","[]","Count_MedicalConditionIncident_SapovirusGenogroupI_FoodborneTransmission","[]","2012-11"
"[P1Y]","9","[dcAggregate/NORSNonInfectiousDisease]","[]","Count_MedicalConditionIncident_ClostridiumOther_PatientHospitalized_Indeterminate_Other_UnknownTramissionMode","[]","2010-08"
"[P1Y]","17","[dcAggregate/NORSNonInfectiousDisease]","[]","Count_MedicalConditionIncident_NORSOtherChemical_Toxin_ConfirmedCase_FoodborneTransmission","[]","1998-12"
"[P1Y]","3","[dcAggregate/NORSNonInfectiousDisease]","[]","Count_MedicalConditionIncident_CyclosporaCayetanensisEtiology_WaterborneTransmission","[]","1990-07"
"[P1Y]","3","[dcAggregate/NORSNonInfectiousDisease]","[]","Count_MedicalConditionIncident_Adenovirus_PatientDeceased_ConfirmedCase_WaterborneTransmission","[]","1980-06"
"[P1Y]","5","[dcAggregate/NORSNonInfectiousDisease]","[]","Count_MedicalConditionIncident_CampylobacterJejuniEtiology_PatientDeceased_SuspectedCase_AnimalContactTransmission","[]","2009-05"
"[P1Y]","3","[dcAggregate/NORSNonInfectiousDisease]","[]","Count_MedicalConditionIncident_ClostridiumEtiology_PatientDeceased_ConfirmedCase_FoodborneTransmission","[]","2017-04"
"[P1Y]","3","[dcAggregate/NORSNonInfectiousDisease]","[]","Count_MedicalConditionIncident_VibrioUnknown_PatientDeceased_ConfirmedCase_FoodborneTransmission","[]","2021-07"
"[P1Y]","2","[dcAggregate/NORSNonInfectiousDisease]","[]","Count_MedicalConditionIncident_AmnesicShellfishPoison_PatientDeceased_ConfirmedCase_FoodborneTransmission","[]","2013-07"
"[P1Y]","4","[dcAggregate/NORSNonInfectiousDisease]","[]","Count_MedicalConditionIncident_CryptosporidiumEtiology_PatientDeceased_SuspectedCase_AnimalContactTransmission","[]","2013-10"
"[P1Y]","8","[dcAggregate/NORSNonInfectiousDisease]","[]","Count_MedicalConditionIncident_StaphylococcusUnknown_PatientDeceased_SuspectedCase_FoodborneTransmission","[]","2005-10"
"[P1Y]","7","[dcAggregate/NORSNonInfectiousDisease]","[]","Count_MedicalConditionIncident_ShigellaUnknown_PatientDeceased_FoodborneTransmission","[]","2000-07"
"[P1Y]","4","[dcAggregate/NORSNonInfectiousDisease]","[]","Count_MedicalConditionIncident_Nitrite_PatientDeceased_WaterborneTransmission","[]","1996-03"
"[P1Y]","2","[dcAggregate/NORSNonInfectiousDisease]","[]","Count_MedicalConditionIncident_EColiEnteropathogenicEtiology_ConfirmedCase_WaterborneTransmission","[]","1987-07"
"[P1Y]","9","[dcAggregate/NORSNonInfectiousDisease]","[]","Count_MedicalConditionIncident_NorovirusOther_PatientDeceased_PersonToPersonTransmission","[]","2014-02"
"[P1Y]","2","[dcAggregate/NORSNonInfectiousDisease]","[]","Count_MedicalConditionIncident_MycobacteriumAviumEtiology_WaterborneTransmission","[]","2015-06"
"[P1Y]","7","[dcAggregate/NORSNonInfectiousDisease]","[]","Count_MedicalConditionIncident_CryptosporidiumUnknown_PatientHospitalized_ConfirmedCase_FoodborneTransmission","[]","2007-07"
"[P1Y]","3","[dcAggregate/NORSNonInfectiousDisease]","[]","Count_MedicalConditionIncident_CryptosporidiumHominisEtiology_PatientHospitalized_Indeterminate_Other_UnknownTramissionMode","[]","2016-10"
"[P1Y]","11","[dcAggregate/NORSNonInfectiousDisease]","[]","Count_MedicalConditionIncident_ShigellaEtiology_PatientDeceased_ConfirmedCase_PersonToPersonTransmission","[]","2012-09"
"[P1Y]","2","[dcAggregate/NORSNonInfectiousDisease]","[]","Count_MedicalConditionIncident_StreptococcusGroupB_C_G_PatientDeceased_AnimalContactTransmission","[]","2013-02"
"[P1Y]","2","[dcAggregate/NORSNonInfectiousDisease]","[]","Count_MedicalConditionIncident_SalmonellaBongori_AnimalContactTransmission","[]","2021-06"
"[P1Y]","10","[dcAggregate/NORSNonInfectiousDisease]","[]","Count_MedicalConditionIncident_SalmonellaEntericaEtiology_SuspectedCase_AnimalContactTransmission","[]","2011-12"
"[P1Y]","6","[dcAggregate/NORSNonInfectiousDisease]","[]","Count_MedicalConditionIncident_EColiEnteropathogenicEtiology_ConfirmedCase_FoodborneTransmission","[]","2004-09"
"[P1Y]","17","[dcAggregate/NORSNonInfectiousDisease]","[]","Count_MedicalConditionIncident_NORSOtherVirus_SuspectedCase_FoodborneTransmission","[]","1998-01"
"[P1Y]","19","[dcAggregate/NORSNonInfectiousDisease]","[]","Count_MedicalConditionIncident_PseudomonasAeruginosaEtiology_PatientDeceased_SuspectedCase_WaterborneTransmission","[]","1984-01"
"[P1Y]","40","[dcAggregate/NORSNonInfectiousDisease]","[]","Count_MedicalConditionIncident_ShigellaSonneiEtiology_PatientDeceased_ConfirmedCase_PersonToPersonTransmission","[]","2009-01"
"[P1Y]","2","[dcAggregate/NORSNonInfectiousDisease]","[]","Count_MedicalConditionIncident_EColiEnteropathogenicEtiology_PatientHospitalized_ConfirmedCase_WaterborneTransmission","[]","1987-07"
"[P1Y]","4","[dcAggregate/NORSNonInfectiousDisease]","[]","Count_MedicalConditionIncident_BacillusCereusEtiology_PatientHospitalized_SuspectedCase_Indeterminate_Other_UnknownTramissionMode","[]","2011-04"
"[P1Y]","4","[dcAggregate/NORSNonInfectiousDisease]","[]","Count_MedicalConditionIncident_NORSUnknownVirus_PatientHospitalized_WaterborneTransmission","[]","2010-03"
"[P1Y]","46","[dcAggregate/NORSNonInfectiousDisease]","[]","Count_MedicalConditionIncident_NorovirusUnknown_SuspectedCase_FoodborneTransmission","[]","1998-04"
"[P1Y]","2","[dcAggregate/NORSNonInfectiousDisease]","[]","Count_MedicalConditionIncident_ShigellaOther_PatientHospitalized_Indeterminate_Other_UnknownTramissionMode","[]","2012-01"
"[P1Y]","22","[dcAggregate/NORSNonInfectiousDisease]","[]","Count_MedicalConditionIncident_PseudomonasAeruginosaEtiology_ConfirmedCase_WaterborneTransmission","[]","1978-10"
"[P1Y]","20","[dcAggregate/NORSNonInfectiousDisease]","[]","Count_MedicalConditionIncident_Histamine_PatientHospitalized_FoodborneTransmission","[]","1999-12"
"[P1Y]","4","[dcAggregate/NORSNonInfectiousDisease]","[]","Count_MedicalConditionIncident_CryptosporidiumEtiology_PatientHospitalized_SuspectedCase_AnimalContactTransmission","[]","2013-10"
"[P1Y]","6","[dcAggregate/NORSNonInfectiousDisease]","[]","Count_MedicalConditionIncident_ParalyticShellfishPoison_FoodborneTransmission","[]","1998-10"
"[P1Y]","2","[dcAggregate/NORSNonInfectiousDisease]","[]","Count_MedicalConditionIncident_YersiniaEtiology_Indeterminate_Other_UnknownTramissionMode","[]","2013-11"
"[P1Y]","2","[dcAggregate/NORSNonInfectiousDisease]","[]","Count_MedicalConditionIncident_PufferFishTetrodotoxin_PatientDeceased_SuspectedCase_FoodborneTransmission","[]","2006-11"
"[P1Y]","2","[dcAggregate/NORSNonInfectiousDisease]","[]","Count_MedicalConditionIncident_EColiEnteroinvasiveEtiology_ConfirmedCase_PersonToPersonTransmission","[]","2017-08"
"[P1Y]","2","[dcAggregate/NORSNonInfectiousDisease]","[]","Count_MedicalConditionIncident_MycobacteriumAviumEtiology_PatientDeceased_ConfirmedCase_WaterborneTransmission","[]","2015-06"
"[P1Y]","14","[dcAggregate/NORSNonInfectiousDisease]","[]","Count_MedicalConditionIncident_Copper_WaterborneTransmission","[]","1971-02"
"[P1Y]","40","[dcAggregate/NORSNonInfectiousDisease]","[]","Count_MedicalConditionIncident_NorovirusGenogroupI_SuspectedCase_PersonToPersonTransmission","[]","2009-01"
"[P1Y]","30","[dcAggregate/NORSNonInfectiousDisease]","[]","Count_MedicalConditionIncident_CyclosporaCayetanensisEtiology_PatientDeceased_ConfirmedCase_FoodborneTransmission","[]","1998-05"
"[P1Y]","4","[dcAggregate/NORSNonInfectiousDisease]","[]","Count_MedicalConditionIncident_LeptospiraUnknown_PatientDeceased_WaterborneTransmission","[]","1987-07"
"[P1Y]","6","[dcAggregate/NORSNonInfectiousDisease]","[]","Count_MedicalConditionIncident_StreptococcusGroupA_PatientHospitalized_FoodborneTransmission","[]","1998-03"
"[P1Y]","10","[dcAggregate/NORSNonInfectiousDisease]","[]","Count_MedicalConditionIncident_EColiEnterotoxigenicEtiology_PatientDeceased_ConfirmedCase_FoodborneTransmission","[]","1998-06"
"[P1Y]","46","[dcAggregate/NORSNonInfectiousDisease]","[]","Count_MedicalConditionIncident_ShigaToxinEColi_PatientDeceased_ConfirmedCase_FoodborneTransmission","[]","1998-05"
"[P1Y]","8","[dcAggregate/NORSNonInfectiousDisease]","[]","Count_MedicalConditionIncident_CryptosporidiumParvumEtiology_PatientDeceased_Indeterminate_Other_UnknownTramissionMode","[]","2009-08"
"[P1Y]","4","[dcAggregate/NORSNonInfectiousDisease]","[]","Count_MedicalConditionIncident_NORSOthers_PatientHospitalized_WaterborneTransmission","[]","1978-10"
"[P1Y]","2","[dcAggregate/NORSNonInfectiousDisease]","[]","Count_MedicalConditionIncident_SodiumHydroxide_PatientDeceased_SuspectedCase_WaterborneTransmission","[]","2010-11"
"[P1Y]","2","[dcAggregate/NORSNonInfectiousDisease]","[]","Count_MedicalConditionIncident_CampylobacterColiEtiology_PatientDeceased_ConfirmedCase_PersonToPersonTransmission","[]","2021-03"
"[P1Y]","3","[dcAggregate/NORSNonInfectiousDisease]","[]","Count_MedicalConditionIncident_Microcystis_PatientDeceased_SuspectedCase_WaterborneTransmission","[]","2009-06"
"[P1Y]","2","[dcAggregate/NORSNonInfectiousDisease]","[]","Count_MedicalConditionIncident_ShigellaOther_PatientHospitalized_ConfirmedCase_Indeterminate_Other_UnknownTramissionMode","[]","2012-01"
"[P1Y]","13","[dcAggregate/NORSNonInfectiousDisease]","[]","Count_MedicalConditionIncident_Sapovirus_ConfirmedCase_PersonToPersonTransmission","[]","2009-01"
"[P1Y]","6","[dcAggregate/NORSNonInfectiousDisease]","[]","Count_MedicalConditionIncident_CryptosporidiumEtiology_PatientHospitalized_SuspectedCase_Indeterminate_Other_UnknownTramissionMode","[]","2012-07"
"[P1Y]","9","[dcAggregate/NORSNonInfectiousDisease]","[]","Count_MedicalConditionIncident_CryptosporidiumEtiology_PatientDeceased_Indeterminate_Other_UnknownTramissionMode","[]","2012-07"
"[P1Y]","2","[dcAggregate/NORSNonInfectiousDisease]","[]","Count_MedicalConditionIncident_ShigellaUnknown_PatientHospitalized_EnvironmentalContaminationTransmissionExceptFood_Water","[]","2014-11"
"[P1Y]","2","[dcAggregate/NORSNonInfectiousDisease]","[]","Count_MedicalConditionIncident_ClostridiumPerfringensEtiology_PatientDeceased_ConfirmedCase_Indeterminate_Other_UnknownTramissionMode","[]","2015-06"
"[P1Y]","5","[dcAggregate/NORSNonInfectiousDisease]","[]","Count_MedicalConditionIncident_CryptosporidiumParvumEtiology_PatientHospitalized_SuspectedCase_PersonToPersonTransmission","[]","2010-07"
"[P1Y]","3","[dcAggregate/NORSNonInfectiousDisease]","[]","Count_MedicalConditionIncident_ClostridiumUnknown_PatientHospitalized_PersonToPersonTransmission","[]","2011-12"
"[P1Y]","2","[dcAggregate/NORSNonInfectiousDisease]","[]","Count_MedicalConditionIncident_NorovirusGenogroupI_PatientDeceased_SuspectedCase_EnvironmentalContaminationTransmissionExceptFood_Water","[]","2022-03"
"[P1Y]","4","[dcAggregate/NORSNonInfectiousDisease]","[]","Count_MedicalConditionIncident_GiardiaDuodenalisEtiology_PatientHospitalized_SuspectedCase_PersonToPersonTransmission","[]","2010-02"
"[P1Y]","2","[dcAggregate/NORSNonInfectiousDisease]","[]","Count_MedicalConditionIncident_Phenol_PatientHospitalized_ConfirmedCase_WaterborneTransmission","[]","1974-07"
"[P1Y]","2","[dcAggregate/NORSNonInfectiousDisease]","[]","Count_MedicalConditionIncident_HeavyMetal_SuspectedCase_FoodborneTransmission","[]","2001-08"
"[P1Y]","4","[dcAggregate/NORSNonInfectiousDisease]","[]","Count_MedicalConditionIncident_CampylobacterEtiology_PatientDeceased_SuspectedCase_AnimalContactTransmission","[]","2016-06"
"[P1Y]","3","[dcAggregate/NORSNonInfectiousDisease]","[]","Count_MedicalConditionIncident_CryptosporidiumHominisEtiology_PatientHospitalized_ConfirmedCase_PersonToPersonTransmission","[]","2013-11"
"[P1Y]","3","[dcAggregate/NORSNonInfectiousDisease]","[]","Count_MedicalConditionIncident_CampylobacterUnknown_SuspectedCase_WaterborneTransmission","[]","2017-05"
"[P1Y]","52","[dcAggregate/NORSNonInfectiousDisease]","[]","Count_MedicalConditionIncident_NorovirusGenogroupI_PatientDeceased_FoodborneTransmission","[]","1998-01"
"[P1Y]","3","[dcAggregate/NORSNonInfectiousDisease]","[]","Count_MedicalConditionIncident_NORSOtherParasite_PatientHospitalized_FoodborneTransmission","[]","1999-10"
"[P1Y]","3","[dcAggregate/NORSNonInfectiousDisease]","[]","Count_MedicalConditionIncident_ShigellaBoydiiEtiology_PatientDeceased_SuspectedCase_FoodborneTransmission","[]","2002-07"
"[P1Y]","2","[dcAggregate/NORSNonInfectiousDisease]","[]","Count_MedicalConditionIncident_StreptococcusGroupB_C_G_AnimalContactTransmission","[]","2013-02"
"[P1Y]","3","[dcAggregate/NORSNonInfectiousDisease]","[]","Count_MedicalConditionIncident_EthyleneGlycol_WaterborneTransmission","[]","1987-04"
"[P1Y]","2","[dcAggregate/NORSNonInfectiousDisease]","[]","Count_MedicalConditionIncident_Copper_PatientDeceased_SuspectedCase_WaterborneTransmission","[]","2010-06"
"[P1Y]","2","[dcAggregate/NORSNonInfectiousDisease]","[]","Count_MedicalConditionIncident_EnterococcusFaecalisEtiology_PatientHospitalized_ConfirmedCase_FoodborneTransmission","[]","2009-05"
"[P1Y]","17","[dcAggregate/NORSNonInfectiousDisease]","[]","Count_MedicalConditionIncident_CryptosporidiumUnknown_PatientHospitalized_Indeterminate_Other_UnknownTramissionMode","[]","2010-07"
"[P1Y]","2","[dcAggregate/NORSNonInfectiousDisease]","[]","Count_MedicalConditionIncident_BacillusOther_SuspectedCase_FoodborneTransmission","[]","2006-03"
"[P1Y]","40","[dcAggregate/NORSNonInfectiousDisease]","[]","Count_MedicalConditionIncident_ShigellaSonneiEtiology_PatientHospitalized_PersonToPersonTransmission","[]","2009-01"
"[P1Y]","5","[dcAggregate/NORSNonInfectiousDisease]","[]","Count_MedicalConditionIncident_Pesticides_PatientDeceased_FoodborneTransmission","[]","1998-08"
"[P1Y]","4","[dcAggregate/NORSNonInfectiousDisease]","[]","Count_MedicalConditionIncident_Cyanotoxin_ConfirmedCase_WaterborneTransmission","[]","2011-07"
"[P1Y]","3","[dcAggregate/NORSNonInfectiousDisease]","[]","Count_MedicalConditionIncident_Adenovirus_PatientHospitalized_WaterborneTransmission","[]","1980-06"
"[P1Y]","2","[dcAggregate/NORSNonInfectiousDisease]","[]","Count_MedicalConditionIncident_NeurotoxicShellfishPoison_PatientDeceased_SuspectedCase_FoodborneTransmission","[]","2001-03"
"[P1Y]","9","[dcAggregate/NORSNonInfectiousDisease]","[]","Count_MedicalConditionIncident_Chloramines_PatientHospitalized_WaterborneTransmission","[]","1997-09"
"[P1Y]","3","[dcAggregate/NORSNonInfectiousDisease]","[]","Count_MedicalConditionIncident_NORSUnknown_SuspectedCase_FoodborneTransmission","[]","2022-02"
"[P1Y]","3","[dcAggregate/NORSNonInfectiousDisease]","[]","Count_MedicalConditionIncident_GiardiaDuodenalisEtiology_PatientDeceased_SuspectedCase_WaterborneTransmission","[]","1985-09"
"[P1Y]","3","[dcAggregate/NORSNonInfectiousDisease]","[]","Count_MedicalConditionIncident_NORSOtherParasite_PatientDeceased_FoodborneTransmission","[]","1999-10"
"[P1Y]","2","[dcAggregate/NORSNonInfectiousDisease]","[]","Count_MedicalConditionIncident_ShigellaUnknown_SuspectedCase_Indeterminate_Other_UnknownTramissionMode","[]","2015-10"
"[P1Y]","13","[dcAggregate/NORSNonInfectiousDisease]","[]","Count_MedicalConditionIncident_SalmonellaOther_PatientDeceased_FoodborneTransmission","[]","2005-09"
"[P1Y]","3","[dcAggregate/NORSNonInfectiousDisease]","[]","Count_MedicalConditionIncident_CampylobacterOther_AnimalContactTransmission","[]","2013-03"
"[P1Y]","6","[dcAggregate/NORSNonInfectiousDisease]","[]","Count_MedicalConditionIncident_HeavyMetal_PatientDeceased_FoodborneTransmission","[]","1999-12"
"[P1Y]","5","[dcAggregate/NORSNonInfectiousDisease]","[]","Count_MedicalConditionIncident_ClostridiumBotulinumEtiology_PatientDeceased_SuspectedCase_FoodborneTransmission","[]","2001-08"
"[P1Y]","6","[dcAggregate/NORSNonInfectiousDisease]","[]","Count_MedicalConditionIncident_VibrioOther_PatientDeceased_FoodborneTransmission","[]","1998-11"
"[P1Y]","5","[dcAggregate/NORSNonInfectiousDisease]","[]","Count_MedicalConditionIncident_Mycotoxins_PatientHospitalized_SuspectedCase_FoodborneTransmission","[]","2005-10"
"[P1Y]","2","[dcAggregate/NORSNonInfectiousDisease]","[]","Count_MedicalConditionIncident_StaphylococcusOther_PatientHospitalized_SuspectedCase_FoodborneTransmission","[]","2005-08"
"[P1Y]","14","[dcAggregate/NORSNonInfectiousDisease]","[]","Count_MedicalConditionIncident_ShigellaFlexneriEtiology_Indeterminate_Other_UnknownTramissionMode","[]","2010-01"
"[P1Y]","2","[dcAggregate/NORSNonInfectiousDisease]","[]","Count_MedicalConditionIncident_MicrocoleusLyngbyeiEtiology_ConfirmedCase_WaterborneTransmission","[]","1981-08"
"[P1Y]","4","[dcAggregate/NORSNonInfectiousDisease]","[]","Count_MedicalConditionIncident_NorovirusGenogroupIX_PatientDeceased_PersonToPersonTransmission","[]","2021-01"
"[P1Y]","5","[dcAggregate/NORSNonInfectiousDisease]","[]","Count_MedicalConditionIncident_CyclosporaCayetanensisEtiology_PatientDeceased_Indeterminate_Other_UnknownTramissionMode","[]","2009-06"
"[P1Y]","2","[dcAggregate/NORSNonInfectiousDisease]","[]","Count_MedicalConditionIncident_Adenovirus_ConfirmedCase_PersonToPersonTransmission","[]","2023-03"
"[P1Y]","3","[dcAggregate/NORSNonInfectiousDisease]","[]","Count_MedicalConditionIncident_CampylobacterOther_ConfirmedCase_FoodborneTransmission","[]","2000-06"
"[P1Y]","2","[dcAggregate/NORSNonInfectiousDisease]","[]","Count_MedicalConditionIncident_AcanthamoebaUnknown_PatientHospitalized_WaterborneTransmission","[]","2015-11"
"[P1Y]","3","[dcAggregate/NORSNonInfectiousDisease]","[]","Count_MedicalConditionIncident_EthyleneGlycol_PatientHospitalized_WaterborneTransmission","[]","1987-04"
"[P1Y]","21","[dcAggregate/NORSNonInfectiousDisease]","[]","Count_MedicalConditionIncident_NorovirusUnknown_PatientHospitalized_WaterborneTransmission","[]","1983-07"
"[P1Y]","33","[dcAggregate/NORSNonInfectiousDisease]","[]","Count_MedicalConditionIncident_Norovirus_PatientDeceased_SuspectedCase_Indeterminate_Other_UnknownTramissionMode","[]","2009-01"
"[P1Y]","9","[dcAggregate/NORSNonInfectiousDisease]","[]","Count_MedicalConditionIncident_ClostridiumOther_ConfirmedCase_Indeterminate_Other_UnknownTramissionMode","[]","2010-08"
"[P1Y]","8","[dcAggregate/NORSNonInfectiousDisease]","[]","Count_MedicalConditionIncident_CampylobacterUnknown_PatientDeceased_WaterborneTransmission","[]","2004-08"
"[P1Y]","2","[dcAggregate/NORSNonInfectiousDisease]","[]","Count_MedicalConditionIncident_SalmonellaOther_SuspectedCase_PersonToPersonTransmission","[]","2018-02"
"[P1Y]","45","[dcAggregate/NORSNonInfectiousDisease]","[]","Count_MedicalConditionIncident_NORSUnknown_PatientDeceased_WaterborneTransmission","[]","1971-06"
"[P1Y]","3","[dcAggregate/NORSNonInfectiousDisease]","[]","Count_MedicalConditionIncident_EColiEnteroaggregativeEtiology_PatientHospitalized_SuspectedCase_PersonToPersonTransmission","[]","2018-07"
"[P1Y]","2","[dcAggregate/NORSNonInfectiousDisease]","[]","Count_MedicalConditionIncident_ClostridiumOther_ConfirmedCase_FoodborneTransmission","[]","2011-04"
"[P1Y]","11","[dcAggregate/NORSNonInfectiousDisease]","[]","Count_MedicalConditionIncident_GiardiaDuodenalisEtiology_PatientDeceased_ConfirmedCase_FoodborneTransmission","[]","1998-04"
"[P1Y]","5","[dcAggregate/NORSNonInfectiousDisease]","[]","Count_MedicalConditionIncident_StaphylococcusAureusEtiology_PatientDeceased_Indeterminate_Other_UnknownTramissionMode","[]","2009-01"
