"ScalingFactors","Units","observationPeriods","MeasurementMethods","MinDate","NumPlaces","StatVar"
"[]","[]","[P1Y]","[CDC_NNDSS_Diseases_AnnualTables]","2016","1","Count_MedicalConditionIncident_Years5To14_ConditionNonNeuroinvasiveDiseaseOrStLouisEncephalitis"
"[]","[]","[P1Y]","[CDC_NNDSS_Diseases_AnnualTables]","2016","1","Count_MedicalConditionIncident_ConditionVancomycinResistantStaphylococcusAureus_OtherRace"
"[]","[]","[P1Y]","[CDC_NNDSS_Diseases_AnnualTables]","2016","1","Count_MedicalConditionIncident_ConditionRubella_OtherRace"
"[]","[]","[P1Y]","[CDC_NNDSS_Diseases_AnnualTables]","2016","1","Count_MedicalConditionIncident_GenderUnknown_NotStated_ConditionAcuteCondition_QFever"
"[]","[]","[P1Y]","[CDC_NNDSS_Diseases_AnnualTables]","2016","1","Count_MedicalConditionIncident_Male_ConditionInfantBotulism"
"[]","[]","[P1Y]","[CDC_NNDSS_Diseases_AnnualTables]","2016","1","Count_MedicalConditionIncident_Male_ConditionFoodborneBotulism"
"[]","[]","[P1Y]","[CDC_NNDSS_Diseases_AnnualTables]","2016","1","Count_MedicalConditionIncident_40To64Years_ConditionCryptosporidiosis_ConfirmedCase"
"[]","[]","[P1Y]","[CDC_NNDSS_Diseases_AnnualTables]","2016","1","Count_MedicalConditionIncident_15To24Years_ConditionGonorrhea"
"[]","[]","[P1Y]","[CDC_NNDSS_Diseases_AnnualTables]","2016","1","Count_MedicalConditionIncident_ConditionEhrlichiaEwingiiInfection_Black_AfricanAmericanAlone"
"[]","[]","[P1Y]","[CDC_NNDSS_Diseases_AnnualTables]","2016","1","Count_MedicalConditionIncident_5_LessYears_ConditionInvasiveDisease_HaemophilusInfluenzae_WhiteAlone_SerotypeB"
"[]","[]","[P1Y]","[CDC_NNDSS_Diseases_AnnualTables]","2016","1","Count_MedicalConditionIncident_GenderUnknown_NotStated_ConditionTularemia"
"[]","[]","[P1Y]","[CDC_NNDSS_Diseases_AnnualTables]","2016","1","Count_MedicalConditionIncident_ConditionShigellosis_AmericanIndianAndAlaskaNativeAlone"
"[]","[]","[P1Y]","[CDC_NNDSS_Diseases_AnnualTables]","2016","1","Count_MedicalConditionIncident_ConditionLymeDisease_ConfirmedCase_OtherRace"
"[]","[]","[P1Y]","[CDC_NNDSS_Diseases_AnnualTables]","2016","1","Count_MedicalConditionIncident_ConditionNonNeuroinvasiveDiseaseOrJamestownCanyonVirusDisease_OtherRace"
"[]","[]","[P1Y]","[CDC_NNDSS_Diseases_AnnualTables]","2016","1","Count_MedicalConditionIncident_EthnicityUnknown_NotStated_ConditionChickenpox"
"[]","[]","[P1Y]","[CDC_NNDSS_Diseases_AnnualTables]","2016","1","Count_MedicalConditionIncident_Years40To64_ConditionCandidaAuris_Screening"
"[]","[]","[P1Y]","[CDC_NNDSS_Diseases_AnnualTables]","2016","1","Count_MedicalConditionIncident_ConditionMeningococcalMeningitis_AmericanIndianAndAlaskaNativeAlone"
"[]","[]","[P1Y]","[CDC_NNDSS_Diseases_AnnualTables]","2016","1","Count_MedicalConditionIncident_Hispanic_Latino_ConditionVibriosisExcludingCholera_ConfirmedCase"
"[]","[]","[P1Y]","[CDC_NNDSS_Diseases_AnnualTables]","2016","1","Count_MedicalConditionIncident_AgeNotStated_ConditionVibriosisExcludingCholera"
"[]","[]","[P1Y]","[CDC_NNDSS_Diseases_AnnualTables]","2016","1","Count_MedicalConditionIncident_1To4Years_ConditionSyphilis"
"[]","[]","[P1Y]","[CDC_NNDSS_Diseases_AnnualTables]","2016","1","Count_MedicalConditionIncident_1To4Years_ConditionAcuteCondition_HepatitisA"
"[]","[]","[P1Y]","[CDC_NNDSS_Diseases_AnnualTables]","2016","61","Count_MedicalConditionIncident_ConditionTrichinellosis"
"[]","[]","[P1Y]","[CDC_NNDSS_Diseases_AnnualTables]","2016","1","Count_MedicalConditionIncident_1To4Years_ConditionAcuteCondition_HepatitisB"
"[]","[]","[P1Y]","[CDC_NNDSS_Diseases_AnnualTables]","2016","1","Count_MedicalConditionIncident_1To4Years_ConditionAcuteCondition_HepatitisC"
"[]","[]","[P1Y]","[CDC_NNDSS_Diseases_AnnualTables]","2016","1","Count_MedicalConditionIncident_65_MoreYears_ConditionYellowFever"
"[]","[]","[P1Y]","[CDC_NNDSS_Diseases_AnnualTables]","2016","1","Count_MedicalConditionIncident_ConditionDengueLikeIllness_AmericanIndianAndAlaskaNativeAlone"
"[]","[]","[P1Y]","[CDC_NNDSS_Diseases_AnnualTables]","2016","65","Count_MedicalConditionIncident_ConditionParalyticPoliomyelitis"
"[]","[]","[P1Y]","[CDC_NNDSS_Diseases_AnnualTables]","2016","1","Count_MedicalConditionIncident_ConditionSmallpox_AmericanIndianAndAlaskaNativeAlone"
"[]","[]","[P1Y]","[CDC_NNDSS_Diseases_AnnualTables]","2016","1","Count_MedicalConditionIncident_Hispanic_Latino_ConditionAcuteCondition_HepatitisC_ProbableCase"
"[]","[]","[P1Y]","[CDC_NNDSS_Diseases_AnnualTables]","2016","1","Count_MedicalConditionIncident_Years40To64_ConditionChickenpox_PatientDeceased"
"[]","[]","[P1Y]","[CDC_NNDSS_Diseases_AnnualTables]","2016","1","Count_MedicalConditionIncident_1To4Years_ConditionNeuroinvasiveDisease_JamestownCanyonVirusDisease"
"[]","[]","[P1Y]","[CDC_NNDSS_Diseases_AnnualTables]","2016","1","Count_MedicalConditionIncident_ConditionBabesiosis_ConfirmedCase_AmericanIndianAndAlaskaNativeAlone"
"[]","[]","[P1Y]","[CDC_NNDSS_Diseases_AnnualTables]","2016","1","Count_MedicalConditionIncident_ConditionVibriosisExcludingCholera_ConfirmedCase_USResident"
"[]","[]","[P1Y]","[CDC_NNDSS_Diseases_AnnualTables]","2016","1","Count_MedicalConditionIncident_ConditionHaemophilusMeningitis_Black_AfricanAmericanAlone"
"[]","[]","[P1Y]","[CDC_NNDSS_Diseases_AnnualTables]","2016","1","Count_MedicalConditionIncident_25To39Years_ConditionNovelInfluenzaAViralInfection"
"[]","[]","[P1Y]","[CDC_NNDSS_Diseases_AnnualTables]","2016","1","Count_MedicalConditionIncident_ConditionInvasiveDisease_HaemophilusInfluenzae_RaceUnknown_NotStated"
"[]","[]","[P1Y]","[CDC_NNDSS_Diseases_AnnualTables]","2016","1","Count_MedicalConditionIncident_ConditionTetanus_WhiteAlone"
"[]","[]","[P1Y]","[CDC_NNDSS_Diseases_AnnualTables]","2016","1","Count_MedicalConditionIncident_AgeNotStated_ConditionCryptosporidiosis"
"[]","[]","[P1Y]","[CDC_NNDSS_Diseases_AnnualTables]","2016","1","Count_MedicalConditionIncident_ConditionMeningococcalMeningitis_USResident"
"[]","[]","[P1Y]","[CDC_NNDSS_Diseases_AnnualTables]","2016","1","Count_MedicalConditionIncident_GenderUnknown_NotStated_ConditionMeningococcalMeningitis_UnknownSerogroups"
"[]","[]","[P1Y]","[CDC_NNDSS_Diseases_AnnualTables]","2016","1","Count_MedicalConditionIncident_ConditionTuberculosis_WhiteAlone"
"[]","[]","[P1Y]","[CDC_NNDSS_Diseases_AnnualTables]","2016","1","Count_MedicalConditionIncident_40To64Years_ConditionDengueLikeIllness"
"[]","[]","[P1Y]","[CDC_NNDSS_Diseases_AnnualTables]","2016","1","Count_MedicalConditionIncident_Male_ConditionHaemophilusMeningitis"
"[]","[]","[P1Y]","[CDC_NNDSS_Diseases_AnnualTables]","2016","1","Count_MedicalConditionIncident_ConditionNeuroinvasiveDiseaseOrJamestownCanyonVirusDisease_AsianOrPacificIslander"
"[]","[]","[P1Y]","[CDC_NNDSS_Diseases_AnnualTables]","2016","1","Count_MedicalConditionIncident_5_LessYears_NotHispanic_Latino_ConditionInvasiveDisease_HaemophilusInfluenzae_SerotypeB"
"[]","[]","[P1Y]","[CDC_NNDSS_Diseases_AnnualTables]","2016","1","Count_MedicalConditionIncident_Male_ConditionCOVID19"
"[]","[]","[P1Y]","[CDC_NNDSS_Diseases_AnnualTables]","2016","1","Count_MedicalConditionIncident_ConditionCholera_BlackOrAfricanAmericanAlone"
"[]","[]","[P1Y]","[CDC_NNDSS_Diseases_AnnualTables]","2016","1","Count_MedicalConditionIncident_ConditionTularemia_WhiteAlone"
"[]","[]","[P1Y]","[CDC_NNDSS_Diseases_AnnualTables]","2016","59","Count_MedicalConditionIncident_5_LessYears_ConditionStreptococcusPneumonia_ProbableCase"
"[]","[]","[P1Y]","[CDC_NNDSS_Diseases_AnnualTables]","2016","1","Count_MedicalConditionIncident_ConditionCoccidioidomycosis_ProbableCase_WhiteAlone"
"[]","[]","[P1Y]","[CDC_NNDSS_Diseases_AnnualTables]","2016","1","Count_MedicalConditionIncident_1_LessYears_ConditionSevereDengue"
"[]","[]","[P1Y]","[CDC_NNDSS_Diseases_AnnualTables]","2016","1","Count_MedicalConditionIncident_5_LessYears_Female_ConditionInvasiveDisease_HaemophilusInfluenzae_UnknownSerotype"
"[]","[]","[P1Y]","[CDC_NNDSS_Diseases_AnnualTables]","2016","1","Count_MedicalConditionIncident_ConditionNeuroinvasiveDiseaseOrEasternEquineEncephalitis_AsianOrPacificIslander"
"[]","[]","[P1Y]","[CDC_NNDSS_Diseases_AnnualTables]","2016","1","Count_MedicalConditionIncident_40To64Years_ConditionCampylobacteriosis"
"[]","[]","[P1Y]","[CDC_NNDSS_Diseases_AnnualTables]","2016","1","Count_MedicalConditionIncident_ConditionSpottedFeverRickettsiosis_ConfirmedCase_Black_AfricanAmericanAlone"
"[]","[]","[P1Y]","[CDC_NNDSS_Diseases_AnnualTables]","2016","1","Count_MedicalConditionIncident_15To24Years_ConditionNovelInfluenzaAViralInfection"
"[]","[]","[P1Y]","[CDC_NNDSS_Diseases_AnnualTables]","2016","1","Count_MedicalConditionIncident_Female_ConditionSpottedFeverRickettsiosis_ConfirmedCase"
"[]","[]","[P1Y]","[CDC_NNDSS_Diseases_AnnualTables]","2020","1","Count_MedicalConditionIncident_ConditionZikaVirusInfection_CongenitalDisease_NonUSResident"
"[]","[]","[P1Y]","[CDC_NNDSS_Diseases_AnnualTables]","2016","1","Count_MedicalConditionIncident_1_LessYears_ConditionAcuteCondition_HepatitisC_ProbableCase"
"[]","[]","[P1Y]","[CDC_NNDSS_Diseases_AnnualTables]","2016","1","Count_MedicalConditionIncident_Years5To14_ConditionNonNeuroinvasiveDiseaseOrLaCrosseVirusDisease"
"[]","[]","[P1Y]","[CDC_NNDSS_Diseases_AnnualTables]","2016","1","Count_MedicalConditionIncident_ConditionVancomycinResistantStaphylococcusAureus_Black_AfricanAmericanAlone"
"[]","[]","[P1Y]","[CDC_NNDSS_Diseases_AnnualTables]","2016","1","Count_MedicalConditionIncident_ConditionSevereDengue_Asian_PacificIslander"
"[]","[]","[P1Y]","[CDC_NNDSS_Diseases_AnnualTables]","2016","1","Count_MedicalConditionIncident_EthnicityUnknown_NotStated_ConditionPertussis"
"[]","[]","[P1Y]","[CDC_NNDSS_Diseases_AnnualTables]","2016","1","Count_MedicalConditionIncident_ConditionInvasiveDisease_HaemophilusInfluenzae_OtherRace"
"[]","[]","[P1Y]","[CDC_NNDSS_Diseases_AnnualTables]","2016","1","Count_MedicalConditionIncident_25To39Years_ConditionCryptosporidiosis"
"[]","[]","[P1Y]","[CDC_NNDSS_Diseases_AnnualTables]","2016","65","Count_MedicalConditionIncident_ConditionMalaria"
"[]","[]","[P1Y]","[CDC_NNDSS_Diseases_AnnualTables]","2016","1","Count_MedicalConditionIncident_ConditionDiphtheria_AmericanIndianAndAlaskaNativeAlone"
"[]","[]","[P1Y]","[CDC_NNDSS_Diseases_AnnualTables]","2016","1","Count_MedicalConditionIncident_ConditionCyclosporiasis_USResident"
"[]","[]","[P1Y]","[CDC_NNDSS_Diseases_AnnualTables]","2016","1","Count_MedicalConditionIncident_ConditionSyphilisPrimaryAndSecondary_AmericanIndianAndAlaskaNativeAlone"
"[]","[]","[P1Y]","[CDC_NNDSS_Diseases_AnnualTables]","2020","1","Count_MedicalConditionIncident_ConditionSmallpox_NonUSResident"
"[]","[]","[P1Y]","[CDC_NNDSS_Diseases_AnnualTables]","2016","1","Count_MedicalConditionIncident_1To4Years_ConditionListeriosis_ProbableCase"
"[]","[]","[P1Y]","[CDC_NNDSS_Diseases_AnnualTables]","2016","1","Count_MedicalConditionIncident_ConditionCyclosporiasis_Asian_PacificIslander"
"[]","[]","[P1Y]","[CDC_NNDSS_Diseases_AnnualTables]","2016","1","Count_MedicalConditionIncident_NotHispanic_Latino_ConditionMeasles_ImportedCase"
"[]","[]","[P1Y]","[CDC_NNDSS_Diseases_AnnualTables]","2016","1","Count_MedicalConditionIncident_ConditionChronicCondition_QFever_Black_AfricanAmericanAlone"
"[]","[]","[P1Y]","[CDC_NNDSS_Diseases_AnnualTables]","2016","1","Count_MedicalConditionIncident_5_LessYears_ConditionStreptococcusPneumonia_ProbableCase_USResident"
"[]","[]","[P1Y]","[CDC_NNDSS_Diseases_AnnualTables]","2016","1","Count_MedicalConditionIncident_NotHispanic_Latino_ConditionNovelInfluenzaAViralInfection"
"[]","[]","[P1Y]","[CDC_NNDSS_Diseases_AnnualTables]","2016","1","Count_MedicalConditionIncident_AgeNotStated_ConditionListeriosis_ProbableCase"
"[]","[]","[P1Y]","[CDC_NNDSS_Diseases_AnnualTables]","2016","1","Count_MedicalConditionIncident_AgeNotStated_ConditionChickenpox"
"[]","[]","[P1Y]","[CDC_NNDSS_Diseases_AnnualTables]","2016","1","Count_MedicalConditionIncident_GenderUnknownOrNotStated_ConditionMeningococcalMeningitis_ACWYSerogroup"
"[]","[]","[P1Y]","[CDC_NNDSS_Diseases_AnnualTables]","2016","1","Count_MedicalConditionIncident_65_MoreYears_ConditionSyphilisPrimaryAndSecondary"
"[]","[]","[P1Y]","[CDC_NNDSS_Diseases_AnnualTables]","2016","1","Count_MedicalConditionIncident_NotHispanicOrLatino_ConditionCholera"
"[]","[]","[P1Y]","[CDC_NNDSS_Diseases_AnnualTables]","2016","56","Count_MedicalConditionIncident_ConditionEhrlichiosis"
"[]","[]","[P1Y]","[CDC_NNDSS_Diseases_AnnualTables]","2016","65","Count_MedicalConditionIncident_ConditionJamestownCanyonVirusDisease_NonNeuroinvasiveDisease"
"[]","[]","[P1Y]","[CDC_NNDSS_Diseases_AnnualTables]","2016","1","Count_MedicalConditionIncident_Male_ConditionMeningococcalMeningitis_UnknownSerogroups"
"[]","[]","[P1Y]","[CDC_NNDSS_Diseases_AnnualTables]","2016","1","Count_MedicalConditionIncident_Hispanic_Latino_ConditionEhrlichiaEwingiiInfection"
"[]","[]","[P1Y]","[CDC_NNDSS_Diseases_AnnualTables]","2020","1","Count_MedicalConditionIncident_ConditionVibriosisExcludingCholera_ProbableCase_NonUSResident"
"[]","[]","[P1Y]","[CDC_NNDSS_Diseases_AnnualTables]","2016","1","Count_MedicalConditionIncident_EthnicityUnknown_NotStated_ConditionLeptospirosis"
"[]","[]","[P1Y]","[CDC_NNDSS_Diseases_AnnualTables]","2016","1","Count_MedicalConditionIncident_ConditionChickenpox_PatientDeceased_AmericanIndianAndAlaskaNativeAlone"
"[]","[]","[P1Y]","[CDC_NNDSS_Diseases_AnnualTables]","2020","1","Count_MedicalConditionIncident_ConditionPertussis_NonUSResident"
"[]","[]","[P1Y]","[CDC_NNDSS_Diseases_AnnualTables]","2016","1","Count_MedicalConditionIncident_Female_ConditionVibriosisExcludingCholera_ConfirmedCase"
"[]","[]","[P1Y]","[CDC_NNDSS_Diseases_AnnualTables]","2016","1","Count_MedicalConditionIncident_1To4Years_ConditionInvasiveDisease_HaemophilusInfluenzae"
"[]","[]","[P1Y]","[CDC_NNDSS_Diseases_AnnualTables]","2016","1","Count_MedicalConditionIncident_Male_ConditionNonCongenitalDisease_ZikaVirusInfection"
"[]","[]","[P1Y]","[CDC_NNDSS_Diseases_AnnualTables]","2016","1","Count_MedicalConditionIncident_ConditionTrichinellosis_USResident"
"[]","[]","[P1Y]","[CDC_NNDSS_Diseases_AnnualTables]","2016","1","Count_MedicalConditionIncident_ConditionBabesiosis_ConfirmedCase_RaceUnknown_NotStated"
"[]","[]","[P1Y]","[CDC_NNDSS_Diseases_AnnualTables]","2020","1","Count_MedicalConditionIncident_ConditionCryptosporidiosis_NonUSResident"
"[]","[]","[P1Y]","[CDC_NNDSS_Diseases_AnnualTables]","2016","1","Count_MedicalConditionIncident_Hispanic_Latino_ConditionVancomycinIntermediateStaphylococcusAureus"
"[]","[]","[P1Y]","[CDC_NNDSS_Diseases_AnnualTables]","2016","1","Count_MedicalConditionIncident_ConditionChlamydia_Black_AfricanAmericanAlone"
"[]","[]","[P1Y]","[CDC_NNDSS_Diseases_AnnualTables]","2016","1","Count_MedicalConditionIncident_EthnicityUnknown_NotStated_ConditionCongenitalSyphilis"
"[]","[]","[P1Y]","[CDC_NNDSS_Diseases_AnnualTables]","2016","1","Count_MedicalConditionIncident_AgeNotStated_ConditionTuberculosis"
"[]","[]","[P1Y]","[CDC_NNDSS_Diseases_AnnualTables]","2016","1","Count_MedicalConditionIncident_ConditionTularemia_Black_AfricanAmericanAlone"
"[]","[]","[P1Y]","[CDC_NNDSS_Diseases_AnnualTables]","2016","65","Count_MedicalConditionIncident_ConditionNonparalyticPoliomyelitis"
"[]","[]","[P1Y]","[CDC_NNDSS_Diseases_AnnualTables]","2016","1","Count_MedicalConditionIncident_ConditionCoccidioidomycosis_ProbableCase_OtherRace"
"[]","[]","[P1Y]","[CDC_NNDSS_Diseases_AnnualTables]","2016","1","Count_MedicalConditionIncident_40To64Years_ConditionCoccidioidomycosis"
"[]","[]","[P1Y]","[CDC_NNDSS_Diseases_AnnualTables]","2016","1","Count_MedicalConditionIncident_25To39Years_ConditionTuberculosis"
"[]","[]","[P1Y]","[CDC_NNDSS_Diseases_AnnualTables]","2016","1","Count_MedicalConditionIncident_1To4Years_ConditionToxicShockSyndromExceptStreptococcal"
"[]","[]","[P1Y]","[CDC_NNDSS_Diseases_AnnualTables]","2016","1","Count_MedicalConditionIncident_65_MoreYears_ConditionSyphilis"
"[]","[]","[P1Y]","[CDC_NNDSS_Diseases_AnnualTables]","2016","1","Count_MedicalConditionIncident_GenderUnknownOrNotStated_ConditionRubella"
"[]","[]","[P1Y]","[CDC_NNDSS_Diseases_AnnualTables]","2016","1","Count_MedicalConditionIncident_EthnicityUnknown_NotStated_ConditionNonCongenitalDisease_ZikaVirusDisease"
"[]","[]","[P1Y]","[CDC_NNDSS_Diseases_AnnualTables]","2016","63","Count_MedicalConditionIncident_ConditionQFever_ChronicCondition"
"[]","[]","[P1Y]","[CDC_NNDSS_Diseases_AnnualTables]","2016","1","Count_MedicalConditionIncident_Female_ConditionToxicShockSyndromExceptStreptococcal"
"[]","[]","[P1Y]","[CDC_NNDSS_Diseases_AnnualTables]","2016","1","Count_MedicalConditionIncident_5To14Years_ConditionSpottedFeverRickettsiosis"
"[]","[]","[P1Y]","[CDC_NNDSS_Diseases_AnnualTables]","2016","1","Count_MedicalConditionIncident_ConditionNeuroinvasiveDiseaseOrStLouisEncephalitis_AsianOrPacificIslander"
"[]","[]","[P1Y]","[CDC_NNDSS_Diseases_AnnualTables]","2016","1","Count_MedicalConditionIncident_15To24Years_ConditionMumps"
"[]","[]","[P1Y]","[CDC_NNDSS_Diseases_AnnualTables]","2016","1","Count_MedicalConditionIncident_ConditionLeprosy_Black_AfricanAmericanAlone"
"[]","[]","[P1Y]","[CDC_NNDSS_Diseases_AnnualTables]","2016","1","Count_MedicalConditionIncident_1_LessYears_ConditionHaemophilusMeningitis"
"[]","[]","[P1Y]","[CDC_NNDSS_Diseases_AnnualTables]","2016","1","Count_MedicalConditionIncident_15To24Years_ConditionNeuroinvasiveDisease_WestNileVirusDisease"
"[]","[]","[P1Y]","[CDC_NNDSS_Diseases_AnnualTables]","2016","1","Count_MedicalConditionIncident_5_LessYears_ConditionStreptococcusPneumonia_ConfirmedCase_RaceUnknown_NotStated"
"[]","[]","[P1Y]","[CDC_NNDSS_Diseases_AnnualTables]","2016","1","Count_MedicalConditionIncident_ConditionChickenpox_WhiteAlone"
"[]","[]","[P1Y]","[CDC_NNDSS_Diseases_AnnualTables]","2016","1","Count_MedicalConditionIncident_1To4Years_ConditionCoccidioidomycosis"
"[]","[]","[P1Y]","[CDC_NNDSS_Diseases_AnnualTables]","2016","1","Count_MedicalConditionIncident_AgeNotStated_ConditionHIVAIDS"
"[]","[]","[P1Y]","[CDC_NNDSS_Diseases_AnnualTables]","2016","1","Count_MedicalConditionIncident_ConditionPerinatalInfection_HepatitisB_OtherRace"
"[]","[]","[P1Y]","[CDC_NNDSS_Diseases_AnnualTables]","2016","1","Count_MedicalConditionIncident_ConditionNeuroinvasiveDisease_WestNileVirusDisease_AmericanIndianAndAlaskaNativeAlone"
"[]","[]","[P1Y]","[CDC_NNDSS_Diseases_AnnualTables]","2016","1","Count_MedicalConditionIncident_NotHispanic_Latino_ConditionNeuroinvasiveDisease_JamestownCanyonVirusDisease"
"[]","[]","[P1Y]","[CDC_NNDSS_Diseases_AnnualTables]","2016","1","Count_MedicalConditionIncident_1To4Years_ConditionTyphoidFever"
"[]","[]","[P1Y]","[CDC_NNDSS_Diseases_AnnualTables]","2016","1","Count_MedicalConditionIncident_25To39Years_ConditionNeuroinvasiveDisease_EasternEquineEncephalitis"
"[]","[]","[P1Y]","[CDC_NNDSS_Diseases_AnnualTables]","2016","1","Count_MedicalConditionIncident_5_LessYears_ConditionInvasiveDisease_HaemophilusInfluenzae_OtherRace_UnknownSerotype"
"[]","[]","[P1Y]","[CDC_NNDSS_Diseases_AnnualTables]","2016","1","Count_MedicalConditionIncident_ConditionCyclosporiasis_Black_AfricanAmericanAlone"
"[]","[]","[P1Y]","[CDC_NNDSS_Diseases_AnnualTables]","2016","1","Count_MedicalConditionIncident_Hispanic_Latino_ConditionSmallpox"
"[]","[]","[P1Y]","[CDC_NNDSS_Diseases_AnnualTables]","2016","1","Count_MedicalConditionIncident_ConditionGuanaritoHemorrhagicFever_USResident"
"[]","[]","[P1Y]","[CDC_NNDSS_Diseases_AnnualTables]","2016","1","Count_MedicalConditionIncident_GenderUnknownOrNotStated_ConditionCoccidioidomycosis_ConfirmedCase"
"[]","[]","[P1Y]","[CDC_NNDSS_Diseases_AnnualTables]","2016","1","Count_MedicalConditionIncident_Hispanic_Latino_ConditionMeningococcalMeningitis_SerogroupB"
"[]","[]","[P1Y]","[CDC_NNDSS_Diseases_AnnualTables]","2016","1","Count_MedicalConditionIncident_1_LessYears_ConditionMumps"
"[]","[]","[P1Y]","[CDC_NNDSS_Diseases_AnnualTables]","2016","1","Count_MedicalConditionIncident_40To64Years_ConditionSpottedFeverRickettsiosis_ConfirmedCase"
"[]","[]","[P1Y]","[CDC_NNDSS_Diseases_AnnualTables]","2016","1","Count_MedicalConditionIncident_65_MoreYears_ConditionNonNeuroinvasiveDisease_StLouisEncephalitis"
"[]","[]","[P1Y]","[CDC_NNDSS_Diseases_AnnualTables]","2016","1","Count_MedicalConditionIncident_5To14Years_ConditionNeuroinvasiveDisease_EasternEquineEncephalitis"
"[]","[]","[P1Y]","[CDC_NNDSS_Diseases_AnnualTables]","2016","1","Count_MedicalConditionIncident_ConditionLegionnairesDisease_RaceUnknown_NotStated"
"[]","[]","[P1Y]","[CDC_NNDSS_Diseases_AnnualTables]","2016","1","Count_MedicalConditionIncident_15To24Years_ConditionPertussis"
"[]","[]","[P1Y]","[CDC_NNDSS_Diseases_AnnualTables]","2016","1","Count_MedicalConditionIncident_Years5To14_ConditionAnthraxDisease"
"[]","[]","[P1Y]","[CDC_NNDSS_Diseases_AnnualTables]","2016","1","Count_MedicalConditionIncident_Hispanic_Latino_ConditionSpottedFeverRickettsiosis_ConfirmedCase"
"[]","[]","[P1Y]","[CDC_NNDSS_Diseases_AnnualTables]","2016","1","Count_MedicalConditionIncident_Male_ConditionLeprosy"
"[]","[]","[P1Y]","[CDC_NNDSS_Diseases_AnnualTables]","2016","1","Count_MedicalConditionIncident_EthnicityUnknown_NotStated_ConditionStreptococcusPneumonia"
"[]","[]","[P1Y]","[CDC_NNDSS_Diseases_AnnualTables]","2020","1","Count_MedicalConditionIncident_ConditionGiardiasis_NonUSResident"
"[]","[]","[P1Y]","[CDC_NNDSS_Diseases_AnnualTables]","2016","1","Count_MedicalConditionIncident_1_LessYears_ConditionSpottedFeverRickettsiosis"
"[]","[]","[P1Y]","[CDC_NNDSS_Diseases_AnnualTables]","2016","1","Count_MedicalConditionIncident_40To64Years_ConditionPsittacosis"
"[]","[]","[P1Y]","[CDC_NNDSS_Diseases_AnnualTables]","2016","1","Count_MedicalConditionIncident_40To64Years_ConditionLymeDisease_ConfirmedCase"
"[]","[]","[P1Y]","[CDC_NNDSS_Diseases_AnnualTables]","2016","1","Count_MedicalConditionIncident_15To24Years_ConditionChlamydia"
"[]","[]","[P1Y]","[CDC_NNDSS_Diseases_AnnualTables]","2016","1","Count_MedicalConditionIncident_25To39Years_ConditionBotulism"
"[]","[]","[P1Y]","[CDC_NNDSS_Diseases_AnnualTables]","2016","1","Count_MedicalConditionIncident_Male_ConditionBabesiosis_ProbableCase"
"[]","[]","[P1Y]","[CDC_NNDSS_Diseases_AnnualTables]","2016","1","Count_MedicalConditionIncident_HispanicOrLatino_ConditionZikaVirusInfectionOrCongenitalDisease"
"[]","[]","[P1Y]","[CDC_NNDSS_Diseases_AnnualTables]","2016","1","Count_MedicalConditionIncident_Years15To24_ConditionInfantBotulism"
"[]","[]","[P1Y]","[CDC_NNDSS_Diseases_AnnualTables]","2016","1","Count_MedicalConditionIncident_ConditionSevereDengue_USResident"
"[]","[]","[P1Y]","[CDC_NNDSS_Diseases_AnnualTables]","2020","1","Count_MedicalConditionIncident_ConditionDengueDisease_NonUSResident"
"[]","[]","[P1Y]","[CDC_NNDSS_Diseases_AnnualTables]","2016","1","Count_MedicalConditionIncident_ConditionHumanGranulocyticAnaplasmosis_AmericanIndianAndAlaskaNativeAlone"
"[]","[]","[P1Y]","[CDC_NNDSS_Diseases_AnnualTables]","2016","1","Count_MedicalConditionIncident_Years25To39_ConditionZikaVirusInfectionOrCongenitalDisease"
"[]","[]","[P1Y]","[CDC_NNDSS_Diseases_AnnualTables]","2016","1","Count_MedicalConditionIncident_ConditionListeriosis_AmericanIndianAndAlaskaNativeAlone"
"[]","[]","[P1Y]","[CDC_NNDSS_Diseases_AnnualTables]","2016","1","Count_MedicalConditionIncident_ConditionNonNeuroinvasiveDiseaseOrStLouisEncephalitis_RaceUnknownOrNotStated"
"[]","[]","[P1Y]","[CDC_NNDSS_Diseases_AnnualTables]","2016","1","Count_MedicalConditionIncident_Years15To24_ConditionRabiesinhuman"
"[]","[]","[P1Y]","[CDC_NNDSS_Diseases_AnnualTables]","2016","1","Count_MedicalConditionIncident_ConditionInfluenza_PediatricMortality_Asian_PacificIslander"
"[]","[]","[P1Y]","[CDC_NNDSS_Diseases_AnnualTables]","2016","1","Count_MedicalConditionIncident_65_MoreYears_ConditionVibriosisExcludingCholera"
"[]","[]","[P1Y]","[CDC_NNDSS_Diseases_AnnualTables]","2016","1","Count_MedicalConditionIncident_Male_ConditionBrucellosis"
"[]","[]","[P1Y]","[CDC_NNDSS_Diseases_AnnualTables]","2016","1","Count_MedicalConditionIncident_GenderUnknownOrNotStated_ConditionNonNeuroinvasiveDiseaseOrLaCrosseVirusDisease"
"[]","[]","[P1Y]","[CDC_NNDSS_Diseases_AnnualTables]","2020","1","Count_MedicalConditionIncident_ConditionCyclosporiasis_NonUSResident"
"[]","[]","[P1Y]","[CDC_NNDSS_Diseases_AnnualTables]","2016","1","Count_MedicalConditionIncident_ConditionVancomycinResistantStaphylococcusAureus_WhiteAlone"
"[]","[]","[P1Y]","[CDC_NNDSS_Diseases_AnnualTables]","2016","65","Count_MedicalConditionIncident_5_LessYears_ConditionHaemophilusInfluenzae_InvasiveDisease_OtherSerogroups"
"[]","[]","[P1Y]","[CDC_NNDSS_Diseases_AnnualTables]","2016","53","Count_MedicalConditionIncident_ConditionBabesiosis_ConfirmedCase"
"[]","[]","[P1Y]","[CDC_NNDSS_Diseases_AnnualTables]","2016","1","Count_MedicalConditionIncident_ConditionNeuroinvasiveDiseaseOrJamestownCanyonVirusDisease_USResident"
"[]","[]","[P1Y]","[CDC_NNDSS_Diseases_AnnualTables]","2016","1","Count_MedicalConditionIncident_65_MoreYears_ConditionBabesiosis_ProbableCase"
"[]","[]","[P1Y]","[CDC_NNDSS_Diseases_AnnualTables]","2016","1","Count_MedicalConditionIncident_NotHispanic_Latino_ConditionSyphilis"
"[]","[]","[P1Y]","[CDC_NNDSS_Diseases_AnnualTables]","2016","1","Count_MedicalConditionIncident_Male_ConditionPerinatalInfection_HepatitisC"
"[]","[]","[P1Y]","[CDC_NNDSS_Diseases_AnnualTables]","2016","1","Count_MedicalConditionIncident_ConditionStreptococcusPneumonia_ProbableCase_USResident"
"[]","[]","[P1Y]","[CDC_NNDSS_Diseases_AnnualTables]","2016","1","Count_MedicalConditionIncident_YearsUpto1_ConditionEhrlichiosis"
"[]","[]","[P1Y]","[CDC_NNDSS_Diseases_AnnualTables]","2016","1","Count_MedicalConditionIncident_15To24Years_ConditionEhrlichiosis"
"[]","[]","[P1Y]","[CDC_NNDSS_Diseases_AnnualTables]","2020","1","Count_MedicalConditionIncident_ConditionTularemia_NonUSResident"
"[]","[]","[P1Y]","[CDC_NNDSS_Diseases_AnnualTables]","2016","1","Count_MedicalConditionIncident_ConditionParalyticPoliomyelitis_WhiteAlone"
"[]","[]","[P1Y]","[CDC_NNDSS_Diseases_AnnualTables]","2016","1","Count_MedicalConditionIncident_HispanicOrLatino_ConditionAnthraxDisease"
"[]","[]","[P1Y]","[CDC_NNDSS_Diseases_AnnualTables]","2016","1","Count_MedicalConditionIncident_Male_ConditionPerinatalInfection_HepatitisB"
"[]","[]","[P1Y]","[CDC_NNDSS_Diseases_AnnualTables]","2016","1","Count_MedicalConditionIncident_NotHispanic_Latino_ConditionTetanus"
"[]","[]","[P1Y]","[CDC_NNDSS_Diseases_AnnualTables]","2016","1","Count_MedicalConditionIncident_Years5To14_ConditionNonNeuroinvasiveDiseaseOrPowassanVirusDisease"
"[]","[]","[P1Y]","[CDC_NNDSS_Diseases_AnnualTables]","2016","1","Count_MedicalConditionIncident_Female_ConditionTyphoidFever"
"[]","[]","[P1Y]","[CDC_NNDSS_Diseases_AnnualTables]","2020","1","Count_MedicalConditionIncident_ConditionPlague_NonUSResident"
"[]","[]","[P1Y]","[CDC_NNDSS_Diseases_AnnualTables]","2016","1","Count_MedicalConditionIncident_ConditionNonNeuroinvasiveDisease_WestNileVirusDisease_Asian_PacificIslander"
"[]","[]","[P1Y]","[CDC_NNDSS_Diseases_AnnualTables]","2016","1","Count_MedicalConditionIncident_ConditionCryptosporidiosis_ConfirmedCase_Asian_PacificIslander"
"[]","[]","[P1Y]","[CDC_NNDSS_Diseases_AnnualTables]","2016","1","Count_MedicalConditionIncident_AgeNotStated_ConditionInfantBotulism"
"[]","[]","[P1Y]","[CDC_NNDSS_Diseases_AnnualTables]","2016","1","Count_MedicalConditionIncident_5_LessYears_ConditionStreptococcusPneumonia_ProbableCase_OtherRace"
"[]","[]","[P1Y]","[CDC_NNDSS_Diseases_AnnualTables]","2016","1","Count_MedicalConditionIncident_1_LessYears_ConditionToxicShockSyndromExceptStreptococcal"
"[]","[]","[P1Y]","[CDC_NNDSS_Diseases_AnnualTables]","2016","1","Count_MedicalConditionIncident_Male_ConditionSmallpox"
"[]","[]","[P1Y]","[CDC_NNDSS_Diseases_AnnualTables]","2016","1","Count_MedicalConditionIncident_ConditionDiphtheria_RaceUnknownOrNotStated"
"[]","[]","[P1Y]","[CDC_NNDSS_Diseases_AnnualTables]","2016","1","Count_MedicalConditionIncident_YearsUpto1_ConditionCandidaAuris_Screening"
"[]","[]","[P1Y]","[CDC_NNDSS_Diseases_AnnualTables]","2020","1","Count_MedicalConditionIncident_ConditionMeningococcalMeningitis_NonUSResident_ACWYSerogroup"
"[]","[]","[P1Y]","[CDC_NNDSS_Diseases_AnnualTables]","2016","1","Count_MedicalConditionIncident_ConditionBrucellosis_AmericanIndianAndAlaskaNativeAlone"
"[]","[]","[P1Y]","[CDC_NNDSS_Diseases_AnnualTables]","2016","1","Count_MedicalConditionIncident_Female_ConditionTetanus"
"[]","[]","[P1Y]","[CDC_NNDSS_Diseases_AnnualTables]","2016","1","Count_MedicalConditionIncident_ConditionAcuteCondition_HepatitisC_ProbableCase_RaceUnknown_NotStated"
"[]","[]","[P1Y]","[CDC_NNDSS_Diseases_AnnualTables]","2016","1","Count_MedicalConditionIncident_40To64Years_ConditionVibriosisExcludingCholera_ConfirmedCase"
"[]","[]","[P1Y]","[CDC_NNDSS_Diseases_AnnualTables]","2016","1","Count_MedicalConditionIncident_ConditionFoodborneBotulism_OtherRace"
"[]","[]","[P1Y]","[CDC_NNDSS_Diseases_AnnualTables]","2016","1","Count_MedicalConditionIncident_EthnicityUnknown_NotStated_ConditionGonorrhea"
"[]","[]","[P1Y]","[CDC_NNDSS_Diseases_AnnualTables]","2016","1","Count_MedicalConditionIncident_AgeNotStated_ConditionVibriosisExcludingCholera_ProbableCase"
"[]","[]","[P1Y]","[CDC_NNDSS_Diseases_AnnualTables]","2016","1","Count_MedicalConditionIncident_ConditionFoodborneBotulism_AmericanIndianAndAlaskaNativeAlone"
"[]","[]","[P1Y]","[CDC_NNDSS_Diseases_AnnualTables]","2016","1","Count_MedicalConditionIncident_Male_ConditionMeasles_IndigenousCase"
"[]","[]","[P1Y]","[CDC_NNDSS_Diseases_AnnualTables]","2016","1","Count_MedicalConditionIncident_Male_ConditionAcuteCondition_HepatitisC_ConfirmedCase"
"[]","[]","[P1Y]","[CDC_NNDSS_Diseases_AnnualTables]","2016","1","Count_MedicalConditionIncident_NotHispanic_Latino_ConditionLassaHemorrhagicFever"
"[]","[]","[P1Y]","[CDC_NNDSS_Diseases_AnnualTables]","2016","1","Count_MedicalConditionIncident_NotHispanic_Latino_ConditionQFever"
"[]","[]","[P1Y]","[CDC_NNDSS_Diseases_AnnualTables]","2016","1","Count_MedicalConditionIncident_ConditionNonNeuroinvasiveDisease_WestNileVirusDisease_Black_AfricanAmericanAlone"
"[]","[]","[P1Y]","[CDC_NNDSS_Diseases_AnnualTables]","2016","1","Count_MedicalConditionIncident_Hispanic_Latino_ConditionChickenpox"
"[]","[]","[P1Y]","[CDC_NNDSS_Diseases_AnnualTables]","2016","61","Count_MedicalConditionIncident_ConditionPsittacosis"
"[]","[]","[P1Y]","[CDC_NNDSS_Diseases_AnnualTables]","2016","1","Count_MedicalConditionIncident_1To4Years_ConditionAcuteCondition_HepatitisC_ConfirmedCase"
"[]","[]","[P1Y]","[CDC_NNDSS_Diseases_AnnualTables]","2016","1","Count_MedicalConditionIncident_YearsUpto5_GenderUnknownOrNotStated_ConditionStreptococcusPneumonia_ProbableCase"
"[]","[]","[P1Y]","[CDC_NNDSS_Diseases_AnnualTables]","2016","1","Count_MedicalConditionIncident_ConditionGonorrhea_Black_AfricanAmericanAlone"
"[]","[]","[P1Y]","[CDC_NNDSS_Diseases_AnnualTables]","2016","1","Count_MedicalConditionIncident_ConditionNonNeuroinvasiveDiseaseOrStLouisEncephalitis_OtherRace"
"[]","[]","[P1Y]","[CDC_NNDSS_Diseases_AnnualTables]","2016","1","Count_MedicalConditionIncident_ConditionCandidaAuris_Screening_BlackOrAfricanAmericanAlone"
"[]","[]","[P1Y]","[CDC_NNDSS_Diseases_AnnualTables]","2016","1","Count_MedicalConditionIncident_15To24Years_ConditionPsittacosis"
"[]","[]","[P1Y]","[CDC_NNDSS_Diseases_AnnualTables]","2016","1","Count_MedicalConditionIncident_15To24Years_ConditionMeasles"
"[]","[]","[P1Y]","[CDC_NNDSS_Diseases_AnnualTables]","2016","1","Count_MedicalConditionIncident_NotHispanicOrLatino_ConditionDiphtheria"
"[]","[]","[P1Y]","[CDC_NNDSS_Diseases_AnnualTables]","2020","1","Count_MedicalConditionIncident_ConditionLaCrosseVirusDisease_NeuroinvasiveDisease_NonUSResident"
"[]","[]","[P1Y]","[CDC_NNDSS_Diseases_AnnualTables]","2016","1","Count_MedicalConditionIncident_GenderUnknown_NotStated_ConditionCryptosporidiosis"
"[]","[]","[P1Y]","[CDC_NNDSS_Diseases_AnnualTables]","2016","1","Count_MedicalConditionIncident_Hispanic_Latino_ConditionCyclosporiasis"
"[]","[]","[P1Y]","[CDC_NNDSS_Diseases_AnnualTables]","2016","1","Count_MedicalConditionIncident_GenderUnknownOrNotStated_ConditionDiphtheria"
"[]","[]","[P1Y]","[CDC_NNDSS_Diseases_AnnualTables]","2016","1","Count_MedicalConditionIncident_Years1To4_ConditionHaemophilusInfluenzaeOrInvasiveDisease_UnknownSerotype"
"[]","[]","[P1Y]","[CDC_NNDSS_Diseases_AnnualTables]","2016","1","Count_MedicalConditionIncident_EthnicityUnknown_NotStated_ConditionSpottedFeverRickettsiosis_ProbableCase"
"[]","[]","[P1Y]","[CDC_NNDSS_Diseases_AnnualTables]","2016","1","Count_MedicalConditionIncident_ConditionNonNeuroinvasiveDiseaseOrStLouisEncephalitis_WhiteAlone"
"[]","[]","[P1Y]","[CDC_NNDSS_Diseases_AnnualTables]","2016","1","Count_MedicalConditionIncident_AgeNotStated_ConditionShigellosis"
"[]","[]","[P1Y]","[CDC_NNDSS_Diseases_AnnualTables]","2016","1","Count_MedicalConditionIncident_5_LessYears_ConditionInvasiveDisease_HaemophilusInfluenzae_Asian_PacificIslander_OtherSerogroups"
"[]","[]","[P1Y]","[CDC_NNDSS_Diseases_AnnualTables]","2016","1","Count_MedicalConditionIncident_ConditionCandidaAuris_Screening_AmericanIndianAndAlaskaNativeAlone"
"[]","[]","[P1Y]","[CDC_NNDSS_Diseases_AnnualTables]","2016","1","Count_MedicalConditionIncident_65_MoreYears_ConditionHumanMonocyticEhrlichiosis"
"[]","[]","[P1Y]","[CDC_NNDSS_Diseases_AnnualTables]","2016","1","Count_MedicalConditionIncident_5_LessYears_ConditionInvasiveDisease_HaemophilusInfluenzae_AmericanIndianAndAlaskaNativeAlone_OtherSerogroups"
"[]","[]","[P1Y]","[CDC_NNDSS_Diseases_AnnualTables]","2016","1","Count_MedicalConditionIncident_1_LessYears_ConditionSyphilisPrimaryAndSecondary"
"[]","[]","[P1Y]","[CDC_NNDSS_Diseases_AnnualTables]","2020","1","Count_MedicalConditionIncident_ConditionVibriosisExcludingCholera_ConfirmedCase_NonUSResident"
"[]","[]","[P1Y]","[CDC_NNDSS_Diseases_AnnualTables]","2020","1","Count_MedicalConditionIncident_5_LessYears_ConditionHaemophilusInfluenzae_InvasiveDisease_NonUSResident_OtherSerogroups"
"[]","[]","[P1Y]","[CDC_NNDSS_Diseases_AnnualTables]","2016","1","Count_MedicalConditionIncident_1To4Years_ConditionCampylobacteriosis"
"[]","[]","[P1Y]","[CDC_NNDSS_Diseases_AnnualTables]","2016","1","Count_MedicalConditionIncident_ConditionCongenitalSyphilis_Black_AfricanAmericanAlone"
"[]","[]","[P1Y]","[CDC_NNDSS_Diseases_AnnualTables]","2016","1","Count_MedicalConditionIncident_Female_ConditionMeningococcalMeningitis_OtherSerogroups"
"[]","[]","[P1Y]","[CDC_NNDSS_Diseases_AnnualTables]","2016","1","Count_MedicalConditionIncident_Hispanic_Latino_ConditionListeriosis"
"[]","[]","[P1Y]","[CDC_NNDSS_Diseases_AnnualTables]","2016","1","Count_MedicalConditionIncident_65_MoreYears_ConditionPerinatalInfection_HepatitisC"
"[]","[]","[P1Y]","[CDC_NNDSS_Diseases_AnnualTables]","2016","1","Count_MedicalConditionIncident_65_MoreYears_ConditionPerinatalInfection_HepatitisB"
"[]","[]","[P1Y]","[CDC_NNDSS_Diseases_AnnualTables]","2016","1","Count_MedicalConditionIncident_GenderUnknown_NotStated_ConditionSpottedFeverRickettsiosis"
"[]","[]","[P1Y]","[CDC_NNDSS_Diseases_AnnualTables]","2016","1","Count_MedicalConditionIncident_5To14Years_ConditionHaemophilusMeningitis"
"[]","[]","[P1Y]","[CDC_NNDSS_Diseases_AnnualTables]","2016","1","Count_MedicalConditionIncident_Female_ConditionCarbapenemResistantEnterobacteriaceae"
"[]","[]","[P1Y]","[CDC_NNDSS_Diseases_AnnualTables]","2016","1","Count_MedicalConditionIncident_5_LessYears_ConditionStreptococcusPneumonia_ProbableCase_RaceUnknown_NotStated"
"[]","[]","[P1Y]","[CDC_NNDSS_Diseases_AnnualTables]","2016","1","Count_MedicalConditionIncident_40To64Years_ConditionGuanaritoHemorrhagicFever"
"[]","[]","[P1Y]","[CDC_NNDSS_Diseases_AnnualTables]","2016","1","Count_MedicalConditionIncident_5_LessYears_Female_ConditionStreptococcusPneumonia_ConfirmedCase"
"[]","[]","[P1Y]","[CDC_NNDSS_Diseases_AnnualTables]","2020","1","Count_MedicalConditionIncident_ConditionEasternEquineEncephalitis_NeuroinvasiveDisease_NonUSResident"
"[]","[]","[P1Y]","[CDC_NNDSS_Diseases_AnnualTables]","2016","1","Count_MedicalConditionIncident_Female_ConditionListeriosis"
"[]","[]","[P1Y]","[CDC_NNDSS_Diseases_AnnualTables]","2016","1","Count_MedicalConditionIncident_ConditionCongenitalDisease_Rubella_Black_AfricanAmericanAlone"
"[]","[]","[P1Y]","[CDC_NNDSS_Diseases_AnnualTables]","2016","1","Count_MedicalConditionIncident_Hispanic_Latino_ConditionNeuroinvasiveDisease_WestNileVirusDisease"
"[]","[]","[P1Y]","[CDC_NNDSS_Diseases_AnnualTables]","2016","1","Count_MedicalConditionIncident_ConditionRubella_WhiteAlone"
"[]","[]","[P1Y]","[CDC_NNDSS_Diseases_AnnualTables]","2020","1","Count_MedicalConditionIncident_ConditionNonparalyticPoliomyelitis_NonUSResident"
"[]","[]","[P1Y]","[CDC_NNDSS_Diseases_AnnualTables]","2016","62","Count_MedicalConditionIncident_ConditionHantavirusPulmonarySyndrome"
"[]","[]","[P1Y]","[CDC_NNDSS_Diseases_AnnualTables]","2016","1","Count_MedicalConditionIncident_15To24Years_ConditionCOVID19"
"[]","[]","[P1Y]","[CDC_NNDSS_Diseases_AnnualTables]","2016","1","Count_MedicalConditionIncident_AgeNotStated_ConditionNonNeuroinvasiveDiseaseOrPowassanVirusDisease"
"[]","[]","[P1Y]","[CDC_NNDSS_Diseases_AnnualTables]","2016","1","Count_MedicalConditionIncident_Male_ConditionVancomycinResistantStaphylococcusAureus"
"[]","[]","[P1Y]","[CDC_NNDSS_Diseases_AnnualTables]","2016","1","Count_MedicalConditionIncident_Female_ConditionListeriosis_ProbableCase"
"[]","[]","[P1Y]","[CDC_NNDSS_Diseases_AnnualTables]","2016","1","Count_MedicalConditionIncident_1To4Years_ConditionSpottedFeverRickettsiosis_ProbableCase"
"[]","[]","[P1Y]","[CDC_NNDSS_Diseases_AnnualTables]","2020","1","Count_MedicalConditionIncident_ConditionRubella_NonUSResident"
"[]","[]","[P1Y]","[CDC_NNDSS_Diseases_AnnualTables]","2016","1","Count_MedicalConditionIncident_15To24Years_ConditionSevereDengue"
"[]","[]","[P1Y]","[CDC_NNDSS_Diseases_AnnualTables]","2016","1","Count_MedicalConditionIncident_ConditionDengueLikeIllness_OtherRace"
"[]","[]","[P1Y]","[CDC_NNDSS_Diseases_AnnualTables]","2016","1","Count_MedicalConditionIncident_1_LessYears_ConditionMeningococcalMeningitis_UnknownSerogroups"
"[]","[]","[P1Y]","[CDC_NNDSS_Diseases_AnnualTables]","2016","1","Count_MedicalConditionIncident_Male_ConditionShigellosis"
"[]","[]","[P1Y]","[CDC_NNDSS_Diseases_AnnualTables]","2016","1","Count_MedicalConditionIncident_NotHispanic_Latino_ConditionMeningococcalMeningitis_SerogroupB"
"[]","[]","[P1Y]","[CDC_NNDSS_Diseases_AnnualTables]","2016","1","Count_MedicalConditionIncident_ConditionParatyphoid_USResident"
"[]","[]","[P1Y]","[CDC_NNDSS_Diseases_AnnualTables]","2016","1","Count_MedicalConditionIncident_ConditionPlague_Black_AfricanAmericanAlone"
"[]","[]","[P1Y]","[CDC_NNDSS_Diseases_AnnualTables]","2016","1","Count_MedicalConditionIncident_65_MoreYears_ConditionAcuteCondition_QFever"
"[]","[]","[P1Y]","[CDC_NNDSS_Diseases_AnnualTables]","2016","1","Count_MedicalConditionIncident_Male_ConditionCarbapenemResistantEnterobacteriaceae"
"[]","[]","[P1Y]","[CDC_NNDSS_Diseases_AnnualTables]","2016","1","Count_MedicalConditionIncident_ConditionListeriosis_ConfirmedCase_OtherRace"
"[]","[]","[P1Y]","[CDC_NNDSS_Diseases_AnnualTables]","2016","1","Count_MedicalConditionIncident_AgeNotStated_ConditionPerinatalInfection_HepatitisC"
"[]","[]","[P1Y]","[CDC_NNDSS_Diseases_AnnualTables]","2016","1","Count_MedicalConditionIncident_AgeNotStated_ConditionPerinatalInfection_HepatitisB"
"[]","[]","[P1Y]","[CDC_NNDSS_Diseases_AnnualTables]","2016","1","Count_MedicalConditionIncident_5To14Years_ConditionCampylobacteriosis"
"[]","[]","[P1Y]","[CDC_NNDSS_Diseases_AnnualTables]","2016","1","Count_MedicalConditionIncident_40To64Years_ConditionCongenitalSyphilis"
"[]","[]","[P1Y]","[CDC_NNDSS_Diseases_AnnualTables]","2016","1","Count_MedicalConditionIncident_1To4Years_ConditionNeuroinvasiveDisease_PowassanVirusDisease"
"[]","[]","[P1Y]","[CDC_NNDSS_Diseases_AnnualTables]","2016","1","Count_MedicalConditionIncident_65_MoreYears_ConditionRabiesinhuman"
"[]","[]","[P1Y]","[CDC_NNDSS_Diseases_AnnualTables]","2016","1","Count_MedicalConditionIncident_25To39Years_ConditionBrucellosis"
"[]","[]","[P1Y]","[CDC_NNDSS_Diseases_AnnualTables]","2016","1","Count_MedicalConditionIncident_1_LessYears_ConditionNeuroinvasiveDisease_PowassanVirusDisease"
"[]","[]","[P1Y]","[CDC_NNDSS_Diseases_AnnualTables]","2016","1","Count_MedicalConditionIncident_GenderUnknownOrNotStated_ConditionNonNeuroinvasiveDiseaseOrPowassanVirusDisease"
"[]","[]","[P1Y]","[CDC_NNDSS_Diseases_AnnualTables]","2016","1","Count_MedicalConditionIncident_5To14Years_ConditionMalaria"
"[]","[]","[P1Y]","[CDC_NNDSS_Diseases_AnnualTables]","2016","1","Count_MedicalConditionIncident_Years1To4_ConditionHaemophilusInfluenzaeOrInvasiveDisease_SerotypeB"
"[]","[]","[P1Y]","[CDC_NNDSS_Diseases_AnnualTables]","2016","1","Count_MedicalConditionIncident_ConditionCryptosporidiosis_ConfirmedCase_AmericanIndianAndAlaskaNativeAlone"
"[]","[]","[P1Y]","[CDC_NNDSS_Diseases_AnnualTables]","2016","1","Count_MedicalConditionIncident_ConditionLegionnairesDisease_OtherRace"
"[]","[]","[P1Y]","[CDC_NNDSS_Diseases_AnnualTables]","2016","1","Count_MedicalConditionIncident_EthnicityUnknown_NotStated_ConditionMeningococcalMeningitis_ACWYSerogroup"
"[]","[]","[P1Y]","[CDC_NNDSS_Diseases_AnnualTables]","2020","1","Count_MedicalConditionIncident_ConditionListeriosis_ProbableCase_NonUSResident"
"[]","[]","[P1Y]","[CDC_NNDSS_Diseases_AnnualTables]","2016","1","Count_MedicalConditionIncident_ConditionBrucellosis_WhiteAlone"
"[]","[]","[P1Y]","[CDC_NNDSS_Diseases_AnnualTables]","2016","1","Count_MedicalConditionIncident_25To39Years_ConditionEhrlichiaEwingiiInfection"
"[]","[]","[P1Y]","[CDC_NNDSS_Diseases_AnnualTables]","2016","1","Count_MedicalConditionIncident_ConditionCandidaAuris_Screening_WhiteAlone"
"[]","[]","[P1Y]","[CDC_NNDSS_Diseases_AnnualTables]","2016","1","Count_MedicalConditionIncident_Male_ConditionStreptococcalToxicShockSyndrome"
"[]","[]","[P1Y]","[CDC_NNDSS_Diseases_AnnualTables]","2016","1","Count_MedicalConditionIncident_AgeNotStated_ConditionTyphoidFever"
"[]","[]","[P1Y]","[CDC_NNDSS_Diseases_AnnualTables]","2016","1","Count_MedicalConditionIncident_65_MoreYears_ConditionMeasles_ImportedCase"
"[]","[]","[P1Y]","[CDC_NNDSS_Diseases_AnnualTables]","2016","1","Count_MedicalConditionIncident_ConditionGiardiasis_WhiteAlone"
"[]","[]","[P1Y]","[CDC_NNDSS_Diseases_AnnualTables]","2016","1","Count_MedicalConditionIncident_ConditionVibriosisExcludingCholera_RaceUnknown_NotStated"
"[]","[]","[P1Y]","[CDC_NNDSS_Diseases_AnnualTables]","2016","1","Count_MedicalConditionIncident_40To64Years_ConditionSpottedFeverRickettsiosis"
"[]","[]","[P1Y]","[CDC_NNDSS_Diseases_AnnualTables]","2016","1","Count_MedicalConditionIncident_GenderUnknown_NotStated_ConditionShigellosis"
"[]","[]","[P1Y]","[CDC_NNDSS_Diseases_AnnualTables]","2016","1","Count_MedicalConditionIncident_1_LessYears_ConditionBrucellosis"
"[]","[]","[P1Y]","[CDC_NNDSS_Diseases_AnnualTables]","2016","1","Count_MedicalConditionIncident_15To24Years_ConditionStreptococcusPneumonia"
"[]","[]","[P1Y]","[CDC_NNDSS_Diseases_AnnualTables]","2016","1","Count_MedicalConditionIncident_15To24Years_ConditionDengueLikeIllness"
"[]","[]","[P1Y]","[CDC_NNDSS_Diseases_AnnualTables]","2016","1","Count_MedicalConditionIncident_Female_ConditionCongenitalSyphilis"
"[]","[]","[P1Y]","[CDC_NNDSS_Diseases_AnnualTables]","2016","1","Count_MedicalConditionIncident_Hispanic_Latino_ConditionCryptosporidiosis_ProbableCase"
"[]","[]","[P1Y]","[CDC_NNDSS_Diseases_AnnualTables]","2016","1","Count_MedicalConditionIncident_Years15To24_ConditionChickenpox_PatientDeceased"
"[]","[]","[P1Y]","[CDC_NNDSS_Diseases_AnnualTables]","2016","1","Count_MedicalConditionIncident_EthnicityUnknown_NotStated_ConditionCoccidioidomycosis"
"[]","[]","[P1Y]","[CDC_NNDSS_Diseases_AnnualTables]","2016","1","Count_MedicalConditionIncident_AgeNotStated_ConditionHaemophilusInfluenzaeOrInvasiveDisease_NonSerotypeB"
"[]","[]","[P1Y]","[CDC_NNDSS_Diseases_AnnualTables]","2016","1","Count_MedicalConditionIncident_Male_ConditionHantavirusPulmonarySyndrome"
"[]","[]","[P1Y]","[CDC_NNDSS_Diseases_AnnualTables]","2016","1","Count_MedicalConditionIncident_Female_ConditionInvasiveDisease_HaemophilusInfluenzae"
"[]","[]","[P1Y]","[CDC_NNDSS_Diseases_AnnualTables]","2016","1","Count_MedicalConditionIncident_EthnicityUnknown_NotStated_ConditionLassaHemorrhagicFever"
"[]","[]","[P1Y]","[CDC_NNDSS_Diseases_AnnualTables]","2016","1","Count_MedicalConditionIncident_1To4Years_ConditionMeningococcalMeningitis_UnknownSerogroups"
"[]","[]","[P1Y]","[CDC_NNDSS_Diseases_AnnualTables]","2016","1","Count_MedicalConditionIncident_AgeNotStated_ConditionMeasles_ImportedCase"
"[]","[]","[P1Y]","[CDC_NNDSS_Diseases_AnnualTables]","2020","1","Count_MedicalConditionIncident_ConditionStLouisEncephalitis_NeuroinvasiveDisease_NonUSResident"
"[]","[]","[P1Y]","[CDC_NNDSS_Diseases_AnnualTables]","2016","1","Count_MedicalConditionIncident_ConditionNeuroinvasiveDiseaseOrEasternEquineEncephalitis_OtherRace"
"[]","[]","[P1Y]","[CDC_NNDSS_Diseases_AnnualTables]","2016","1","Count_MedicalConditionIncident_ConditionAcuteCondition_HepatitisC_Black_AfricanAmericanAlone"
"[]","[]","[P1Y]","[CDC_NNDSS_Diseases_AnnualTables]","2016","1","Count_MedicalConditionIncident_15To24Years_ConditionSalmonellosisExceptTyphiAndParatyphi"
"[]","[]","[P1Y]","[CDC_NNDSS_Diseases_AnnualTables]","2016","1","Count_MedicalConditionIncident_EthnicityUnknown_NotStated_ConditionTetanus"
"[]","[]","[P1Y]","[CDC_NNDSS_Diseases_AnnualTables]","2016","1","Count_MedicalConditionIncident_40To64Years_ConditionStreptococcalToxicShockSyndrome"
"[]","[]","[P1Y]","[CDC_NNDSS_Diseases_AnnualTables]","2016","1","Count_MedicalConditionIncident_1_LessYears_ConditionStreptococcusPneumonia"
"[]","[]","[P1Y]","[CDC_NNDSS_Diseases_AnnualTables]","2016","1","Count_MedicalConditionIncident_Female_ConditionStreptococcusPneumonia_ConfirmedCase"
"[]","[]","[P1Y]","[CDC_NNDSS_Diseases_AnnualTables]","2016","1","Count_MedicalConditionIncident_Male_ConditionAnthraxDisease"
"[]","[]","[P1Y]","[CDC_NNDSS_Diseases_AnnualTables]","2020","1","Count_MedicalConditionIncident_ConditionLeprosy_NonUSResident"
"[]","[]","[P1Y]","[CDC_NNDSS_Diseases_AnnualTables]","2016","1","Count_MedicalConditionIncident_ConditionSmallpox_WhiteAlone"
"[]","[]","[P1Y]","[CDC_NNDSS_Diseases_AnnualTables]","2016","1","Count_MedicalConditionIncident_ConditionRabiesinhuman_RaceUnknownOrNotStated"
"[]","[]","[P1Y]","[CDC_NNDSS_Diseases_AnnualTables]","2016","1","Count_MedicalConditionIncident_ConditionTrichinellosis_RaceUnknown_NotStated"
"[]","[]","[P1Y]","[CDC_NNDSS_Diseases_AnnualTables]","2016","1","Count_MedicalConditionIncident_EthnicityUnknown_NotStated_ConditionListeriosis"
"[]","[]","[P1Y]","[CDC_NNDSS_Diseases_AnnualTables]","2016","1","Count_MedicalConditionIncident_5_LessYears_ConditionInvasiveDisease_HaemophilusInfluenzae_WhiteAlone_OtherSerogroups"
"[]","[]","[P1Y]","[CDC_NNDSS_Diseases_AnnualTables]","2016","1","Count_MedicalConditionIncident_YearsUpto1_ConditionNonNeuroinvasiveDiseaseOrPowassanVirusDisease"
"[]","[]","[P1Y]","[CDC_NNDSS_Diseases_AnnualTables]","2016","1","Count_MedicalConditionIncident_ConditionMeasles_IndigenousCase_Asian_PacificIslander"
"[]","[]","[P1Y]","[CDC_NNDSS_Diseases_AnnualTables]","2016","1","Count_MedicalConditionIncident_ConditionSevereDengue_AmericanIndianAndAlaskaNativeAlone"
"[]","[]","[P1Y]","[CDC_NNDSS_Diseases_AnnualTables]","2016","1","Count_MedicalConditionIncident_5_LessYears_ConditionInvasiveDisease_HaemophilusInfluenzae_RaceUnknown_NotStated_UnknownSerotype"
"[]","[]","[P1Y]","[CDC_NNDSS_Diseases_AnnualTables]","2016","1","Count_MedicalConditionIncident_ConditionNonNeuroinvasiveDisease_WestNileVirusDisease_OtherRace"
"[]","[]","[P1Y]","[CDC_NNDSS_Diseases_AnnualTables]","2016","1","Count_MedicalConditionIncident_EthnicityUnknown_NotStated_ConditionSyphilisPrimaryAndSecondary"
"[]","[]","[P1Y]","[CDC_NNDSS_Diseases_AnnualTables]","2016","1","Count_MedicalConditionIncident_40To64Years_ConditionLassaHemorrhagicFever"
"[]","[]","[P1Y]","[CDC_NNDSS_Diseases_AnnualTables]","2016","65","Count_MedicalConditionIncident_ConditionEasternEquineEncephalitis_NeuroinvasiveDisease"
"[]","[]","[P1Y]","[CDC_NNDSS_Diseases_AnnualTables]","2016","1","Count_MedicalConditionIncident_40To64Years_ConditionListeriosis_ConfirmedCase"
"[]","[]","[P1Y]","[CDC_NNDSS_Diseases_AnnualTables]","2016","1","Count_MedicalConditionIncident_NotHispanic_Latino_ConditionFoodborneBotulism"
"[]","[]","[P1Y]","[CDC_NNDSS_Diseases_AnnualTables]","2016","1","Count_MedicalConditionIncident_ConditionLassaHemorrhagicFever_OtherRace"
"[]","[]","[P1Y]","[CDC_NNDSS_Diseases_AnnualTables]","2016","1","Count_MedicalConditionIncident_NotHispanic_Latino_ConditionCyclosporiasis"
"[]","[]","[P1Y]","[CDC_NNDSS_Diseases_AnnualTables]","2016","1","Count_MedicalConditionIncident_15To24Years_ConditionMeningococcalMeningitis"
"[]","[]","[P1Y]","[CDC_NNDSS_Diseases_AnnualTables]","2016","1","Count_MedicalConditionIncident_Hispanic_Latino_ConditionLassaHemorrhagicFever"
"[]","[]","[P1Y]","[CDC_NNDSS_Diseases_AnnualTables]","2016","1","Count_MedicalConditionIncident_NotHispanic_Latino_ConditionCandidaAuris_ClinicalCase"
"[]","[]","[P1Y]","[CDC_NNDSS_Diseases_AnnualTables]","2016","1","Count_MedicalConditionIncident_Male_ConditionInvasiveDisease_HaemophilusInfluenzae"
"[]","[]","[P1Y]","[CDC_NNDSS_Diseases_AnnualTables]","2016","1","Count_MedicalConditionIncident_ConditionTetanus_Asian_PacificIslander"
"[]","[]","[P1Y]","[CDC_NNDSS_Diseases_AnnualTables]","2016","1","Count_MedicalConditionIncident_ConditionSmallpox_OtherRace"
"[]","[]","[P1Y]","[CDC_NNDSS_Diseases_AnnualTables]","2016","1","Count_MedicalConditionIncident_ConditionListeriosis_ConfirmedCase_AmericanIndianAndAlaskaNativeAlone"
"[]","[]","[P1Y]","[CDC_NNDSS_Diseases_AnnualTables]","2016","1","Count_MedicalConditionIncident_ConditionCryptosporidiosis_WhiteAlone"
"[]","[]","[P1Y]","[CDC_NNDSS_Diseases_AnnualTables]","2016","1","Count_MedicalConditionIncident_ConditionGonorrhea_USResident"
"[]","[]","[P1Y]","[CDC_NNDSS_Diseases_AnnualTables]","2016","1","Count_MedicalConditionIncident_Years5To14_ConditionChancroid"
"[]","[]","[P1Y]","[CDC_NNDSS_Diseases_AnnualTables]","2016","1","Count_MedicalConditionIncident_EthnicityUnknown_NotStated_ConditionMeasles_ImportedCase"
"[]","[]","[P1Y]","[CDC_NNDSS_Diseases_AnnualTables]","2016","1","Count_MedicalConditionIncident_ConditionDengueDisease_RaceUnknown_NotStated"
"[]","[]","[P1Y]","[CDC_NNDSS_Diseases_AnnualTables]","2016","1","Count_MedicalConditionIncident_25To39Years_ConditionNonNeuroinvasiveDisease_StLouisEncephalitis"
"[]","[]","[P1Y]","[CDC_NNDSS_Diseases_AnnualTables]","2016","1","Count_MedicalConditionIncident_40To64Years_ConditionMeningococcalMeningitis_OtherSerogroups"
"[]","[]","[P1Y]","[CDC_NNDSS_Diseases_AnnualTables]","2016","1","Count_MedicalConditionIncident_ConditionAcuteCondition_HepatitisC_AmericanIndianAndAlaskaNativeAlone"
"[]","[]","[P1Y]","[CDC_NNDSS_Diseases_AnnualTables]","2016","1","Count_MedicalConditionIncident_ConditionVibriosisExcludingCholera_WhiteAlone"
"[]","[]","[P1Y]","[CDC_NNDSS_Diseases_AnnualTables]","2016","1","Count_MedicalConditionIncident_NotHispanic_Latino_ConditionLegionnairesDisease"
"[]","[]","[P1Y]","[CDC_NNDSS_Diseases_AnnualTables]","2016","1","Count_MedicalConditionIncident_NotHispanic_Latino_ConditionMeningococcalMeningitis_ACWYSerogroup"
"[]","[]","[P1Y]","[CDC_NNDSS_Diseases_AnnualTables]","2016","1","Count_MedicalConditionIncident_EthnicityUnknown_NotStated_ConditionStreptococcusPneumonia_ProbableCase"
"[]","[]","[P1Y]","[CDC_NNDSS_Diseases_AnnualTables]","2016","1","Count_MedicalConditionIncident_NotHispanic_Latino_ConditionGiardiasis"
"[]","[]","[P1Y]","[CDC_NNDSS_Diseases_AnnualTables]","2020","1","Count_MedicalConditionIncident_ConditionHepatitisB_PerinatalInfection_NonUSResident"
"[]","[]","[P1Y]","[CDC_NNDSS_Diseases_AnnualTables]","2016","1","Count_MedicalConditionIncident_ConditionLegionnairesDisease_Black_AfricanAmericanAlone"
"[]","[]","[P1Y]","[CDC_NNDSS_Diseases_AnnualTables]","2016","1","Count_MedicalConditionIncident_YearsUpto1_ConditionNonNeuroinvasiveDiseaseOrJamestownCanyonVirusDisease"
"[]","[]","[P1Y]","[CDC_NNDSS_Diseases_AnnualTables]","2016","1","Count_MedicalConditionIncident_EthnicityUnknown_NotStated_ConditionBabesiosis_ProbableCase"
"[]","[]","[P1Y]","[CDC_NNDSS_Diseases_AnnualTables]","2016","1","Count_MedicalConditionIncident_Male_ConditionNonNeuroinvasiveDisease_WestNileVirusDisease"
"[]","[]","[P1Y]","[CDC_NNDSS_Diseases_AnnualTables]","2016","1","Count_MedicalConditionIncident_ConditionEhrlichiosis_OtherRace"
"[]","[]","[P1Y]","[CDC_NNDSS_Diseases_AnnualTables]","2016","1","Count_MedicalConditionIncident_Female_ConditionTuberculosis"
"[]","[]","[P1Y]","[CDC_NNDSS_Diseases_AnnualTables]","2016","1","Count_MedicalConditionIncident_ConditionCryptosporidiosis_RaceUnknown_NotStated"
"[]","[]","[P1Y]","[CDC_NNDSS_Diseases_AnnualTables]","2016","1","Count_MedicalConditionIncident_Years1To4_ConditionHaemophilusInfluenzaeOrInvasiveDisease_NonSerotypeB"
"[]","[]","[P1Y]","[CDC_NNDSS_Diseases_AnnualTables]","2016","1","Count_MedicalConditionIncident_AgeNotStated_ConditionPlague"
"[]","[]","[P1Y]","[CDC_NNDSS_Diseases_AnnualTables]","2020","1","Count_MedicalConditionIncident_ConditionHIVAIDS_NonUSResident"
"[]","[]","[P1Y]","[CDC_NNDSS_Diseases_AnnualTables]","2016","1","Count_MedicalConditionIncident_ConditionLassaHemorrhagicFever_USResident"
"[]","[]","[P1Y]","[CDC_NNDSS_Diseases_AnnualTables]","2016","1","Count_MedicalConditionIncident_ConditionCryptosporidiosis_ProbableCase_WhiteAlone"
"[]","[]","[P1Y]","[CDC_NNDSS_Diseases_AnnualTables]","2016","1","Count_MedicalConditionIncident_5_LessYears_ConditionStreptococcusPneumonia_AmericanIndianAndAlaskaNativeAlone"
"[]","[]","[P1Y]","[CDC_NNDSS_Diseases_AnnualTables]","2016","1","Count_MedicalConditionIncident_ConditionCandidaAuris_ClinicalCase_RaceUnknown_NotStated"
"[]","[]","[P1Y]","[CDC_NNDSS_Diseases_AnnualTables]","2016","1","Count_MedicalConditionIncident_5_LessYears_ConditionInvasiveDisease_HaemophilusInfluenzae_AmericanIndianAndAlaskaNativeAlone_SerotypeB"
"[]","[]","[P1Y]","[CDC_NNDSS_Diseases_AnnualTables]","2016","1","Count_MedicalConditionIncident_Years40To64_ConditionYellowFever"
"[]","[]","[P1Y]","[CDC_NNDSS_Diseases_AnnualTables]","2020","1","Count_MedicalConditionIncident_ConditionZikaVirusInfection_NonCongenitalDisease_NonUSResident"
"[]","[]","[P1Y]","[CDC_NNDSS_Diseases_AnnualTables]","2016","1","Count_MedicalConditionIncident_NotHispanic_Latino_ConditionNonCongenitalDisease_ZikaVirusInfection"
"[]","[]","[P1Y]","[CDC_NNDSS_Diseases_AnnualTables]","2016","1","Count_MedicalConditionIncident_AgeNotStated_ConditionChikungunya"
"[]","[]","[P1Y]","[CDC_NNDSS_Diseases_AnnualTables]","2016","1","Count_MedicalConditionIncident_ConditionCryptosporidiosis_ConfirmedCase_USResident"
"[]","[]","[P1Y]","[CDC_NNDSS_Diseases_AnnualTables]","2016","1","Count_MedicalConditionIncident_ConditionAcuteCondition_HepatitisC_ProbableCase_OtherRace"
"[]","[]","[P1Y]","[CDC_NNDSS_Diseases_AnnualTables]","2016","1","Count_MedicalConditionIncident_65_MoreYears_ConditionPsittacosis"
"[]","[]","[P1Y]","[CDC_NNDSS_Diseases_AnnualTables]","2016","1","Count_MedicalConditionIncident_Male_ConditionNeuroinvasiveDisease_StLouisEncephalitis"
"[]","[]","[P1Y]","[CDC_NNDSS_Diseases_AnnualTables]","2016","1","Count_MedicalConditionIncident_ConditionSpottedFeverRickettsiosis_USResident"
"[]","[]","[P1Y]","[CDC_NNDSS_Diseases_AnnualTables]","2016","1","Count_MedicalConditionIncident_Years25To39_ConditionYellowFever"
"[]","[]","[P1Y]","[CDC_NNDSS_Diseases_AnnualTables]","2016","1","Count_MedicalConditionIncident_ConditionHantavirusPulmonarySyndrome_AsianOrPacificIslander"
"[]","[]","[P1Y]","[CDC_NNDSS_Diseases_AnnualTables]","2016","1","Count_MedicalConditionIncident_Male_ConditionNeuroinvasiveDisease_JamestownCanyonVirusDisease"
"[]","[]","[P1Y]","[CDC_NNDSS_Diseases_AnnualTables]","2020","1","Count_MedicalConditionIncident_ConditionMeningococcalMeningitis_NonUSResident_SerogroupB"
"[]","[]","[P1Y]","[CDC_NNDSS_Diseases_AnnualTables]","2016","1","Count_MedicalConditionIncident_15To24Years_ConditionHantavirusPulmonarySyndrome"
"[]","[]","[P1Y]","[CDC_NNDSS_Diseases_AnnualTables]","2016","65","Count_MedicalConditionIncident_ConditionYellowFever"
"[]","[]","[P1Y]","[CDC_NNDSS_Diseases_AnnualTables]","2016","1","Count_MedicalConditionIncident_5To14Years_ConditionListeriosis_ConfirmedCase"
"[]","[]","[P1Y]","[CDC_NNDSS_Diseases_AnnualTables]","2016","1","Count_MedicalConditionIncident_15To24Years_ConditionLeptospirosis"
"[]","[]","[P1Y]","[CDC_NNDSS_Diseases_AnnualTables]","2016","1","Count_MedicalConditionIncident_AgeNotStated_ConditionDiphtheria"
"[]","[]","[P1Y]","[CDC_NNDSS_Diseases_AnnualTables]","2016","1","Count_MedicalConditionIncident_Female_ConditionSmallpox"
"[]","[]","[P1Y]","[CDC_NNDSS_Diseases_AnnualTables]","2016","1","Count_MedicalConditionIncident_65_MoreYears_ConditionTularemia"
"[]","[]","[P1Y]","[CDC_NNDSS_Diseases_AnnualTables]","2016","1","Count_MedicalConditionIncident_65_MoreYears_ConditionBabesiosis"
"[]","[]","[P1Y]","[CDC_NNDSS_Diseases_AnnualTables]","2016","1","Count_MedicalConditionIncident_ConditionAnthraxDisease_RaceUnknownOrNotStated"
"[]","[]","[P1Y]","[CDC_NNDSS_Diseases_AnnualTables]","2016","1","Count_MedicalConditionIncident_Years5To14_ConditionYellowFever"
"[]","[]","[P1Y]","[CDC_NNDSS_Diseases_AnnualTables]","2016","1","Count_MedicalConditionIncident_5To14Years_ConditionSmallpox"
"[]","[]","[P1Y]","[CDC_NNDSS_Diseases_AnnualTables]","2016","1","Count_MedicalConditionIncident_ConditionCOVID19_USResident"
"[]","[]","[P1Y]","[CDC_NNDSS_Diseases_AnnualTables]","2016","1","Count_MedicalConditionIncident_25To39Years_ConditionListeriosis_ProbableCase"
"[]","[]","[P1Y]","[CDC_NNDSS_Diseases_AnnualTables]","2016","1","Count_MedicalConditionIncident_Hispanic_Latino_ConditionMumps"
"[]","[]","[P1Y]","[CDC_NNDSS_Diseases_AnnualTables]","2016","1","Count_MedicalConditionIncident_Years5To14_ConditionNeuroinvasiveDiseaseOrStLouisEncephalitis"
"[]","[]","[P1Y]","[CDC_NNDSS_Diseases_AnnualTables]","2020","1","Count_MedicalConditionIncident_ConditionInfluenza_PediatricMortality_NonUSResident"
"[]","[]","[P1Y]","[CDC_NNDSS_Diseases_AnnualTables]","2016","1","Count_MedicalConditionIncident_ConditionStreptococcalToxicShockSyndrome_Asian_PacificIslander"
"[]","[]","[P1Y]","[CDC_NNDSS_Diseases_AnnualTables]","2016","1","Count_MedicalConditionIncident_ConditionInfluenza_PediatricMortality_Black_AfricanAmericanAlone"
"[]","[]","[P1Y]","[CDC_NNDSS_Diseases_AnnualTables]","2016","1","Count_MedicalConditionIncident_AgeNotStated_ConditionBotulism"
"[]","[]","[P1Y]","[CDC_NNDSS_Diseases_AnnualTables]","2020","1","Count_MedicalConditionIncident_ConditionHaemophilusMeningitis_NonUSResident"
"[]","[]","[P1Y]","[CDC_NNDSS_Diseases_AnnualTables]","2016","1","Count_MedicalConditionIncident_EthnicityUnknown_NotStated_ConditionChikungunya"
"[]","[]","[P1Y]","[CDC_NNDSS_Diseases_AnnualTables]","2016","1","Count_MedicalConditionIncident_1To4Years_ConditionNonparalyticPoliomyelitis"
"[]","[]","[P1Y]","[CDC_NNDSS_Diseases_AnnualTables]","2016","1","Count_MedicalConditionIncident_EthnicityUnknown_NotStated_ConditionLymeDisease"
"[]","[]","[P1Y]","[CDC_NNDSS_Diseases_AnnualTables]","2016","1","Count_MedicalConditionIncident_ConditionVancomycinResistantStaphylococcusAureus_AsianOrPacificIslander"
"[]","[]","[P1Y]","[CDC_NNDSS_Diseases_AnnualTables]","2016","1","Count_MedicalConditionIncident_Years5To14_ConditionZikaVirusDiseaseOrCongenitalDisease"
"[]","[]","[P1Y]","[CDC_NNDSS_Diseases_AnnualTables]","2016","1","Count_MedicalConditionIncident_ConditionPostDiarrheal_HemolyticUremicSyndrome_Black_AfricanAmericanAlone"
"[]","[]","[P1Y]","[CDC_NNDSS_Diseases_AnnualTables]","2016","1","Count_MedicalConditionIncident_ConditionInfantBotulism_USResident"
"[]","[]","[P1Y]","[CDC_NNDSS_Diseases_AnnualTables]","2016","1","Count_MedicalConditionIncident_Male_ConditionCoccidioidomycosis_ProbableCase"
"[]","[]","[P1Y]","[CDC_NNDSS_Diseases_AnnualTables]","2016","1","Count_MedicalConditionIncident_1_LessYears_ConditionShigellosis"
"[]","[]","[P1Y]","[CDC_NNDSS_Diseases_AnnualTables]","2016","1","Count_MedicalConditionIncident_ConditionCryptosporidiosis_Black_AfricanAmericanAlone"
"[]","[]","[P1Y]","[CDC_NNDSS_Diseases_AnnualTables]","2016","1","Count_MedicalConditionIncident_5To14Years_ConditionCongenitalSyphilis"
"[]","[]","[P1Y]","[CDC_NNDSS_Diseases_AnnualTables]","2016","1","Count_MedicalConditionIncident_ConditionChancroid_WhiteAlone"
"[]","[]","[P1Y]","[CDC_NNDSS_Diseases_AnnualTables]","2016","1","Count_MedicalConditionIncident_ConditionNonCongenitalDisease_ZikaVirusDisease_WhiteAlone"
"[]","[]","[P1Y]","[CDC_NNDSS_Diseases_AnnualTables]","2016","1","Count_MedicalConditionIncident_65_MoreYears_ConditionCOVID19"
"[]","[]","[P1Y]","[CDC_NNDSS_Diseases_AnnualTables]","2016","1","Count_MedicalConditionIncident_ConditionNonNeuroinvasiveDiseaseOrLaCrosseVirusDisease_AsianOrPacificIslander"
"[]","[]","[P1Y]","[CDC_NNDSS_Diseases_AnnualTables]","2016","1","Count_MedicalConditionIncident_ConditionNeuroinvasiveDiseaseOrPowassanVirusDisease_AsianOrPacificIslander"
"[]","[]","[P1Y]","[CDC_NNDSS_Diseases_AnnualTables]","2016","1","Count_MedicalConditionIncident_EthnicityUnknown_NotStated_ConditionListeriosis_ProbableCase"
"[]","[]","[P1Y]","[CDC_NNDSS_Diseases_AnnualTables]","2016","1","Count_MedicalConditionIncident_5To14Years_ConditionMeningococcalMeningitis"
"[]","[]","[P1Y]","[CDC_NNDSS_Diseases_AnnualTables]","2016","1","Count_MedicalConditionIncident_GenderUnknown_NotStated_ConditionBrucellosis"
"[]","[]","[P1Y]","[CDC_NNDSS_Diseases_AnnualTables]","2016","1","Count_MedicalConditionIncident_ConditionAnthraxDisease_WhiteAlone"
"[]","[]","[P1Y]","[CDC_NNDSS_Diseases_AnnualTables]","2016","1","Count_MedicalConditionIncident_5_LessYears_ConditionStreptococcusPneumonia_RaceUnknown_NotStated"
"[]","[]","[P1Y]","[CDC_NNDSS_Diseases_AnnualTables]","2016","1","Count_MedicalConditionIncident_65_MoreYears_ConditionAcuteCondition_HepatitisC"
"[]","[]","[P1Y]","[CDC_NNDSS_Diseases_AnnualTables]","2016","1","Count_MedicalConditionIncident_5_LessYears_EthnicityUnknown_NotStated_ConditionStreptococcusPneumonia_ConfirmedCase"
"[]","[]","[P1Y]","[CDC_NNDSS_Diseases_AnnualTables]","2016","1","Count_MedicalConditionIncident_65_MoreYears_ConditionLeprosy"
"[]","[]","[P1Y]","[CDC_NNDSS_Diseases_AnnualTables]","2016","1","Count_MedicalConditionIncident_Female_ConditionSpottedFeverRickettsiosis_ProbableCase"
"[]","[]","[P1Y]","[CDC_NNDSS_Diseases_AnnualTables]","2016","1","Count_MedicalConditionIncident_5_LessYears_ConditionInvasiveDisease_HaemophilusInfluenzae_RaceUnknown_NotStated_OtherSerogroups"
"[]","[]","[P1Y]","[CDC_NNDSS_Diseases_AnnualTables]","2016","1","Count_MedicalConditionIncident_ConditionMeasles_IndigenousCase_USResident"
"[]","[]","[P1Y]","[CDC_NNDSS_Diseases_AnnualTables]","2016","1","Count_MedicalConditionIncident_5_LessYears_Hispanic_Latino_ConditionStreptococcusPneumonia_ProbableCase"
"[]","[]","[P1Y]","[CDC_NNDSS_Diseases_AnnualTables]","2016","1","Count_MedicalConditionIncident_GenderUnknown_NotStated_ConditionHaemophilusMeningitis"
"[]","[]","[P1Y]","[CDC_NNDSS_Diseases_AnnualTables]","2016","1","Count_MedicalConditionIncident_GenderUnknownOrNotStated_ConditionNonNeuroinvasiveDiseaseOrStLouisEncephalitis"
"[]","[]","[P1Y]","[CDC_NNDSS_Diseases_AnnualTables]","2016","1","Count_MedicalConditionIncident_YearsUpto5_ConditionStreptococcusPneumonia_USResident"
"[]","[]","[P1Y]","[CDC_NNDSS_Diseases_AnnualTables]","2016","1","Count_MedicalConditionIncident_1To4Years_ConditionHIVAIDS"
"[]","[]","[P1Y]","[CDC_NNDSS_Diseases_AnnualTables]","2016","1","Count_MedicalConditionIncident_AgeNotStated_ConditionWoundBotulism"
"[]","[]","[P1Y]","[CDC_NNDSS_Diseases_AnnualTables]","2016","1","Count_MedicalConditionIncident_ConditionPsittacosis_WhiteAlone"
"[]","[]","[P1Y]","[CDC_NNDSS_Diseases_AnnualTables]","2016","1","Count_MedicalConditionIncident_Hispanic_Latino_ConditionQFever"
"[]","[]","[P1Y]","[CDC_NNDSS_Diseases_AnnualTables]","2016","1","Count_MedicalConditionIncident_NotHispanic_Latino_ConditionSpottedFeverRickettsiosis_ProbableCase"
"[]","[]","[P1Y]","[CDC_NNDSS_Diseases_AnnualTables]","2016","1","Count_MedicalConditionIncident_25To39Years_ConditionShigellosis"
"[]","[]","[P1Y]","[CDC_NNDSS_Diseases_AnnualTables]","2016","1","Count_MedicalConditionIncident_15To24Years_ConditionStreptococcusPneumonia_ProbableCase"
"[]","[]","[P1Y]","[CDC_NNDSS_Diseases_AnnualTables]","2016","1","Count_MedicalConditionIncident_Male_ConditionStreptococcusPneumonia_ProbableCase"
"[]","[]","[P1Y]","[CDC_NNDSS_Diseases_AnnualTables]","2020","1","Count_MedicalConditionIncident_ConditionSyphilis_NonUSResident"
"[]","[]","[P1Y]","[CDC_NNDSS_Diseases_AnnualTables]","2020","1","Count_MedicalConditionIncident_ConditionMeningococcalMeningitis_NonUSResident"
"[]","[]","[P1Y]","[CDC_NNDSS_Diseases_AnnualTables]","2016","1","Count_MedicalConditionIncident_GenderUnknown_NotStated_ConditionCholera"
"[]","[]","[P1Y]","[CDC_NNDSS_Diseases_AnnualTables]","2016","1","Count_MedicalConditionIncident_25To39Years_ConditionLymeDisease_ConfirmedCase"
"[]","[]","[P1Y]","[CDC_NNDSS_Diseases_AnnualTables]","2016","1","Count_MedicalConditionIncident_25To39Years_ConditionStreptococcusPneumonia_ConfirmedCase"
"[]","[]","[P1Y]","[CDC_NNDSS_Diseases_AnnualTables]","2016","1","Count_MedicalConditionIncident_Hispanic_Latino_ConditionMeasles"
"[]","[]","[P1Y]","[CDC_NNDSS_Diseases_AnnualTables]","2016","65","Count_MedicalConditionIncident_ConditionZikaVirusInfection_CongenitalDisease"
"[]","[]","[P1Y]","[CDC_NNDSS_Diseases_AnnualTables]","2016","1","Count_MedicalConditionIncident_NotHispanic_Latino_ConditionStreptococcusPneumonia_ConfirmedCase"
"[]","[]","[P1Y]","[CDC_NNDSS_Diseases_AnnualTables]","2016","1","Count_MedicalConditionIncident_NotHispanic_Latino_ConditionBabesiosis_ConfirmedCase"
"[]","[]","[P1Y]","[CDC_NNDSS_Diseases_AnnualTables]","2016","1","Count_MedicalConditionIncident_25To39Years_ConditionChronicCondition_QFever"
"[]","[]","[P1Y]","[CDC_NNDSS_Diseases_AnnualTables]","2016","1","Count_MedicalConditionIncident_GenderUnknown_NotStated_ConditionInfluenza_PediatricMortality"
"[]","[]","[P1Y]","[CDC_NNDSS_Diseases_AnnualTables]","2016","1","Count_MedicalConditionIncident_ConditionCoccidioidomycosis_Asian_PacificIslander"
"[]","[]","[P1Y]","[CDC_NNDSS_Diseases_AnnualTables]","2016","1","Count_MedicalConditionIncident_NotHispanic_Latino_ConditionLeptospirosis"
"[]","[]","[P1Y]","[CDC_NNDSS_Diseases_AnnualTables]","2016","1","Count_MedicalConditionIncident_ConditionHumanGranulocyticAnaplasmosis_USResident"
"[]","[]","[P1Y]","[CDC_NNDSS_Diseases_AnnualTables]","2016","1","Count_MedicalConditionIncident_Male_ConditionNeuroinvasiveDisease_PowassanVirusDisease"
"[]","[]","[P1Y]","[CDC_NNDSS_Diseases_AnnualTables]","2016","1","Count_MedicalConditionIncident_Years15To24_ConditionCoccidioidomycosis_ProbableCase"
"[]","[]","[P1Y]","[CDC_NNDSS_Diseases_AnnualTables]","2016","1","Count_MedicalConditionIncident_ConditionPertussis_WhiteAlone"
"[]","[]","[P1Y]","[CDC_NNDSS_Diseases_AnnualTables]","2016","1","Count_MedicalConditionIncident_5To14Years_ConditionStreptococcusPneumonia_ProbableCase"
"[]","[]","[P1Y]","[CDC_NNDSS_Diseases_AnnualTables]","2016","1","Count_MedicalConditionIncident_Years1To4_ConditionWoundBotulism"
"[]","[]","[P1Y]","[CDC_NNDSS_Diseases_AnnualTables]","2016","1","Count_MedicalConditionIncident_Years40To64_ConditionCoccidioidomycosis_ProbableCase"
"[]","[]","[P1Y]","[CDC_NNDSS_Diseases_AnnualTables]","2016","1","Count_MedicalConditionIncident_1To4Years_ConditionCongenitalDisease_Rubella"
"[]","[]","[P1Y]","[CDC_NNDSS_Diseases_AnnualTables]","2016","1","Count_MedicalConditionIncident_Male_ConditionVancomycinIntermediateStaphylococcusAureus"
"[]","[]","[P1Y]","[CDC_NNDSS_Diseases_AnnualTables]","2016","1","Count_MedicalConditionIncident_ConditionDiphtheria_OtherRace"
"[]","[]","[P1Y]","[CDC_NNDSS_Diseases_AnnualTables]","2016","1","Count_MedicalConditionIncident_Years5To14_ConditionInfantBotulism"
"[]","[]","[P1Y]","[CDC_NNDSS_Diseases_AnnualTables]","2016","1","Count_MedicalConditionIncident_Female_ConditionNeuroinvasiveDisease_LaCrosseVirusDisease"
"[]","[]","[P1Y]","[CDC_NNDSS_Diseases_AnnualTables]","2016","1","Count_MedicalConditionIncident_NotHispanic_Latino_ConditionTrichinellosis"
"[]","[]","[P1Y]","[CDC_NNDSS_Diseases_AnnualTables]","2016","65","Count_MedicalConditionIncident_ConditionMeasles"
"[]","[]","[P1Y]","[CDC_NNDSS_Diseases_AnnualTables]","2016","1","Count_MedicalConditionIncident_Male_ConditionInfluenza_PediatricMortality"
"[]","[]","[P1Y]","[CDC_NNDSS_Diseases_AnnualTables]","2016","1","Count_MedicalConditionIncident_ConditionNonNeuroinvasiveDiseaseOrJamestownCanyonVirusDisease_AsianOrPacificIslander"
"[]","[]","[P1Y]","[CDC_NNDSS_Diseases_AnnualTables]","2016","1","Count_MedicalConditionIncident_15To24Years_ConditionListeriosis_ConfirmedCase"
"[]","[]","[P1Y]","[CDC_NNDSS_Diseases_AnnualTables]","2016","1","Count_MedicalConditionIncident_65_MoreYears_ConditionAcuteCondition_HepatitisA"
"[]","[]","[P1Y]","[CDC_NNDSS_Diseases_AnnualTables]","2016","1","Count_MedicalConditionIncident_65_MoreYears_ConditionAcuteCondition_HepatitisB"
"[]","[]","[P1Y]","[CDC_NNDSS_Diseases_AnnualTables]","2016","1","Count_MedicalConditionIncident_Male_ConditionCyclosporiasis"
"[]","[]","[P1Y]","[CDC_NNDSS_Diseases_AnnualTables]","2016","1","Count_MedicalConditionIncident_Hispanic_Latino_ConditionNeuroinvasiveDisease_JamestownCanyonVirusDisease"
"[]","[]","[P1Y]","[CDC_NNDSS_Diseases_AnnualTables]","2016","1","Count_MedicalConditionIncident_ConditionGonorrhea_RaceUnknown_NotStated"
"[]","[]","[P1Y]","[CDC_NNDSS_Diseases_AnnualTables]","2020","1","Count_MedicalConditionIncident_ConditionAnthraxDisease_NonUSResident"
"[]","[]","[P1Y]","[CDC_NNDSS_Diseases_AnnualTables]","2016","1","Count_MedicalConditionIncident_Male_ConditionNeuroinvasiveDisease_EasternEquineEncephalitis"
"[]","[]","[P1Y]","[CDC_NNDSS_Diseases_AnnualTables]","2016","1","Count_MedicalConditionIncident_ConditionMeasles_OtherRace"
"[]","[]","[P1Y]","[CDC_NNDSS_Diseases_AnnualTables]","2016","1","Count_MedicalConditionIncident_Male_ConditionLymeDisease_ConfirmedCase"
"[]","[]","[P1Y]","[CDC_NNDSS_Diseases_AnnualTables]","2016","1","Count_MedicalConditionIncident_ConditionWoundBotulism_RaceUnknown_NotStated"
"[]","[]","[P1Y]","[CDC_NNDSS_Diseases_AnnualTables]","2016","1","Count_MedicalConditionIncident_Female_ConditionDengueDisease"
"[]","[]","[P1Y]","[CDC_NNDSS_Diseases_AnnualTables]","2016","1","Count_MedicalConditionIncident_ConditionAcuteCondition_HepatitisB_WhiteAlone"
"[]","[]","[P1Y]","[CDC_NNDSS_Diseases_AnnualTables]","2016","1","Count_MedicalConditionIncident_Female_ConditionCoccidioidomycosis"
"[]","[]","[P1Y]","[CDC_NNDSS_Diseases_AnnualTables]","2016","1","Count_MedicalConditionIncident_40To64Years_ConditionFoodborneBotulism"
"[]","[]","[P1Y]","[CDC_NNDSS_Diseases_AnnualTables]","2016","1","Count_MedicalConditionIncident_AgeNotStated_ConditionSmallpox"
"[]","[]","[P1Y]","[CDC_NNDSS_Diseases_AnnualTables]","2016","1","Count_MedicalConditionIncident_ConditionTrichinellosis_Black_AfricanAmericanAlone"
"[]","[]","[P1Y]","[CDC_NNDSS_Diseases_AnnualTables]","2016","1","Count_MedicalConditionIncident_1To4Years_ConditionDengueDisease"
"[]","[]","[P1Y]","[CDC_NNDSS_Diseases_AnnualTables]","2016","1","Count_MedicalConditionIncident_Years1To4_ConditionAnthraxDisease"
"[]","[]","[P1Y]","[CDC_NNDSS_Diseases_AnnualTables]","2016","1","Count_MedicalConditionIncident_ConditionNonNeuroinvasiveDiseaseOrJamestownCanyonVirusDisease_WhiteAlone"
"[]","[]","[P1Y]","[CDC_NNDSS_Diseases_AnnualTables]","2016","1","Count_MedicalConditionIncident_ConditionLeptospirosis_OtherRace"
"[]","[]","[P1Y]","[CDC_NNDSS_Diseases_AnnualTables]","2016","1","Count_MedicalConditionIncident_25To39Years_ConditionMeasles_ImportedCase"
"[]","[]","[P1Y]","[CDC_NNDSS_Diseases_AnnualTables]","2016","1","Count_MedicalConditionIncident_Years5To14_ConditionChickenpox_PatientDeceased"
"[]","[]","[P1Y]","[CDC_NNDSS_Diseases_AnnualTables]","2016","1","Count_MedicalConditionIncident_ConditionLymeDisease_ProbableCase_Asian_PacificIslander"
"[]","[]","[P1Y]","[CDC_NNDSS_Diseases_AnnualTables]","2016","1","Count_MedicalConditionIncident_1To4Years_ConditionShigaToxinEColi"
"[]","[]","[P1Y]","[CDC_NNDSS_Diseases_AnnualTables]","2016","1","Count_MedicalConditionIncident_Female_ConditionCryptosporidiosis"
"[]","[]","[P1Y]","[CDC_NNDSS_Diseases_AnnualTables]","2016","1","Count_MedicalConditionIncident_5To14Years_ConditionMeasles_IndigenousCase"
"[]","[]","[P1Y]","[CDC_NNDSS_Diseases_AnnualTables]","2016","1","Count_MedicalConditionIncident_HispanicOrLatino_ConditionChancroid"
"[]","[]","[P1Y]","[CDC_NNDSS_Diseases_AnnualTables]","2016","1","Count_MedicalConditionIncident_ConditionNeuroinvasiveDisease_LaCrosseVirusDisease_Asian_PacificIslander"
"[]","[]","[P1Y]","[CDC_NNDSS_Diseases_AnnualTables]","2016","1","Count_MedicalConditionIncident_1_LessYears_ConditionLeptospirosis"
"[]","[]","[P1Y]","[CDC_NNDSS_Diseases_AnnualTables]","2016","1","Count_MedicalConditionIncident_1To4Years_ConditionVibriosisExcludingCholera"
"[]","[]","[P1Y]","[CDC_NNDSS_Diseases_AnnualTables]","2016","1","Count_MedicalConditionIncident_5To14Years_ConditionLymeDisease_ConfirmedCase"
"[]","[]","[P1Y]","[CDC_NNDSS_Diseases_AnnualTables]","2016","1","Count_MedicalConditionIncident_ConditionNeuroinvasiveDisease_WestNileVirusDisease_WhiteAlone"
"[]","[]","[P1Y]","[CDC_NNDSS_Diseases_AnnualTables]","2016","1","Count_MedicalConditionIncident_5_LessYears_Male_ConditionStreptococcusPneumonia_ProbableCase"
"[]","[]","[P1Y]","[CDC_NNDSS_Diseases_AnnualTables]","2016","1","Count_MedicalConditionIncident_ConditionHepatitisC_PerinatalInfection_USResident"
"[]","[]","[P1Y]","[CDC_NNDSS_Diseases_AnnualTables]","2016","1","Count_MedicalConditionIncident_ConditionToxicShockSyndromExceptStreptococcal_Black_AfricanAmericanAlone"
"[]","[]","[P1Y]","[CDC_NNDSS_Diseases_AnnualTables]","2016","1","Count_MedicalConditionIncident_ConditionNeuroinvasiveDiseaseOrEasternEquineEncephalitis_AmericanIndianAndAlaskaNativeAlone"
"[]","[]","[P1Y]","[CDC_NNDSS_Diseases_AnnualTables]","2016","1","Count_MedicalConditionIncident_Male_ConditionDengueLikeIllness"
"[]","[]","[P1Y]","[CDC_NNDSS_Diseases_AnnualTables]","2016","1","Count_MedicalConditionIncident_5_LessYears_ConditionHaemophilusInfluenzae_InvasiveDisease_USResident_OtherSerogroups"
"[]","[]","[P1Y]","[CDC_NNDSS_Diseases_AnnualTables]","2016","1","Count_MedicalConditionIncident_Hispanic_Latino_ConditionHumanMonocyticEhrlichiosis"
"[]","[]","[P1Y]","[CDC_NNDSS_Diseases_AnnualTables]","2016","1","Count_MedicalConditionIncident_ConditionAcuteCondition_HepatitisA_RaceUnknown_NotStated"
"[]","[]","[P1Y]","[CDC_NNDSS_Diseases_AnnualTables]","2016","1","Count_MedicalConditionIncident_Hispanic_Latino_ConditionStreptococcusPneumonia_ConfirmedCase"
"[]","[]","[P1Y]","[CDC_NNDSS_Diseases_AnnualTables]","2016","1","Count_MedicalConditionIncident_ConditionVancomycinIntermediateStaphylococcusAureus_Black_AfricanAmericanAlone"
"[]","[]","[P1Y]","[CDC_NNDSS_Diseases_AnnualTables]","2016","1","Count_MedicalConditionIncident_ConditionHaemophilusMeningitis_WhiteAlone"
"[]","[]","[P1Y]","[CDC_NNDSS_Diseases_AnnualTables]","2016","1","Count_MedicalConditionIncident_25To39Years_ConditionNeuroinvasiveDisease_PowassanVirusDisease"
"[]","[]","[P1Y]","[CDC_NNDSS_Diseases_AnnualTables]","2016","1","Count_MedicalConditionIncident_NotHispanic_Latino_ConditionHumanMonocyticEhrlichiosis"
"[]","[]","[P1Y]","[CDC_NNDSS_Diseases_AnnualTables]","2016","65","Count_MedicalConditionIncident_ConditionZikaVirusDisease_CongenitalDisease"
"[]","[]","[P1Y]","[CDC_NNDSS_Diseases_AnnualTables]","2016","1","Count_MedicalConditionIncident_ConditionTularemia_OtherRace"
"[]","[]","[P1Y]","[CDC_NNDSS_Diseases_AnnualTables]","2016","1","Count_MedicalConditionIncident_1To4Years_ConditionCholera"
"[]","[]","[P1Y]","[CDC_NNDSS_Diseases_AnnualTables]","2020","1","Count_MedicalConditionIncident_ConditionChickenpox_PatientDeceased_NonUSResident"
"[]","[]","[P1Y]","[CDC_NNDSS_Diseases_AnnualTables]","2016","1","Count_MedicalConditionIncident_AgeNotStated_ConditionChronicConditionOrQFever"
"[]","[]","[P1Y]","[CDC_NNDSS_Diseases_AnnualTables]","2016","1","Count_MedicalConditionIncident_ConditionBabesiosis_OtherRace"
"[]","[]","[P1Y]","[CDC_NNDSS_Diseases_AnnualTables]","2020","1","Count_MedicalConditionIncident_ConditionStreptococcusPneumonia_ProbableCase_NonUSResident"
"[]","[]","[P1Y]","[CDC_NNDSS_Diseases_AnnualTables]","2016","1","Count_MedicalConditionIncident_Hispanic_Latino_ConditionPostDiarrheal_HemolyticUremicSyndrome"
"[]","[]","[P1Y]","[CDC_NNDSS_Diseases_AnnualTables]","2016","1","Count_MedicalConditionIncident_EthnicityUnknownOrNotStated_ConditionNonNeuroinvasiveDiseaseOrJamestownCanyonVirusDisease"
"[]","[]","[P1Y]","[CDC_NNDSS_Diseases_AnnualTables]","2016","1","Count_MedicalConditionIncident_Hispanic_Latino_ConditionNonNeuroinvasiveDisease_WestNileVirusDisease"
"[]","[]","[P1Y]","[CDC_NNDSS_Diseases_AnnualTables]","2016","1","Count_MedicalConditionIncident_5_LessYears_EthnicityUnknown_NotStated_ConditionInvasiveDisease_HaemophilusInfluenzae_UnknownSerotype"
"[]","[]","[P1Y]","[CDC_NNDSS_Diseases_AnnualTables]","2016","1","Count_MedicalConditionIncident_Female_ConditionNeuroinvasiveDisease_JamestownCanyonVirusDisease"
"[]","[]","[P1Y]","[CDC_NNDSS_Diseases_AnnualTables]","2016","1","Count_MedicalConditionIncident_25To39Years_ConditionMalaria"
"[]","[]","[P1Y]","[CDC_NNDSS_Diseases_AnnualTables]","2016","1","Count_MedicalConditionIncident_1To4Years_ConditionMeasles_IndigenousCase"
"[]","[]","[P1Y]","[CDC_NNDSS_Diseases_AnnualTables]","2016","1","Count_MedicalConditionIncident_EthnicityUnknown_NotStated_ConditionSmallpox"
"[]","[]","[P1Y]","[CDC_NNDSS_Diseases_AnnualTables]","2016","1","Count_MedicalConditionIncident_ConditionTyphoidFever_WhiteAlone"
"[]","[]","[P1Y]","[CDC_NNDSS_Diseases_AnnualTables]","2016","1","Count_MedicalConditionIncident_ConditionCholera_OtherRace"
"[]","[]","[P1Y]","[CDC_NNDSS_Diseases_AnnualTables]","2016","1","Count_MedicalConditionIncident_NotHispanic_Latino_ConditionShigellosis"
"[]","[]","[P1Y]","[CDC_NNDSS_Diseases_AnnualTables]","2016","1","Count_MedicalConditionIncident_15To24Years_ConditionLegionnairesDisease"
"[]","[]","[P1Y]","[CDC_NNDSS_Diseases_AnnualTables]","2020","1","Count_MedicalConditionIncident_ConditionPowassanVirusDisease_NeuroinvasiveDisease_NonUSResident"
"[]","[]","[P1Y]","[CDC_NNDSS_Diseases_AnnualTables]","2016","1","Count_MedicalConditionIncident_Years40To64_ConditionHaemophilusInfluenzaeOrInvasiveDisease_UnknownSerotype"
"[]","[]","[P1Y]","[CDC_NNDSS_Diseases_AnnualTables]","2016","1","Count_MedicalConditionIncident_65_MoreYears_ConditionInvasiveDisease_HaemophilusInfluenzae"
"[]","[]","[P1Y]","[CDC_NNDSS_Diseases_AnnualTables]","2016","1","Count_MedicalConditionIncident_ConditionNonparalyticPoliomyelitis_RaceUnknown_NotStated"
"[]","[]","[P1Y]","[CDC_NNDSS_Diseases_AnnualTables]","2016","1","Count_MedicalConditionIncident_65_MoreYears_ConditionNeuroinvasiveDisease_LaCrosseVirusDisease"
"[]","[]","[P1Y]","[CDC_NNDSS_Diseases_AnnualTables]","2016","1","Count_MedicalConditionIncident_Hispanic_Latino_ConditionWoundBotulism"
"[]","[]","[P1Y]","[CDC_NNDSS_Diseases_AnnualTables]","2016","1","Count_MedicalConditionIncident_1_LessYears_ConditionMeasles_IndigenousCase"
"[]","[]","[P1Y]","[CDC_NNDSS_Diseases_AnnualTables]","2016","1","Count_MedicalConditionIncident_ConditionShigaToxinEColi_USResident"
"[]","[]","[P1Y]","[CDC_NNDSS_Diseases_AnnualTables]","2016","1","Count_MedicalConditionIncident_Years40To64_ConditionInfantBotulism"
"[]","[]","[P1Y]","[CDC_NNDSS_Diseases_AnnualTables]","2016","1","Count_MedicalConditionIncident_ConditionAnthraxDisease_BlackOrAfricanAmericanAlone"
"[]","[]","[P1Y]","[CDC_NNDSS_Diseases_AnnualTables]","2016","1","Count_MedicalConditionIncident_40To64Years_ConditionShigaToxinEColi"
"[]","[]","[P1Y]","[CDC_NNDSS_Diseases_AnnualTables]","2016","1","Count_MedicalConditionIncident_ConditionStreptococcusPneumonia_ProbableCase_OtherRace"
"[]","[]","[P1Y]","[CDC_NNDSS_Diseases_AnnualTables]","2016","1","Count_MedicalConditionIncident_5To14Years_ConditionTyphoidFever"
"[]","[]","[P1Y]","[CDC_NNDSS_Diseases_AnnualTables]","2016","1","Count_MedicalConditionIncident_15To24Years_ConditionNonNeuroinvasiveDisease_JamestownCanyonVirusDisease"
"[]","[]","[P1Y]","[CDC_NNDSS_Diseases_AnnualTables]","2016","1","Count_MedicalConditionIncident_ConditionMeningococcalMeningitis_Black_AfricanAmericanAlone_ACWYSerogroup"
"[]","[]","[P1Y]","[CDC_NNDSS_Diseases_AnnualTables]","2016","1","Count_MedicalConditionIncident_65_MoreYears_ConditionNonNeuroinvasiveDisease_JamestownCanyonVirusDisease"
"[]","[]","[P1Y]","[CDC_NNDSS_Diseases_AnnualTables]","2016","1","Count_MedicalConditionIncident_Years1To4_ConditionTrichinellosis"
"[]","[]","[P1Y]","[CDC_NNDSS_Diseases_AnnualTables]","2016","1","Count_MedicalConditionIncident_GenderUnknownOrNotStated_ConditionHIVAIDS"
"[]","[]","[P1Y]","[CDC_NNDSS_Diseases_AnnualTables]","2016","1","Count_MedicalConditionIncident_Female_ConditionCholera"
"[]","[]","[P1Y]","[CDC_NNDSS_Diseases_AnnualTables]","2016","1","Count_MedicalConditionIncident_YearsUpto1_ConditionZikaVirusDiseaseOrCongenitalDisease"
"[]","[]","[P1Y]","[CDC_NNDSS_Diseases_AnnualTables]","2016","1","Count_MedicalConditionIncident_Hispanic_Latino_ConditionInfantBotulism"
"[]","[]","[P1Y]","[CDC_NNDSS_Diseases_AnnualTables]","2016","1","Count_MedicalConditionIncident_5To14Years_ConditionHantavirusPulmonarySyndrome"
"[]","[]","[P1Y]","[CDC_NNDSS_Diseases_AnnualTables]","2016","1","Count_MedicalConditionIncident_Female_ConditionChikungunya"
"[]","[]","[P1Y]","[CDC_NNDSS_Diseases_AnnualTables]","2016","1","Count_MedicalConditionIncident_ConditionChancroid_AmericanIndianAndAlaskaNativeAlone"
"[]","[]","[P1Y]","[CDC_NNDSS_Diseases_AnnualTables]","2016","1","Count_MedicalConditionIncident_65_MoreYears_ConditionCryptosporidiosis"
"[]","[]","[P1Y]","[CDC_NNDSS_Diseases_AnnualTables]","2016","1","Count_MedicalConditionIncident_1_LessYears_ConditionLymeDisease_ConfirmedCase"
"[]","[]","[P1Y]","[CDC_NNDSS_Diseases_AnnualTables]","2016","1","Count_MedicalConditionIncident_YearsUpto1_ConditionHaemophilusInfluenzaeOrInvasiveDisease_UnknownSerotype"
"[]","[]","[P1Y]","[CDC_NNDSS_Diseases_AnnualTables]","2016","1","Count_MedicalConditionIncident_Male_ConditionVibriosisExcludingCholera_ProbableCase"
"[]","[]","[P1Y]","[CDC_NNDSS_Diseases_AnnualTables]","2016","1","Count_MedicalConditionIncident_ConditionSpottedFeverRickettsiosis_Asian_PacificIslander"
"[]","[]","[P1Y]","[CDC_NNDSS_Diseases_AnnualTables]","2016","1","Count_MedicalConditionIncident_ConditionWoundBotulism_AmericanIndianAndAlaskaNativeAlone"
"[]","[]","[P1Y]","[CDC_NNDSS_Diseases_AnnualTables]","2016","1","Count_MedicalConditionIncident_1_LessYears_ConditionCarbapenemResistantEnterobacteriaceae"
"[]","[]","[P1Y]","[CDC_NNDSS_Diseases_AnnualTables]","2016","1","Count_MedicalConditionIncident_ConditionAcuteCondition_HepatitisC_ConfirmedCase_RaceUnknown_NotStated"
"[]","[]","[P1Y]","[CDC_NNDSS_Diseases_AnnualTables]","2016","1","Count_MedicalConditionIncident_Hispanic_Latino_ConditionTyphoidFever"
"[]","[]","[P1Y]","[CDC_NNDSS_Diseases_AnnualTables]","2016","1","Count_MedicalConditionIncident_ConditionChancroid_AsianOrPacificIslander"
"[]","[]","[P1Y]","[CDC_NNDSS_Diseases_AnnualTables]","2016","1","Count_MedicalConditionIncident_Female_ConditionLeprosy"
"[]","[]","[P1Y]","[CDC_NNDSS_Diseases_AnnualTables]","2016","1","Count_MedicalConditionIncident_5_LessYears_Female_ConditionStreptococcusPneumonia_ProbableCase"
"[]","[]","[P1Y]","[CDC_NNDSS_Diseases_AnnualTables]","2016","1","Count_MedicalConditionIncident_40To64Years_ConditionChlamydia"
"[]","[]","[P1Y]","[CDC_NNDSS_Diseases_AnnualTables]","2016","1","Count_MedicalConditionIncident_ConditionNeuroinvasiveDisease_WestNileVirusDisease_Black_AfricanAmericanAlone"
"[]","[]","[P1Y]","[CDC_NNDSS_Diseases_AnnualTables]","2016","1","Count_MedicalConditionIncident_AgeNotStated_ConditionBrucellosis"
"[]","[]","[P1Y]","[CDC_NNDSS_Diseases_AnnualTables]","2016","1","Count_MedicalConditionIncident_25To39Years_ConditionAcuteCondition_QFever"
"[]","[]","[P1Y]","[CDC_NNDSS_Diseases_AnnualTables]","2016","1","Count_MedicalConditionIncident_ConditionNovelInfluenzaAViralInfection_OtherRace"
"[]","[]","[P1Y]","[CDC_NNDSS_Diseases_AnnualTables]","2016","1","Count_MedicalConditionIncident_5_LessYears_Male_ConditionInvasiveDisease_HaemophilusInfluenzae_OtherSerogroups"
"[]","[]","[P1Y]","[CDC_NNDSS_Diseases_AnnualTables]","2016","1","Count_MedicalConditionIncident_1To4Years_ConditionDengueLikeIllness"
"[]","[]","[P1Y]","[CDC_NNDSS_Diseases_AnnualTables]","2016","1","Count_MedicalConditionIncident_ConditionSpottedFeverRickettsiosis_AmericanIndianAndAlaskaNativeAlone"
"[]","[]","[P1Y]","[CDC_NNDSS_Diseases_AnnualTables]","2020","1","Count_MedicalConditionIncident_ConditionMeasles_NonUSResident"
"[]","[]","[P1Y]","[CDC_NNDSS_Diseases_AnnualTables]","2016","1","Count_MedicalConditionIncident_AgeNotStated_ConditionSpottedFeverRickettsiosis_ConfirmedCase"
"[]","[]","[P1Y]","[CDC_NNDSS_Diseases_AnnualTables]","2016","1","Count_MedicalConditionIncident_EthnicityUnknown_NotStated_ConditionCandidaAuris_ClinicalCase"
"[]","[]","[P1Y]","[CDC_NNDSS_Diseases_AnnualTables]","2016","1","Count_MedicalConditionIncident_1To4Years_ConditionNeuroinvasiveDisease_LaCrosseVirusDisease"
"[]","[]","[P1Y]","[CDC_NNDSS_Diseases_AnnualTables]","2016","1","Count_MedicalConditionIncident_25To39Years_ConditionMeasles_IndigenousCase"
"[]","[]","[P1Y]","[CDC_NNDSS_Diseases_AnnualTables]","2016","1","Count_MedicalConditionIncident_1_LessYears_ConditionListeriosis_ProbableCase"
"[]","[]","[P1Y]","[CDC_NNDSS_Diseases_AnnualTables]","2020","1","Count_MedicalConditionIncident_ConditionRabiesinhuman_NonUSResident"
"[]","[]","[P1Y]","[CDC_NNDSS_Diseases_AnnualTables]","2016","1","Count_MedicalConditionIncident_ConditionInfantBotulism_RaceUnknown_NotStated"
"[]","[]","[P1Y]","[CDC_NNDSS_Diseases_AnnualTables]","2016","1","Count_MedicalConditionIncident_EthnicityUnknown_NotStated_ConditionNeuroinvasiveDisease_LaCrosseVirusDisease"
"[]","[]","[P1Y]","[CDC_NNDSS_Diseases_AnnualTables]","2016","1","Count_MedicalConditionIncident_ConditionChlamydia_OtherRace"
"[]","[]","[P1Y]","[CDC_NNDSS_Diseases_AnnualTables]","2016","1","Count_MedicalConditionIncident_Years65Onwards_ConditionZikaVirusInfectionOrCongenitalDisease"
"[]","[]","[P1Y]","[CDC_NNDSS_Diseases_AnnualTables]","2016","1","Count_MedicalConditionIncident_EthnicityUnknownOrNotStated_ConditionNonNeuroinvasiveDiseaseOrLaCrosseVirusDisease"
"[]","[]","[P1Y]","[CDC_NNDSS_Diseases_AnnualTables]","2016","1","Count_MedicalConditionIncident_Years25To39_ConditionCoccidioidomycosis_ProbableCase"
"[]","[]","[P1Y]","[CDC_NNDSS_Diseases_AnnualTables]","2016","1","Count_MedicalConditionIncident_25To39Years_ConditionNonCongenitalDisease_ZikaVirusInfection"
"[]","[]","[P1Y]","[CDC_NNDSS_Diseases_AnnualTables]","2016","1","Count_MedicalConditionIncident_GenderUnknown_NotStated_ConditionLegionnairesDisease"
"[]","[]","[P1Y]","[CDC_NNDSS_Diseases_AnnualTables]","2016","1","Count_MedicalConditionIncident_EthnicityUnknown_NotStated_ConditionAcuteCondition_HepatitisC_ConfirmedCase"
"[]","[]","[P1Y]","[CDC_NNDSS_Diseases_AnnualTables]","2016","1","Count_MedicalConditionIncident_ConditionVancomycinIntermediateStaphylococcusAureus_WhiteAlone"
"[]","[]","[P1Y]","[CDC_NNDSS_Diseases_AnnualTables]","2016","1","Count_MedicalConditionIncident_ConditionMumps_RaceUnknown_NotStated"
"[]","[]","[P1Y]","[CDC_NNDSS_Diseases_AnnualTables]","2016","1","Count_MedicalConditionIncident_25To39Years_ConditionNeuroinvasiveDisease_LaCrosseVirusDisease"
"[]","[]","[P1Y]","[CDC_NNDSS_Diseases_AnnualTables]","2016","1","Count_MedicalConditionIncident_ConditionZikaVirusInfectionOrCongenitalDisease_BlackOrAfricanAmericanAlone"
"[]","[]","[P1Y]","[CDC_NNDSS_Diseases_AnnualTables]","2016","1","Count_MedicalConditionIncident_ConditionVibriosisExcludingCholera_ConfirmedCase_RaceUnknown_NotStated"
"[]","[]","[P1Y]","[CDC_NNDSS_Diseases_AnnualTables]","2016","1","Count_MedicalConditionIncident_ConditionNeuroinvasiveDisease_EasternEquineEncephalitis_WhiteAlone"
"[]","[]","[P1Y]","[CDC_NNDSS_Diseases_AnnualTables]","2016","1","Count_MedicalConditionIncident_GenderUnknown_NotStated_ConditionSpottedFeverRickettsiosis_ConfirmedCase"
"[]","[]","[P1Y]","[CDC_NNDSS_Diseases_AnnualTables]","2016","1","Count_MedicalConditionIncident_EthnicityUnknown_NotStated_ConditionCyclosporiasis"
"[]","[]","[P1Y]","[CDC_NNDSS_Diseases_AnnualTables]","2016","1","Count_MedicalConditionIncident_EthnicityUnknown_NotStated_ConditionNeuroinvasiveDisease_JamestownCanyonVirusDisease"
"[]","[]","[P1Y]","[CDC_NNDSS_Diseases_AnnualTables]","2016","1","Count_MedicalConditionIncident_ConditionMalaria_OtherRace"
"[]","[]","[P1Y]","[CDC_NNDSS_Diseases_AnnualTables]","2016","1","Count_MedicalConditionIncident_EthnicityUnknown_NotStated_ConditionCampylobacteriosis"
"[]","[]","[P1Y]","[CDC_NNDSS_Diseases_AnnualTables]","2016","1","Count_MedicalConditionIncident_15To24Years_ConditionInfluenza_PediatricMortality"
"[]","[]","[P1Y]","[CDC_NNDSS_Diseases_AnnualTables]","2016","1","Count_MedicalConditionIncident_ConditionListeriosis_ConfirmedCase_USResident"
"[]","[]","[P1Y]","[CDC_NNDSS_Diseases_AnnualTables]","2016","1","Count_MedicalConditionIncident_ConditionAcuteCondition_QFever_Black_AfricanAmericanAlone"
"[]","[]","[P1Y]","[CDC_NNDSS_Diseases_AnnualTables]","2016","1","Count_MedicalConditionIncident_ConditionRubella_AsianOrPacificIslander"
"[]","[]","[P1Y]","[CDC_NNDSS_Diseases_AnnualTables]","2016","1","Count_MedicalConditionIncident_Male_ConditionJuninHemorrhagicFever"
"[]","[]","[P1Y]","[CDC_NNDSS_Diseases_AnnualTables]","2016","1","Count_MedicalConditionIncident_1To4Years_ConditionHantavirusPulmonarySyndrome"
"[]","[]","[P1Y]","[CDC_NNDSS_Diseases_AnnualTables]","2016","1","Count_MedicalConditionIncident_YearsUpto1_ConditionTrichinellosis"
"[]","[]","[P1Y]","[CDC_NNDSS_Diseases_AnnualTables]","2016","1","Count_MedicalConditionIncident_5To14Years_ConditionCarbapenemResistantEnterobacteriaceae"
"[]","[]","[P1Y]","[CDC_NNDSS_Diseases_AnnualTables]","2016","1","Count_MedicalConditionIncident_ConditionMeasles_WhiteAlone"
"[]","[]","[P1Y]","[CDC_NNDSS_Diseases_AnnualTables]","2016","1","Count_MedicalConditionIncident_ConditionInfantBotulism_AmericanIndianAndAlaskaNativeAlone"
"[]","[]","[P1Y]","[CDC_NNDSS_Diseases_AnnualTables]","2016","1","Count_MedicalConditionIncident_AgeNotStated_ConditionCarbapenemResistantEnterobacteriaceae"
"[]","[]","[P1Y]","[CDC_NNDSS_Diseases_AnnualTables]","2016","1","Count_MedicalConditionIncident_ConditionSevereDengue_OtherRace"
"[]","[]","[P1Y]","[CDC_NNDSS_Diseases_AnnualTables]","2016","1","Count_MedicalConditionIncident_ConditionChancroid_USResident"
"[]","[]","[P1Y]","[CDC_NNDSS_Diseases_AnnualTables]","2016","1","Count_MedicalConditionIncident_ConditionCongenitalSyphilis_Asian_PacificIslander"
"[]","[]","[P1Y]","[CDC_NNDSS_Diseases_AnnualTables]","2016","1","Count_MedicalConditionIncident_ConditionShigaToxinEColi_Black_AfricanAmericanAlone"
"[]","[]","[P1Y]","[CDC_NNDSS_Diseases_AnnualTables]","2016","1","Count_MedicalConditionIncident_ConditionMeningococcalMeningitis_AmericanIndianAndAlaskaNativeAlone_UnknownSerogroups"
"[]","[]","[P1Y]","[CDC_NNDSS_Diseases_AnnualTables]","2016","1","Count_MedicalConditionIncident_ConditionHumanMonocyticEhrlichiosis_Black_AfricanAmericanAlone"
"[]","[]","[P1Y]","[CDC_NNDSS_Diseases_AnnualTables]","2016","1","Count_MedicalConditionIncident_25To39Years_ConditionRubella"
"[]","[]","[P1Y]","[CDC_NNDSS_Diseases_AnnualTables]","2020","1","Count_MedicalConditionIncident_ConditionCOVID19_NonUSResident"
"[]","[]","[P1Y]","[CDC_NNDSS_Diseases_AnnualTables]","2016","1","Count_MedicalConditionIncident_ConditionMeningococcalMeningitis_Asian_PacificIslander_SerogroupB"
"[]","[]","[P1Y]","[CDC_NNDSS_Diseases_AnnualTables]","2016","1","Count_MedicalConditionIncident_Years15To24_ConditionAnthraxDisease"
"[]","[]","[P1Y]","[CDC_NNDSS_Diseases_AnnualTables]","2016","1","Count_MedicalConditionIncident_NotHispanic_Latino_ConditionVibriosisExcludingCholera_ProbableCase"
"[]","[]","[P1Y]","[CDC_NNDSS_Diseases_AnnualTables]","2016","1","Count_MedicalConditionIncident_1To4Years_ConditionRubella"
"[]","[]","[P1Y]","[CDC_NNDSS_Diseases_AnnualTables]","2016","1","Count_MedicalConditionIncident_5To14Years_ConditionListeriosis"
"[]","[]","[P1Y]","[CDC_NNDSS_Diseases_AnnualTables]","2016","1","Count_MedicalConditionIncident_40To64Years_ConditionHantavirusPulmonarySyndrome"
"[]","[]","[P1Y]","[CDC_NNDSS_Diseases_AnnualTables]","2020","1","Count_MedicalConditionIncident_ConditionSpottedFeverRickettsiosis_NonUSResident"
"[]","[]","[P1Y]","[CDC_NNDSS_Diseases_AnnualTables]","2016","1","Count_MedicalConditionIncident_ConditionJuninHemorrhagicFever_WhiteAlone"
"[]","[]","[P1Y]","[CDC_NNDSS_Diseases_AnnualTables]","2016","1","Count_MedicalConditionIncident_1To4Years_ConditionShigellosis"
"[]","[]","[P1Y]","[CDC_NNDSS_Diseases_AnnualTables]","2016","1","Count_MedicalConditionIncident_Hispanic_Latino_ConditionLymeDisease_ConfirmedCase"
"[]","[]","[P1Y]","[CDC_NNDSS_Diseases_AnnualTables]","2016","1","Count_MedicalConditionIncident_GenderUnknown_NotStated_ConditionLymeDisease_ConfirmedCase"
"[]","[]","[P1Y]","[CDC_NNDSS_Diseases_AnnualTables]","2016","1","Count_MedicalConditionIncident_1_LessYears_ConditionInfantBotulism"
"[]","[]","[P1Y]","[CDC_NNDSS_Diseases_AnnualTables]","2016","1","Count_MedicalConditionIncident_Hispanic_Latino_ConditionMalaria"
"[]","[]","[P1Y]","[CDC_NNDSS_Diseases_AnnualTables]","2016","1","Count_MedicalConditionIncident_65_MoreYears_ConditionCryptosporidiosis_ConfirmedCase"
"[]","[]","[P1Y]","[CDC_NNDSS_Diseases_AnnualTables]","2016","1","Count_MedicalConditionIncident_GenderUnknown_NotStated_ConditionHantavirusPulmonarySyndrome"
"[]","[]","[P1Y]","[CDC_NNDSS_Diseases_AnnualTables]","2016","1","Count_MedicalConditionIncident_NotHispanic_Latino_ConditionLeprosy"
"[]","[]","[P1Y]","[CDC_NNDSS_Diseases_AnnualTables]","2016","1","Count_MedicalConditionIncident_5To14Years_ConditionBabesiosis_ProbableCase"
"[]","[]","[P1Y]","[CDC_NNDSS_Diseases_AnnualTables]","2016","1","Count_MedicalConditionIncident_NotHispanic_Latino_ConditionStreptococcusPneumonia"
"[]","[]","[P1Y]","[CDC_NNDSS_Diseases_AnnualTables]","2016","1","Count_MedicalConditionIncident_AgeNotStated_ConditionMumps"
"[]","[]","[P1Y]","[CDC_NNDSS_Diseases_AnnualTables]","2016","1","Count_MedicalConditionIncident_ConditionCandidaAuris_ClinicalCase_USResident"
"[]","[]","[P1Y]","[CDC_NNDSS_Diseases_AnnualTables]","2016","1","Count_MedicalConditionIncident_NotHispanic_Latino_ConditionNonparalyticPoliomyelitis"
"[]","[]","[P1Y]","[CDC_NNDSS_Diseases_AnnualTables]","2020","1","Count_MedicalConditionIncident_ConditionGonorrhea_NonUSResident"
"[]","[]","[P1Y]","[CDC_NNDSS_Diseases_AnnualTables]","2016","65","Count_MedicalConditionIncident_ConditionPowassanVirusDisease_NeuroinvasiveDisease"
"[]","[]","[P1Y]","[CDC_NNDSS_Diseases_AnnualTables]","2016","1","Count_MedicalConditionIncident_65_MoreYears_ConditionNonCongenitalDisease_ZikaVirusDisease"
"[]","[]","[P1Y]","[CDC_NNDSS_Diseases_AnnualTables]","2016","1","Count_MedicalConditionIncident_1_LessYears_ConditionPsittacosis"
"[]","[]","[P1Y]","[CDC_NNDSS_Diseases_AnnualTables]","2016","1","Count_MedicalConditionIncident_1_LessYears_ConditionHumanGranulocyticAnaplasmosis"
"[]","[]","[P1Y]","[CDC_NNDSS_Diseases_AnnualTables]","2016","1","Count_MedicalConditionIncident_ConditionLaCrosseVirusDisease_NeuroinvasiveDisease_USResident"
"[]","[]","[P1Y]","[CDC_NNDSS_Diseases_AnnualTables]","2016","1","Count_MedicalConditionIncident_Male_ConditionBabesiosis"
"[]","[]","[P1Y]","[CDC_NNDSS_Diseases_AnnualTables]","2016","1","Count_MedicalConditionIncident_1To4Years_ConditionPlague"
"[]","[]","[P1Y]","[CDC_NNDSS_Diseases_AnnualTables]","2016","1","Count_MedicalConditionIncident_Female_ConditionChlamydia"
"[]","[]","[P1Y]","[CDC_NNDSS_Diseases_AnnualTables]","2016","1","Count_MedicalConditionIncident_Years65Onwards_ConditionInfluenza_PediatricMortality"
"[]","[]","[P1Y]","[CDC_NNDSS_Diseases_AnnualTables]","2016","1","Count_MedicalConditionIncident_5_LessYears_EthnicityUnknown_NotStated_ConditionInvasiveDisease_HaemophilusInfluenzae_SerotypeB"
"[]","[]","[P1Y]","[CDC_NNDSS_Diseases_AnnualTables]","2016","1","Count_MedicalConditionIncident_NotHispanic_Latino_ConditionToxicShockSyndromExceptStreptococcal"
"[]","[]","[P1Y]","[CDC_NNDSS_Diseases_AnnualTables]","2016","1","Count_MedicalConditionIncident_1_LessYears_ConditionLegionnairesDisease"
"[]","[]","[P1Y]","[CDC_NNDSS_Diseases_AnnualTables]","2016","1","Count_MedicalConditionIncident_25To39Years_ConditionToxicShockSyndromExceptStreptococcal"
"[]","[]","[P1Y]","[CDC_NNDSS_Diseases_AnnualTables]","2016","1","Count_MedicalConditionIncident_65_MoreYears_ConditionEhrlichiosis"
"[]","[]","[P1Y]","[CDC_NNDSS_Diseases_AnnualTables]","2016","1","Count_MedicalConditionIncident_Male_ConditionCongenitalSyphilis"
"[]","[]","[P1Y]","[CDC_NNDSS_Diseases_AnnualTables]","2016","1","Count_MedicalConditionIncident_EthnicityUnknown_NotStated_ConditionPlague"
"[]","[]","[P1Y]","[CDC_NNDSS_Diseases_AnnualTables]","2016","1","Count_MedicalConditionIncident_ConditionTetanus_Black_AfricanAmericanAlone"
"[]","[]","[P1Y]","[CDC_NNDSS_Diseases_AnnualTables]","2016","1","Count_MedicalConditionIncident_ConditionAcuteCondition_HepatitisC_RaceUnknown_NotStated"
"[]","[]","[P1Y]","[CDC_NNDSS_Diseases_AnnualTables]","2016","1","Count_MedicalConditionIncident_ConditionTetanus_OtherRace"
"[]","[]","[P1Y]","[CDC_NNDSS_Diseases_AnnualTables]","2016","1","Count_MedicalConditionIncident_5To14Years_ConditionLymeDisease"
"[]","[]","[P1Y]","[CDC_NNDSS_Diseases_AnnualTables]","2016","1","Count_MedicalConditionIncident_Years40To64_ConditionNonNeuroinvasiveDiseaseOrLaCrosseVirusDisease"
"[]","[]","[P1Y]","[CDC_NNDSS_Diseases_AnnualTables]","2016","1","Count_MedicalConditionIncident_25To39Years_ConditionHIVAIDS"
"[]","[]","[P1Y]","[CDC_NNDSS_Diseases_AnnualTables]","2016","1","Count_MedicalConditionIncident_Female_ConditionNeuroinvasiveDisease_EasternEquineEncephalitis"
"[]","[]","[P1Y]","[CDC_NNDSS_Diseases_AnnualTables]","2016","1","Count_MedicalConditionIncident_ConditionChickenpox_OtherRace"
"[]","[]","[P1Y]","[CDC_NNDSS_Diseases_AnnualTables]","2016","1","Count_MedicalConditionIncident_ConditionLymeDisease_USResident"
"[]","[]","[P1Y]","[CDC_NNDSS_Diseases_AnnualTables]","2016","1","Count_MedicalConditionIncident_ConditionGiardiasis_OtherRace"
"[]","[]","[P1Y]","[CDC_NNDSS_Diseases_AnnualTables]","2016","1","Count_MedicalConditionIncident_HispanicOrLatino_ConditionCoccidioidomycosis_ConfirmedCase"
"[]","[]","[P1Y]","[CDC_NNDSS_Diseases_AnnualTables]","2016","1","Count_MedicalConditionIncident_15To24Years_ConditionSpottedFeverRickettsiosis"
"[]","[]","[P1Y]","[CDC_NNDSS_Diseases_AnnualTables]","2016","1","Count_MedicalConditionIncident_65_MoreYears_ConditionEhrlichiaEwingiiInfection"
"[]","[]","[P1Y]","[CDC_NNDSS_Diseases_AnnualTables]","2016","1","Count_MedicalConditionIncident_AgeNotStated_ConditionNonNeuroinvasiveDiseaseOrStLouisEncephalitis"
"[]","[]","[P1Y]","[CDC_NNDSS_Diseases_AnnualTables]","2016","1","Count_MedicalConditionIncident_ConditionTyphoidFever_RaceUnknown_NotStated"
"[]","[]","[P1Y]","[CDC_NNDSS_Diseases_AnnualTables]","2016","1","Count_MedicalConditionIncident_NotHispanic_Latino_ConditionPostDiarrheal_HemolyticUremicSyndrome"
"[]","[]","[P1Y]","[CDC_NNDSS_Diseases_AnnualTables]","2016","1","Count_MedicalConditionIncident_5To14Years_ConditionHumanGranulocyticAnaplasmosis"
"[]","[]","[P1Y]","[CDC_NNDSS_Diseases_AnnualTables]","2016","1","Count_MedicalConditionIncident_Female_ConditionQFever"
"[]","[]","[P1Y]","[CDC_NNDSS_Diseases_AnnualTables]","2016","1","Count_MedicalConditionIncident_Hispanic_Latino_ConditionCryptosporidiosis_ConfirmedCase"
"[]","[]","[P1Y]","[CDC_NNDSS_Diseases_AnnualTables]","2016","1","Count_MedicalConditionIncident_Hispanic_Latino_ConditionSalmonellosisExceptTyphiAndParatyphi"
"[]","[]","[P1Y]","[CDC_NNDSS_Diseases_AnnualTables]","2016","1","Count_MedicalConditionIncident_EthnicityUnknown_NotStated_ConditionMeningococcalMeningitis_SerogroupB"
"[]","[]","[P1Y]","[CDC_NNDSS_Diseases_AnnualTables]","2016","1","Count_MedicalConditionIncident_Years5To14_ConditionHaemophilusInfluenzaeOrInvasiveDisease_OtherSerogroups"
"[]","[]","[P1Y]","[CDC_NNDSS_Diseases_AnnualTables]","2016","1","Count_MedicalConditionIncident_ConditionPostDiarrheal_HemolyticUremicSyndrome_AmericanIndianAndAlaskaNativeAlone"
"[]","[]","[P1Y]","[CDC_NNDSS_Diseases_AnnualTables]","2016","1","Count_MedicalConditionIncident_ConditionMalaria_Asian_PacificIslander"
"[]","[]","[P1Y]","[CDC_NNDSS_Diseases_AnnualTables]","2016","1","Count_MedicalConditionIncident_ConditionVibriosisExcludingCholera_OtherRace"
"[]","[]","[P1Y]","[CDC_NNDSS_Diseases_AnnualTables]","2016","1","Count_MedicalConditionIncident_ConditionCampylobacteriosis_Asian_PacificIslander"
"[]","[]","[P1Y]","[CDC_NNDSS_Diseases_AnnualTables]","2016","1","Count_MedicalConditionIncident_15To24Years_ConditionBotulism"
"[]","[]","[P1Y]","[CDC_NNDSS_Diseases_AnnualTables]","2016","1","Count_MedicalConditionIncident_ConditionCoccidioidomycosis_ProbableCase_BlackOrAfricanAmericanAlone"
"[]","[]","[P1Y]","[CDC_NNDSS_Diseases_AnnualTables]","2016","1","Count_MedicalConditionIncident_EthnicityUnknownOrNotStated_ConditionRabiesinhuman"
"[]","[]","[P1Y]","[CDC_NNDSS_Diseases_AnnualTables]","2016","1","Count_MedicalConditionIncident_25To39Years_ConditionShigaToxinEColi"
"[]","[]","[P1Y]","[CDC_NNDSS_Diseases_AnnualTables]","2016","1","Count_MedicalConditionIncident_Hispanic_Latino_ConditionCoccidioidomycosis"
"[]","[]","[P1Y]","[CDC_NNDSS_Diseases_AnnualTables]","2020","1","Count_MedicalConditionIncident_ConditionHepatitisC_AcuteCondition_NonUSResident"
"[]","[]","[P1Y]","[CDC_NNDSS_Diseases_AnnualTables]","2016","1","Count_MedicalConditionIncident_40To64Years_ConditionCyclosporiasis"
"[]","[]","[P1Y]","[CDC_NNDSS_Diseases_AnnualTables]","2016","65","Count_MedicalConditionIncident_ConditionHIVAIDS"
"[]","[]","[P1Y]","[CDC_NNDSS_Diseases_AnnualTables]","2016","1","Count_MedicalConditionIncident_ConditionTyphoidFever_OtherRace"
"[]","[]","[P1Y]","[CDC_NNDSS_Diseases_AnnualTables]","2016","1","Count_MedicalConditionIncident_5To14Years_ConditionTuberculosis"
"[]","[]","[P1Y]","[CDC_NNDSS_Diseases_AnnualTables]","2016","1","Count_MedicalConditionIncident_GenderUnknown_NotStated_ConditionSevereDengue"
"[]","[]","[P1Y]","[CDC_NNDSS_Diseases_AnnualTables]","2016","1","Count_MedicalConditionIncident_Years65Onwards_ConditionCoccidioidomycosis_ConfirmedCase"
"[]","[]","[P1Y]","[CDC_NNDSS_Diseases_AnnualTables]","2016","1","Count_MedicalConditionIncident_Years25To39_ConditionHaemophilusInfluenzaeOrInvasiveDisease_UnknownSerotype"
"[]","[]","[P1Y]","[CDC_NNDSS_Diseases_AnnualTables]","2016","1","Count_MedicalConditionIncident_65_MoreYears_ConditionNeuroinvasiveDisease_JamestownCanyonVirusDisease"
"[]","[]","[P1Y]","[CDC_NNDSS_Diseases_AnnualTables]","2016","1","Count_MedicalConditionIncident_ConditionLymeDisease_ProbableCase_Black_AfricanAmericanAlone"
"[]","[]","[P1Y]","[CDC_NNDSS_Diseases_AnnualTables]","2016","1","Count_MedicalConditionIncident_Hispanic_Latino_ConditionToxicShockSyndromExceptStreptococcal"
"[]","[]","[P1Y]","[CDC_NNDSS_Diseases_AnnualTables]","2016","1","Count_MedicalConditionIncident_5_LessYears_ConditionStreptococcusPneumonia_Black_AfricanAmericanAlone"
"[]","[]","[P1Y]","[CDC_NNDSS_Diseases_AnnualTables]","2016","65","Count_MedicalConditionIncident_ConditionNeuroinvasiveDisease_JamestownCanyonVirusDisease"
"[]","[]","[P1Y]","[CDC_NNDSS_Diseases_AnnualTables]","2016","1","Count_MedicalConditionIncident_Female_ConditionLymeDisease"
"[]","[]","[P1Y]","[CDC_NNDSS_Diseases_AnnualTables]","2016","1","Count_MedicalConditionIncident_5To14Years_ConditionAcuteCondition_QFever"
"[]","[]","[P1Y]","[CDC_NNDSS_Diseases_AnnualTables]","2016","1","Count_MedicalConditionIncident_40To64Years_ConditionNeuroinvasiveDisease_JamestownCanyonVirusDisease"
"[]","[]","[P1Y]","[CDC_NNDSS_Diseases_AnnualTables]","2016","1","Count_MedicalConditionIncident_ConditionChickenpox_PatientDeceased_WhiteAlone"
"[]","[]","[P1Y]","[CDC_NNDSS_Diseases_AnnualTables]","2016","53","Count_MedicalConditionIncident_ConditionBabesiosis_ProbableCase"
"[]","[]","[P1Y]","[CDC_NNDSS_Diseases_AnnualTables]","2016","1","Count_MedicalConditionIncident_ConditionSyphilisPrimaryAndSecondary_OtherRace"
"[]","[]","[P1Y]","[CDC_NNDSS_Diseases_AnnualTables]","2016","1","Count_MedicalConditionIncident_GenderUnknown_NotStated_ConditionStreptococcusPneumonia_ConfirmedCase"
"[]","[]","[P1Y]","[CDC_NNDSS_Diseases_AnnualTables]","2016","1","Count_MedicalConditionIncident_65_MoreYears_ConditionTetanus"
"[]","[]","[P1Y]","[CDC_NNDSS_Diseases_AnnualTables]","2016","1","Count_MedicalConditionIncident_Female_ConditionRabiesinhuman"
"[]","[]","[P1Y]","[CDC_NNDSS_Diseases_AnnualTables]","2016","1","Count_MedicalConditionIncident_25To39Years_ConditionTyphoidFever"
"[]","[]","[P1Y]","[CDC_NNDSS_Diseases_AnnualTables]","2016","1","Count_MedicalConditionIncident_AgeNotStated_ConditionHaemophilusInfluenzaeOrInvasiveDisease_UnknownSerotype"
"[]","[]","[P1Y]","[CDC_NNDSS_Diseases_AnnualTables]","2016","1","Count_MedicalConditionIncident_NotHispanic_Latino_ConditionMeasles_IndigenousCase"
"[]","[]","[P1Y]","[CDC_NNDSS_Diseases_AnnualTables]","2016","1","Count_MedicalConditionIncident_25To39Years_ConditionPsittacosis"
"[]","[]","[P1Y]","[CDC_NNDSS_Diseases_AnnualTables]","2016","1","Count_MedicalConditionIncident_65_MoreYears_ConditionNonNeuroinvasiveDisease_WestNileVirusDisease"
"[]","[]","[P1Y]","[CDC_NNDSS_Diseases_AnnualTables]","2016","1","Count_MedicalConditionIncident_ConditionMumps_WhiteAlone"
"[]","[]","[P1Y]","[CDC_NNDSS_Diseases_AnnualTables]","2016","1","Count_MedicalConditionIncident_5_LessYears_Female_ConditionInvasiveDisease_HaemophilusInfluenzae_OtherSerogroups"
"[]","[]","[P1Y]","[CDC_NNDSS_Diseases_AnnualTables]","2016","1","Count_MedicalConditionIncident_AgeNotStated_ConditionLegionnairesDisease"
"[]","[]","[P1Y]","[CDC_NNDSS_Diseases_AnnualTables]","2016","1","Count_MedicalConditionIncident_EthnicityUnknown_NotStated_ConditionChlamydia"
"[]","[]","[P1Y]","[CDC_NNDSS_Diseases_AnnualTables]","2016","1","Count_MedicalConditionIncident_ConditionLegionnairesDisease_WhiteAlone"
"[]","[]","[P1Y]","[CDC_NNDSS_Diseases_AnnualTables]","2016","1","Count_MedicalConditionIncident_5_LessYears_ConditionStreptococcusPneumonia_OtherRace"
"[]","[]","[P1Y]","[CDC_NNDSS_Diseases_AnnualTables]","2016","1","Count_MedicalConditionIncident_Female_ConditionChronicCondition_QFever"
"[]","[]","[P1Y]","[CDC_NNDSS_Diseases_AnnualTables]","2016","1","Count_MedicalConditionIncident_25To39Years_ConditionStreptococcusPneumonia"
"[]","[]","[P1Y]","[CDC_NNDSS_Diseases_AnnualTables]","2016","1","Count_MedicalConditionIncident_5To14Years_ConditionWoundBotulism"
"[]","[]","[P1Y]","[CDC_NNDSS_Diseases_AnnualTables]","2016","1","Count_MedicalConditionIncident_ConditionNeuroinvasiveDisease_EasternEquineEncephalitis_Black_AfricanAmericanAlone"
"[]","[]","[P1Y]","[CDC_NNDSS_Diseases_AnnualTables]","2016","1","Count_MedicalConditionIncident_5To14Years_ConditionBotulism"
"[]","[]","[P1Y]","[CDC_NNDSS_Diseases_AnnualTables]","2020","1","Count_MedicalConditionIncident_ConditionBabesiosis_ConfirmedCase_NonUSResident"
"[]","[]","[P1Y]","[CDC_NNDSS_Diseases_AnnualTables]","2016","1","Count_MedicalConditionIncident_ConditionTyphoidFever_AmericanIndianAndAlaskaNativeAlone"
"[]","[]","[P1Y]","[CDC_NNDSS_Diseases_AnnualTables]","2016","1","Count_MedicalConditionIncident_EthnicityUnknown_NotStated_ConditionInfantBotulism"
"[]","[]","[P1Y]","[CDC_NNDSS_Diseases_AnnualTables]","2016","1","Count_MedicalConditionIncident_ConditionChikungunya_USResident"
"[]","[]","[P1Y]","[CDC_NNDSS_Diseases_AnnualTables]","2016","1","Count_MedicalConditionIncident_1_LessYears_ConditionMeasles_ImportedCase"
"[]","[]","[P1Y]","[CDC_NNDSS_Diseases_AnnualTables]","2016","1","Count_MedicalConditionIncident_1_LessYears_ConditionNeuroinvasiveDisease_LaCrosseVirusDisease"
"[]","[]","[P1Y]","[CDC_NNDSS_Diseases_AnnualTables]","2016","1","Count_MedicalConditionIncident_ConditionHIVAIDS_RaceUnknownOrNotStated"
"[]","[]","[P1Y]","[CDC_NNDSS_Diseases_AnnualTables]","2016","1","Count_MedicalConditionIncident_ConditionJuninHemorrhagicFever_USResident"
"[]","[]","[P1Y]","[CDC_NNDSS_Diseases_AnnualTables]","2016","1","Count_MedicalConditionIncident_ConditionSmallpox_RaceUnknown_NotStated"
"[]","[]","[P1Y]","[CDC_NNDSS_Diseases_AnnualTables]","2016","1","Count_MedicalConditionIncident_ConditionEhrlichiosis_AmericanIndianAndAlaskaNativeAlone"
"[]","[]","[P1Y]","[CDC_NNDSS_Diseases_AnnualTables]","2016","1","Count_MedicalConditionIncident_5_LessYears_NotHispanic_Latino_ConditionInvasiveDisease_HaemophilusInfluenzae_UnknownSerotype"
"[]","[]","[P1Y]","[CDC_NNDSS_Diseases_AnnualTables]","2016","1","Count_MedicalConditionIncident_5To14Years_ConditionShigaToxinEColi"
"[]","[]","[P1Y]","[CDC_NNDSS_Diseases_AnnualTables]","2016","1","Count_MedicalConditionIncident_Hispanic_Latino_ConditionLeprosy"
"[]","[]","[P1Y]","[CDC_NNDSS_Diseases_AnnualTables]","2016","1","Count_MedicalConditionIncident_1To4Years_ConditionBrucellosis"
"[]","[]","[P1Y]","[CDC_NNDSS_Diseases_AnnualTables]","2016","1","Count_MedicalConditionIncident_ConditionNonCongenitalDisease_ZikaVirusInfection_RaceUnknown_NotStated"
"[]","[]","[P1Y]","[CDC_NNDSS_Diseases_AnnualTables]","2016","1","Count_MedicalConditionIncident_ConditionListeriosis_ConfirmedCase_RaceUnknown_NotStated"
"[]","[]","[P1Y]","[CDC_NNDSS_Diseases_AnnualTables]","2016","1","Count_MedicalConditionIncident_65_MoreYears_ConditionNeuroinvasiveDisease_PowassanVirusDisease"
"[]","[]","[P1Y]","[CDC_NNDSS_Diseases_AnnualTables]","2016","1","Count_MedicalConditionIncident_Male_ConditionCandidaAuris_Screening"
"[]","[]","[P1Y]","[CDC_NNDSS_Diseases_AnnualTables]","2016","1","Count_MedicalConditionIncident_Hispanic_Latino_ConditionStreptococcusPneumonia"
"[]","[]","[P1Y]","[CDC_NNDSS_Diseases_AnnualTables]","2016","1","Count_MedicalConditionIncident_65_MoreYears_ConditionBabesiosis_ConfirmedCase"
"[]","[]","[P1Y]","[CDC_NNDSS_Diseases_AnnualTables]","2020","1","Count_MedicalConditionIncident_ConditionMeningococcalMeningitis_NonUSResident_UnknownSerogroups"
"[]","[]","[P1Y]","[CDC_NNDSS_Diseases_AnnualTables]","2016","65","Count_MedicalConditionIncident_5_LessYears_ConditionHaemophilusInfluenzae_InvasiveDisease_NonSerotypeB"
"[]","[]","[P1Y]","[CDC_NNDSS_Diseases_AnnualTables]","2016","1","Count_MedicalConditionIncident_Female_ConditionNeuroinvasiveDisease_PowassanVirusDisease"
"[]","[]","[P1Y]","[CDC_NNDSS_Diseases_AnnualTables]","2016","1","Count_MedicalConditionIncident_ConditionQFever_OtherRace"
"[]","[]","[P1Y]","[CDC_NNDSS_Diseases_AnnualTables]","2016","1","Count_MedicalConditionIncident_GenderUnknown_NotStated_ConditionEhrlichiosis"
"[]","[]","[P1Y]","[CDC_NNDSS_Diseases_AnnualTables]","2016","1","Count_MedicalConditionIncident_ConditionStreptococcalToxicShockSyndrome_AmericanIndianAndAlaskaNativeAlone"
"[]","[]","[P1Y]","[CDC_NNDSS_Diseases_AnnualTables]","2016","1","Count_MedicalConditionIncident_ConditionWestNileVirusDisease_NeuroinvasiveDisease_USResident"
"[]","[]","[P1Y]","[CDC_NNDSS_Diseases_AnnualTables]","2016","1","Count_MedicalConditionIncident_HispanicOrLatino_ConditionRabiesinhuman"
"[]","[]","[P1Y]","[CDC_NNDSS_Diseases_AnnualTables]","2016","1","Count_MedicalConditionIncident_Hispanic_Latino_ConditionTuberculosis"
"[]","[]","[P1Y]","[CDC_NNDSS_Diseases_AnnualTables]","2016","1","Count_MedicalConditionIncident_AgeNotStated_ConditionChlamydia"
"[]","[]","[P1Y]","[CDC_NNDSS_Diseases_AnnualTables]","2016","1","Count_MedicalConditionIncident_40To64Years_ConditionTetanus"
"[]","[]","[P1Y]","[CDC_NNDSS_Diseases_AnnualTables]","2016","1","Count_MedicalConditionIncident_ConditionMeningococcalMeningitis_USResident_ACWYSerogroup"
"[]","[]","[P1Y]","[CDC_NNDSS_Diseases_AnnualTables]","2016","1","Count_MedicalConditionIncident_25To39Years_ConditionTularemia"
"[]","[]","[P1Y]","[CDC_NNDSS_Diseases_AnnualTables]","2016","1","Count_MedicalConditionIncident_ConditionStreptococcusPneumonia_Asian_PacificIslander"
"[]","[]","[P1Y]","[CDC_NNDSS_Diseases_AnnualTables]","2016","1","Count_MedicalConditionIncident_5To14Years_ConditionParatyphoid"
"[]","[]","[P1Y]","[CDC_NNDSS_Diseases_AnnualTables]","2016","1","Count_MedicalConditionIncident_25To39Years_ConditionMumps"
"[]","[]","[P1Y]","[CDC_NNDSS_Diseases_AnnualTables]","2016","1","Count_MedicalConditionIncident_40To64Years_ConditionNonNeuroinvasiveDisease_StLouisEncephalitis"
"[]","[]","[P1Y]","[CDC_NNDSS_Diseases_AnnualTables]","2016","1","Count_MedicalConditionIncident_ConditionSalmonellosisExceptTyphiAndParatyphi_Black_AfricanAmericanAlone"
"[]","[]","[P1Y]","[CDC_NNDSS_Diseases_AnnualTables]","2020","1","Count_MedicalConditionIncident_ConditionCandidaAuris_Screening_NonUSResident"
"[]","[]","[P1Y]","[CDC_NNDSS_Diseases_AnnualTables]","2016","1","Count_MedicalConditionIncident_Hispanic_Latino_ConditionHumanGranulocyticAnaplasmosis"
"[]","[]","[P1Y]","[CDC_NNDSS_Diseases_AnnualTables]","2016","1","Count_MedicalConditionIncident_Years1To4_ConditionNonNeuroinvasiveDiseaseOrPowassanVirusDisease"
"[]","[]","[P1Y]","[CDC_NNDSS_Diseases_AnnualTables]","2016","1","Count_MedicalConditionIncident_Hispanic_Latino_ConditionParalyticPoliomyelitis"
"[]","[]","[P1Y]","[CDC_NNDSS_Diseases_AnnualTables]","2016","1","Count_MedicalConditionIncident_Hispanic_Latino_ConditionAcuteCondition_HepatitisC"
"[]","[]","[P1Y]","[CDC_NNDSS_Diseases_AnnualTables]","2016","1","Count_MedicalConditionIncident_GenderUnknownOrNotStated_ConditionZikaVirusDiseaseOrCongenitalDisease"
"[]","[]","[P1Y]","[CDC_NNDSS_Diseases_AnnualTables]","2016","1","Count_MedicalConditionIncident_ConditionBabesiosis_ProbableCase_RaceUnknown_NotStated"
"[]","[]","[P1Y]","[CDC_NNDSS_Diseases_AnnualTables]","2016","1","Count_MedicalConditionIncident_Hispanic_Latino_ConditionAcuteCondition_HepatitisA"
"[]","[]","[P1Y]","[CDC_NNDSS_Diseases_AnnualTables]","2016","1","Count_MedicalConditionIncident_Hispanic_Latino_ConditionAcuteCondition_HepatitisB"
"[]","[]","[P1Y]","[CDC_NNDSS_Diseases_AnnualTables]","2016","1","Count_MedicalConditionIncident_Hispanic_Latino_ConditionShigellosis"
"[]","[]","[P1Y]","[CDC_NNDSS_Diseases_AnnualTables]","2020","1","Count_MedicalConditionIncident_ConditionBabesiosis_NonUSResident"
"[]","[]","[P1Y]","[CDC_NNDSS_Diseases_AnnualTables]","2016","1","Count_MedicalConditionIncident_65_MoreYears_ConditionParalyticPoliomyelitis"
"[]","[]","[P1Y]","[CDC_NNDSS_Diseases_AnnualTables]","2016","1","Count_MedicalConditionIncident_1_LessYears_ConditionDengueLikeIllness"
"[]","[]","[P1Y]","[CDC_NNDSS_Diseases_AnnualTables]","2016","1","Count_MedicalConditionIncident_5To14Years_ConditionBabesiosis"
"[]","[]","[P1Y]","[CDC_NNDSS_Diseases_AnnualTables]","2016","1","Count_MedicalConditionIncident_AgeNotStated_ConditionListeriosis"
"[]","[]","[P1Y]","[CDC_NNDSS_Diseases_AnnualTables]","2016","1","Count_MedicalConditionIncident_Female_ConditionShigellosis"
"[]","[]","[P1Y]","[CDC_NNDSS_Diseases_AnnualTables]","2016","1","Count_MedicalConditionIncident_15To24Years_ConditionShigaToxinEColi"
"[]","[]","[P1Y]","[CDC_NNDSS_Diseases_AnnualTables]","2016","1","Count_MedicalConditionIncident_1_LessYears_ConditionHumanMonocyticEhrlichiosis"
"[]","[]","[P1Y]","[CDC_NNDSS_Diseases_AnnualTables]","2016","1","Count_MedicalConditionIncident_Years1To4_ConditionCoccidioidomycosis_ProbableCase"
"[]","[]","[P1Y]","[CDC_NNDSS_Diseases_AnnualTables]","2016","1","Count_MedicalConditionIncident_ConditionQFever_AcuteCondition_USResident"
"[]","[]","[P1Y]","[CDC_NNDSS_Diseases_AnnualTables]","2016","1","Count_MedicalConditionIncident_Years25To39_ConditionHaemophilusInfluenzaeOrInvasiveDisease_SerotypeB"
"[]","[]","[P1Y]","[CDC_NNDSS_Diseases_AnnualTables]","2016","64","Count_MedicalConditionIncident_ConditionCryptosporidiosis_ConfirmedCase"
"[]","[]","[P1Y]","[CDC_NNDSS_Diseases_AnnualTables]","2016","1","Count_MedicalConditionIncident_ConditionDengueDisease_AmericanIndianAndAlaskaNativeAlone"
"[]","[]","[P1Y]","[CDC_NNDSS_Diseases_AnnualTables]","2016","1","Count_MedicalConditionIncident_25To39Years_ConditionLegionnairesDisease"
"[]","[]","[P1Y]","[CDC_NNDSS_Diseases_AnnualTables]","2016","1","Count_MedicalConditionIncident_1To4Years_ConditionTetanus"
"[]","[]","[P1Y]","[CDC_NNDSS_Diseases_AnnualTables]","2016","1","Count_MedicalConditionIncident_25To39Years_ConditionCampylobacteriosis"
"[]","[]","[P1Y]","[CDC_NNDSS_Diseases_AnnualTables]","2016","1","Count_MedicalConditionIncident_EthnicityUnknown_NotStated_ConditionHumanGranulocyticAnaplasmosis"
"[]","[]","[P1Y]","[CDC_NNDSS_Diseases_AnnualTables]","2016","1","Count_MedicalConditionIncident_65_MoreYears_ConditionLegionnairesDisease"
"[]","[]","[P1Y]","[CDC_NNDSS_Diseases_AnnualTables]","2016","1","Count_MedicalConditionIncident_NotHispanicOrLatino_ConditionNonNeuroinvasiveDiseaseOrPowassanVirusDisease"
"[]","[]","[P1Y]","[CDC_NNDSS_Diseases_AnnualTables]","2016","1","Count_MedicalConditionIncident_1_LessYears_ConditionMeasles"
"[]","[]","[P1Y]","[CDC_NNDSS_Diseases_AnnualTables]","2016","1","Count_MedicalConditionIncident_ConditionAcuteCondition_HepatitisC_ConfirmedCase_AmericanIndianAndAlaskaNativeAlone"
"[]","[]","[P1Y]","[CDC_NNDSS_Diseases_AnnualTables]","2016","1","Count_MedicalConditionIncident_15To24Years_ConditionAcuteCondition_HepatitisC_ProbableCase"
"[]","[]","[P1Y]","[CDC_NNDSS_Diseases_AnnualTables]","2016","1","Count_MedicalConditionIncident_65_MoreYears_ConditionLymeDisease"
"[]","[]","[P1Y]","[CDC_NNDSS_Diseases_AnnualTables]","2016","1","Count_MedicalConditionIncident_NotHispanic_Latino_ConditionEhrlichiosis"
"[]","[]","[P1Y]","[CDC_NNDSS_Diseases_AnnualTables]","2016","1","Count_MedicalConditionIncident_Male_ConditionToxicShockSyndromExceptStreptococcal"
"[]","[]","[P1Y]","[CDC_NNDSS_Diseases_AnnualTables]","2016","1","Count_MedicalConditionIncident_Male_ConditionCholera"
"[]","[]","[P1Y]","[CDC_NNDSS_Diseases_AnnualTables]","2016","65","Count_MedicalConditionIncident_ConditionPertussis"
"[]","[]","[P1Y]","[CDC_NNDSS_Diseases_AnnualTables]","2016","1","Count_MedicalConditionIncident_YearsUpto1_ConditionAcuteConditionOrQFever"
"[]","[]","[P1Y]","[CDC_NNDSS_Diseases_AnnualTables]","2016","1","Count_MedicalConditionIncident_ConditionPsittacosis_Black_AfricanAmericanAlone"
"[]","[]","[P1Y]","[CDC_NNDSS_Diseases_AnnualTables]","2016","1","Count_MedicalConditionIncident_NotHispanic_Latino_ConditionMeningococcalMeningitis"
"[]","[]","[P1Y]","[CDC_NNDSS_Diseases_AnnualTables]","2016","1","Count_MedicalConditionIncident_Female_ConditionMeasles"
"[]","[]","[P1Y]","[CDC_NNDSS_Diseases_AnnualTables]","2016","1","Count_MedicalConditionIncident_ConditionYellowFever_RaceUnknownOrNotStated"
"[]","[]","[P1Y]","[CDC_NNDSS_Diseases_AnnualTables]","2016","1","Count_MedicalConditionIncident_Hispanic_Latino_ConditionPertussis"
"[]","[]","[P1Y]","[CDC_NNDSS_Diseases_AnnualTables]","2016","1","Count_MedicalConditionIncident_1_LessYears_ConditionNonNeuroinvasiveDisease_WestNileVirusDisease"
"[]","[]","[P1Y]","[CDC_NNDSS_Diseases_AnnualTables]","2016","1","Count_MedicalConditionIncident_ConditionLymeDisease_ProbableCase_AmericanIndianAndAlaskaNativeAlone"
"[]","[]","[P1Y]","[CDC_NNDSS_Diseases_AnnualTables]","2016","1","Count_MedicalConditionIncident_YearsUpto1_ConditionVancomycinResistantStaphylococcusAureus"
"[]","[]","[P1Y]","[CDC_NNDSS_Diseases_AnnualTables]","2016","1","Count_MedicalConditionIncident_ConditionCryptosporidiosis_Asian_PacificIslander"
"[]","[]","[P1Y]","[CDC_NNDSS_Diseases_AnnualTables]","2016","1","Count_MedicalConditionIncident_ConditionCoccidioidomycosis_ConfirmedCase_AsianOrPacificIslander"
"[]","[]","[P1Y]","[CDC_NNDSS_Diseases_AnnualTables]","2016","1","Count_MedicalConditionIncident_ConditionZikaVirusInfectionOrCongenitalDisease_WhiteAlone"
"[]","[]","[P1Y]","[CDC_NNDSS_Diseases_AnnualTables]","2016","1","Count_MedicalConditionIncident_15To24Years_ConditionHumanGranulocyticAnaplasmosis"
"[]","[]","[P1Y]","[CDC_NNDSS_Diseases_AnnualTables]","2020","1","Count_MedicalConditionIncident_5_LessYears_ConditionHaemophilusInfluenzae_InvasiveDisease_NonUSResident_SerotypeB"
"[]","[]","[P1Y]","[CDC_NNDSS_Diseases_AnnualTables]","2016","1","Count_MedicalConditionIncident_YearsUpto1_ConditionHaemophilusInfluenzaeOrInvasiveDisease_NonSerotypeB"
"[]","[]","[P1Y]","[CDC_NNDSS_Diseases_AnnualTables]","2016","1","Count_MedicalConditionIncident_40To64Years_ConditionBabesiosis_ConfirmedCase"
"[]","[]","[P1Y]","[CDC_NNDSS_Diseases_AnnualTables]","2020","1","Count_MedicalConditionIncident_ConditionDengueLikeIllness_NonUSResident"
"[]","[]","[P1Y]","[CDC_NNDSS_Diseases_AnnualTables]","2016","1","Count_MedicalConditionIncident_1To4Years_ConditionNonNeuroinvasiveDisease_WestNileVirusDisease"
"[]","[]","[P1Y]","[CDC_NNDSS_Diseases_AnnualTables]","2016","1","Count_MedicalConditionIncident_NotHispanic_Latino_ConditionInfantBotulism"
"[]","[]","[P1Y]","[CDC_NNDSS_Diseases_AnnualTables]","2016","1","Count_MedicalConditionIncident_ConditionChickenpox_PatientDeceased_USResident"
"[]","[]","[P1Y]","[CDC_NNDSS_Diseases_AnnualTables]","2016","1","Count_MedicalConditionIncident_ConditionFoodborneBotulism_Asian_PacificIslander"
"[]","[]","[P1Y]","[CDC_NNDSS_Diseases_AnnualTables]","2016","1","Count_MedicalConditionIncident_40To64Years_ConditionNeuroinvasiveDisease_WestNileVirusDisease"
"[]","[]","[P1Y]","[CDC_NNDSS_Diseases_AnnualTables]","2016","1","Count_MedicalConditionIncident_ConditionSalmonellosisExceptTyphiAndParatyphi_OtherRace"
"[]","[]","[P1Y]","[CDC_NNDSS_Diseases_AnnualTables]","2016","1","Count_MedicalConditionIncident_ConditionVibriosisExcludingCholera_ConfirmedCase_Black_AfricanAmericanAlone"
"[]","[]","[P1Y]","[CDC_NNDSS_Diseases_AnnualTables]","2016","1","Count_MedicalConditionIncident_ConditionSmallpox_Black_AfricanAmericanAlone"
"[]","[]","[P1Y]","[CDC_NNDSS_Diseases_AnnualTables]","2016","1","Count_MedicalConditionIncident_65_MoreYears_ConditionNonparalyticPoliomyelitis"
"[]","[]","[P1Y]","[CDC_NNDSS_Diseases_AnnualTables]","2016","1","Count_MedicalConditionIncident_25To39Years_ConditionSpottedFeverRickettsiosis"
"[]","[]","[P1Y]","[CDC_NNDSS_Diseases_AnnualTables]","2016","1","Count_MedicalConditionIncident_ConditionVibriosisExcludingCholera_ConfirmedCase_Asian_PacificIslander"
"[]","[]","[P1Y]","[CDC_NNDSS_Diseases_AnnualTables]","2016","1","Count_MedicalConditionIncident_15To24Years_ConditionMeningococcalMeningitis_OtherSerogroups"
"[]","[]","[P1Y]","[CDC_NNDSS_Diseases_AnnualTables]","2016","1","Count_MedicalConditionIncident_40To64Years_ConditionCarbapenemResistantEnterobacteriaceae"
"[]","[]","[P1Y]","[CDC_NNDSS_Diseases_AnnualTables]","2016","1","Count_MedicalConditionIncident_5To14Years_ConditionVancomycinResistantStaphylococcusAureus"
"[]","[]","[P1Y]","[CDC_NNDSS_Diseases_AnnualTables]","2016","1","Count_MedicalConditionIncident_1To4Years_ConditionNeuroinvasiveDisease_EasternEquineEncephalitis"
"[]","[]","[P1Y]","[CDC_NNDSS_Diseases_AnnualTables]","2016","1","Count_MedicalConditionIncident_Hispanic_Latino_ConditionCongenitalSyphilis"
"[]","[]","[P1Y]","[CDC_NNDSS_Diseases_AnnualTables]","2016","1","Count_MedicalConditionIncident_AgeNotStated_ConditionNonCongenitalDisease_ZikaVirusDisease"
"[]","[]","[P1Y]","[CDC_NNDSS_Diseases_AnnualTables]","2016","1","Count_MedicalConditionIncident_ConditionPostDiarrheal_HemolyticUremicSyndrome_Asian_PacificIslander"
"[]","[]","[P1Y]","[CDC_NNDSS_Diseases_AnnualTables]","2016","1","Count_MedicalConditionIncident_15To24Years_ConditionInvasiveDisease_HaemophilusInfluenzae"
"[]","[]","[P1Y]","[CDC_NNDSS_Diseases_AnnualTables]","2016","1","Count_MedicalConditionIncident_NotHispanicOrLatino_ConditionRubella"
"[]","[]","[P1Y]","[CDC_NNDSS_Diseases_AnnualTables]","2016","1","Count_MedicalConditionIncident_EthnicityUnknown_NotStated_ConditionSevereDengue"
"[]","[]","[P1Y]","[CDC_NNDSS_Diseases_AnnualTables]","2016","1","Count_MedicalConditionIncident_ConditionGonorrhea_WhiteAlone"
"[]","[]","[P1Y]","[CDC_NNDSS_Diseases_AnnualTables]","2016","1","Count_MedicalConditionIncident_Hispanic_Latino_ConditionLegionnairesDisease"
"[]","[]","[P1Y]","[CDC_NNDSS_Diseases_AnnualTables]","2016","1","Count_MedicalConditionIncident_GenderUnknown_NotStated_ConditionBabesiosis_ConfirmedCase"
"[]","[]","[P1Y]","[CDC_NNDSS_Diseases_AnnualTables]","2016","1","Count_MedicalConditionIncident_ConditionNovelInfluenzaAViralInfection_WhiteAlone"
"[]","[]","[P1Y]","[CDC_NNDSS_Diseases_AnnualTables]","2016","1","Count_MedicalConditionIncident_AgeNotStated_ConditionTularemia"
"[]","[]","[P1Y]","[CDC_NNDSS_Diseases_AnnualTables]","2016","1","Count_MedicalConditionIncident_Female_ConditionHumanGranulocyticAnaplasmosis"
"[]","[]","[P1Y]","[CDC_NNDSS_Diseases_AnnualTables]","2016","1","Count_MedicalConditionIncident_Male_ConditionPsittacosis"
"[]","[]","[P1Y]","[CDC_NNDSS_Diseases_AnnualTables]","2016","1","Count_MedicalConditionIncident_ConditionCandidaAuris_ClinicalCase_AmericanIndianAndAlaskaNativeAlone"
"[]","[]","[P1Y]","[CDC_NNDSS_Diseases_AnnualTables]","2016","1","Count_MedicalConditionIncident_ConditionBrucellosis_OtherRace"
"[]","[]","[P1Y]","[CDC_NNDSS_Diseases_AnnualTables]","2016","1","Count_MedicalConditionIncident_Hispanic_Latino_ConditionMeasles_IndigenousCase"
"[]","[]","[P1Y]","[CDC_NNDSS_Diseases_AnnualTables]","2016","1","Count_MedicalConditionIncident_Years5To14_ConditionHaemophilusInfluenzaeOrInvasiveDisease_SerotypeB"
"[]","[]","[P1Y]","[CDC_NNDSS_Diseases_AnnualTables]","2016","65","Count_MedicalConditionIncident_ConditionWoundBotulism"
"[]","[]","[P1Y]","[CDC_NNDSS_Diseases_AnnualTables]","2016","1","Count_MedicalConditionIncident_ConditionStreptococcusPneumonia_ProbableCase_WhiteAlone"
"[]","[]","[P1Y]","[CDC_NNDSS_Diseases_AnnualTables]","2016","1","Count_MedicalConditionIncident_Hispanic_Latino_ConditionMeningococcalMeningitis_ACWYSerogroup"
"[]","[]","[P1Y]","[CDC_NNDSS_Diseases_AnnualTables]","2016","1","Count_MedicalConditionIncident_ConditionAcuteCondition_HepatitisC_WhiteAlone"
"[]","[]","[P1Y]","[CDC_NNDSS_Diseases_AnnualTables]","2016","1","Count_MedicalConditionIncident_5_LessYears_ConditionInvasiveDisease_HaemophilusInfluenzae_Asian_PacificIslander_SerotypeB"
"[]","[]","[P1Y]","[CDC_NNDSS_Diseases_AnnualTables]","2016","1","Count_MedicalConditionIncident_1_LessYears_ConditionVancomycinIntermediateStaphylococcusAureus"
"[]","[]","[P1Y]","[CDC_NNDSS_Diseases_AnnualTables]","2016","1","Count_MedicalConditionIncident_ConditionSyphilis_Black_AfricanAmericanAlone"
"[]","[]","[P1Y]","[CDC_NNDSS_Diseases_AnnualTables]","2020","1","Count_MedicalConditionIncident_ConditionLymeDisease_NonUSResident"
"[]","[]","[P1Y]","[CDC_NNDSS_Diseases_AnnualTables]","2016","1","Count_MedicalConditionIncident_ConditionSpottedFeverRickettsiosis_ConfirmedCase_RaceUnknown_NotStated"
"[]","[]","[P1Y]","[CDC_NNDSS_Diseases_AnnualTables]","2016","64","Count_MedicalConditionIncident_ConditionLegionnairesDisease"
"[]","[]","[P1Y]","[CDC_NNDSS_Diseases_AnnualTables]","2016","1","Count_MedicalConditionIncident_EthnicityUnknownOrNotStated_ConditionChancroid"
"[]","[]","[P1Y]","[CDC_NNDSS_Diseases_AnnualTables]","2016","1","Count_MedicalConditionIncident_65_MoreYears_ConditionMeningococcalMeningitis_ACWYSerogroup"
"[]","[]","[P1Y]","[CDC_NNDSS_Diseases_AnnualTables]","2016","1","Count_MedicalConditionIncident_40To64Years_ConditionParatyphoid"
"[]","[]","[P1Y]","[CDC_NNDSS_Diseases_AnnualTables]","2016","1","Count_MedicalConditionIncident_Hispanic_Latino_ConditionPerinatalInfection_HepatitisC"
"[]","[]","[P1Y]","[CDC_NNDSS_Diseases_AnnualTables]","2016","1","Count_MedicalConditionIncident_Male_ConditionLeptospirosis"
"[]","[]","[P1Y]","[CDC_NNDSS_Diseases_AnnualTables]","2016","1","Count_MedicalConditionIncident_ConditionHumanGranulocyticAnaplasmosis_Asian_PacificIslander"
"[]","[]","[P1Y]","[CDC_NNDSS_Diseases_AnnualTables]","2016","1","Count_MedicalConditionIncident_Hispanic_Latino_ConditionPerinatalInfection_HepatitisB"
"[]","[]","[P1Y]","[CDC_NNDSS_Diseases_AnnualTables]","2016","1","Count_MedicalConditionIncident_25To39Years_ConditionCyclosporiasis"
"[]","[]","[P1Y]","[CDC_NNDSS_Diseases_AnnualTables]","2016","1","Count_MedicalConditionIncident_EthnicityUnknown_NotStated_ConditionSalmonellosisExceptTyphiAndParatyphi"
"[]","[]","[P1Y]","[CDC_NNDSS_Diseases_AnnualTables]","2016","1","Count_MedicalConditionIncident_ConditionLassaHemorrhagicFever_RaceUnknown_NotStated"
"[]","[]","[P1Y]","[CDC_NNDSS_Diseases_AnnualTables]","2016","1","Count_MedicalConditionIncident_5_LessYears_Hispanic_Latino_ConditionInvasiveDisease_HaemophilusInfluenzae_UnknownSerotype"
"[]","[]","[P1Y]","[CDC_NNDSS_Diseases_AnnualTables]","2016","1","Count_MedicalConditionIncident_1_LessYears_ConditionJuninHemorrhagicFever"
"[]","[]","[P1Y]","[CDC_NNDSS_Diseases_AnnualTables]","2016","1","Count_MedicalConditionIncident_1_LessYears_ConditionNonCongenitalDisease_ZikaVirusInfection"
"[]","[]","[P1Y]","[CDC_NNDSS_Diseases_AnnualTables]","2016","1","Count_MedicalConditionIncident_25To39Years_ConditionChikungunya"
"[]","[]","[P1Y]","[CDC_NNDSS_Diseases_AnnualTables]","2016","65","Count_MedicalConditionIncident_ConditionMeningococcalMeningitis_UnknownSerogroups"
"[]","[]","[P1Y]","[CDC_NNDSS_Diseases_AnnualTables]","2016","1","Count_MedicalConditionIncident_ConditionHepatitisA_AcuteCondition_USResident"
"[]","[]","[P1Y]","[CDC_NNDSS_Diseases_AnnualTables]","2016","1","Count_MedicalConditionIncident_Female_ConditionChickenpox"
"[]","[]","[P1Y]","[CDC_NNDSS_Diseases_AnnualTables]","2016","1","Count_MedicalConditionIncident_Hispanic_Latino_ConditionParatyphoid"
"[]","[]","[P1Y]","[CDC_NNDSS_Diseases_AnnualTables]","2016","1","Count_MedicalConditionIncident_Female_ConditionZikaVirusInfectionOrCongenitalDisease"
"[]","[]","[P1Y]","[CDC_NNDSS_Diseases_AnnualTables]","2016","1","Count_MedicalConditionIncident_ConditionPertussis_RaceUnknown_NotStated"
"[]","[]","[P1Y]","[CDC_NNDSS_Diseases_AnnualTables]","2016","1","Count_MedicalConditionIncident_YearsUpto1_ConditionChickenpox_PatientDeceased"
"[]","[]","[P1Y]","[CDC_NNDSS_Diseases_AnnualTables]","2016","1","Count_MedicalConditionIncident_Female_ConditionParatyphoid"
"[]","[]","[P1Y]","[CDC_NNDSS_Diseases_AnnualTables]","2016","1","Count_MedicalConditionIncident_ConditionStreptococcusPneumonia_ConfirmedCase_Asian_PacificIslander"
"[]","[]","[P1Y]","[CDC_NNDSS_Diseases_AnnualTables]","2016","1","Count_MedicalConditionIncident_ConditionBabesiosis_ProbableCase_Black_AfricanAmericanAlone"
"[]","[]","[P1Y]","[CDC_NNDSS_Diseases_AnnualTables]","2016","1","Count_MedicalConditionIncident_5_LessYears_GenderUnknown_NotStated_ConditionStreptococcusPneumonia_ConfirmedCase"
"[]","[]","[P1Y]","[CDC_NNDSS_Diseases_AnnualTables]","2016","1","Count_MedicalConditionIncident_5_LessYears_ConditionInvasiveDisease_HaemophilusInfluenzae_Asian_PacificIslander_NonSerotypeB"
"[]","[]","[P1Y]","[CDC_NNDSS_Diseases_AnnualTables]","2016","1","Count_MedicalConditionIncident_EthnicityUnknown_NotStated_ConditionVancomycinResistantStaphylococcusAureus"
"[]","[]","[P1Y]","[CDC_NNDSS_Diseases_AnnualTables]","2016","1","Count_MedicalConditionIncident_1To4Years_ConditionPerinatalInfection_HepatitisC"
"[]","[]","[P1Y]","[CDC_NNDSS_Diseases_AnnualTables]","2016","1","Count_MedicalConditionIncident_ConditionSmallpox_USResident"
"[]","[]","[P1Y]","[CDC_NNDSS_Diseases_AnnualTables]","2016","1","Count_MedicalConditionIncident_1To4Years_ConditionPerinatalInfection_HepatitisB"
"[]","[]","[P1Y]","[CDC_NNDSS_Diseases_AnnualTables]","2016","1","Count_MedicalConditionIncident_65_MoreYears_ConditionNovelInfluenzaAViralInfection"
"[]","[]","[P1Y]","[CDC_NNDSS_Diseases_AnnualTables]","2020","1","Count_MedicalConditionIncident_ConditionChikungunya_NonUSResident"
"[]","[]","[P1Y]","[CDC_NNDSS_Diseases_AnnualTables]","2016","1","Count_MedicalConditionIncident_65_MoreYears_ConditionMeningococcalMeningitis"
"[]","[]","[P1Y]","[CDC_NNDSS_Diseases_AnnualTables]","2016","1","Count_MedicalConditionIncident_AgeNotStated_ConditionGiardiasis"
"[]","[]","[P1Y]","[CDC_NNDSS_Diseases_AnnualTables]","2016","65","Count_MedicalConditionIncident_ConditionCarbapenemResistantEnterobacteriaceae"
"[]","[]","[P1Y]","[CDC_NNDSS_Diseases_AnnualTables]","2016","1","Count_MedicalConditionIncident_ConditionBotulism_WhiteAlone"
"[]","[]","[P1Y]","[CDC_NNDSS_Diseases_AnnualTables]","2016","1","Count_MedicalConditionIncident_1_LessYears_ConditionNonparalyticPoliomyelitis"
"[]","[]","[P1Y]","[CDC_NNDSS_Diseases_AnnualTables]","2016","58","Count_MedicalConditionIncident_ConditionLeprosy"
"[]","[]","[P1Y]","[CDC_NNDSS_Diseases_AnnualTables]","2016","1","Count_MedicalConditionIncident_HispanicOrLatino_ConditionChickenpox_PatientDeceased"
"[]","[]","[P1Y]","[CDC_NNDSS_Diseases_AnnualTables]","2016","1","Count_MedicalConditionIncident_5_LessYears_ConditionStreptococcusPneumonia_ConfirmedCase_AmericanIndianAndAlaskaNativeAlone"
"[]","[]","[P1Y]","[CDC_NNDSS_Diseases_AnnualTables]","2016","1","Count_MedicalConditionIncident_ConditionDengueLikeIllness_RaceUnknown_NotStated"
"[]","[]","[P1Y]","[CDC_NNDSS_Diseases_AnnualTables]","2016","1","Count_MedicalConditionIncident_AgeNotStated_ConditionFoodborneBotulism"
"[]","[]","[P1Y]","[CDC_NNDSS_Diseases_AnnualTables]","2016","53","Count_MedicalConditionIncident_ConditionBabesiosis"
"[]","[]","[P1Y]","[CDC_NNDSS_Diseases_AnnualTables]","2016","1","Count_MedicalConditionIncident_ConditionMeasles_Asian_PacificIslander"
"[]","[]","[P1Y]","[CDC_NNDSS_Diseases_AnnualTables]","2016","1","Count_MedicalConditionIncident_15To24Years_ConditionMeningococcalMeningitis_SerogroupB"
"[]","[]","[P1Y]","[CDC_NNDSS_Diseases_AnnualTables]","2016","1","Count_MedicalConditionIncident_15To24Years_ConditionHaemophilusMeningitis"
"[]","[]","[P1Y]","[CDC_NNDSS_Diseases_AnnualTables]","2016","1","Count_MedicalConditionIncident_ConditionLassaHemorrhagicFever_AmericanIndianAndAlaskaNativeAlone"
"[]","[]","[P1Y]","[CDC_NNDSS_Diseases_AnnualTables]","2016","1","Count_MedicalConditionIncident_ConditionListeriosis_ProbableCase_Asian_PacificIslander"
"[]","[]","[P1Y]","[CDC_NNDSS_Diseases_AnnualTables]","2016","1","Count_MedicalConditionIncident_ConditionToxicShockSyndromExceptStreptococcal_Asian_PacificIslander"
"[]","[]","[P1Y]","[CDC_NNDSS_Diseases_AnnualTables]","2016","1","Count_MedicalConditionIncident_1_LessYears_ConditionVibriosisExcludingCholera_ProbableCase"
"[]","[]","[P1Y]","[CDC_NNDSS_Diseases_AnnualTables]","2016","1","Count_MedicalConditionIncident_15To24Years_ConditionMeasles_IndigenousCase"
"[]","[]","[P1Y]","[CDC_NNDSS_Diseases_AnnualTables]","2016","1","Count_MedicalConditionIncident_25To39Years_ConditionHumanGranulocyticAnaplasmosis"
"[]","[]","[P1Y]","[CDC_NNDSS_Diseases_AnnualTables]","2016","1","Count_MedicalConditionIncident_1_LessYears_ConditionCryptosporidiosis_ConfirmedCase"
"[]","[]","[P1Y]","[CDC_NNDSS_Diseases_AnnualTables]","2016","1","Count_MedicalConditionIncident_ConditionCoccidioidomycosis_AmericanIndianAndAlaskaNativeAlone"
"[]","[]","[P1Y]","[CDC_NNDSS_Diseases_AnnualTables]","2016","1","Count_MedicalConditionIncident_5_LessYears_Hispanic_Latino_ConditionStreptococcusPneumonia_ConfirmedCase"
"[]","[]","[P1Y]","[CDC_NNDSS_Diseases_AnnualTables]","2016","1","Count_MedicalConditionIncident_NotHispanicOrLatino_ConditionNonNeuroinvasiveDiseaseOrLaCrosseVirusDisease"
"[]","[]","[P1Y]","[CDC_NNDSS_Diseases_AnnualTables]","2016","1","Count_MedicalConditionIncident_ConditionJuninHemorrhagicFever_OtherRace"
"[]","[]","[P1Y]","[CDC_NNDSS_Diseases_AnnualTables]","2016","1","Count_MedicalConditionIncident_ConditionPerinatalInfection_HepatitisB_WhiteAlone"
"[]","[]","[P1Y]","[CDC_NNDSS_Diseases_AnnualTables]","2016","1","Count_MedicalConditionIncident_ConditionNonNeuroinvasiveDiseaseOrLaCrosseVirusDisease_BlackOrAfricanAmericanAlone"
"[]","[]","[P1Y]","[CDC_NNDSS_Diseases_AnnualTables]","2016","65","Count_MedicalConditionIncident_ConditionHepatitisC_AcuteCondition_ConfirmedCase"
"[]","[]","[P1Y]","[CDC_NNDSS_Diseases_AnnualTables]","2016","1","Count_MedicalConditionIncident_GenderUnknown_NotStated_ConditionListeriosis"
"[]","[]","[P1Y]","[CDC_NNDSS_Diseases_AnnualTables]","2016","1","Count_MedicalConditionIncident_65_MoreYears_ConditionMeningococcalMeningitis_UnknownSerogroups"
"[]","[]","[P1Y]","[CDC_NNDSS_Diseases_AnnualTables]","2016","1","Count_MedicalConditionIncident_Male_ConditionZikaVirusDiseaseOrCongenitalDisease"
"[]","[]","[P1Y]","[CDC_NNDSS_Diseases_AnnualTables]","2016","1","Count_MedicalConditionIncident_ConditionPerinatalInfection_HepatitisC_RaceUnknown_NotStated"
"[]","[]","[P1Y]","[CDC_NNDSS_Diseases_AnnualTables]","2016","1","Count_MedicalConditionIncident_NotHispanic_Latino_ConditionPlague"
"[]","[]","[P1Y]","[CDC_NNDSS_Diseases_AnnualTables]","2016","1","Count_MedicalConditionIncident_EthnicityUnknownOrNotStated_ConditionCandidaAuris_Screening"
"[]","[]","[P1Y]","[CDC_NNDSS_Diseases_AnnualTables]","2016","1","Count_MedicalConditionIncident_ConditionMumps_Asian_PacificIslander"
"[]","[]","[P1Y]","[CDC_NNDSS_Diseases_AnnualTables]","2020","1","Count_MedicalConditionIncident_ConditionShigellosis_NonUSResident"
"[]","[]","[P1Y]","[CDC_NNDSS_Diseases_AnnualTables]","2016","1","Count_MedicalConditionIncident_NotHispanic_Latino_ConditionVibriosisExcludingCholera"
"[]","[]","[P1Y]","[CDC_NNDSS_Diseases_AnnualTables]","2016","1","Count_MedicalConditionIncident_Years5To14_ConditionHaemophilusInfluenzaeOrInvasiveDisease_UnknownSerotype"
"[]","[]","[P1Y]","[CDC_NNDSS_Diseases_AnnualTables]","2016","1","Count_MedicalConditionIncident_ConditionSpottedFeverRickettsiosis_RaceUnknown_NotStated"
"[]","[]","[P1Y]","[CDC_NNDSS_Diseases_AnnualTables]","2016","1","Count_MedicalConditionIncident_ConditionRubella_AmericanIndianAndAlaskaNativeAlone"
"[]","[]","[P1Y]","[CDC_NNDSS_Diseases_AnnualTables]","2016","1","Count_MedicalConditionIncident_ConditionLegionnairesDisease_AmericanIndianAndAlaskaNativeAlone"
"[]","[]","[P1Y]","[CDC_NNDSS_Diseases_AnnualTables]","2016","1","Count_MedicalConditionIncident_NotHispanic_Latino_ConditionBrucellosis"
"[]","[]","[P1Y]","[CDC_NNDSS_Diseases_AnnualTables]","2016","1","Count_MedicalConditionIncident_GenderUnknown_NotStated_ConditionPerinatalInfection_HepatitisC"
"[]","[]","[P1Y]","[CDC_NNDSS_Diseases_AnnualTables]","2016","1","Count_MedicalConditionIncident_GenderUnknown_NotStated_ConditionPerinatalInfection_HepatitisB"
"[]","[]","[P1Y]","[CDC_NNDSS_Diseases_AnnualTables]","2016","1","Count_MedicalConditionIncident_HispanicOrLatino_ConditionNeuroinvasiveDiseaseOrEasternEquineEncephalitis"
"[]","[]","[P1Y]","[CDC_NNDSS_Diseases_AnnualTables]","2016","1","Count_MedicalConditionIncident_25To39Years_ConditionMeasles"
"[]","[]","[P1Y]","[CDC_NNDSS_Diseases_AnnualTables]","2016","1","Count_MedicalConditionIncident_Female_ConditionCryptosporidiosis_ConfirmedCase"
"[]","[]","[P1Y]","[CDC_NNDSS_Diseases_AnnualTables]","2016","1","Count_MedicalConditionIncident_EthnicityUnknown_NotStated_ConditionSpottedFeverRickettsiosis_ConfirmedCase"
"[]","[]","[P1Y]","[CDC_NNDSS_Diseases_AnnualTables]","2016","1","Count_MedicalConditionIncident_15To24Years_ConditionChancroid"
"[]","[]","[P1Y]","[CDC_NNDSS_Diseases_AnnualTables]","2016","1","Count_MedicalConditionIncident_NotHispanic_Latino_ConditionListeriosis_ConfirmedCase"
"[]","[]","[P1Y]","[CDC_NNDSS_Diseases_AnnualTables]","2016","1","Count_MedicalConditionIncident_Male_ConditionGonorrhea"
"[]","[]","[P1Y]","[CDC_NNDSS_Diseases_AnnualTables]","2016","1","Count_MedicalConditionIncident_25To39Years_ConditionSmallpox"
"[]","[]","[P1Y]","[CDC_NNDSS_Diseases_AnnualTables]","2016","1","Count_MedicalConditionIncident_15To24Years_ConditionBrucellosis"
"[]","[]","[P1Y]","[CDC_NNDSS_Diseases_AnnualTables]","2016","1","Count_MedicalConditionIncident_GenderUnknown_NotStated_ConditionShigaToxinEColi"
"[]","[]","[P1Y]","[CDC_NNDSS_Diseases_AnnualTables]","2016","1","Count_MedicalConditionIncident_1_LessYears_ConditionStreptococcalToxicShockSyndrome"
"[]","[]","[P1Y]","[CDC_NNDSS_Diseases_AnnualTables]","2016","1","Count_MedicalConditionIncident_Female_ConditionCryptosporidiosis_ProbableCase"
"[]","[]","[P1Y]","[CDC_NNDSS_Diseases_AnnualTables]","2016","1","Count_MedicalConditionIncident_ConditionStreptococcalToxicShockSyndrome_Black_AfricanAmericanAlone"
"[]","[]","[P1Y]","[CDC_NNDSS_Diseases_AnnualTables]","2016","1","Count_MedicalConditionIncident_Hispanic_Latino_ConditionAcuteCondition_HepatitisC_ConfirmedCase"
"[]","[]","[P1Y]","[CDC_NNDSS_Diseases_AnnualTables]","2016","1","Count_MedicalConditionIncident_ConditionWoundBotulism_USResident"
"[]","[]","[P1Y]","[CDC_NNDSS_Diseases_AnnualTables]","2016","1","Count_MedicalConditionIncident_ConditionMeasles_ImportedCase_AmericanIndianAndAlaskaNativeAlone"
"[]","[]","[P1Y]","[CDC_NNDSS_Diseases_AnnualTables]","2016","1","Count_MedicalConditionIncident_Male_ConditionLymeDisease_ProbableCase"
"[]","[]","[P1Y]","[CDC_NNDSS_Diseases_AnnualTables]","2016","1","Count_MedicalConditionIncident_EthnicityUnknown_NotStated_ConditionVibriosisExcludingCholera_ConfirmedCase"
"[]","[]","[P1Y]","[CDC_NNDSS_Diseases_AnnualTables]","2016","1","Count_MedicalConditionIncident_ConditionTularemia_RaceUnknown_NotStated"
"[]","[]","[P1Y]","[CDC_NNDSS_Diseases_AnnualTables]","2016","1","Count_MedicalConditionIncident_40To64Years_ConditionNeuroinvasiveDisease_PowassanVirusDisease"
"[]","[]","[P1Y]","[CDC_NNDSS_Diseases_AnnualTables]","2016","1","Count_MedicalConditionIncident_Male_ConditionBotulism"
"[]","[]","[P1Y]","[CDC_NNDSS_Diseases_AnnualTables]","2016","1","Count_MedicalConditionIncident_Female_ConditionMeningococcalMeningitis_UnknownSerogroups"
"[]","[]","[P1Y]","[CDC_NNDSS_Diseases_AnnualTables]","2016","1","Count_MedicalConditionIncident_1_LessYears_ConditionTularemia"
"[]","[]","[P1Y]","[CDC_NNDSS_Diseases_AnnualTables]","2016","1","Count_MedicalConditionIncident_GenderUnknown_NotStated_ConditionToxicShockSyndromExceptStreptococcal"
"[]","[]","[P1Y]","[CDC_NNDSS_Diseases_AnnualTables]","2020","1","Count_MedicalConditionIncident_ConditionCongenitalSyphilis_NonUSResident"
"[]","[]","[P1Y]","[CDC_NNDSS_Diseases_AnnualTables]","2016","1","Count_MedicalConditionIncident_Male_ConditionMalaria"
"[]","[]","[P1Y]","[CDC_NNDSS_Diseases_AnnualTables]","2016","1","Count_MedicalConditionIncident_ConditionVancomycinIntermediateStaphylococcusAureus_Asian_PacificIslander"
"[]","[]","[P1Y]","[CDC_NNDSS_Diseases_AnnualTables]","2016","1","Count_MedicalConditionIncident_YearsUpto1_ConditionNeuroinvasiveDiseaseOrStLouisEncephalitis"
"[]","[]","[P1Y]","[CDC_NNDSS_Diseases_AnnualTables]","2016","1","Count_MedicalConditionIncident_Female_ConditionStreptococcalToxicShockSyndrome"
"[]","[]","[P1Y]","[CDC_NNDSS_Diseases_AnnualTables]","2016","1","Count_MedicalConditionIncident_ConditionBabesiosis_ConfirmedCase_Asian_PacificIslander"
"[]","[]","[P1Y]","[CDC_NNDSS_Diseases_AnnualTables]","2016","1","Count_MedicalConditionIncident_15To24Years_ConditionCongenitalDisease_Rubella"
"[]","[]","[P1Y]","[CDC_NNDSS_Diseases_AnnualTables]","2016","1","Count_MedicalConditionIncident_EthnicityUnknownOrNotStated_ConditionZikaVirusInfectionOrCongenitalDisease"
"[]","[]","[P1Y]","[CDC_NNDSS_Diseases_AnnualTables]","2016","62","Count_MedicalConditionIncident_ConditionLymeDisease_ProbableCase"
"[]","[]","[P1Y]","[CDC_NNDSS_Diseases_AnnualTables]","2016","1","Count_MedicalConditionIncident_40To64Years_ConditionLeptospirosis"
"[]","[]","[P1Y]","[CDC_NNDSS_Diseases_AnnualTables]","2016","1","Count_MedicalConditionIncident_40To64Years_ConditionSmallpox"
"[]","[]","[P1Y]","[CDC_NNDSS_Diseases_AnnualTables]","2016","1","Count_MedicalConditionIncident_ConditionLymeDisease_ProbableCase_RaceUnknown_NotStated"
"[]","[]","[P1Y]","[CDC_NNDSS_Diseases_AnnualTables]","2016","1","Count_MedicalConditionIncident_5To14Years_ConditionCongenitalDisease_Rubella"
"[]","[]","[P1Y]","[CDC_NNDSS_Diseases_AnnualTables]","2016","1","Count_MedicalConditionIncident_ConditionShigellosis_Asian_PacificIslander"
"[]","[]","[P1Y]","[CDC_NNDSS_Diseases_AnnualTables]","2016","1","Count_MedicalConditionIncident_5To14Years_ConditionSpottedFeverRickettsiosis_ConfirmedCase"
"[]","[]","[P1Y]","[CDC_NNDSS_Diseases_AnnualTables]","2016","65","Count_MedicalConditionIncident_ConditionZikaVirusDisease_NonCongenitalDisease"
"[]","[]","[P1Y]","[CDC_NNDSS_Diseases_AnnualTables]","2016","1","Count_MedicalConditionIncident_YearsUpto1_ConditionChronicConditionOrQFever"
"[]","[]","[P1Y]","[CDC_NNDSS_Diseases_AnnualTables]","2016","1","Count_MedicalConditionIncident_YearsUpto1_ConditionNonNeuroinvasiveDiseaseOrStLouisEncephalitis"
"[]","[]","[P1Y]","[CDC_NNDSS_Diseases_AnnualTables]","2016","1","Count_MedicalConditionIncident_ConditionInfantBotulism_Black_AfricanAmericanAlone"
"[]","[]","[P1Y]","[CDC_NNDSS_Diseases_AnnualTables]","2016","1","Count_MedicalConditionIncident_1To4Years_ConditionChikungunya"
"[]","[]","[P1Y]","[CDC_NNDSS_Diseases_AnnualTables]","2016","1","Count_MedicalConditionIncident_NotHispanicOrLatino_ConditionAnthraxDisease"
"[]","[]","[P1Y]","[CDC_NNDSS_Diseases_AnnualTables]","2016","60","Count_MedicalConditionIncident_ConditionSpottedFeverRickettsiosis_ConfirmedCase"
"[]","[]","[P1Y]","[CDC_NNDSS_Diseases_AnnualTables]","2020","1","Count_MedicalConditionIncident_ConditionEhrlichiaEwingiiInfection_NonUSResident"
"[]","[]","[P1Y]","[CDC_NNDSS_Diseases_AnnualTables]","2016","1","Count_MedicalConditionIncident_AgeNotStated_ConditionNeuroinvasiveDiseaseOrPowassanVirusDisease"
"[]","[]","[P1Y]","[CDC_NNDSS_Diseases_AnnualTables]","2016","1","Count_MedicalConditionIncident_25To39Years_ConditionCongenitalSyphilis"
"[]","[]","[P1Y]","[CDC_NNDSS_Diseases_AnnualTables]","2016","1","Count_MedicalConditionIncident_40To64Years_ConditionTrichinellosis"
"[]","[]","[P1Y]","[CDC_NNDSS_Diseases_AnnualTables]","2016","1","Count_MedicalConditionIncident_AgeNotStated_ConditionNeuroinvasiveDiseaseOrWestNileVirusDisease"
"[]","[]","[P1Y]","[CDC_NNDSS_Diseases_AnnualTables]","2016","1","Count_MedicalConditionIncident_ConditionCongenitalDisease_Rubella_RaceUnknown_NotStated"
"[]","[]","[P1Y]","[CDC_NNDSS_Diseases_AnnualTables]","2016","1","Count_MedicalConditionIncident_NotHispanic_Latino_ConditionChlamydia"
"[]","[]","[P1Y]","[CDC_NNDSS_Diseases_AnnualTables]","2016","1","Count_MedicalConditionIncident_40To64Years_ConditionShigellosis"
"[]","[]","[P1Y]","[CDC_NNDSS_Diseases_AnnualTables]","2016","1","Count_MedicalConditionIncident_65_MoreYears_ConditionLymeDisease_ConfirmedCase"
"[]","[]","[P1Y]","[CDC_NNDSS_Diseases_AnnualTables]","2016","1","Count_MedicalConditionIncident_ConditionEhrlichiaEwingiiInfection_OtherRace"
"[]","[]","[P1Y]","[CDC_NNDSS_Diseases_AnnualTables]","2016","1","Count_MedicalConditionIncident_Female_ConditionPerinatalInfection_HepatitisC"
"[]","[]","[P1Y]","[CDC_NNDSS_Diseases_AnnualTables]","2016","1","Count_MedicalConditionIncident_Female_ConditionPerinatalInfection_HepatitisB"
"[]","[]","[P1Y]","[CDC_NNDSS_Diseases_AnnualTables]","2016","1","Count_MedicalConditionIncident_ConditionChancroid_RaceUnknownOrNotStated"
"[]","[]","[P1Y]","[CDC_NNDSS_Diseases_AnnualTables]","2016","1","Count_MedicalConditionIncident_AgeNotStated_ConditionCyclosporiasis"
"[]","[]","[P1Y]","[CDC_NNDSS_Diseases_AnnualTables]","2016","1","Count_MedicalConditionIncident_ConditionListeriosis_WhiteAlone"
"[]","[]","[P1Y]","[CDC_NNDSS_Diseases_AnnualTables]","2016","62","Count_MedicalConditionIncident_ConditionVibriosisExcludingCholera"
"[]","[]","[P1Y]","[CDC_NNDSS_Diseases_AnnualTables]","2016","1","Count_MedicalConditionIncident_15To24Years_ConditionPostDiarrheal_HemolyticUremicSyndrome"
"[]","[]","[P1Y]","[CDC_NNDSS_Diseases_AnnualTables]","2016","1","Count_MedicalConditionIncident_Hispanic_Latino_ConditionTetanus"
"[]","[]","[P1Y]","[CDC_NNDSS_Diseases_AnnualTables]","2016","1","Count_MedicalConditionIncident_5To14Years_ConditionMumps"
"[]","[]","[P1Y]","[CDC_NNDSS_Diseases_AnnualTables]","2016","1","Count_MedicalConditionIncident_15To24Years_ConditionCholera"
"[]","[]","[P1Y]","[CDC_NNDSS_Diseases_AnnualTables]","2016","1","Count_MedicalConditionIncident_Hispanic_Latino_ConditionStreptococcalToxicShockSyndrome"
"[]","[]","[P1Y]","[CDC_NNDSS_Diseases_AnnualTables]","2016","1","Count_MedicalConditionIncident_40To64Years_ConditionAcuteCondition_HepatitisC_ProbableCase"
"[]","[]","[P1Y]","[CDC_NNDSS_Diseases_AnnualTables]","2016","1","Count_MedicalConditionIncident_65_MoreYears_ConditionAnthraxDisease"
"[]","[]","[P1Y]","[CDC_NNDSS_Diseases_AnnualTables]","2016","1","Count_MedicalConditionIncident_65_MoreYears_ConditionCampylobacteriosis"
"[]","[]","[P1Y]","[CDC_NNDSS_Diseases_AnnualTables]","2016","1","Count_MedicalConditionIncident_65_MoreYears_ConditionVancomycinResistantStaphylococcusAureus"
"[]","[]","[P1Y]","[CDC_NNDSS_Diseases_AnnualTables]","2016","1","Count_MedicalConditionIncident_5To14Years_ConditionGonorrhea"
"[]","[]","[P1Y]","[CDC_NNDSS_Diseases_AnnualTables]","2016","1","Count_MedicalConditionIncident_NotHispanic_Latino_ConditionAcuteCondition_HepatitisA"
"[]","[]","[P1Y]","[CDC_NNDSS_Diseases_AnnualTables]","2020","1","Count_MedicalConditionIncident_ConditionStreptococcusPneumonia_ConfirmedCase_NonUSResident"
"[]","[]","[P1Y]","[CDC_NNDSS_Diseases_AnnualTables]","2016","1","Count_MedicalConditionIncident_NotHispanic_Latino_ConditionAcuteCondition_HepatitisC"
"[]","[]","[P1Y]","[CDC_NNDSS_Diseases_AnnualTables]","2016","1","Count_MedicalConditionIncident_EthnicityUnknown_NotStated_ConditionCryptosporidiosis_ProbableCase"
"[]","[]","[P1Y]","[CDC_NNDSS_Diseases_AnnualTables]","2016","1","Count_MedicalConditionIncident_NotHispanic_Latino_ConditionAcuteCondition_HepatitisB"
"[]","[]","[P1Y]","[CDC_NNDSS_Diseases_AnnualTables]","2016","1","Count_MedicalConditionIncident_ConditionTuberculosis_RaceUnknown_NotStated"
"[]","[]","[P1Y]","[CDC_NNDSS_Diseases_AnnualTables]","2016","1","Count_MedicalConditionIncident_65_MoreYears_ConditionStreptococcalToxicShockSyndrome"
"[]","[]","[P1Y]","[CDC_NNDSS_Diseases_AnnualTables]","2016","1","Count_MedicalConditionIncident_HispanicOrLatino_ConditionCoccidioidomycosis_ProbableCase"
"[]","[]","[P1Y]","[CDC_NNDSS_Diseases_AnnualTables]","2016","1","Count_MedicalConditionIncident_ConditionEhrlichiosis_Asian_PacificIslander"
"[]","[]","[P1Y]","[CDC_NNDSS_Diseases_AnnualTables]","2016","1","Count_MedicalConditionIncident_Years15To24_ConditionNonNeuroinvasiveDiseaseOrStLouisEncephalitis"
"[]","[]","[P1Y]","[CDC_NNDSS_Diseases_AnnualTables]","2016","1","Count_MedicalConditionIncident_ConditionMeningococcalMeningitis_RaceUnknown_NotStated"
"[]","[]","[P1Y]","[CDC_NNDSS_Diseases_AnnualTables]","2016","1","Count_MedicalConditionIncident_ConditionInvasiveDisease_HaemophilusInfluenzae_Asian_PacificIslander"
"[]","[]","[P1Y]","[CDC_NNDSS_Diseases_AnnualTables]","2016","1","Count_MedicalConditionIncident_ConditionPerinatalInfection_HepatitisB_RaceUnknown_NotStated"
"[]","[]","[P1Y]","[CDC_NNDSS_Diseases_AnnualTables]","2016","1","Count_MedicalConditionIncident_ConditionEhrlichiaEwingiiInfection_Asian_PacificIslander"
"[]","[]","[P1Y]","[CDC_NNDSS_Diseases_AnnualTables]","2016","1","Count_MedicalConditionIncident_ConditionHantavirusPulmonarySyndrome_USResident"
"[]","[]","[P1Y]","[CDC_NNDSS_Diseases_AnnualTables]","2016","1","Count_MedicalConditionIncident_AgeNotStated_ConditionCongenitalDisease_Rubella"
"[]","[]","[P1Y]","[CDC_NNDSS_Diseases_AnnualTables]","2016","1","Count_MedicalConditionIncident_ConditionEhrlichiaEwingiiInfection_USResident"
"[]","[]","[P1Y]","[CDC_NNDSS_Diseases_AnnualTables]","2016","1","Count_MedicalConditionIncident_AgeNotStated_ConditionMeningococcalMeningitis"
"[]","[]","[P1Y]","[CDC_NNDSS_Diseases_AnnualTables]","2016","51","Count_MedicalConditionIncident_ConditionToxicShockSyndromExceptStreptococcal"
"[]","[]","[P1Y]","[CDC_NNDSS_Diseases_AnnualTables]","2016","1","Count_MedicalConditionIncident_5_LessYears_ConditionStreptococcusPneumonia_ConfirmedCase_WhiteAlone"
"[]","[]","[P1Y]","[CDC_NNDSS_Diseases_AnnualTables]","2016","1","Count_MedicalConditionIncident_Hispanic_Latino_ConditionListeriosis_ConfirmedCase"
"[]","[]","[P1Y]","[CDC_NNDSS_Diseases_AnnualTables]","2016","1","Count_MedicalConditionIncident_40To64Years_ConditionNonCongenitalDisease_ZikaVirusInfection"
"[]","[]","[P1Y]","[CDC_NNDSS_Diseases_AnnualTables]","2016","1","Count_MedicalConditionIncident_ConditionNonNeuroinvasiveDiseaseOrPowassanVirusDisease_AsianOrPacificIslander"
"[]","[]","[P1Y]","[CDC_NNDSS_Diseases_AnnualTables]","2016","1","Count_MedicalConditionIncident_ConditionBotulism_Black_AfricanAmericanAlone"
"[]","[]","[P1Y]","[CDC_NNDSS_Diseases_AnnualTables]","2016","1","Count_MedicalConditionIncident_EthnicityUnknown_NotStated_ConditionLymeDisease_ConfirmedCase"
"[]","[]","[P1Y]","[CDC_NNDSS_Diseases_AnnualTables]","2016","1","Count_MedicalConditionIncident_25To39Years_ConditionNonNeuroinvasiveDisease_PowassanVirusDisease"
"[]","[]","[P1Y]","[CDC_NNDSS_Diseases_AnnualTables]","2016","1","Count_MedicalConditionIncident_5To14Years_ConditionVibriosisExcludingCholera_ConfirmedCase"
"[]","[]","[P1Y]","[CDC_NNDSS_Diseases_AnnualTables]","2016","1","Count_MedicalConditionIncident_1_LessYears_ConditionCandidaAuris_ClinicalCase"
"[]","[]","[P1Y]","[CDC_NNDSS_Diseases_AnnualTables]","2016","1","Count_MedicalConditionIncident_ConditionEhrlichiaEwingiiInfection_AmericanIndianAndAlaskaNativeAlone"
"[]","[]","[P1Y]","[CDC_NNDSS_Diseases_AnnualTables]","2016","1","Count_MedicalConditionIncident_Female_ConditionCongenitalDisease_Rubella"
"[]","[]","[P1Y]","[CDC_NNDSS_Diseases_AnnualTables]","2016","1","Count_MedicalConditionIncident_GenderUnknown_NotStated_ConditionWoundBotulism"
"[]","[]","[P1Y]","[CDC_NNDSS_Diseases_AnnualTables]","2016","1","Count_MedicalConditionIncident_Female_ConditionLassaHemorrhagicFever"
"[]","[]","[P1Y]","[CDC_NNDSS_Diseases_AnnualTables]","2016","1","Count_MedicalConditionIncident_Female_ConditionMeasles_ImportedCase"
"[]","[]","[P1Y]","[CDC_NNDSS_Diseases_AnnualTables]","2016","1","Count_MedicalConditionIncident_ConditionChickenpox_AmericanIndianAndAlaskaNativeAlone"
"[]","[]","[P1Y]","[CDC_NNDSS_Diseases_AnnualTables]","2016","1","Count_MedicalConditionIncident_ConditionStreptococcalToxicShockSyndrome_OtherRace"
"[]","[]","[P1Y]","[CDC_NNDSS_Diseases_AnnualTables]","2016","1","Count_MedicalConditionIncident_Hispanic_Latino_ConditionNonCongenitalDisease_ZikaVirusDisease"
"[]","[]","[P1Y]","[CDC_NNDSS_Diseases_AnnualTables]","2016","1","Count_MedicalConditionIncident_NotHispanic_Latino_ConditionMeasles"
"[]","[]","[P1Y]","[CDC_NNDSS_Diseases_AnnualTables]","2016","1","Count_MedicalConditionIncident_NotHispanic_Latino_ConditionLymeDisease"
"[]","[]","[P1Y]","[CDC_NNDSS_Diseases_AnnualTables]","2016","1","Count_MedicalConditionIncident_AgeNotStated_ConditionNeuroinvasiveDiseaseOrLaCrosseVirusDisease"
"[]","[]","[P1Y]","[CDC_NNDSS_Diseases_AnnualTables]","2016","1","Count_MedicalConditionIncident_ConditionTularemia_AmericanIndianAndAlaskaNativeAlone"
"[]","[]","[P1Y]","[CDC_NNDSS_Diseases_AnnualTables]","2016","1","Count_MedicalConditionIncident_40To64Years_ConditionLymeDisease"
"[]","[]","[P1Y]","[CDC_NNDSS_Diseases_AnnualTables]","2016","1","Count_MedicalConditionIncident_15To24Years_ConditionFoodborneBotulism"
"[]","[]","[P1Y]","[CDC_NNDSS_Diseases_AnnualTables]","2016","1","Count_MedicalConditionIncident_1To4Years_ConditionJuninHemorrhagicFever"
"[]","[]","[P1Y]","[CDC_NNDSS_Diseases_AnnualTables]","2016","1","Count_MedicalConditionIncident_ConditionGiardiasis_RaceUnknown_NotStated"
"[]","[]","[P1Y]","[CDC_NNDSS_Diseases_AnnualTables]","2016","1","Count_MedicalConditionIncident_15To24Years_ConditionLymeDisease_ConfirmedCase"
"[]","[]","[P1Y]","[CDC_NNDSS_Diseases_AnnualTables]","2016","1","Count_MedicalConditionIncident_ConditionCOVID19_OtherRace"
"[]","[]","[P1Y]","[CDC_NNDSS_Diseases_AnnualTables]","2016","1","Count_MedicalConditionIncident_15To24Years_ConditionToxicShockSyndromExceptStreptococcal"
"[]","[]","[P1Y]","[CDC_NNDSS_Diseases_AnnualTables]","2016","1","Count_MedicalConditionIncident_ConditionLymeDisease_ProbableCase_USResident"
"[]","[]","[P1Y]","[CDC_NNDSS_Diseases_AnnualTables]","2016","1","Count_MedicalConditionIncident_ConditionAcuteCondition_HepatitisA_Black_AfricanAmericanAlone"
"[]","[]","[P1Y]","[CDC_NNDSS_Diseases_AnnualTables]","2016","1","Count_MedicalConditionIncident_ConditionMeningococcalMeningitis_OtherRace_UnknownSerogroups"
"[]","[]","[P1Y]","[CDC_NNDSS_Diseases_AnnualTables]","2016","1","Count_MedicalConditionIncident_5To14Years_ConditionNonCongenitalDisease_ZikaVirusInfection"
"[]","[]","[P1Y]","[CDC_NNDSS_Diseases_AnnualTables]","2016","1","Count_MedicalConditionIncident_Female_ConditionTrichinellosis"
"[]","[]","[P1Y]","[CDC_NNDSS_Diseases_AnnualTables]","2020","1","Count_MedicalConditionIncident_ConditionQFever_NonUSResident"
"[]","[]","[P1Y]","[CDC_NNDSS_Diseases_AnnualTables]","2016","1","Count_MedicalConditionIncident_5_LessYears_ConditionInvasiveDisease_HaemophilusInfluenzae_RaceUnknown_NotStated_SerotypeB"
"[]","[]","[P1Y]","[CDC_NNDSS_Diseases_AnnualTables]","2016","1","Count_MedicalConditionIncident_40To64Years_ConditionRubella"
"[]","[]","[P1Y]","[CDC_NNDSS_Diseases_AnnualTables]","2016","1","Count_MedicalConditionIncident_ConditionVibriosisExcludingCholera_ProbableCase_USResident"
"[]","[]","[P1Y]","[CDC_NNDSS_Diseases_AnnualTables]","2016","1","Count_MedicalConditionIncident_1_LessYears_ConditionSmallpox"
"[]","[]","[P1Y]","[CDC_NNDSS_Diseases_AnnualTables]","2016","1","Count_MedicalConditionIncident_ConditionNeuroinvasiveDisease_JamestownCanyonVirusDisease_Black_AfricanAmericanAlone"
"[]","[]","[P1Y]","[CDC_NNDSS_Diseases_AnnualTables]","2016","1","Count_MedicalConditionIncident_ConditionStreptococcusPneumonia_Black_AfricanAmericanAlone"
"[]","[]","[P1Y]","[CDC_NNDSS_Diseases_AnnualTables]","2016","1","Count_MedicalConditionIncident_ConditionHIVAIDS_Asian_PacificIslander"
"[]","[]","[P1Y]","[CDC_NNDSS_Diseases_AnnualTables]","2016","1","Count_MedicalConditionIncident_Male_ConditionCryptosporidiosis_ProbableCase"
"[]","[]","[P1Y]","[CDC_NNDSS_Diseases_AnnualTables]","2016","1","Count_MedicalConditionIncident_Hispanic_Latino_ConditionVibriosisExcludingCholera"
"[]","[]","[P1Y]","[CDC_NNDSS_Diseases_AnnualTables]","2016","1","Count_MedicalConditionIncident_ConditionMeningococcalMeningitis_WhiteAlone_OtherSerogroups"
"[]","[]","[P1Y]","[CDC_NNDSS_Diseases_AnnualTables]","2016","1","Count_MedicalConditionIncident_ConditionNonNeuroinvasiveDiseaseOrLaCrosseVirusDisease_WhiteAlone"
"[]","[]","[P1Y]","[CDC_NNDSS_Diseases_AnnualTables]","2016","1","Count_MedicalConditionIncident_Hispanic_Latino_ConditionVibriosisExcludingCholera_ProbableCase"
"[]","[]","[P1Y]","[CDC_NNDSS_Diseases_AnnualTables]","2016","1","Count_MedicalConditionIncident_Male_ConditionTularemia"
"[]","[]","[P1Y]","[CDC_NNDSS_Diseases_AnnualTables]","2016","65","Count_MedicalConditionIncident_ConditionLassaHemorrhagicFever"
"[]","[]","[P1Y]","[CDC_NNDSS_Diseases_AnnualTables]","2016","1","Count_MedicalConditionIncident_AgeNotStated_ConditionMeningococcalMeningitis_UnknownSerogroups"
"[]","[]","[P1Y]","[CDC_NNDSS_Diseases_AnnualTables]","2016","1","Count_MedicalConditionIncident_ConditionToxicShockSyndromExceptStreptococcal_OtherRace"
"[]","[]","[P1Y]","[CDC_NNDSS_Diseases_AnnualTables]","2016","1","Count_MedicalConditionIncident_Years1To4_ConditionNonNeuroinvasiveDiseaseOrLaCrosseVirusDisease"
"[]","[]","[P1Y]","[CDC_NNDSS_Diseases_AnnualTables]","2016","1","Count_MedicalConditionIncident_5To14Years_ConditionInfluenza_PediatricMortality"
"[]","[]","[P1Y]","[CDC_NNDSS_Diseases_AnnualTables]","2016","1","Count_MedicalConditionIncident_5_LessYears_ConditionInvasiveDisease_HaemophilusInfluenzae_Asian_PacificIslander_UnknownSerotype"
"[]","[]","[P1Y]","[CDC_NNDSS_Diseases_AnnualTables]","2016","1","Count_MedicalConditionIncident_GenderUnknown_NotStated_ConditionInvasiveDisease_HaemophilusInfluenzae"
"[]","[]","[P1Y]","[CDC_NNDSS_Diseases_AnnualTables]","2016","1","Count_MedicalConditionIncident_ConditionInfluenza_PediatricMortality_USResident"
"[]","[]","[P1Y]","[CDC_NNDSS_Diseases_AnnualTables]","2016","1","Count_MedicalConditionIncident_40To64Years_ConditionVibriosisExcludingCholera"
"[]","[]","[P1Y]","[CDC_NNDSS_Diseases_AnnualTables]","2016","1","Count_MedicalConditionIncident_AgeNotStated_ConditionAcuteCondition_QFever"
"[]","[]","[P1Y]","[CDC_NNDSS_Diseases_AnnualTables]","2016","1","Count_MedicalConditionIncident_5To14Years_ConditionSevereDengue"
"[]","[]","[P1Y]","[CDC_NNDSS_Diseases_AnnualTables]","2016","62","Count_MedicalConditionIncident_ConditionVibriosisExcludingCholera_ProbableCase"
"[]","[]","[P1Y]","[CDC_NNDSS_Diseases_AnnualTables]","2016","65","Count_MedicalConditionIncident_ConditionCoccidioidomycosis_ProbableCase"
"[]","[]","[P1Y]","[CDC_NNDSS_Diseases_AnnualTables]","2016","1","Count_MedicalConditionIncident_GenderUnknown_NotStated_ConditionTuberculosis"
"[]","[]","[P1Y]","[CDC_NNDSS_Diseases_AnnualTables]","2016","1","Count_MedicalConditionIncident_ConditionMeningococcalMeningitis_Black_AfricanAmericanAlone_UnknownSerogroups"
"[]","[]","[P1Y]","[CDC_NNDSS_Diseases_AnnualTables]","2016","1","Count_MedicalConditionIncident_1To4Years_ConditionMeningococcalMeningitis_OtherSerogroups"
"[]","[]","[P1Y]","[CDC_NNDSS_Diseases_AnnualTables]","2016","1","Count_MedicalConditionIncident_ConditionAcuteCondition_HepatitisA_OtherRace"
"[]","[]","[P1Y]","[CDC_NNDSS_Diseases_AnnualTables]","2016","1","Count_MedicalConditionIncident_GenderUnknown_NotStated_ConditionVancomycinIntermediateStaphylococcusAureus"
"[]","[]","[P1Y]","[CDC_NNDSS_Diseases_AnnualTables]","2016","1","Count_MedicalConditionIncident_ConditionRubella_CongenitalDisease_USResident"
"[]","[]","[P1Y]","[CDC_NNDSS_Diseases_AnnualTables]","2016","1","Count_MedicalConditionIncident_40To64Years_ConditionHumanGranulocyticAnaplasmosis"
"[]","[]","[P1Y]","[CDC_NNDSS_Diseases_AnnualTables]","2016","1","Count_MedicalConditionIncident_NotHispanic_Latino_ConditionMumps"
"[]","[]","[P1Y]","[CDC_NNDSS_Diseases_AnnualTables]","2016","1","Count_MedicalConditionIncident_ConditionJuninHemorrhagicFever_Black_AfricanAmericanAlone"
"[]","[]","[P1Y]","[CDC_NNDSS_Diseases_AnnualTables]","2016","1","Count_MedicalConditionIncident_NotHispanicOrLatino_ConditionNonNeuroinvasiveDiseaseOrJamestownCanyonVirusDisease"
"[]","[]","[P1Y]","[CDC_NNDSS_Diseases_AnnualTables]","2016","1","Count_MedicalConditionIncident_NotHispanic_Latino_ConditionPertussis"
"[]","[]","[P1Y]","[CDC_NNDSS_Diseases_AnnualTables]","2016","1","Count_MedicalConditionIncident_ConditionNeuroinvasiveDiseaseOrStLouisEncephalitis_AmericanIndianAndAlaskaNativeAlone"
"[]","[]","[P1Y]","[CDC_NNDSS_Diseases_AnnualTables]","2016","1","Count_MedicalConditionIncident_Male_ConditionCampylobacteriosis"
"[]","[]","[P1Y]","[CDC_NNDSS_Diseases_AnnualTables]","2016","65","Count_MedicalConditionIncident_ConditionHepatitisC_AcuteCondition_ProbableCase"
"[]","[]","[P1Y]","[CDC_NNDSS_Diseases_AnnualTables]","2016","1","Count_MedicalConditionIncident_ConditionStreptococcusPneumonia_ConfirmedCase_AmericanIndianAndAlaskaNativeAlone"
"[]","[]","[P1Y]","[CDC_NNDSS_Diseases_AnnualTables]","2016","1","Count_MedicalConditionIncident_AgeNotStated_ConditionTetanus"
"[]","[]","[P1Y]","[CDC_NNDSS_Diseases_AnnualTables]","2016","1","Count_MedicalConditionIncident_1_LessYears_ConditionCholera"
"[]","[]","[P1Y]","[CDC_NNDSS_Diseases_AnnualTables]","2016","1","Count_MedicalConditionIncident_1_LessYears_ConditionNovelInfluenzaAViralInfection"
"[]","[]","[P1Y]","[CDC_NNDSS_Diseases_AnnualTables]","2016","1","Count_MedicalConditionIncident_EthnicityUnknown_NotStated_ConditionNonparalyticPoliomyelitis"
"[]","[]","[P1Y]","[CDC_NNDSS_Diseases_AnnualTables]","2016","1","Count_MedicalConditionIncident_NotHispanic_Latino_ConditionParatyphoid"
"[]","[]","[P1Y]","[CDC_NNDSS_Diseases_AnnualTables]","2016","1","Count_MedicalConditionIncident_AgeNotStated_ConditionNeuroinvasiveDiseaseOrEasternEquineEncephalitis"
"[]","[]","[P1Y]","[CDC_NNDSS_Diseases_AnnualTables]","2020","1","Count_MedicalConditionIncident_ConditionHemolyticUremicSyndrome_PostDiarrheal_NonUSResident"
"[]","[]","[P1Y]","[CDC_NNDSS_Diseases_AnnualTables]","2016","1","Count_MedicalConditionIncident_GenderUnknown_NotStated_ConditionBabesiosis"
"[]","[]","[P1Y]","[CDC_NNDSS_Diseases_AnnualTables]","2016","1","Count_MedicalConditionIncident_ConditionRubella_USResident"
"[]","[]","[P1Y]","[CDC_NNDSS_Diseases_AnnualTables]","2016","1","Count_MedicalConditionIncident_AgeNotStated_ConditionCoccidioidomycosis_ConfirmedCase"
"[]","[]","[P1Y]","[CDC_NNDSS_Diseases_AnnualTables]","2016","1","Count_MedicalConditionIncident_ConditionJuninHemorrhagicFever_RaceUnknown_NotStated"
"[]","[]","[P1Y]","[CDC_NNDSS_Diseases_AnnualTables]","2016","1","Count_MedicalConditionIncident_Male_ConditionTyphoidFever"
"[]","[]","[P1Y]","[CDC_NNDSS_Diseases_AnnualTables]","2016","59","Count_MedicalConditionIncident_5_LessYears_ConditionStreptococcusPneumonia_ConfirmedCase"
"[]","[]","[P1Y]","[CDC_NNDSS_Diseases_AnnualTables]","2016","1","Count_MedicalConditionIncident_1To4Years_ConditionChickenpox_PatientDeceased"
"[]","[]","[P1Y]","[CDC_NNDSS_Diseases_AnnualTables]","2016","1","Count_MedicalConditionIncident_Female_ConditionBabesiosis_ConfirmedCase"
"[]","[]","[P1Y]","[CDC_NNDSS_Diseases_AnnualTables]","2016","1","Count_MedicalConditionIncident_5_LessYears_NotHispanic_Latino_ConditionStreptococcusPneumonia"
"[]","[]","[P1Y]","[CDC_NNDSS_Diseases_AnnualTables]","2016","1","Count_MedicalConditionIncident_ConditionHaemophilusMeningitis_RaceUnknown_NotStated"
"[]","[]","[P1Y]","[CDC_NNDSS_Diseases_AnnualTables]","2016","1","Count_MedicalConditionIncident_ConditionNonNeuroinvasiveDisease_WestNileVirusDisease_WhiteAlone"
"[]","[]","[P1Y]","[CDC_NNDSS_Diseases_AnnualTables]","2016","1","Count_MedicalConditionIncident_65_MoreYears_ConditionNonCongenitalDisease_ZikaVirusInfection"
"[]","[]","[P1Y]","[CDC_NNDSS_Diseases_AnnualTables]","2016","1","Count_MedicalConditionIncident_Male_ConditionNonNeuroinvasiveDisease_StLouisEncephalitis"
"[]","[]","[P1Y]","[CDC_NNDSS_Diseases_AnnualTables]","2016","1","Count_MedicalConditionIncident_65_MoreYears_ConditionCongenitalDisease_Rubella"
"[]","[]","[P1Y]","[CDC_NNDSS_Diseases_AnnualTables]","2016","1","Count_MedicalConditionIncident_Years65Onwards_ConditionHaemophilusInfluenzaeOrInvasiveDisease_SerotypeB"
"[]","[]","[P1Y]","[CDC_NNDSS_Diseases_AnnualTables]","2016","1","Count_MedicalConditionIncident_ConditionVibriosisExcludingCholera_ProbableCase_Asian_PacificIslander"
"[]","[]","[P1Y]","[CDC_NNDSS_Diseases_AnnualTables]","2016","1","Count_MedicalConditionIncident_1To4Years_ConditionMumps"
"[]","[]","[P1Y]","[CDC_NNDSS_Diseases_AnnualTables]","2016","1","Count_MedicalConditionIncident_25To39Years_ConditionFoodborneBotulism"
"[]","[]","[P1Y]","[CDC_NNDSS_Diseases_AnnualTables]","2016","1","Count_MedicalConditionIncident_25To39Years_ConditionHantavirusPulmonarySyndrome"
"[]","[]","[P1Y]","[CDC_NNDSS_Diseases_AnnualTables]","2016","1","Count_MedicalConditionIncident_ConditionVibriosisExcludingCholera_ProbableCase_OtherRace"
"[]","[]","[P1Y]","[CDC_NNDSS_Diseases_AnnualTables]","2016","1","Count_MedicalConditionIncident_ConditionBotulism_RaceUnknown_NotStated"
"[]","[]","[P1Y]","[CDC_NNDSS_Diseases_AnnualTables]","2016","1","Count_MedicalConditionIncident_ConditionZikaVirusDiseaseOrCongenitalDisease_AmericanIndianAndAlaskaNativeAlone"
"[]","[]","[P1Y]","[CDC_NNDSS_Diseases_AnnualTables]","2016","1","Count_MedicalConditionIncident_AgeNotStated_ConditionToxicShockSyndromExceptStreptococcal"
"[]","[]","[P1Y]","[CDC_NNDSS_Diseases_AnnualTables]","2016","1","Count_MedicalConditionIncident_40To64Years_ConditionMeningococcalMeningitis_UnknownSerogroups"
"[]","[]","[P1Y]","[CDC_NNDSS_Diseases_AnnualTables]","2016","1","Count_MedicalConditionIncident_ConditionStreptococcusPneumonia_WhiteAlone"
"[]","[]","[P1Y]","[CDC_NNDSS_Diseases_AnnualTables]","2016","1","Count_MedicalConditionIncident_NotHispanic_Latino_ConditionNonCongenitalDisease_ZikaVirusDisease"
"[]","[]","[P1Y]","[CDC_NNDSS_Diseases_AnnualTables]","2016","1","Count_MedicalConditionIncident_AgeNotStated_ConditionChickenpox_PatientDeceased"
"[]","[]","[P1Y]","[CDC_NNDSS_Diseases_AnnualTables]","2016","1","Count_MedicalConditionIncident_1To4Years_ConditionBabesiosis_ProbableCase"
"[]","[]","[P1Y]","[CDC_NNDSS_Diseases_AnnualTables]","2016","1","Count_MedicalConditionIncident_5To14Years_ConditionNeuroinvasiveDisease_JamestownCanyonVirusDisease"
"[]","[]","[P1Y]","[CDC_NNDSS_Diseases_AnnualTables]","2016","1","Count_MedicalConditionIncident_EthnicityUnknown_NotStated_ConditionNonCongenitalDisease_ZikaVirusInfection"
"[]","[]","[P1Y]","[CDC_NNDSS_Diseases_AnnualTables]","2016","1","Count_MedicalConditionIncident_GenderUnknownOrNotStated_ConditionNeuroinvasiveDiseaseOrEasternEquineEncephalitis"
"[]","[]","[P1Y]","[CDC_NNDSS_Diseases_AnnualTables]","2016","1","Count_MedicalConditionIncident_15To24Years_ConditionNonparalyticPoliomyelitis"
"[]","[]","[P1Y]","[CDC_NNDSS_Diseases_AnnualTables]","2016","1","Count_MedicalConditionIncident_Hispanic_Latino_ConditionSevereDengue"
"[]","[]","[P1Y]","[CDC_NNDSS_Diseases_AnnualTables]","2016","1","Count_MedicalConditionIncident_Years65Onwards_ConditionHaemophilusInfluenzaeOrInvasiveDisease_NonSerotypeB"
"[]","[]","[P1Y]","[CDC_NNDSS_Diseases_AnnualTables]","2016","1","Count_MedicalConditionIncident_Hispanic_Latino_ConditionGiardiasis"
"[]","[]","[P1Y]","[CDC_NNDSS_Diseases_AnnualTables]","2016","1","Count_MedicalConditionIncident_ConditionVancomycinResistantStaphylococcusAureus_RaceUnknown_NotStated"
"[]","[]","[P1Y]","[CDC_NNDSS_Diseases_AnnualTables]","2016","1","Count_MedicalConditionIncident_ConditionAcuteCondition_QFever_Asian_PacificIslander"
"[]","[]","[P1Y]","[CDC_NNDSS_Diseases_AnnualTables]","2016","1","Count_MedicalConditionIncident_ConditionFoodborneBotulism_USResident"
"[]","[]","[P1Y]","[CDC_NNDSS_Diseases_AnnualTables]","2016","56","Count_MedicalConditionIncident_ConditionStreptococcusPneumonia"
"[]","[]","[P1Y]","[CDC_NNDSS_Diseases_AnnualTables]","2016","1","Count_MedicalConditionIncident_AgeNotStated_ConditionVancomycinIntermediateStaphylococcusAureus"
"[]","[]","[P1Y]","[CDC_NNDSS_Diseases_AnnualTables]","2016","1","Count_MedicalConditionIncident_ConditionDengueDisease_USResident"
"[]","[]","[P1Y]","[CDC_NNDSS_Diseases_AnnualTables]","2016","1","Count_MedicalConditionIncident_15To24Years_ConditionTrichinellosis"
"[]","[]","[P1Y]","[CDC_NNDSS_Diseases_AnnualTables]","2016","1","Count_MedicalConditionIncident_ConditionEhrlichiaEwingiiInfection_RaceUnknown_NotStated"
"[]","[]","[P1Y]","[CDC_NNDSS_Diseases_AnnualTables]","2016","1","Count_MedicalConditionIncident_1_LessYears_ConditionSpottedFeverRickettsiosis_ConfirmedCase"
"[]","[]","[P1Y]","[CDC_NNDSS_Diseases_AnnualTables]","2020","1","Count_MedicalConditionIncident_ConditionStreptococcalToxicShockSyndrome_NonUSResident"
"[]","[]","[P1Y]","[CDC_NNDSS_Diseases_AnnualTables]","2016","1","Count_MedicalConditionIncident_ConditionListeriosis_ProbableCase_RaceUnknown_NotStated"
"[]","[]","[P1Y]","[CDC_NNDSS_Diseases_AnnualTables]","2016","1","Count_MedicalConditionIncident_ConditionNonNeuroinvasiveDiseaseOrStLouisEncephalitis_AsianOrPacificIslander"
"[]","[]","[P1Y]","[CDC_NNDSS_Diseases_AnnualTables]","2016","1","Count_MedicalConditionIncident_25To39Years_ConditionStreptococcalToxicShockSyndrome"
"[]","[]","[P1Y]","[CDC_NNDSS_Diseases_AnnualTables]","2016","1","Count_MedicalConditionIncident_ConditionTuberculosis_Asian_PacificIslander"
"[]","[]","[P1Y]","[CDC_NNDSS_Diseases_AnnualTables]","2016","1","Count_MedicalConditionIncident_EthnicityUnknown_NotStated_ConditionFoodborneBotulism"
"[]","[]","[P1Y]","[CDC_NNDSS_Diseases_AnnualTables]","2016","65","Count_MedicalConditionIncident_ConditionMeningococcalMeningitis_OtherSerogroups"
"[]","[]","[P1Y]","[CDC_NNDSS_Diseases_AnnualTables]","2016","1","Count_MedicalConditionIncident_15To24Years_ConditionLassaHemorrhagicFever"
"[]","[]","[P1Y]","[CDC_NNDSS_Diseases_AnnualTables]","2016","1","Count_MedicalConditionIncident_NotHispanic_Latino_ConditionSmallpox"
"[]","[]","[P1Y]","[CDC_NNDSS_Diseases_AnnualTables]","2016","1","Count_MedicalConditionIncident_AgeNotStated_ConditionGonorrhea"
"[]","[]","[P1Y]","[CDC_NNDSS_Diseases_AnnualTables]","2016","1","Count_MedicalConditionIncident_NotHispanicOrLatino_ConditionNeuroinvasiveDiseaseOrStLouisEncephalitis"
"[]","[]","[P1Y]","[CDC_NNDSS_Diseases_AnnualTables]","2016","1","Count_MedicalConditionIncident_65_MoreYears_ConditionJuninHemorrhagicFever"
"[]","[]","[P1Y]","[CDC_NNDSS_Diseases_AnnualTables]","2016","1","Count_MedicalConditionIncident_Female_ConditionNonCongenitalDisease_ZikaVirusDisease"
"[]","[]","[P1Y]","[CDC_NNDSS_Diseases_AnnualTables]","2016","1","Count_MedicalConditionIncident_ConditionNeuroinvasiveDisease_LaCrosseVirusDisease_OtherRace"
"[]","[]","[P1Y]","[CDC_NNDSS_Diseases_AnnualTables]","2016","1","Count_MedicalConditionIncident_5To14Years_ConditionMeningococcalMeningitis_SerogroupB"
"[]","[]","[P1Y]","[CDC_NNDSS_Diseases_AnnualTables]","2016","1","Count_MedicalConditionIncident_1To4Years_ConditionCongenitalSyphilis"
"[]","[]","[P1Y]","[CDC_NNDSS_Diseases_AnnualTables]","2016","65","Count_MedicalConditionIncident_ConditionCampylobacteriosis"
"[]","[]","[P1Y]","[CDC_NNDSS_Diseases_AnnualTables]","2016","1","Count_MedicalConditionIncident_1_LessYears_ConditionTyphoidFever"
"[]","[]","[P1Y]","[CDC_NNDSS_Diseases_AnnualTables]","2020","1","Count_MedicalConditionIncident_ConditionInfantBotulism_NonUSResident"
"[]","[]","[P1Y]","[CDC_NNDSS_Diseases_AnnualTables]","2016","1","Count_MedicalConditionIncident_ConditionMeasles_RaceUnknown_NotStated"
"[]","[]","[P1Y]","[CDC_NNDSS_Diseases_AnnualTables]","2016","1","Count_MedicalConditionIncident_Male_ConditionSpottedFeverRickettsiosis_ProbableCase"
"[]","[]","[P1Y]","[CDC_NNDSS_Diseases_AnnualTables]","2016","1","Count_MedicalConditionIncident_ConditionVibriosisExcludingCholera_ConfirmedCase_OtherRace"
"[]","[]","[P1Y]","[CDC_NNDSS_Diseases_AnnualTables]","2016","1","Count_MedicalConditionIncident_ConditionParatyphoid_OtherRace"
"[]","[]","[P1Y]","[CDC_NNDSS_Diseases_AnnualTables]","2016","1","Count_MedicalConditionIncident_5_LessYears_Male_ConditionInvasiveDisease_HaemophilusInfluenzae_SerotypeB"
"[]","[]","[P1Y]","[CDC_NNDSS_Diseases_AnnualTables]","2016","1","Count_MedicalConditionIncident_ConditionParatyphoid_Asian_PacificIslander"
"[]","[]","[P1Y]","[CDC_NNDSS_Diseases_AnnualTables]","2016","1","Count_MedicalConditionIncident_ConditionHumanGranulocyticAnaplasmosis_RaceUnknown_NotStated"
"[]","[]","[P1Y]","[CDC_NNDSS_Diseases_AnnualTables]","2020","1","Count_MedicalConditionIncident_ConditionSalmonellosisExceptTyphiAndParatyphi_NonUSResident"
"[]","[]","[P1Y]","[CDC_NNDSS_Diseases_AnnualTables]","2016","1","Count_MedicalConditionIncident_Years25To39_ConditionChickenpox_PatientDeceased"
"[]","[]","[P1Y]","[CDC_NNDSS_Diseases_AnnualTables]","2016","1","Count_MedicalConditionIncident_Female_ConditionParalyticPoliomyelitis"
"[]","[]","[P1Y]","[CDC_NNDSS_Diseases_AnnualTables]","2016","1","Count_MedicalConditionIncident_ConditionChlamydia_USResident"
"[]","[]","[P1Y]","[CDC_NNDSS_Diseases_AnnualTables]","2016","1","Count_MedicalConditionIncident_ConditionMalaria_WhiteAlone"
"[]","[]","[P1Y]","[CDC_NNDSS_Diseases_AnnualTables]","2016","1","Count_MedicalConditionIncident_EthnicityUnknown_NotStated_ConditionNonNeuroinvasiveDisease_WestNileVirusDisease"
"[]","[]","[P1Y]","[CDC_NNDSS_Diseases_AnnualTables]","2016","1","Count_MedicalConditionIncident_1To4Years_ConditionHumanMonocyticEhrlichiosis"
"[]","[]","[P1Y]","[CDC_NNDSS_Diseases_AnnualTables]","2016","1","Count_MedicalConditionIncident_NotHispanic_Latino_ConditionCoccidioidomycosis"
"[]","[]","[P1Y]","[CDC_NNDSS_Diseases_AnnualTables]","2016","1","Count_MedicalConditionIncident_40To64Years_ConditionMeningococcalMeningitis_ACWYSerogroup"
"[]","[]","[P1Y]","[CDC_NNDSS_Diseases_AnnualTables]","2016","1","Count_MedicalConditionIncident_GenderUnknownOrNotStated_ConditionNeuroinvasiveDiseaseOrStLouisEncephalitis"
"[]","[]","[P1Y]","[CDC_NNDSS_Diseases_AnnualTables]","2016","1","Count_MedicalConditionIncident_ConditionCongenitalDisease_Rubella_Asian_PacificIslander"
"[]","[]","[P1Y]","[CDC_NNDSS_Diseases_AnnualTables]","2016","1","Count_MedicalConditionIncident_ConditionCampylobacteriosis_AmericanIndianAndAlaskaNativeAlone"
"[]","[]","[P1Y]","[CDC_NNDSS_Diseases_AnnualTables]","2016","1","Count_MedicalConditionIncident_65_MoreYears_ConditionLeptospirosis"
"[]","[]","[P1Y]","[CDC_NNDSS_Diseases_AnnualTables]","2020","1","Count_MedicalConditionIncident_ConditionSpottedFeverRickettsiosis_ProbableCase_NonUSResident"
"[]","[]","[P1Y]","[CDC_NNDSS_Diseases_AnnualTables]","2016","65","Count_MedicalConditionIncident_ConditionNonNeuroinvasiveDiseaseOrLaCrosseVirusDisease"
"[]","[]","[P1Y]","[CDC_NNDSS_Diseases_AnnualTables]","2016","1","Count_MedicalConditionIncident_ConditionSpottedFeverRickettsiosis_ProbableCase_WhiteAlone"
"[]","[]","[P1Y]","[CDC_NNDSS_Diseases_AnnualTables]","2016","1","Count_MedicalConditionIncident_EthnicityUnknownOrNotStated_ConditionCholera"
"[]","[]","[P1Y]","[CDC_NNDSS_Diseases_AnnualTables]","2016","1","Count_MedicalConditionIncident_1_LessYears_ConditionCryptosporidiosis_ProbableCase"
"[]","[]","[P1Y]","[CDC_NNDSS_Diseases_AnnualTables]","2016","1","Count_MedicalConditionIncident_Male_ConditionChickenpox_PatientDeceased"
"[]","[]","[P1Y]","[CDC_NNDSS_Diseases_AnnualTables]","2016","1","Count_MedicalConditionIncident_Years65Onwards_ConditionCoccidioidomycosis_ProbableCase"
"[]","[]","[P1Y]","[CDC_NNDSS_Diseases_AnnualTables]","2016","1","Count_MedicalConditionIncident_ConditionGonorrhea_AmericanIndianAndAlaskaNativeAlone"
"[]","[]","[P1Y]","[CDC_NNDSS_Diseases_AnnualTables]","2016","1","Count_MedicalConditionIncident_5To14Years_ConditionSalmonellosisExceptTyphiAndParatyphi"
"[]","[]","[P1Y]","[CDC_NNDSS_Diseases_AnnualTables]","2016","1","Count_MedicalConditionIncident_ConditionStreptococcusPneumonia_ConfirmedCase_RaceUnknown_NotStated"
"[]","[]","[P1Y]","[CDC_NNDSS_Diseases_AnnualTables]","2016","1","Count_MedicalConditionIncident_15To24Years_ConditionNeuroinvasiveDisease_EasternEquineEncephalitis"
"[]","[]","[P1Y]","[CDC_NNDSS_Diseases_AnnualTables]","2016","1","Count_MedicalConditionIncident_ConditionCryptosporidiosis_ProbableCase_USResident"
"[]","[]","[P1Y]","[CDC_NNDSS_Diseases_AnnualTables]","2016","1","Count_MedicalConditionIncident_ConditionHIVAIDS_WhiteAlone"
"[]","[]","[P1Y]","[CDC_NNDSS_Diseases_AnnualTables]","2016","1","Count_MedicalConditionIncident_25To39Years_ConditionHumanMonocyticEhrlichiosis"
"[]","[]","[P1Y]","[CDC_NNDSS_Diseases_AnnualTables]","2016","1","Count_MedicalConditionIncident_GenderUnknown_NotStated_ConditionDengueLikeIllness"
"[]","[]","[P1Y]","[CDC_NNDSS_Diseases_AnnualTables]","2016","1","Count_MedicalConditionIncident_Hispanic_Latino_ConditionLymeDisease"
"[]","[]","[P1Y]","[CDC_NNDSS_Diseases_AnnualTables]","2016","1","Count_MedicalConditionIncident_65_MoreYears_ConditionCarbapenemResistantEnterobacteriaceae"
"[]","[]","[P1Y]","[CDC_NNDSS_Diseases_AnnualTables]","2016","1","Count_MedicalConditionIncident_ConditionSpottedFeverRickettsiosis_OtherRace"
"[]","[]","[P1Y]","[CDC_NNDSS_Diseases_AnnualTables]","2016","60","Count_MedicalConditionIncident_ConditionSpottedFeverRickettsiosis_ProbableCase"
"[]","[]","[P1Y]","[CDC_NNDSS_Diseases_AnnualTables]","2016","1","Count_MedicalConditionIncident_25To39Years_ConditionNeuroinvasiveDisease_StLouisEncephalitis"
"[]","[]","[P1Y]","[CDC_NNDSS_Diseases_AnnualTables]","2016","1","Count_MedicalConditionIncident_GenderUnknown_NotStated_ConditionVancomycinResistantStaphylococcusAureus"
"[]","[]","[P1Y]","[CDC_NNDSS_Diseases_AnnualTables]","2016","1","Count_MedicalConditionIncident_EthnicityUnknown_NotStated_ConditionLeprosy"
"[]","[]","[P1Y]","[CDC_NNDSS_Diseases_AnnualTables]","2016","1","Count_MedicalConditionIncident_HispanicOrLatino_ConditionNonNeuroinvasiveDiseaseOrLaCrosseVirusDisease"
"[]","[]","[P1Y]","[CDC_NNDSS_Diseases_AnnualTables]","2020","1","Count_MedicalConditionIncident_ConditionHaemophilusInfluenzae_InvasiveDisease_NonUSResident"
"[]","[]","[P1Y]","[CDC_NNDSS_Diseases_AnnualTables]","2016","1","Count_MedicalConditionIncident_Female_ConditionBabesiosis"
"[]","[]","[P1Y]","[CDC_NNDSS_Diseases_AnnualTables]","2016","1","Count_MedicalConditionIncident_EthnicityUnknown_NotStated_ConditionBrucellosis"
"[]","[]","[P1Y]","[CDC_NNDSS_Diseases_AnnualTables]","2016","1","Count_MedicalConditionIncident_5To14Years_ConditionSpottedFeverRickettsiosis_ProbableCase"
"[]","[]","[P1Y]","[CDC_NNDSS_Diseases_AnnualTables]","2016","1","Count_MedicalConditionIncident_ConditionSalmonellosisExceptTyphiAndParatyphi_WhiteAlone"
"[]","[]","[P1Y]","[CDC_NNDSS_Diseases_AnnualTables]","2016","1","Count_MedicalConditionIncident_1To4Years_ConditionHaemophilusMeningitis"
"[]","[]","[P1Y]","[CDC_NNDSS_Diseases_AnnualTables]","2016","1","Count_MedicalConditionIncident_Male_ConditionCryptosporidiosis_ConfirmedCase"
"[]","[]","[P1Y]","[CDC_NNDSS_Diseases_AnnualTables]","2016","1","Count_MedicalConditionIncident_1_LessYears_ConditionRubella"
"[]","[]","[P1Y]","[CDC_NNDSS_Diseases_AnnualTables]","2016","1","Count_MedicalConditionIncident_Male_ConditionVibriosisExcludingCholera_ConfirmedCase"
"[]","[]","[P1Y]","[CDC_NNDSS_Diseases_AnnualTables]","2016","64","Count_MedicalConditionIncident_ConditionListeriosis"
"[]","[]","[P1Y]","[CDC_NNDSS_Diseases_AnnualTables]","2016","1","Count_MedicalConditionIncident_AgeNotStated_ConditionAnthraxDisease"
"[]","[]","[P1Y]","[CDC_NNDSS_Diseases_AnnualTables]","2016","1","Count_MedicalConditionIncident_GenderUnknownOrNotStated_ConditionChikungunya"
"[]","[]","[P1Y]","[CDC_NNDSS_Diseases_AnnualTables]","2016","1","Count_MedicalConditionIncident_ConditionNonNeuroinvasiveDiseaseOrJamestownCanyonVirusDisease_BlackOrAfricanAmericanAlone"
"[]","[]","[P1Y]","[CDC_NNDSS_Diseases_AnnualTables]","2016","1","Count_MedicalConditionIncident_5_LessYears_Male_ConditionInvasiveDisease_HaemophilusInfluenzae_UnknownSerotype"
"[]","[]","[P1Y]","[CDC_NNDSS_Diseases_AnnualTables]","2016","1","Count_MedicalConditionIncident_ConditionFoodborneBotulism_RaceUnknown_NotStated"
"[]","[]","[P1Y]","[CDC_NNDSS_Diseases_AnnualTables]","2020","1","Count_MedicalConditionIncident_ConditionSevereDengue_NonUSResident"
"[]","[]","[P1Y]","[CDC_NNDSS_Diseases_AnnualTables]","2016","1","Count_MedicalConditionIncident_NotHispanic_Latino_ConditionBotulism"
"[]","[]","[P1Y]","[CDC_NNDSS_Diseases_AnnualTables]","2016","1","Count_MedicalConditionIncident_HispanicOrLatino_ConditionNonNeuroinvasiveDiseaseOrPowassanVirusDisease"
"[]","[]","[P1Y]","[CDC_NNDSS_Diseases_AnnualTables]","2016","1","Count_MedicalConditionIncident_Female_ConditionHaemophilusMeningitis"
"[]","[]","[P1Y]","[CDC_NNDSS_Diseases_AnnualTables]","2016","65","Count_MedicalConditionIncident_ConditionTetanus"
"[]","[]","[P1Y]","[CDC_NNDSS_Diseases_AnnualTables]","2016","1","Count_MedicalConditionIncident_ConditionZikaVirusInfectionOrCongenitalDisease_RaceUnknownOrNotStated"
"[]","[]","[P1Y]","[CDC_NNDSS_Diseases_AnnualTables]","2016","1","Count_MedicalConditionIncident_AgeNotStated_ConditionAcuteCondition_HepatitisC_ProbableCase"
"[]","[]","[P1Y]","[CDC_NNDSS_Diseases_AnnualTables]","2016","1","Count_MedicalConditionIncident_NotHispanic_Latino_ConditionMeningococcalMeningitis_OtherSerogroups"
"[]","[]","[P1Y]","[CDC_NNDSS_Diseases_AnnualTables]","2016","1","Count_MedicalConditionIncident_ConditionChickenpox_USResident"
"[]","[]","[P1Y]","[CDC_NNDSS_Diseases_AnnualTables]","2016","1","Count_MedicalConditionIncident_ConditionLymeDisease_ConfirmedCase_WhiteAlone"
"[]","[]","[P1Y]","[CDC_NNDSS_Diseases_AnnualTables]","2016","1","Count_MedicalConditionIncident_AgeNotStated_ConditionQFever"
"[]","[]","[P1Y]","[CDC_NNDSS_Diseases_AnnualTables]","2016","1","Count_MedicalConditionIncident_1To4Years_ConditionListeriosis"
"[]","[]","[P1Y]","[CDC_NNDSS_Diseases_AnnualTables]","2016","1","Count_MedicalConditionIncident_EthnicityUnknown_NotStated_ConditionParalyticPoliomyelitis"
"[]","[]","[P1Y]","[CDC_NNDSS_Diseases_AnnualTables]","2016","1","Count_MedicalConditionIncident_Female_ConditionInfantBotulism"
"[]","[]","[P1Y]","[CDC_NNDSS_Diseases_AnnualTables]","2016","1","Count_MedicalConditionIncident_ConditionCampylobacteriosis_USResident"
"[]","[]","[P1Y]","[CDC_NNDSS_Diseases_AnnualTables]","2016","1","Count_MedicalConditionIncident_ConditionCongenitalDisease_Rubella_AmericanIndianAndAlaskaNativeAlone"
"[]","[]","[P1Y]","[CDC_NNDSS_Diseases_AnnualTables]","2016","1","Count_MedicalConditionIncident_GenderUnknown_NotStated_ConditionLymeDisease_ProbableCase"
"[]","[]","[P1Y]","[CDC_NNDSS_Diseases_AnnualTables]","2016","1","Count_MedicalConditionIncident_ConditionWestNileVirusDisease_NonNeuroinvasiveDisease_USResident"
"[]","[]","[P1Y]","[CDC_NNDSS_Diseases_AnnualTables]","2020","1","Count_MedicalConditionIncident_ConditionCryptosporidiosis_ConfirmedCase_NonUSResident"
"[]","[]","[P1Y]","[CDC_NNDSS_Diseases_AnnualTables]","2016","63","Count_MedicalConditionIncident_ConditionQFever_AcuteCondition"
"[]","[]","[P1Y]","[CDC_NNDSS_Diseases_AnnualTables]","2016","1","Count_MedicalConditionIncident_ConditionBabesiosis_ProbableCase_AmericanIndianAndAlaskaNativeAlone"
"[]","[]","[P1Y]","[CDC_NNDSS_Diseases_AnnualTables]","2016","1","Count_MedicalConditionIncident_ConditionPertussis_AmericanIndianAndAlaskaNativeAlone"
"[]","[]","[P1Y]","[CDC_NNDSS_Diseases_AnnualTables]","2016","1","Count_MedicalConditionIncident_65_MoreYears_ConditionHIVAIDS"
"[]","[]","[P1Y]","[CDC_NNDSS_Diseases_AnnualTables]","2016","1","Count_MedicalConditionIncident_40To64Years_ConditionBotulism"
"[]","[]","[P1Y]","[CDC_NNDSS_Diseases_AnnualTables]","2016","1","Count_MedicalConditionIncident_ConditionNeuroinvasiveDiseaseOrStLouisEncephalitis_WhiteAlone"
"[]","[]","[P1Y]","[CDC_NNDSS_Diseases_AnnualTables]","2016","1","Count_MedicalConditionIncident_65_MoreYears_ConditionListeriosis_ProbableCase"
"[]","[]","[P1Y]","[CDC_NNDSS_Diseases_AnnualTables]","2016","1","Count_MedicalConditionIncident_ConditionPostDiarrheal_HemolyticUremicSyndrome_OtherRace"
"[]","[]","[P1Y]","[CDC_NNDSS_Diseases_AnnualTables]","2016","1","Count_MedicalConditionIncident_65_MoreYears_ConditionStreptococcusPneumonia_ConfirmedCase"
"[]","[]","[P1Y]","[CDC_NNDSS_Diseases_AnnualTables]","2016","1","Count_MedicalConditionIncident_ConditionPerinatalInfection_HepatitisC_OtherRace"
"[]","[]","[P1Y]","[CDC_NNDSS_Diseases_AnnualTables]","2016","1","Count_MedicalConditionIncident_40To64Years_ConditionMeasles_ImportedCase"
"[]","[]","[P1Y]","[CDC_NNDSS_Diseases_AnnualTables]","2016","1","Count_MedicalConditionIncident_AgeNotStated_ConditionMeningococcalMeningitis_SerogroupB"
"[]","[]","[P1Y]","[CDC_NNDSS_Diseases_AnnualTables]","2016","1","Count_MedicalConditionIncident_25To39Years_ConditionGuanaritoHemorrhagicFever"
"[]","[]","[P1Y]","[CDC_NNDSS_Diseases_AnnualTables]","2016","1","Count_MedicalConditionIncident_ConditionNonparalyticPoliomyelitis_Asian_PacificIslander"
"[]","[]","[P1Y]","[CDC_NNDSS_Diseases_AnnualTables]","2016","1","Count_MedicalConditionIncident_40To64Years_ConditionMeasles_IndigenousCase"
"[]","[]","[P1Y]","[CDC_NNDSS_Diseases_AnnualTables]","2016","1","Count_MedicalConditionIncident_ConditionParalyticPoliomyelitis_AmericanIndianAndAlaskaNativeAlone"
"[]","[]","[P1Y]","[CDC_NNDSS_Diseases_AnnualTables]","2016","1","Count_MedicalConditionIncident_GenderUnknown_NotStated_ConditionSpottedFeverRickettsiosis_ProbableCase"
"[]","[]","[P1Y]","[CDC_NNDSS_Diseases_AnnualTables]","2016","1","Count_MedicalConditionIncident_5To14Years_ConditionDengueDisease"
"[]","[]","[P1Y]","[CDC_NNDSS_Diseases_AnnualTables]","2016","1","Count_MedicalConditionIncident_Years1To4_ConditionZikaVirusInfectionOrCongenitalDisease"
"[]","[]","[P1Y]","[CDC_NNDSS_Diseases_AnnualTables]","2016","1","Count_MedicalConditionIncident_GenderUnknown_NotStated_ConditionVibriosisExcludingCholera"
"[]","[]","[P1Y]","[CDC_NNDSS_Diseases_AnnualTables]","2016","1","Count_MedicalConditionIncident_ConditionSyphilisPrimaryAndSecondary_Asian_PacificIslander"
"[]","[]","[P1Y]","[CDC_NNDSS_Diseases_AnnualTables]","2016","1","Count_MedicalConditionIncident_Female_ConditionVibriosisExcludingCholera"
"[]","[]","[P1Y]","[CDC_NNDSS_Diseases_AnnualTables]","2016","1","Count_MedicalConditionIncident_ConditionHaemophilusInfluenzaeOrInvasiveDisease_NonSerotypeB"
"[]","[]","[P1Y]","[CDC_NNDSS_Diseases_AnnualTables]","2016","1","Count_MedicalConditionIncident_Male_ConditionNeuroinvasiveDisease_LaCrosseVirusDisease"
"[]","[]","[P1Y]","[CDC_NNDSS_Diseases_AnnualTables]","2016","1","Count_MedicalConditionIncident_ConditionZikaVirusInfection_NonCongenitalDisease_USResident"
"[]","[]","[P1Y]","[CDC_NNDSS_Diseases_AnnualTables]","2016","1","Count_MedicalConditionIncident_ConditionCoccidioidomycosis_ConfirmedCase_AmericanIndianAndAlaskaNativeAlone"
"[]","[]","[P1Y]","[CDC_NNDSS_Diseases_AnnualTables]","2016","1","Count_MedicalConditionIncident_ConditionQFever_USResident"
"[]","[]","[P1Y]","[CDC_NNDSS_Diseases_AnnualTables]","2016","1","Count_MedicalConditionIncident_5To14Years_ConditionNovelInfluenzaAViralInfection"
"[]","[]","[P1Y]","[CDC_NNDSS_Diseases_AnnualTables]","2016","1","Count_MedicalConditionIncident_Male_ConditionSyphilisPrimaryAndSecondary"
"[]","[]","[P1Y]","[CDC_NNDSS_Diseases_AnnualTables]","2016","1","Count_MedicalConditionIncident_ConditionHepatitisC_AcuteCondition_USResident"
"[]","[]","[P1Y]","[CDC_NNDSS_Diseases_AnnualTables]","2016","1","Count_MedicalConditionIncident_1To4Years_ConditionTularemia"
"[]","[]","[P1Y]","[CDC_NNDSS_Diseases_AnnualTables]","2016","65","Count_MedicalConditionIncident_ConditionInfluenza_PediatricMortality"
"[]","[]","[P1Y]","[CDC_NNDSS_Diseases_AnnualTables]","2016","1","Count_MedicalConditionIncident_GenderUnknown_NotStated_ConditionHumanGranulocyticAnaplasmosis"
"[]","[]","[P1Y]","[CDC_NNDSS_Diseases_AnnualTables]","2016","1","Count_MedicalConditionIncident_15To24Years_ConditionSyphilis"
"[]","[]","[P1Y]","[CDC_NNDSS_Diseases_AnnualTables]","2016","1","Count_MedicalConditionIncident_40To64Years_ConditionHumanMonocyticEhrlichiosis"
"[]","[]","[P1Y]","[CDC_NNDSS_Diseases_AnnualTables]","2016","1","Count_MedicalConditionIncident_25To39Years_ConditionDengueLikeIllness"
"[]","[]","[P1Y]","[CDC_NNDSS_Diseases_AnnualTables]","2016","1","Count_MedicalConditionIncident_NotHispanic_Latino_ConditionStreptococcusPneumonia_ProbableCase"
"[]","[]","[P1Y]","[CDC_NNDSS_Diseases_AnnualTables]","2016","1","Count_MedicalConditionIncident_5To14Years_ConditionStreptococcusPneumonia_ConfirmedCase"
"[]","[]","[P1Y]","[CDC_NNDSS_Diseases_AnnualTables]","2016","1","Count_MedicalConditionIncident_AgeNotStated_ConditionDengueDisease"
"[]","[]","[P1Y]","[CDC_NNDSS_Diseases_AnnualTables]","2016","1","Count_MedicalConditionIncident_Hispanic_Latino_ConditionPlague"
"[]","[]","[P1Y]","[CDC_NNDSS_Diseases_AnnualTables]","2016","1","Count_MedicalConditionIncident_1To4Years_ConditionBabesiosis"
"[]","[]","[P1Y]","[CDC_NNDSS_Diseases_AnnualTables]","2016","1","Count_MedicalConditionIncident_ConditionCoccidioidomycosis_ConfirmedCase_OtherRace"
"[]","[]","[P1Y]","[CDC_NNDSS_Diseases_AnnualTables]","2016","1","Count_MedicalConditionIncident_ConditionInfantBotulism_Asian_PacificIslander"
"[]","[]","[P1Y]","[CDC_NNDSS_Diseases_AnnualTables]","2016","1","Count_MedicalConditionIncident_5_LessYears_NotHispanic_Latino_ConditionInvasiveDisease_HaemophilusInfluenzae_NonSerotypeB"
"[]","[]","[P1Y]","[CDC_NNDSS_Diseases_AnnualTables]","2016","1","Count_MedicalConditionIncident_25To39Years_ConditionSpottedFeverRickettsiosis_ProbableCase"
"[]","[]","[P1Y]","[CDC_NNDSS_Diseases_AnnualTables]","2016","1","Count_MedicalConditionIncident_ConditionYellowFever_AsianOrPacificIslander"
"[]","[]","[P1Y]","[CDC_NNDSS_Diseases_AnnualTables]","2016","1","Count_MedicalConditionIncident_ConditionNonNeuroinvasiveDisease_WestNileVirusDisease_RaceUnknown_NotStated"
"[]","[]","[P1Y]","[CDC_NNDSS_Diseases_AnnualTables]","2016","1","Count_MedicalConditionIncident_Male_ConditionGuanaritoHemorrhagicFever"
"[]","[]","[P1Y]","[CDC_NNDSS_Diseases_AnnualTables]","2016","1","Count_MedicalConditionIncident_ConditionRabiesinhuman_WhiteAlone"
"[]","[]","[P1Y]","[CDC_NNDSS_Diseases_AnnualTables]","2016","1","Count_MedicalConditionIncident_HispanicOrLatino_ConditionDiphtheria"
"[]","[]","[P1Y]","[CDC_NNDSS_Diseases_AnnualTables]","2016","1","Count_MedicalConditionIncident_NotHispanic_Latino_ConditionDengueLikeIllness"
"[]","[]","[P1Y]","[CDC_NNDSS_Diseases_AnnualTables]","2016","1","Count_MedicalConditionIncident_40To64Years_ConditionPertussis"
"[]","[]","[P1Y]","[CDC_NNDSS_Diseases_AnnualTables]","2016","1","Count_MedicalConditionIncident_5_LessYears_ConditionStreptococcusPneumonia_ConfirmedCase_Asian_PacificIslander"
"[]","[]","[P1Y]","[CDC_NNDSS_Diseases_AnnualTables]","2016","1","Count_MedicalConditionIncident_ConditionShigaToxinEColi_Asian_PacificIslander"
"[]","[]","[P1Y]","[CDC_NNDSS_Diseases_AnnualTables]","2016","1","Count_MedicalConditionIncident_Hispanic_Latino_ConditionCongenitalDisease_Rubella"
"[]","[]","[P1Y]","[CDC_NNDSS_Diseases_AnnualTables]","2016","1","Count_MedicalConditionIncident_25To39Years_ConditionMeningococcalMeningitis_ACWYSerogroup"
"[]","[]","[P1Y]","[CDC_NNDSS_Diseases_AnnualTables]","2016","1","Count_MedicalConditionIncident_1To4Years_ConditionInfluenza_PediatricMortality"
"[]","[]","[P1Y]","[CDC_NNDSS_Diseases_AnnualTables]","2016","1","Count_MedicalConditionIncident_ConditionShigellosis_USResident"
"[]","[]","[P1Y]","[CDC_NNDSS_Diseases_AnnualTables]","2016","1","Count_MedicalConditionIncident_Male_ConditionMeasles"
"[]","[]","[P1Y]","[CDC_NNDSS_Diseases_AnnualTables]","2016","1","Count_MedicalConditionIncident_Years65Onwards_ConditionHaemophilusInfluenzaeOrInvasiveDisease_UnknownSerotype"
"[]","[]","[P1Y]","[CDC_NNDSS_Diseases_AnnualTables]","2016","1","Count_MedicalConditionIncident_ConditionMeningococcalMeningitis_Black_AfricanAmericanAlone_SerogroupB"
"[]","[]","[P1Y]","[CDC_NNDSS_Diseases_AnnualTables]","2016","1","Count_MedicalConditionIncident_GenderUnknown_NotStated_ConditionDengueDisease"
"[]","[]","[P1Y]","[CDC_NNDSS_Diseases_AnnualTables]","2016","1","Count_MedicalConditionIncident_ConditionStreptococcusPneumonia_ProbableCase_Asian_PacificIslander"
"[]","[]","[P1Y]","[CDC_NNDSS_Diseases_AnnualTables]","2016","1","Count_MedicalConditionIncident_Male_ConditionSevereDengue"
"[]","[]","[P1Y]","[CDC_NNDSS_Diseases_AnnualTables]","2016","1","Count_MedicalConditionIncident_25To39Years_ConditionNonNeuroinvasiveDisease_WestNileVirusDisease"
"[]","[]","[P1Y]","[CDC_NNDSS_Diseases_AnnualTables]","2016","1","Count_MedicalConditionIncident_ConditionLymeDisease_AmericanIndianAndAlaskaNativeAlone"
"[]","[]","[P1Y]","[CDC_NNDSS_Diseases_AnnualTables]","2016","1","Count_MedicalConditionIncident_AgeNotStated_ConditionCryptosporidiosis_ConfirmedCase"
"[]","[]","[P1Y]","[CDC_NNDSS_Diseases_AnnualTables]","2016","1","Count_MedicalConditionIncident_65_MoreYears_ConditionVibriosisExcludingCholera_ProbableCase"
"[]","[]","[P1Y]","[CDC_NNDSS_Diseases_AnnualTables]","2016","1","Count_MedicalConditionIncident_Male_ConditionCoccidioidomycosis_ConfirmedCase"
"[]","[]","[P1Y]","[CDC_NNDSS_Diseases_AnnualTables]","2016","1","Count_MedicalConditionIncident_25To39Years_ConditionBabesiosis_ProbableCase"
"[]","[]","[P1Y]","[CDC_NNDSS_Diseases_AnnualTables]","2016","1","Count_MedicalConditionIncident_NotHispanic_Latino_ConditionTuberculosis"
"[]","[]","[P1Y]","[CDC_NNDSS_Diseases_AnnualTables]","2016","1","Count_MedicalConditionIncident_AgeNotStated_ConditionMeningococcalMeningitis_OtherSerogroups"
"[]","[]","[P1Y]","[CDC_NNDSS_Diseases_AnnualTables]","2016","1","Count_MedicalConditionIncident_ConditionAcuteCondition_QFever_WhiteAlone"
"[]","[]","[P1Y]","[CDC_NNDSS_Diseases_AnnualTables]","2016","1","Count_MedicalConditionIncident_5To14Years_ConditionBrucellosis"
"[]","[]","[P1Y]","[CDC_NNDSS_Diseases_AnnualTables]","2016","1","Count_MedicalConditionIncident_Years1To4_ConditionNonNeuroinvasiveDiseaseOrStLouisEncephalitis"
"[]","[]","[P1Y]","[CDC_NNDSS_Diseases_AnnualTables]","2016","1","Count_MedicalConditionIncident_EthnicityUnknown_NotStated_ConditionLymeDisease_ProbableCase"
"[]","[]","[P1Y]","[CDC_NNDSS_Diseases_AnnualTables]","2016","1","Count_MedicalConditionIncident_AgeNotStated_ConditionZikaVirusInfectionOrCongenitalDisease"
"[]","[]","[P1Y]","[CDC_NNDSS_Diseases_AnnualTables]","2016","1","Count_MedicalConditionIncident_15To24Years_ConditionMalaria"
"[]","[]","[P1Y]","[CDC_NNDSS_Diseases_AnnualTables]","2016","1","Count_MedicalConditionIncident_AgeNotStated_ConditionAcuteCondition_HepatitisC"
"[]","[]","[P1Y]","[CDC_NNDSS_Diseases_AnnualTables]","2016","1","Count_MedicalConditionIncident_15To24Years_ConditionCryptosporidiosis_ConfirmedCase"
"[]","[]","[P1Y]","[CDC_NNDSS_Diseases_AnnualTables]","2016","1","Count_MedicalConditionIncident_AgeNotStated_ConditionAcuteCondition_HepatitisA"
"[]","[]","[P1Y]","[CDC_NNDSS_Diseases_AnnualTables]","2016","1","Count_MedicalConditionIncident_GenderUnknownOrNotStated_ConditionNonNeuroinvasiveDiseaseOrJamestownCanyonVirusDisease"
"[]","[]","[P1Y]","[CDC_NNDSS_Diseases_AnnualTables]","2016","1","Count_MedicalConditionIncident_AgeNotStated_ConditionAcuteCondition_HepatitisB"
"[]","[]","[P1Y]","[CDC_NNDSS_Diseases_AnnualTables]","2016","1","Count_MedicalConditionIncident_EthnicityUnknown_NotStated_ConditionVancomycinIntermediateStaphylococcusAureus"
"[]","[]","[P1Y]","[CDC_NNDSS_Diseases_AnnualTables]","2016","1","Count_MedicalConditionIncident_ConditionZikaVirusInfectionOrCongenitalDisease_AmericanIndianAndAlaskaNativeAlone"
"[]","[]","[P1Y]","[CDC_NNDSS_Diseases_AnnualTables]","2016","1","Count_MedicalConditionIncident_ConditionListeriosis_ProbableCase_USResident"
"[]","[]","[P1Y]","[CDC_NNDSS_Diseases_AnnualTables]","2016","1","Count_MedicalConditionIncident_1To4Years_ConditionSalmonellosisExceptTyphiAndParatyphi"
"[]","[]","[P1Y]","[CDC_NNDSS_Diseases_AnnualTables]","2016","1","Count_MedicalConditionIncident_ConditionAcuteCondition_HepatitisC_ConfirmedCase_Black_AfricanAmericanAlone"
"[]","[]","[P1Y]","[CDC_NNDSS_Diseases_AnnualTables]","2016","1","Count_MedicalConditionIncident_ConditionDengueLikeIllness_WhiteAlone"
"[]","[]","[P1Y]","[CDC_NNDSS_Diseases_AnnualTables]","2020","1","Count_MedicalConditionIncident_ConditionSpottedFeverRickettsiosis_ConfirmedCase_NonUSResident"
"[]","[]","[P1Y]","[CDC_NNDSS_Diseases_AnnualTables]","2016","1","Count_MedicalConditionIncident_ConditionAcuteCondition_HepatitisC_OtherRace"
"[]","[]","[P1Y]","[CDC_NNDSS_Diseases_AnnualTables]","2016","1","Count_MedicalConditionIncident_ConditionBabesiosis_ProbableCase_Asian_PacificIslander"
"[]","[]","[P1Y]","[CDC_NNDSS_Diseases_AnnualTables]","2016","1","Count_MedicalConditionIncident_GenderUnknown_NotStated_ConditionPostDiarrheal_HemolyticUremicSyndrome"
"[]","[]","[P1Y]","[CDC_NNDSS_Diseases_AnnualTables]","2016","1","Count_MedicalConditionIncident_ConditionNeuroinvasiveDisease_PowassanVirusDisease_OtherRace"
"[]","[]","[P1Y]","[CDC_NNDSS_Diseases_AnnualTables]","2016","1","Count_MedicalConditionIncident_Female_ConditionListeriosis_ConfirmedCase"
"[]","[]","[P1Y]","[CDC_NNDSS_Diseases_AnnualTables]","2016","1","Count_MedicalConditionIncident_ConditionBabesiosis_WhiteAlone"
"[]","[]","[P1Y]","[CDC_NNDSS_Diseases_AnnualTables]","2016","1","Count_MedicalConditionIncident_25To39Years_ConditionMeningococcalMeningitis_OtherSerogroups"
"[]","[]","[P1Y]","[CDC_NNDSS_Diseases_AnnualTables]","2016","1","Count_MedicalConditionIncident_15To24Years_ConditionStreptococcalToxicShockSyndrome"
"[]","[]","[P1Y]","[CDC_NNDSS_Diseases_AnnualTables]","2016","1","Count_MedicalConditionIncident_EthnicityUnknown_NotStated_ConditionShigaToxinEColi"
"[]","[]","[P1Y]","[CDC_NNDSS_Diseases_AnnualTables]","2016","1","Count_MedicalConditionIncident_25To39Years_ConditionNonCongenitalDisease_ZikaVirusDisease"
"[]","[]","[P1Y]","[CDC_NNDSS_Diseases_AnnualTables]","2016","1","Count_MedicalConditionIncident_65_MoreYears_ConditionSpottedFeverRickettsiosis_ConfirmedCase"
"[]","[]","[P1Y]","[CDC_NNDSS_Diseases_AnnualTables]","2016","1","Count_MedicalConditionIncident_15To24Years_ConditionHumanMonocyticEhrlichiosis"
"[]","[]","[P1Y]","[CDC_NNDSS_Diseases_AnnualTables]","2016","1","Count_MedicalConditionIncident_Years65Onwards_ConditionInfantBotulism"
"[]","[]","[P1Y]","[CDC_NNDSS_Diseases_AnnualTables]","2016","1","Count_MedicalConditionIncident_GenderUnknownOrNotStated_ConditionNeuroinvasiveDiseaseOrJamestownCanyonVirusDisease"
"[]","[]","[P1Y]","[CDC_NNDSS_Diseases_AnnualTables]","2016","1","Count_MedicalConditionIncident_ConditionChancroid_BlackOrAfricanAmericanAlone"
"[]","[]","[P1Y]","[CDC_NNDSS_Diseases_AnnualTables]","2016","1","Count_MedicalConditionIncident_ConditionChikungunya_Black_AfricanAmericanAlone"
"[]","[]","[P1Y]","[CDC_NNDSS_Diseases_AnnualTables]","2020","1","Count_MedicalConditionIncident_ConditionHumanGranulocyticAnaplasmosis_NonUSResident"
"[]","[]","[P1Y]","[CDC_NNDSS_Diseases_AnnualTables]","2016","1","Count_MedicalConditionIncident_ConditionShigaToxinEColi_AmericanIndianAndAlaskaNativeAlone"
"[]","[]","[P1Y]","[CDC_NNDSS_Diseases_AnnualTables]","2016","1","Count_MedicalConditionIncident_40To64Years_ConditionMeasles"
"[]","[]","[P1Y]","[CDC_NNDSS_Diseases_AnnualTables]","2016","1","Count_MedicalConditionIncident_AgeNotStated_ConditionParalyticPoliomyelitis"
"[]","[]","[P1Y]","[CDC_NNDSS_Diseases_AnnualTables]","2016","1","Count_MedicalConditionIncident_ConditionTuberculosis_USResident"
"[]","[]","[P1Y]","[CDC_NNDSS_Diseases_AnnualTables]","2016","1","Count_MedicalConditionIncident_EthnicityUnknown_NotStated_ConditionBabesiosis_ConfirmedCase"
"[]","[]","[P1Y]","[CDC_NNDSS_Diseases_AnnualTables]","2016","1","Count_MedicalConditionIncident_Female_ConditionPertussis"
"[]","[]","[P1Y]","[CDC_NNDSS_Diseases_AnnualTables]","2016","1","Count_MedicalConditionIncident_EthnicityUnknown_NotStated_ConditionGuanaritoHemorrhagicFever"
"[]","[]","[P1Y]","[CDC_NNDSS_Diseases_AnnualTables]","2016","1","Count_MedicalConditionIncident_5To14Years_ConditionCholera"
"[]","[]","[P1Y]","[CDC_NNDSS_Diseases_AnnualTables]","2016","1","Count_MedicalConditionIncident_5_LessYears_ConditionInvasiveDisease_HaemophilusInfluenzae_Black_AfricanAmericanAlone_SerotypeB"
"[]","[]","[P1Y]","[CDC_NNDSS_Diseases_AnnualTables]","2016","1","Count_MedicalConditionIncident_EthnicityUnknown_NotStated_ConditionEhrlichiaEwingiiInfection"
"[]","[]","[P1Y]","[CDC_NNDSS_Diseases_AnnualTables]","2016","1","Count_MedicalConditionIncident_ConditionStLouisEncephalitis_NeuroinvasiveDisease_USResident"
"[]","[]","[P1Y]","[CDC_NNDSS_Diseases_AnnualTables]","2016","1","Count_MedicalConditionIncident_GenderUnknown_NotStated_ConditionChickenpox"
"[]","[]","[P1Y]","[CDC_NNDSS_Diseases_AnnualTables]","2016","1","Count_MedicalConditionIncident_65_MoreYears_ConditionParatyphoid"
"[]","[]","[P1Y]","[CDC_NNDSS_Diseases_AnnualTables]","2016","1","Count_MedicalConditionIncident_1_LessYears_ConditionGuanaritoHemorrhagicFever"
"[]","[]","[P1Y]","[CDC_NNDSS_Diseases_AnnualTables]","2016","1","Count_MedicalConditionIncident_ConditionNeuroinvasiveDisease_LaCrosseVirusDisease_AmericanIndianAndAlaskaNativeAlone"
"[]","[]","[P1Y]","[CDC_NNDSS_Diseases_AnnualTables]","2016","65","Count_MedicalConditionIncident_ConditionJuninHemorrhagicFever"
"[]","[]","[P1Y]","[CDC_NNDSS_Diseases_AnnualTables]","2016","1","Count_MedicalConditionIncident_Female_ConditionCyclosporiasis"
"[]","[]","[P1Y]","[CDC_NNDSS_Diseases_AnnualTables]","2016","1","Count_MedicalConditionIncident_EthnicityUnknown_NotStated_ConditionPostDiarrheal_HemolyticUremicSyndrome"
"[]","[]","[P1Y]","[CDC_NNDSS_Diseases_AnnualTables]","2016","1","Count_MedicalConditionIncident_25To39Years_ConditionCryptosporidiosis_ProbableCase"
"[]","[]","[P1Y]","[CDC_NNDSS_Diseases_AnnualTables]","2016","1","Count_MedicalConditionIncident_ConditionMeningococcalMeningitis_USResident_SerogroupB"
"[]","[]","[P1Y]","[CDC_NNDSS_Diseases_AnnualTables]","2016","65","Count_MedicalConditionIncident_ConditionTyphoidFever"
"[]","[]","[P1Y]","[CDC_NNDSS_Diseases_AnnualTables]","2016","1","Count_MedicalConditionIncident_5To14Years_ConditionFoodborneBotulism"
"[]","[]","[P1Y]","[CDC_NNDSS_Diseases_AnnualTables]","2016","1","Count_MedicalConditionIncident_25To39Years_ConditionLeptospirosis"
"[]","[]","[P1Y]","[CDC_NNDSS_Diseases_AnnualTables]","2016","1","Count_MedicalConditionIncident_ConditionNeuroinvasiveDiseaseOrStLouisEncephalitis_OtherRace"
"[]","[]","[P1Y]","[CDC_NNDSS_Diseases_AnnualTables]","2016","1","Count_MedicalConditionIncident_15To24Years_ConditionCongenitalSyphilis"
"[]","[]","[P1Y]","[CDC_NNDSS_Diseases_AnnualTables]","2016","65","Count_MedicalConditionIncident_ConditionDengueDisease"
"[]","[]","[P1Y]","[CDC_NNDSS_Diseases_AnnualTables]","2016","1","Count_MedicalConditionIncident_ConditionStreptococcalToxicShockSyndrome_WhiteAlone"
"[]","[]","[P1Y]","[CDC_NNDSS_Diseases_AnnualTables]","2016","1","Count_MedicalConditionIncident_EthnicityUnknown_NotStated_ConditionBotulism"
"[]","[]","[P1Y]","[CDC_NNDSS_Diseases_AnnualTables]","2016","65","Count_MedicalConditionIncident_ConditionSevereDengue"
"[]","[]","[P1Y]","[CDC_NNDSS_Diseases_AnnualTables]","2016","1","Count_MedicalConditionIncident_ConditionQFever_Black_AfricanAmericanAlone"
"[]","[]","[P1Y]","[CDC_NNDSS_Diseases_AnnualTables]","2016","1","Count_MedicalConditionIncident_Male_ConditionLymeDisease"
"[]","[]","[P1Y]","[CDC_NNDSS_Diseases_AnnualTables]","2016","1","Count_MedicalConditionIncident_Years65Onwards_ConditionZikaVirusDiseaseOrCongenitalDisease"
"[]","[]","[P1Y]","[CDC_NNDSS_Diseases_AnnualTables]","2016","1","Count_MedicalConditionIncident_Years15To24_ConditionHaemophilusInfluenzaeOrInvasiveDisease_OtherSerogroups"
"[]","[]","[P1Y]","[CDC_NNDSS_Diseases_AnnualTables]","2016","1","Count_MedicalConditionIncident_1_LessYears_ConditionSyphilis"
"[]","[]","[P1Y]","[CDC_NNDSS_Diseases_AnnualTables]","2016","65","Count_MedicalConditionIncident_ConditionPlague"
"[]","[]","[P1Y]","[CDC_NNDSS_Diseases_AnnualTables]","2016","1","Count_MedicalConditionIncident_25To39Years_ConditionVibriosisExcludingCholera_ProbableCase"
"[]","[]","[P1Y]","[CDC_NNDSS_Diseases_AnnualTables]","2016","1","Count_MedicalConditionIncident_ConditionBabesiosis_ProbableCase_USResident"
"[]","[]","[P1Y]","[CDC_NNDSS_Diseases_AnnualTables]","2016","1","Count_MedicalConditionIncident_GenderUnknown_NotStated_ConditionJuninHemorrhagicFever"
"[]","[]","[P1Y]","[CDC_NNDSS_Diseases_AnnualTables]","2016","1","Count_MedicalConditionIncident_40To64Years_ConditionLymeDisease_ProbableCase"
"[]","[]","[P1Y]","[CDC_NNDSS_Diseases_AnnualTables]","2016","1","Count_MedicalConditionIncident_AgeNotStated_ConditionHaemophilusInfluenzaeOrInvasiveDisease_OtherSerogroups"
"[]","[]","[P1Y]","[CDC_NNDSS_Diseases_AnnualTables]","2016","1","Count_MedicalConditionIncident_Female_ConditionAcuteCondition_HepatitisC"
"[]","[]","[P1Y]","[CDC_NNDSS_Diseases_AnnualTables]","2016","1","Count_MedicalConditionIncident_Female_ConditionAcuteCondition_HepatitisB"
"[]","[]","[P1Y]","[CDC_NNDSS_Diseases_AnnualTables]","2016","1","Count_MedicalConditionIncident_Years5To14_ConditionHaemophilusInfluenzaeOrInvasiveDisease_NonSerotypeB"
"[]","[]","[P1Y]","[CDC_NNDSS_Diseases_AnnualTables]","2016","1","Count_MedicalConditionIncident_GenderUnknown_NotStated_ConditionTetanus"
"[]","[]","[P1Y]","[CDC_NNDSS_Diseases_AnnualTables]","2016","1","Count_MedicalConditionIncident_Years40To64_ConditionHaemophilusInfluenzaeOrInvasiveDisease_OtherSerogroups"
"[]","[]","[P1Y]","[CDC_NNDSS_Diseases_AnnualTables]","2016","1","Count_MedicalConditionIncident_Female_ConditionAcuteCondition_HepatitisA"
"[]","[]","[P1Y]","[CDC_NNDSS_Diseases_AnnualTables]","2020","1","Count_MedicalConditionIncident_ConditionPsittacosis_NonUSResident"
"[]","[]","[P1Y]","[CDC_NNDSS_Diseases_AnnualTables]","2016","1","Count_MedicalConditionIncident_ConditionPerinatalInfection_HepatitisC_Black_AfricanAmericanAlone"
"[]","[]","[P1Y]","[CDC_NNDSS_Diseases_AnnualTables]","2016","1","Count_MedicalConditionIncident_AgeNotStated_ConditionDengueLikeIllness"
"[]","[]","[P1Y]","[CDC_NNDSS_Diseases_AnnualTables]","2016","1","Count_MedicalConditionIncident_ConditionCandidaAuris_ClinicalCase_OtherRace"
"[]","[]","[P1Y]","[CDC_NNDSS_Diseases_AnnualTables]","2016","1","Count_MedicalConditionIncident_Male_ConditionStreptococcusPneumonia"
"[]","[]","[P1Y]","[CDC_NNDSS_Diseases_AnnualTables]","2016","1","Count_MedicalConditionIncident_EthnicityUnknown_NotStated_ConditionAcuteCondition_HepatitisC_ProbableCase"
"[]","[]","[P1Y]","[CDC_NNDSS_Diseases_AnnualTables]","2016","1","Count_MedicalConditionIncident_Years1To4_ConditionChronicConditionOrQFever"
"[]","[]","[P1Y]","[CDC_NNDSS_Diseases_AnnualTables]","2016","1","Count_MedicalConditionIncident_Years40To64_ConditionAnthraxDisease"
"[]","[]","[P1Y]","[CDC_NNDSS_Diseases_AnnualTables]","2016","1","Count_MedicalConditionIncident_5To14Years_ConditionTularemia"
"[]","[]","[P1Y]","[CDC_NNDSS_Diseases_AnnualTables]","2016","1","Count_MedicalConditionIncident_25To39Years_ConditionPerinatalInfection_HepatitisC"
"[]","[]","[P1Y]","[CDC_NNDSS_Diseases_AnnualTables]","2016","1","Count_MedicalConditionIncident_25To39Years_ConditionPerinatalInfection_HepatitisB"
"[]","[]","[P1Y]","[CDC_NNDSS_Diseases_AnnualTables]","2016","1","Count_MedicalConditionIncident_1To4Years_ConditionCryptosporidiosis"
"[]","[]","[P1Y]","[CDC_NNDSS_Diseases_AnnualTables]","2016","1","Count_MedicalConditionIncident_ConditionDengueDisease_OtherRace"
"[]","[]","[P1Y]","[CDC_NNDSS_Diseases_AnnualTables]","2016","1","Count_MedicalConditionIncident_1_LessYears_ConditionMalaria"
"[]","[]","[P1Y]","[CDC_NNDSS_Diseases_AnnualTables]","2016","1","Count_MedicalConditionIncident_ConditionAcuteCondition_HepatitisC_ProbableCase_AmericanIndianAndAlaskaNativeAlone"
"[]","[]","[P1Y]","[CDC_NNDSS_Diseases_AnnualTables]","2016","1","Count_MedicalConditionIncident_ConditionGuanaritoHemorrhagicFever_OtherRace"
"[]","[]","[P1Y]","[CDC_NNDSS_Diseases_AnnualTables]","2016","1","Count_MedicalConditionIncident_ConditionMeningococcalMeningitis_OtherRace_SerogroupB"
"[]","[]","[P1Y]","[CDC_NNDSS_Diseases_AnnualTables]","2016","1","Count_MedicalConditionIncident_ConditionDiphtheria_WhiteAlone"
"[]","[]","[P1Y]","[CDC_NNDSS_Diseases_AnnualTables]","2016","1","Count_MedicalConditionIncident_ConditionNonNeuroinvasiveDiseaseOrPowassanVirusDisease_RaceUnknownOrNotStated"
"[]","[]","[P1Y]","[CDC_NNDSS_Diseases_AnnualTables]","2016","1","Count_MedicalConditionIncident_1_LessYears_ConditionShigaToxinEColi"
"[]","[]","[P1Y]","[CDC_NNDSS_Diseases_AnnualTables]","2016","1","Count_MedicalConditionIncident_40To64Years_ConditionAcuteCondition_HepatitisB"
"[]","[]","[P1Y]","[CDC_NNDSS_Diseases_AnnualTables]","2016","1","Count_MedicalConditionIncident_ConditionLeprosy_WhiteAlone"
"[]","[]","[P1Y]","[CDC_NNDSS_Diseases_AnnualTables]","2016","1","Count_MedicalConditionIncident_40To64Years_ConditionAcuteCondition_HepatitisA"
"[]","[]","[P1Y]","[CDC_NNDSS_Diseases_AnnualTables]","2016","1","Count_MedicalConditionIncident_40To64Years_ConditionAcuteCondition_HepatitisC"
"[]","[]","[P1Y]","[CDC_NNDSS_Diseases_AnnualTables]","2016","1","Count_MedicalConditionIncident_Years40To64_ConditionCoccidioidomycosis_ConfirmedCase"
"[]","[]","[P1Y]","[CDC_NNDSS_Diseases_AnnualTables]","2016","1","Count_MedicalConditionIncident_ConditionSpottedFeverRickettsiosis_ProbableCase_RaceUnknown_NotStated"
"[]","[]","[P1Y]","[CDC_NNDSS_Diseases_AnnualTables]","2016","1","Count_MedicalConditionIncident_5To14Years_ConditionMeasles"
"[]","[]","[P1Y]","[CDC_NNDSS_Diseases_AnnualTables]","2016","1","Count_MedicalConditionIncident_40To64Years_ConditionStreptococcusPneumonia"
"[]","[]","[P1Y]","[CDC_NNDSS_Diseases_AnnualTables]","2016","1","Count_MedicalConditionIncident_ConditionChronicConditionOrQFever_AmericanIndianAndAlaskaNativeAlone"
"[]","[]","[P1Y]","[CDC_NNDSS_Diseases_AnnualTables]","2016","1","Count_MedicalConditionIncident_ConditionHumanMonocyticEhrlichiosis_WhiteAlone"
"[]","[]","[P1Y]","[CDC_NNDSS_Diseases_AnnualTables]","2016","1","Count_MedicalConditionIncident_25To39Years_ConditionJuninHemorrhagicFever"
"[]","[]","[P1Y]","[CDC_NNDSS_Diseases_AnnualTables]","2016","1","Count_MedicalConditionIncident_25To39Years_ConditionMeningococcalMeningitis"
"[]","[]","[P1Y]","[CDC_NNDSS_Diseases_AnnualTables]","2016","1","Count_MedicalConditionIncident_65_MoreYears_ConditionPertussis"
"[]","[]","[P1Y]","[CDC_NNDSS_Diseases_AnnualTables]","2016","1","Count_MedicalConditionIncident_ConditionMeningococcalMeningitis_AmericanIndianAndAlaskaNativeAlone_SerogroupB"
"[]","[]","[P1Y]","[CDC_NNDSS_Diseases_AnnualTables]","2016","1","Count_MedicalConditionIncident_GenderUnknownOrNotStated_ConditionYellowFever"
"[]","[]","[P1Y]","[CDC_NNDSS_Diseases_AnnualTables]","2016","1","Count_MedicalConditionIncident_NotHispanic_Latino_ConditionBabesiosis_ProbableCase"
"[]","[]","[P1Y]","[CDC_NNDSS_Diseases_AnnualTables]","2016","1","Count_MedicalConditionIncident_Years15To24_ConditionNeuroinvasiveDiseaseOrStLouisEncephalitis"
"[]","[]","[P1Y]","[CDC_NNDSS_Diseases_AnnualTables]","2016","1","Count_MedicalConditionIncident_40To64Years_ConditionNeuroinvasiveDisease_LaCrosseVirusDisease"
"[]","[]","[P1Y]","[CDC_NNDSS_Diseases_AnnualTables]","2016","1","Count_MedicalConditionIncident_1_LessYears_ConditionGonorrhea"
"[]","[]","[P1Y]","[CDC_NNDSS_Diseases_AnnualTables]","2016","1","Count_MedicalConditionIncident_15To24Years_ConditionCryptosporidiosis_ProbableCase"
"[]","[]","[P1Y]","[CDC_NNDSS_Diseases_AnnualTables]","2016","1","Count_MedicalConditionIncident_Male_ConditionEhrlichiaEwingiiInfection"
"[]","[]","[P1Y]","[CDC_NNDSS_Diseases_AnnualTables]","2016","1","Count_MedicalConditionIncident_5_LessYears_ConditionStreptococcusPneumonia_ConfirmedCase_Black_AfricanAmericanAlone"
"[]","[]","[P1Y]","[CDC_NNDSS_Diseases_AnnualTables]","2016","1","Count_MedicalConditionIncident_40To64Years_ConditionCholera"
"[]","[]","[P1Y]","[CDC_NNDSS_Diseases_AnnualTables]","2016","1","Count_MedicalConditionIncident_ConditionLymeDisease_Black_AfricanAmericanAlone"
"[]","[]","[P1Y]","[CDC_NNDSS_Diseases_AnnualTables]","2016","1","Count_MedicalConditionIncident_65_MoreYears_ConditionSpottedFeverRickettsiosis_ProbableCase"
"[]","[]","[P1Y]","[CDC_NNDSS_Diseases_AnnualTables]","2016","1","Count_MedicalConditionIncident_Male_ConditionMeasles_ImportedCase"
"[]","[]","[P1Y]","[CDC_NNDSS_Diseases_AnnualTables]","2016","1","Count_MedicalConditionIncident_40To64Years_ConditionEhrlichiosis"
"[]","[]","[P1Y]","[CDC_NNDSS_Diseases_AnnualTables]","2016","1","Count_MedicalConditionIncident_GenderUnknown_NotStated_ConditionListeriosis_ConfirmedCase"
"[]","[]","[P1Y]","[CDC_NNDSS_Diseases_AnnualTables]","2016","1","Count_MedicalConditionIncident_Hispanic_Latino_ConditionVancomycinResistantStaphylococcusAureus"
"[]","[]","[P1Y]","[CDC_NNDSS_Diseases_AnnualTables]","2016","1","Count_MedicalConditionIncident_ConditionTrichinellosis_OtherRace"
"[]","[]","[P1Y]","[CDC_NNDSS_Diseases_AnnualTables]","2016","1","Count_MedicalConditionIncident_1To4Years_ConditionCarbapenemResistantEnterobacteriaceae"
"[]","[]","[P1Y]","[CDC_NNDSS_Diseases_AnnualTables]","2016","1","Count_MedicalConditionIncident_ConditionGuanaritoHemorrhagicFever_Asian_PacificIslander"
"[]","[]","[P1Y]","[CDC_NNDSS_Diseases_AnnualTables]","2016","1","Count_MedicalConditionIncident_Female_ConditionLeptospirosis"
"[]","[]","[P1Y]","[CDC_NNDSS_Diseases_AnnualTables]","2016","1","Count_MedicalConditionIncident_NotHispanic_Latino_ConditionCongenitalDisease_Rubella"
"[]","[]","[P1Y]","[CDC_NNDSS_Diseases_AnnualTables]","2016","1","Count_MedicalConditionIncident_AgeNotStated_ConditionMeningococcalMeningitis_ACWYSerogroup"
"[]","[]","[P1Y]","[CDC_NNDSS_Diseases_AnnualTables]","2016","1","Count_MedicalConditionIncident_1_LessYears_ConditionGiardiasis"
"[]","[]","[P1Y]","[CDC_NNDSS_Diseases_AnnualTables]","2016","1","Count_MedicalConditionIncident_Male_ConditionHumanMonocyticEhrlichiosis"
"[]","[]","[P1Y]","[CDC_NNDSS_Diseases_AnnualTables]","2016","1","Count_MedicalConditionIncident_Female_ConditionCampylobacteriosis"
"[]","[]","[P1Y]","[CDC_NNDSS_Diseases_AnnualTables]","2016","1","Count_MedicalConditionIncident_Female_ConditionVancomycinIntermediateStaphylococcusAureus"
"[]","[]","[P1Y]","[CDC_NNDSS_Diseases_AnnualTables]","2016","1","Count_MedicalConditionIncident_15To24Years_ConditionRubella"
"[]","[]","[P1Y]","[CDC_NNDSS_Diseases_AnnualTables]","2016","1","Count_MedicalConditionIncident_GenderUnknown_NotStated_ConditionVibriosisExcludingCholera_ConfirmedCase"
"[]","[]","[P1Y]","[CDC_NNDSS_Diseases_AnnualTables]","2016","1","Count_MedicalConditionIncident_Hispanic_Latino_ConditionBabesiosis_ConfirmedCase"
"[]","[]","[P1Y]","[CDC_NNDSS_Diseases_AnnualTables]","2016","1","Count_MedicalConditionIncident_ConditionNeuroinvasiveDisease_PowassanVirusDisease_WhiteAlone"
"[]","[]","[P1Y]","[CDC_NNDSS_Diseases_AnnualTables]","2016","1","Count_MedicalConditionIncident_65_MoreYears_ConditionMeningococcalMeningitis_SerogroupB"
"[]","[]","[P1Y]","[CDC_NNDSS_Diseases_AnnualTables]","2016","1","Count_MedicalConditionIncident_ConditionPerinatalInfection_HepatitisB_Asian_PacificIslander"
"[]","[]","[P1Y]","[CDC_NNDSS_Diseases_AnnualTables]","2016","1","Count_MedicalConditionIncident_Female_ConditionStreptococcusPneumonia_ProbableCase"
"[]","[]","[P1Y]","[CDC_NNDSS_Diseases_AnnualTables]","2020","1","Count_MedicalConditionIncident_ConditionHepatitisB_AcuteCondition_NonUSResident"
"[]","[]","[P1Y]","[CDC_NNDSS_Diseases_AnnualTables]","2016","1","Count_MedicalConditionIncident_ConditionPerinatalInfection_HepatitisC_WhiteAlone"
"[]","[]","[P1Y]","[CDC_NNDSS_Diseases_AnnualTables]","2016","1","Count_MedicalConditionIncident_40To64Years_ConditionToxicShockSyndromExceptStreptococcal"
"[]","[]","[P1Y]","[CDC_NNDSS_Diseases_AnnualTables]","2016","1","Count_MedicalConditionIncident_GenderUnknownOrNotStated_ConditionAnthraxDisease"
"[]","[]","[P1Y]","[CDC_NNDSS_Diseases_AnnualTables]","2016","1","Count_MedicalConditionIncident_EthnicityUnknownOrNotStated_ConditionRubella"
"[]","[]","[P1Y]","[CDC_NNDSS_Diseases_AnnualTables]","2016","1","Count_MedicalConditionIncident_AgeNotStated_ConditionChancroid"
"[]","[]","[P1Y]","[CDC_NNDSS_Diseases_AnnualTables]","2016","1","Count_MedicalConditionIncident_5To14Years_ConditionSyphilis"
"[]","[]","[P1Y]","[CDC_NNDSS_Diseases_AnnualTables]","2016","1","Count_MedicalConditionIncident_ConditionInvasiveDisease_HaemophilusInfluenzae_Black_AfricanAmericanAlone"
"[]","[]","[P1Y]","[CDC_NNDSS_Diseases_AnnualTables]","2016","1","Count_MedicalConditionIncident_ConditionShigellosis_RaceUnknown_NotStated"
"[]","[]","[P1Y]","[CDC_NNDSS_Diseases_AnnualTables]","2016","1","Count_MedicalConditionIncident_5To14Years_ConditionInvasiveDisease_HaemophilusInfluenzae"
"[]","[]","[P1Y]","[CDC_NNDSS_Diseases_AnnualTables]","2016","1","Count_MedicalConditionIncident_5_LessYears_GenderUnknown_NotStated_ConditionInvasiveDisease_HaemophilusInfluenzae_NonSerotypeB"
"[]","[]","[P1Y]","[CDC_NNDSS_Diseases_AnnualTables]","2016","1","Count_MedicalConditionIncident_ConditionHepatitisC_AcuteCondition_ConfirmedCase_USResident"
"[]","[]","[P1Y]","[CDC_NNDSS_Diseases_AnnualTables]","2016","1","Count_MedicalConditionIncident_Female_ConditionNonNeuroinvasiveDisease_StLouisEncephalitis"
"[]","[]","[P1Y]","[CDC_NNDSS_Diseases_AnnualTables]","2016","1","Count_MedicalConditionIncident_ConditionSpottedFeverRickettsiosis_ConfirmedCase_WhiteAlone"
"[]","[]","[P1Y]","[CDC_NNDSS_Diseases_AnnualTables]","2016","1","Count_MedicalConditionIncident_EthnicityUnknown_NotStated_ConditionHumanMonocyticEhrlichiosis"
"[]","[]","[P1Y]","[CDC_NNDSS_Diseases_AnnualTables]","2016","1","Count_MedicalConditionIncident_1To4Years_ConditionStreptococcusPneumonia_ConfirmedCase"
"[]","[]","[P1Y]","[CDC_NNDSS_Diseases_AnnualTables]","2016","1","Count_MedicalConditionIncident_EthnicityUnknown_NotStated_ConditionTyphoidFever"
"[]","[]","[P1Y]","[CDC_NNDSS_Diseases_AnnualTables]","2016","1","Count_MedicalConditionIncident_ConditionCarbapenemResistantEnterobacteriaceae_USResident"
"[]","[]","[P1Y]","[CDC_NNDSS_Diseases_AnnualTables]","2016","1","Count_MedicalConditionIncident_GenderUnknownOrNotStated_ConditionSmallpox"
"[]","[]","[P1Y]","[CDC_NNDSS_Diseases_AnnualTables]","2016","1","Count_MedicalConditionIncident_ConditionMeasles_ImportedCase_USResident"
"[]","[]","[P1Y]","[CDC_NNDSS_Diseases_AnnualTables]","2016","1","Count_MedicalConditionIncident_ConditionNovelInfluenzaAViralInfection_RaceUnknown_NotStated"
"[]","[]","[P1Y]","[CDC_NNDSS_Diseases_AnnualTables]","2016","1","Count_MedicalConditionIncident_Male_ConditionSpottedFeverRickettsiosis"
"[]","[]","[P1Y]","[CDC_NNDSS_Diseases_AnnualTables]","2016","1","Count_MedicalConditionIncident_15To24Years_ConditionListeriosis"
"[]","[]","[P1Y]","[CDC_NNDSS_Diseases_AnnualTables]","2016","1","Count_MedicalConditionIncident_1To4Years_ConditionTuberculosis"
"[]","[]","[P1Y]","[CDC_NNDSS_Diseases_AnnualTables]","2016","1","Count_MedicalConditionIncident_ConditionMeasles_IndigenousCase_RaceUnknown_NotStated"
"[]","[]","[P1Y]","[CDC_NNDSS_Diseases_AnnualTables]","2020","1","Count_MedicalConditionIncident_ConditionBrucellosis_NonUSResident"
"[]","[]","[P1Y]","[CDC_NNDSS_Diseases_AnnualTables]","2016","1","Count_MedicalConditionIncident_40To64Years_ConditionNovelInfluenzaAViralInfection"
"[]","[]","[P1Y]","[CDC_NNDSS_Diseases_AnnualTables]","2016","1","Count_MedicalConditionIncident_EthnicityUnknown_NotStated_ConditionSpottedFeverRickettsiosis"
"[]","[]","[P1Y]","[CDC_NNDSS_Diseases_AnnualTables]","2016","1","Count_MedicalConditionIncident_ConditionNeuroinvasiveDisease_WestNileVirusDisease_OtherRace"
"[]","[]","[P1Y]","[CDC_NNDSS_Diseases_AnnualTables]","2016","1","Count_MedicalConditionIncident_ConditionHaemophilusInfluenzaeOrInvasiveDisease_OtherSerogroups"
"[]","[]","[P1Y]","[CDC_NNDSS_Diseases_AnnualTables]","2016","1","Count_MedicalConditionIncident_YearsUpto1_ConditionNonNeuroinvasiveDiseaseOrLaCrosseVirusDisease"
"[]","[]","[P1Y]","[CDC_NNDSS_Diseases_AnnualTables]","2016","1","Count_MedicalConditionIncident_ConditionLymeDisease_ConfirmedCase_Black_AfricanAmericanAlone"
"[]","[]","[P1Y]","[CDC_NNDSS_Diseases_AnnualTables]","2016","1","Count_MedicalConditionIncident_15To24Years_ConditionPerinatalInfection_HepatitisC"
"[]","[]","[P1Y]","[CDC_NNDSS_Diseases_AnnualTables]","2016","1","Count_MedicalConditionIncident_15To24Years_ConditionPerinatalInfection_HepatitisB"
"[]","[]","[P1Y]","[CDC_NNDSS_Diseases_AnnualTables]","2016","1","Count_MedicalConditionIncident_Male_ConditionMeningococcalMeningitis_SerogroupB"
"[]","[]","[P1Y]","[CDC_NNDSS_Diseases_AnnualTables]","2016","1","Count_MedicalConditionIncident_Male_ConditionNonNeuroinvasiveDisease_JamestownCanyonVirusDisease"
"[]","[]","[P1Y]","[CDC_NNDSS_Diseases_AnnualTables]","2016","1","Count_MedicalConditionIncident_ConditionHumanGranulocyticAnaplasmosis_Black_AfricanAmericanAlone"
"[]","[]","[P1Y]","[CDC_NNDSS_Diseases_AnnualTables]","2016","1","Count_MedicalConditionIncident_65_MoreYears_ConditionChronicCondition_QFever"
"[]","[]","[P1Y]","[CDC_NNDSS_Diseases_AnnualTables]","2016","1","Count_MedicalConditionIncident_ConditionHaemophilusMeningitis_AmericanIndianAndAlaskaNativeAlone"
"[]","[]","[P1Y]","[CDC_NNDSS_Diseases_AnnualTables]","2016","65","Count_MedicalConditionIncident_ConditionMumps"
"[]","[]","[P1Y]","[CDC_NNDSS_Diseases_AnnualTables]","2016","1","Count_MedicalConditionIncident_ConditionToxicShockSyndromExceptStreptococcal_USResident"
"[]","[]","[P1Y]","[CDC_NNDSS_Diseases_AnnualTables]","2016","1","Count_MedicalConditionIncident_Male_ConditionParatyphoid"
"[]","[]","[P1Y]","[CDC_NNDSS_Diseases_AnnualTables]","2016","1","Count_MedicalConditionIncident_ConditionRubella_BlackOrAfricanAmericanAlone"
"[]","[]","[P1Y]","[CDC_NNDSS_Diseases_AnnualTables]","2020","1","Count_MedicalConditionIncident_ConditionNeuroinvasiveDiseaseOrJamestownCanyonVirusDisease_NonUSResident"
"[]","[]","[P1Y]","[CDC_NNDSS_Diseases_AnnualTables]","2016","1","Count_MedicalConditionIncident_ConditionSyphilisPrimaryAndSecondary_WhiteAlone"
"[]","[]","[P1Y]","[CDC_NNDSS_Diseases_AnnualTables]","2016","1","Count_MedicalConditionIncident_AgeNotStated_ConditionZikaVirusDiseaseOrCongenitalDisease"
"[]","[]","[P1Y]","[CDC_NNDSS_Diseases_AnnualTables]","2016","1","Count_MedicalConditionIncident_GenderUnknown_NotStated_ConditionCongenitalDisease_Rubella"
"[]","[]","[P1Y]","[CDC_NNDSS_Diseases_AnnualTables]","2016","1","Count_MedicalConditionIncident_GenderUnknown_NotStated_ConditionAcuteCondition_HepatitisC_ConfirmedCase"
"[]","[]","[P1Y]","[CDC_NNDSS_Diseases_AnnualTables]","2016","1","Count_MedicalConditionIncident_Male_ConditionRubella"
"[]","[]","[P1Y]","[CDC_NNDSS_Diseases_AnnualTables]","2016","1","Count_MedicalConditionIncident_AgeNotStated_ConditionCryptosporidiosis_ProbableCase"
"[]","[]","[P1Y]","[CDC_NNDSS_Diseases_AnnualTables]","2016","1","Count_MedicalConditionIncident_5_LessYears_ConditionStreptococcusPneumonia_ConfirmedCase_OtherRace"
"[]","[]","[P1Y]","[CDC_NNDSS_Diseases_AnnualTables]","2016","1","Count_MedicalConditionIncident_1To4Years_ConditionLassaHemorrhagicFever"
"[]","[]","[P1Y]","[CDC_NNDSS_Diseases_AnnualTables]","2016","1","Count_MedicalConditionIncident_ConditionVancomycinResistantStaphylococcusAureus_AmericanIndianAndAlaskaNativeAlone"
"[]","[]","[P1Y]","[CDC_NNDSS_Diseases_AnnualTables]","2016","1","Count_MedicalConditionIncident_AgeNotStated_ConditionInfluenza_PediatricMortality"
"[]","[]","[P1Y]","[CDC_NNDSS_Diseases_AnnualTables]","2016","1","Count_MedicalConditionIncident_EthnicityUnknown_NotStated_ConditionSyphilis"
"[]","[]","[P1Y]","[CDC_NNDSS_Diseases_AnnualTables]","2016","1","Count_MedicalConditionIncident_40To64Years_ConditionAcuteCondition_QFever"
"[]","[]","[P1Y]","[CDC_NNDSS_Diseases_AnnualTables]","2016","1","Count_MedicalConditionIncident_ConditionNeuroinvasiveDisease_JamestownCanyonVirusDisease_RaceUnknown_NotStated"
"[]","[]","[P1Y]","[CDC_NNDSS_Diseases_AnnualTables]","2016","65","Count_MedicalConditionIncident_5_LessYears_ConditionHaemophilusInfluenzae_InvasiveDisease_SerotypeB"
"[]","[]","[P1Y]","[CDC_NNDSS_Diseases_AnnualTables]","2016","1","Count_MedicalConditionIncident_40To64Years_ConditionRabiesinhuman"
"[]","[]","[P1Y]","[CDC_NNDSS_Diseases_AnnualTables]","2016","1","Count_MedicalConditionIncident_ConditionHaemophilusMeningitis_Asian_PacificIslander"
"[]","[]","[P1Y]","[CDC_NNDSS_Diseases_AnnualTables]","2016","1","Count_MedicalConditionIncident_5_LessYears_ConditionInvasiveDisease_HaemophilusInfluenzae_RaceUnknown_NotStated_NonSerotypeB"
"[]","[]","[P1Y]","[CDC_NNDSS_Diseases_AnnualTables]","2016","1","Count_MedicalConditionIncident_ConditionCOVID19_AmericanIndianAndAlaskaNativeAlone"
"[]","[]","[P1Y]","[CDC_NNDSS_Diseases_AnnualTables]","2016","1","Count_MedicalConditionIncident_Years1To4_ConditionDiphtheria"
"[]","[]","[P1Y]","[CDC_NNDSS_Diseases_AnnualTables]","2016","1","Count_MedicalConditionIncident_ConditionBrucellosis_RaceUnknown_NotStated"
"[]","[]","[P1Y]","[CDC_NNDSS_Diseases_AnnualTables]","2016","1","Count_MedicalConditionIncident_EthnicityUnknownOrNotStated_ConditionAnthraxDisease"
"[]","[]","[P1Y]","[CDC_NNDSS_Diseases_AnnualTables]","2016","1","Count_MedicalConditionIncident_Female_ConditionStreptococcusPneumonia"
"[]","[]","[P1Y]","[CDC_NNDSS_Diseases_AnnualTables]","2016","1","Count_MedicalConditionIncident_YearsUpto1_ConditionYellowFever"
"[]","[]","[P1Y]","[CDC_NNDSS_Diseases_AnnualTables]","2020","1","Count_MedicalConditionIncident_ConditionGuanaritoHemorrhagicFever_NonUSResident"
"[]","[]","[P1Y]","[CDC_NNDSS_Diseases_AnnualTables]","2016","1","Count_MedicalConditionIncident_ConditionAnthraxDisease_AmericanIndianAndAlaskaNativeAlone"
"[]","[]","[P1Y]","[CDC_NNDSS_Diseases_AnnualTables]","2016","1","Count_MedicalConditionIncident_5To14Years_ConditionTrichinellosis"
"[]","[]","[P1Y]","[CDC_NNDSS_Diseases_AnnualTables]","2016","1","Count_MedicalConditionIncident_25To39Years_ConditionRabiesinhuman"
"[]","[]","[P1Y]","[CDC_NNDSS_Diseases_AnnualTables]","2016","1","Count_MedicalConditionIncident_Hispanic_Latino_ConditionNovelInfluenzaAViralInfection"
"[]","[]","[P1Y]","[CDC_NNDSS_Diseases_AnnualTables]","2016","1","Count_MedicalConditionIncident_ConditionEhrlichiosis_RaceUnknown_NotStated"
"[]","[]","[P1Y]","[CDC_NNDSS_Diseases_AnnualTables]","2020","1","Count_MedicalConditionIncident_ConditionCryptosporidiosis_ProbableCase_NonUSResident"
"[]","[]","[P1Y]","[CDC_NNDSS_Diseases_AnnualTables]","2016","1","Count_MedicalConditionIncident_Years15To24_ConditionZikaVirusInfectionOrCongenitalDisease"
"[]","[]","[P1Y]","[CDC_NNDSS_Diseases_AnnualTables]","2016","1","Count_MedicalConditionIncident_AgeNotStated_ConditionLeprosy"
"[]","[]","[P1Y]","[CDC_NNDSS_Diseases_AnnualTables]","2016","1","Count_MedicalConditionIncident_ConditionJuninHemorrhagicFever_Asian_PacificIslander"
"[]","[]","[P1Y]","[CDC_NNDSS_Diseases_AnnualTables]","2016","1","Count_MedicalConditionIncident_EthnicityUnknown_NotStated_ConditionJuninHemorrhagicFever"
"[]","[]","[P1Y]","[CDC_NNDSS_Diseases_AnnualTables]","2016","1","Count_MedicalConditionIncident_1_LessYears_ConditionVibriosisExcludingCholera"
"[]","[]","[P1Y]","[CDC_NNDSS_Diseases_AnnualTables]","2016","1","Count_MedicalConditionIncident_1To4Years_ConditionParatyphoid"
"[]","[]","[P1Y]","[CDC_NNDSS_Diseases_AnnualTables]","2016","1","Count_MedicalConditionIncident_AgeNotStated_ConditionCOVID19"
"[]","[]","[P1Y]","[CDC_NNDSS_Diseases_AnnualTables]","2016","65","Count_MedicalConditionIncident_ConditionChikungunya"
"[]","[]","[P1Y]","[CDC_NNDSS_Diseases_AnnualTables]","2016","1","Count_MedicalConditionIncident_ConditionMalaria_RaceUnknown_NotStated"
"[]","[]","[P1Y]","[CDC_NNDSS_Diseases_AnnualTables]","2016","64","Count_MedicalConditionIncident_ConditionRabiesinhuman"
"[]","[]","[P1Y]","[CDC_NNDSS_Diseases_AnnualTables]","2016","1","Count_MedicalConditionIncident_5_LessYears_ConditionInvasiveDisease_HaemophilusInfluenzae_Black_AfricanAmericanAlone_OtherSerogroups"
"[]","[]","[P1Y]","[CDC_NNDSS_Diseases_AnnualTables]","2016","1","Count_MedicalConditionIncident_AgeNotStated_ConditionHumanGranulocyticAnaplasmosis"
"[]","[]","[P1Y]","[CDC_NNDSS_Diseases_AnnualTables]","2016","1","Count_MedicalConditionIncident_ConditionLeptospirosis_Black_AfricanAmericanAlone"
"[]","[]","[P1Y]","[CDC_NNDSS_Diseases_AnnualTables]","2020","1","Count_MedicalConditionIncident_ConditionJuninHemorrhagicFever_NonUSResident"
"[]","[]","[P1Y]","[CDC_NNDSS_Diseases_AnnualTables]","2016","62","Count_MedicalConditionIncident_ConditionLymeDisease_ConfirmedCase"
"[]","[]","[P1Y]","[CDC_NNDSS_Diseases_AnnualTables]","2016","1","Count_MedicalConditionIncident_1To4Years_ConditionMeningococcalMeningitis"
"[]","[]","[P1Y]","[CDC_NNDSS_Diseases_AnnualTables]","2016","1","Count_MedicalConditionIncident_25To39Years_ConditionInvasiveDisease_HaemophilusInfluenzae"
"[]","[]","[P1Y]","[CDC_NNDSS_Diseases_AnnualTables]","2016","1","Count_MedicalConditionIncident_GenderUnknown_NotStated_ConditionMeasles"
"[]","[]","[P1Y]","[CDC_NNDSS_Diseases_AnnualTables]","2016","1","Count_MedicalConditionIncident_ConditionBrucellosis_Black_AfricanAmericanAlone"
"[]","[]","[P1Y]","[CDC_NNDSS_Diseases_AnnualTables]","2016","1","Count_MedicalConditionIncident_ConditionCongenitalDisease_Rubella_OtherRace"
"[]","[]","[P1Y]","[CDC_NNDSS_Diseases_AnnualTables]","2016","1","Count_MedicalConditionIncident_ConditionCryptosporidiosis_ConfirmedCase_Black_AfricanAmericanAlone"
"[]","[]","[P1Y]","[CDC_NNDSS_Diseases_AnnualTables]","2016","65","Count_MedicalConditionIncident_ConditionHaemophilusInfluenzae_InvasiveDisease"
"[]","[]","[P1Y]","[CDC_NNDSS_Diseases_AnnualTables]","2016","1","Count_MedicalConditionIncident_GenderUnknown_NotStated_ConditionAcuteCondition_HepatitisB"
"[]","[]","[P1Y]","[CDC_NNDSS_Diseases_AnnualTables]","2016","1","Count_MedicalConditionIncident_ConditionCoccidioidomycosis_USResident"
"[]","[]","[P1Y]","[CDC_NNDSS_Diseases_AnnualTables]","2016","1","Count_MedicalConditionIncident_GenderUnknown_NotStated_ConditionAcuteCondition_HepatitisC"
"[]","[]","[P1Y]","[CDC_NNDSS_Diseases_AnnualTables]","2016","1","Count_MedicalConditionIncident_ConditionSyphilisPrimaryAndSecondary_RaceUnknown_NotStated"
"[]","[]","[P1Y]","[CDC_NNDSS_Diseases_AnnualTables]","2016","1","Count_MedicalConditionIncident_GenderUnknown_NotStated_ConditionAcuteCondition_HepatitisA"
"[]","[]","[P1Y]","[CDC_NNDSS_Diseases_AnnualTables]","2016","1","Count_MedicalConditionIncident_65_MoreYears_ConditionChikungunya"
"[]","[]","[P1Y]","[CDC_NNDSS_Diseases_AnnualTables]","2016","65","Count_MedicalConditionIncident_ConditionCholera"
"[]","[]","[P1Y]","[CDC_NNDSS_Diseases_AnnualTables]","2016","1","Count_MedicalConditionIncident_5_LessYears_Hispanic_Latino_ConditionStreptococcusPneumonia"
"[]","[]","[P1Y]","[CDC_NNDSS_Diseases_AnnualTables]","2016","65","Count_MedicalConditionIncident_ConditionMeasles_ImportedCase"
"[]","[]","[P1Y]","[CDC_NNDSS_Diseases_AnnualTables]","2016","1","Count_MedicalConditionIncident_ConditionTetanus_AmericanIndianAndAlaskaNativeAlone"
"[]","[]","[P1Y]","[CDC_NNDSS_Diseases_AnnualTables]","2016","1","Count_MedicalConditionIncident_ConditionSpottedFeverRickettsiosis_ConfirmedCase_OtherRace"
"[]","[]","[P1Y]","[CDC_NNDSS_Diseases_AnnualTables]","2016","1","Count_MedicalConditionIncident_ConditionHantavirusPulmonarySyndrome_Black_AfricanAmericanAlone"
"[]","[]","[P1Y]","[CDC_NNDSS_Diseases_AnnualTables]","2016","1","Count_MedicalConditionIncident_ConditionNonNeuroinvasiveDiseaseOrPowassanVirusDisease_AmericanIndianAndAlaskaNativeAlone"
"[]","[]","[P1Y]","[CDC_NNDSS_Diseases_AnnualTables]","2016","65","Count_MedicalConditionIncident_ConditionMeasles_IndigenousCase"
"[]","[]","[P1Y]","[CDC_NNDSS_Diseases_AnnualTables]","2016","1","Count_MedicalConditionIncident_25To39Years_ConditionChlamydia"
"[]","[]","[P1Y]","[CDC_NNDSS_Diseases_AnnualTables]","2016","1","Count_MedicalConditionIncident_EthnicityUnknown_NotStated_ConditionNovelInfluenzaAViralInfection"
"[]","[]","[P1Y]","[CDC_NNDSS_Diseases_AnnualTables]","2016","1","Count_MedicalConditionIncident_1_LessYears_ConditionCampylobacteriosis"
"[]","[]","[P1Y]","[CDC_NNDSS_Diseases_AnnualTables]","2016","1","Count_MedicalConditionIncident_EthnicityUnknown_NotStated_ConditionVibriosisExcludingCholera"
"[]","[]","[P1Y]","[CDC_NNDSS_Diseases_AnnualTables]","2016","1","Count_MedicalConditionIncident_5_LessYears_ConditionInvasiveDisease_HaemophilusInfluenzae_OtherRace_SerotypeB"
"[]","[]","[P1Y]","[CDC_NNDSS_Diseases_AnnualTables]","2016","1","Count_MedicalConditionIncident_GenderUnknown_NotStated_ConditionCryptosporidiosis_ProbableCase"
"[]","[]","[P1Y]","[CDC_NNDSS_Diseases_AnnualTables]","2020","1","Count_MedicalConditionIncident_ConditionCoccidioidomycosis_NonUSResident"
"[]","[]","[P1Y]","[CDC_NNDSS_Diseases_AnnualTables]","2016","1","Count_MedicalConditionIncident_ConditionCryptosporidiosis_ProbableCase_Black_AfricanAmericanAlone"
"[]","[]","[P1Y]","[CDC_NNDSS_Diseases_AnnualTables]","2016","1","Count_MedicalConditionIncident_ConditionRabiesinhuman_OtherRace"
"[]","[]","[P1Y]","[CDC_NNDSS_Diseases_AnnualTables]","2016","1","Count_MedicalConditionIncident_Hispanic_Latino_ConditionNeuroinvasiveDisease_LaCrosseVirusDisease"
"[]","[]","[P1Y]","[CDC_NNDSS_Diseases_AnnualTables]","2020","1","Count_MedicalConditionIncident_ConditionHantavirusPulmonarySyndrome_NonUSResident"
"[]","[]","[P1Y]","[CDC_NNDSS_Diseases_AnnualTables]","2016","1","Count_MedicalConditionIncident_5To14Years_ConditionLeptospirosis"
"[]","[]","[P1Y]","[CDC_NNDSS_Diseases_AnnualTables]","2016","1","Count_MedicalConditionIncident_Male_ConditionDiphtheria"
"[]","[]","[P1Y]","[CDC_NNDSS_Diseases_AnnualTables]","2016","1","Count_MedicalConditionIncident_ConditionNonNeuroinvasiveDiseaseOrLaCrosseVirusDisease_RaceUnknownOrNotStated"
"[]","[]","[P1Y]","[CDC_NNDSS_Diseases_AnnualTables]","2016","1","Count_MedicalConditionIncident_EthnicityUnknown_NotStated_ConditionDengueLikeIllness"
"[]","[]","[P1Y]","[CDC_NNDSS_Diseases_AnnualTables]","2016","1","Count_MedicalConditionIncident_Hispanic_Latino_ConditionJuninHemorrhagicFever"
"[]","[]","[P1Y]","[CDC_NNDSS_Diseases_AnnualTables]","2016","1","Count_MedicalConditionIncident_ConditionMeasles_IndigenousCase_AmericanIndianAndAlaskaNativeAlone"
"[]","[]","[P1Y]","[CDC_NNDSS_Diseases_AnnualTables]","2016","1","Count_MedicalConditionIncident_ConditionAcuteCondition_HepatitisA_Asian_PacificIslander"
"[]","[]","[P1Y]","[CDC_NNDSS_Diseases_AnnualTables]","2016","1","Count_MedicalConditionIncident_ConditionMeasles_ImportedCase_Asian_PacificIslander"
"[]","[]","[P1Y]","[CDC_NNDSS_Diseases_AnnualTables]","2016","1","Count_MedicalConditionIncident_ConditionWoundBotulism_WhiteAlone"
"[]","[]","[P1Y]","[CDC_NNDSS_Diseases_AnnualTables]","2016","1","Count_MedicalConditionIncident_ConditionAcuteCondition_HepatitisB_OtherRace"
"[]","[]","[P1Y]","[CDC_NNDSS_Diseases_AnnualTables]","2016","1","Count_MedicalConditionIncident_5_LessYears_Female_ConditionInvasiveDisease_HaemophilusInfluenzae_SerotypeB"
"[]","[]","[P1Y]","[CDC_NNDSS_Diseases_AnnualTables]","2016","1","Count_MedicalConditionIncident_1To4Years_ConditionLegionnairesDisease"
"[]","[]","[P1Y]","[CDC_NNDSS_Diseases_AnnualTables]","2020","1","Count_MedicalConditionIncident_ConditionLeptospirosis_NonUSResident"
"[]","[]","[P1Y]","[CDC_NNDSS_Diseases_AnnualTables]","2016","1","Count_MedicalConditionIncident_ConditionNonNeuroinvasiveDiseaseOrJamestownCanyonVirusDisease_RaceUnknownOrNotStated"
"[]","[]","[P1Y]","[CDC_NNDSS_Diseases_AnnualTables]","2020","1","Count_MedicalConditionIncident_ConditionStreptococcusPneumonia_NonUSResident"
"[]","[]","[P1Y]","[CDC_NNDSS_Diseases_AnnualTables]","2016","1","Count_MedicalConditionIncident_ConditionGonorrhea_OtherRace"
"[]","[]","[P1Y]","[CDC_NNDSS_Diseases_AnnualTables]","2016","1","Count_MedicalConditionIncident_15To24Years_ConditionNeuroinvasiveDisease_LaCrosseVirusDisease"
"[]","[]","[P1Y]","[CDC_NNDSS_Diseases_AnnualTables]","2016","1","Count_MedicalConditionIncident_25To39Years_ConditionGonorrhea"
"[]","[]","[P1Y]","[CDC_NNDSS_Diseases_AnnualTables]","2016","1","Count_MedicalConditionIncident_NotHispanic_Latino_ConditionShigaToxinEColi"
"[]","[]","[P1Y]","[CDC_NNDSS_Diseases_AnnualTables]","2016","1","Count_MedicalConditionIncident_Male_ConditionMeningococcalMeningitis_ACWYSerogroup"
"[]","[]","[P1Y]","[CDC_NNDSS_Diseases_AnnualTables]","2020","1","Count_MedicalConditionIncident_ConditionParatyphoid_NonUSResident"
"[]","[]","[P1Y]","[CDC_NNDSS_Diseases_AnnualTables]","2016","64","Count_MedicalConditionIncident_ConditionCryptosporidiosis_ProbableCase"
"[]","[]","[P1Y]","[CDC_NNDSS_Diseases_AnnualTables]","2016","1","Count_MedicalConditionIncident_Hispanic_Latino_ConditionSpottedFeverRickettsiosis_ProbableCase"
"[]","[]","[P1Y]","[CDC_NNDSS_Diseases_AnnualTables]","2016","1","Count_MedicalConditionIncident_25To39Years_ConditionPertussis"
"[]","[]","[P1Y]","[CDC_NNDSS_Diseases_AnnualTables]","2016","1","Count_MedicalConditionIncident_25To39Years_ConditionSpottedFeverRickettsiosis_ConfirmedCase"
"[]","[]","[P1Y]","[CDC_NNDSS_Diseases_AnnualTables]","2020","1","Count_MedicalConditionIncident_ConditionRubella_CongenitalDisease_NonUSResident"
"[]","[]","[P1Y]","[CDC_NNDSS_Diseases_AnnualTables]","2016","1","Count_MedicalConditionIncident_YearsUpto1_ConditionAnthraxDisease"
"[]","[]","[P1Y]","[CDC_NNDSS_Diseases_AnnualTables]","2016","1","Count_MedicalConditionIncident_ConditionAcuteCondition_HepatitisA_AmericanIndianAndAlaskaNativeAlone"
"[]","[]","[P1Y]","[CDC_NNDSS_Diseases_AnnualTables]","2016","1","Count_MedicalConditionIncident_Years65Onwards_ConditionDiphtheria"
"[]","[]","[P1Y]","[CDC_NNDSS_Diseases_AnnualTables]","2016","1","Count_MedicalConditionIncident_1_LessYears_ConditionBabesiosis_ProbableCase"
"[]","[]","[P1Y]","[CDC_NNDSS_Diseases_AnnualTables]","2016","1","Count_MedicalConditionIncident_5_LessYears_GenderUnknown_NotStated_ConditionInvasiveDisease_HaemophilusInfluenzae_OtherSerogroups"
"[]","[]","[P1Y]","[CDC_NNDSS_Diseases_AnnualTables]","2016","1","Count_MedicalConditionIncident_ConditionNonNeuroinvasiveDisease_WestNileVirusDisease_AmericanIndianAndAlaskaNativeAlone"
"[]","[]","[P1Y]","[CDC_NNDSS_Diseases_AnnualTables]","2016","59","Count_MedicalConditionIncident_YearsUpto5_ConditionStreptococcusPneumonia"
"[]","[]","[P1Y]","[CDC_NNDSS_Diseases_AnnualTables]","2016","1","Count_MedicalConditionIncident_25To39Years_ConditionQFever"
"[]","[]","[P1Y]","[CDC_NNDSS_Diseases_AnnualTables]","2016","1","Count_MedicalConditionIncident_65_MoreYears_ConditionDengueLikeIllness"
"[]","[]","[P1Y]","[CDC_NNDSS_Diseases_AnnualTables]","2016","1","Count_MedicalConditionIncident_EthnicityUnknownOrNotStated_ConditionCoccidioidomycosis_ConfirmedCase"
"[]","[]","[P1Y]","[CDC_NNDSS_Diseases_AnnualTables]","2016","1","Count_MedicalConditionIncident_GenderUnknown_NotStated_ConditionMeningococcalMeningitis"
"[]","[]","[P1Y]","[CDC_NNDSS_Diseases_AnnualTables]","2016","1","Count_MedicalConditionIncident_Years1To4_ConditionZikaVirusInfectionOrNonCongenitalDisease"
"[]","[]","[P1Y]","[CDC_NNDSS_Diseases_AnnualTables]","2016","65","Count_MedicalConditionIncident_ConditionFoodborneBotulism"
"[]","[]","[P1Y]","[CDC_NNDSS_Diseases_AnnualTables]","2016","1","Count_MedicalConditionIncident_Female_ConditionMeningococcalMeningitis_ACWYSerogroup"
"[]","[]","[P1Y]","[CDC_NNDSS_Diseases_AnnualTables]","2016","1","Count_MedicalConditionIncident_ConditionNeuroinvasiveDisease_PowassanVirusDisease_RaceUnknown_NotStated"
"[]","[]","[P1Y]","[CDC_NNDSS_Diseases_AnnualTables]","2016","1","Count_MedicalConditionIncident_40To64Years_ConditionMalaria"
"[]","[]","[P1Y]","[CDC_NNDSS_Diseases_AnnualTables]","2016","1","Count_MedicalConditionIncident_40To64Years_ConditionMumps"
"[]","[]","[P1Y]","[CDC_NNDSS_Diseases_AnnualTables]","2016","1","Count_MedicalConditionIncident_5To14Years_ConditionPostDiarrheal_HemolyticUremicSyndrome"
"[]","[]","[P1Y]","[CDC_NNDSS_Diseases_AnnualTables]","2016","1","Count_MedicalConditionIncident_65_MoreYears_ConditionMumps"
"[]","[]","[P1Y]","[CDC_NNDSS_Diseases_AnnualTables]","2016","1","Count_MedicalConditionIncident_GenderUnknown_NotStated_ConditionLassaHemorrhagicFever"
"[]","[]","[P1Y]","[CDC_NNDSS_Diseases_AnnualTables]","2016","1","Count_MedicalConditionIncident_Male_ConditionSyphilis"
"[]","[]","[P1Y]","[CDC_NNDSS_Diseases_AnnualTables]","2016","1","Count_MedicalConditionIncident_ConditionMeningococcalMeningitis_Asian_PacificIslander"
"[]","[]","[P1Y]","[CDC_NNDSS_Diseases_AnnualTables]","2016","1","Count_MedicalConditionIncident_Male_ConditionHumanGranulocyticAnaplasmosis"
"[]","[]","[P1Y]","[CDC_NNDSS_Diseases_AnnualTables]","2016","1","Count_MedicalConditionIncident_NotHispanic_Latino_ConditionHaemophilusMeningitis"
"[]","[]","[P1Y]","[CDC_NNDSS_Diseases_AnnualTables]","2016","1","Count_MedicalConditionIncident_Years40To64_ConditionHaemophilusInfluenzaeOrInvasiveDisease_SerotypeB"
"[]","[]","[P1Y]","[CDC_NNDSS_Diseases_AnnualTables]","2016","1","Count_MedicalConditionIncident_GenderUnknown_NotStated_ConditionNonCongenitalDisease_ZikaVirusInfection"
"[]","[]","[P1Y]","[CDC_NNDSS_Diseases_AnnualTables]","2020","1","Count_MedicalConditionIncident_ConditionZikaVirusDisease_CongenitalDisease_NonUSResident"
"[]","[]","[P1Y]","[CDC_NNDSS_Diseases_AnnualTables]","2020","1","Count_MedicalConditionIncident_ConditionTrichinellosis_NonUSResident"
"[]","[]","[P1Y]","[CDC_NNDSS_Diseases_AnnualTables]","2016","1","Count_MedicalConditionIncident_ConditionListeriosis_Black_AfricanAmericanAlone"
"[]","[]","[P1Y]","[CDC_NNDSS_Diseases_AnnualTables]","2016","1","Count_MedicalConditionIncident_NotHispanic_Latino_ConditionInvasiveDisease_HaemophilusInfluenzae"
"[]","[]","[P1Y]","[CDC_NNDSS_Diseases_AnnualTables]","2016","1","Count_MedicalConditionIncident_15To24Years_ConditionJuninHemorrhagicFever"
"[]","[]","[P1Y]","[CDC_NNDSS_Diseases_AnnualTables]","2016","1","Count_MedicalConditionIncident_YearsUpto1_ConditionHaemophilusInfluenzaeOrInvasiveDisease_SerotypeB"
"[]","[]","[P1Y]","[CDC_NNDSS_Diseases_AnnualTables]","2016","1","Count_MedicalConditionIncident_ConditionMeningococcalMeningitis_Asian_PacificIslander_ACWYSerogroup"
"[]","[]","[P1Y]","[CDC_NNDSS_Diseases_AnnualTables]","2016","65","Count_MedicalConditionIncident_ConditionPowassanVirusDisease_NonNeuroinvasiveDisease"
"[]","[]","[P1Y]","[CDC_NNDSS_Diseases_AnnualTables]","2016","1","Count_MedicalConditionIncident_5To14Years_ConditionShigellosis"
"[]","[]","[P1Y]","[CDC_NNDSS_Diseases_AnnualTables]","2016","1","Count_MedicalConditionIncident_Hispanic_Latino_ConditionLeptospirosis"
"[]","[]","[P1Y]","[CDC_NNDSS_Diseases_AnnualTables]","2016","1","Count_MedicalConditionIncident_ConditionBabesiosis_ProbableCase_OtherRace"
"[]","[]","[P1Y]","[CDC_NNDSS_Diseases_AnnualTables]","2016","1","Count_MedicalConditionIncident_Female_ConditionChancroid"
"[]","[]","[P1Y]","[CDC_NNDSS_Diseases_AnnualTables]","2016","1","Count_MedicalConditionIncident_AgeNotStated_ConditionListeriosis_ConfirmedCase"
"[]","[]","[P1Y]","[CDC_NNDSS_Diseases_AnnualTables]","2016","1","Count_MedicalConditionIncident_Female_ConditionNovelInfluenzaAViralInfection"
"[]","[]","[P1Y]","[CDC_NNDSS_Diseases_AnnualTables]","2016","1","Count_MedicalConditionIncident_ConditionParalyticPoliomyelitis_OtherRace"
"[]","[]","[P1Y]","[CDC_NNDSS_Diseases_AnnualTables]","2016","1","Count_MedicalConditionIncident_ConditionPertussis_Asian_PacificIslander"
"[]","[]","[P1Y]","[CDC_NNDSS_Diseases_AnnualTables]","2016","1","Count_MedicalConditionIncident_Years65Onwards_ConditionNonNeuroinvasiveDiseaseOrLaCrosseVirusDisease"
"[]","[]","[P1Y]","[CDC_NNDSS_Diseases_AnnualTables]","2016","1","Count_MedicalConditionIncident_ConditionYellowFever_BlackOrAfricanAmericanAlone"
"[]","[]","[P1Y]","[CDC_NNDSS_Diseases_AnnualTables]","2016","1","Count_MedicalConditionIncident_1To4Years_ConditionStreptococcalToxicShockSyndrome"
"[]","[]","[P1Y]","[CDC_NNDSS_Diseases_AnnualTables]","2016","1","Count_MedicalConditionIncident_1To4Years_ConditionListeriosis_ConfirmedCase"
"[]","[]","[P1Y]","[CDC_NNDSS_Diseases_AnnualTables]","2016","1","Count_MedicalConditionIncident_ConditionMalaria_USResident"
"[]","[]","[P1Y]","[CDC_NNDSS_Diseases_AnnualTables]","2016","1","Count_MedicalConditionIncident_5_LessYears_Hispanic_Latino_ConditionInvasiveDisease_HaemophilusInfluenzae_OtherSerogroups"
"[]","[]","[P1Y]","[CDC_NNDSS_Diseases_AnnualTables]","2016","1","Count_MedicalConditionIncident_Male_ConditionPlague"
"[]","[]","[P1Y]","[CDC_NNDSS_Diseases_AnnualTables]","2016","1","Count_MedicalConditionIncident_1_LessYears_ConditionDengueDisease"
"[]","[]","[P1Y]","[CDC_NNDSS_Diseases_AnnualTables]","2016","1","Count_MedicalConditionIncident_NotHispanic_Latino_ConditionCongenitalSyphilis"
"[]","[]","[P1Y]","[CDC_NNDSS_Diseases_AnnualTables]","2016","1","Count_MedicalConditionIncident_1To4Years_ConditionCryptosporidiosis_ConfirmedCase"
"[]","[]","[P1Y]","[CDC_NNDSS_Diseases_AnnualTables]","2016","1","Count_MedicalConditionIncident_40To64Years_ConditionTuberculosis"
"[]","[]","[P1Y]","[CDC_NNDSS_Diseases_AnnualTables]","2016","1","Count_MedicalConditionIncident_Female_ConditionMeningococcalMeningitis_SerogroupB"
"[]","[]","[P1Y]","[CDC_NNDSS_Diseases_AnnualTables]","2016","1","Count_MedicalConditionIncident_Male_ConditionCandidaAuris_ClinicalCase"
"[]","[]","[P1Y]","[CDC_NNDSS_Diseases_AnnualTables]","2016","1","Count_MedicalConditionIncident_ConditionYellowFever_WhiteAlone"
"[]","[]","[P1Y]","[CDC_NNDSS_Diseases_AnnualTables]","2016","1","Count_MedicalConditionIncident_NotHispanic_Latino_ConditionNonNeuroinvasiveDisease_WestNileVirusDisease"
"[]","[]","[P1Y]","[CDC_NNDSS_Diseases_AnnualTables]","2016","1","Count_MedicalConditionIncident_ConditionPlague_WhiteAlone"
"[]","[]","[P1Y]","[CDC_NNDSS_Diseases_AnnualTables]","2016","1","Count_MedicalConditionIncident_Female_ConditionMeningococcalMeningitis"
"[]","[]","[P1Y]","[CDC_NNDSS_Diseases_AnnualTables]","2016","1","Count_MedicalConditionIncident_5To14Years_ConditionLegionnairesDisease"
"[]","[]","[P1Y]","[CDC_NNDSS_Diseases_AnnualTables]","2016","1","Count_MedicalConditionIncident_ConditionCryptosporidiosis_OtherRace"
"[]","[]","[P1Y]","[CDC_NNDSS_Diseases_AnnualTables]","2016","1","Count_MedicalConditionIncident_NotHispanic_Latino_ConditionCarbapenemResistantEnterobacteriaceae"
"[]","[]","[P1Y]","[CDC_NNDSS_Diseases_AnnualTables]","2016","1","Count_MedicalConditionIncident_Hispanic_Latino_ConditionCandidaAuris_ClinicalCase"
"[]","[]","[P1Y]","[CDC_NNDSS_Diseases_AnnualTables]","2016","1","Count_MedicalConditionIncident_ConditionEhrlichiaEwingiiInfection_WhiteAlone"
"[]","[]","[P1Y]","[CDC_NNDSS_Diseases_AnnualTables]","2016","1","Count_MedicalConditionIncident_AgeNotStated_ConditionStreptococcusPneumonia"
"[]","[]","[P1Y]","[CDC_NNDSS_Diseases_AnnualTables]","2016","1","Count_MedicalConditionIncident_AgeNotStated_ConditionNonNeuroinvasiveDiseaseOrWestNileVirusDisease"
"[]","[]","[P1Y]","[CDC_NNDSS_Diseases_AnnualTables]","2016","1","Count_MedicalConditionIncident_Years1To4_ConditionNeuroinvasiveDiseaseOrStLouisEncephalitis"
"[]","[]","[P1Y]","[CDC_NNDSS_Diseases_AnnualTables]","2016","1","Count_MedicalConditionIncident_40To64Years_ConditionChikungunya"
"[]","[]","[P1Y]","[CDC_NNDSS_Diseases_AnnualTables]","2016","1","Count_MedicalConditionIncident_1To4Years_ConditionNeuroinvasiveDisease_WestNileVirusDisease"
"[]","[]","[P1Y]","[CDC_NNDSS_Diseases_AnnualTables]","2016","1","Count_MedicalConditionIncident_ConditionHumanMonocyticEhrlichiosis_USResident"
"[]","[]","[P1Y]","[CDC_NNDSS_Diseases_AnnualTables]","2016","1","Count_MedicalConditionIncident_Hispanic_Latino_ConditionNeuroinvasiveDisease_PowassanVirusDisease"
"[]","[]","[P1Y]","[CDC_NNDSS_Diseases_AnnualTables]","2016","1","Count_MedicalConditionIncident_Hispanic_Latino_ConditionHIVAIDS"
"[]","[]","[P1Y]","[CDC_NNDSS_Diseases_AnnualTables]","2016","1","Count_MedicalConditionIncident_AgeNotStated_ConditionNeuroinvasiveDiseaseOrStLouisEncephalitis"
"[]","[]","[P1Y]","[CDC_NNDSS_Diseases_AnnualTables]","2016","1","Count_MedicalConditionIncident_ConditionHantavirusPulmonarySyndrome_WhiteAlone"
"[]","[]","[P1Y]","[CDC_NNDSS_Diseases_AnnualTables]","2016","1","Count_MedicalConditionIncident_ConditionAcuteCondition_QFever_RaceUnknown_NotStated"
"[]","[]","[P1Y]","[CDC_NNDSS_Diseases_AnnualTables]","2016","1","Count_MedicalConditionIncident_1_LessYears_ConditionCoccidioidomycosis"
"[]","[]","[P1Y]","[CDC_NNDSS_Diseases_AnnualTables]","2016","1","Count_MedicalConditionIncident_25To39Years_ConditionCandidaAuris_ClinicalCase"
"[]","[]","[P1Y]","[CDC_NNDSS_Diseases_AnnualTables]","2016","1","Count_MedicalConditionIncident_Hispanic_Latino_ConditionAcuteCondition_QFever"
"[]","[]","[P1Y]","[CDC_NNDSS_Diseases_AnnualTables]","2016","1","Count_MedicalConditionIncident_Male_ConditionNonparalyticPoliomyelitis"
"[]","[]","[P1Y]","[CDC_NNDSS_Diseases_AnnualTables]","2016","1","Count_MedicalConditionIncident_25To39Years_ConditionListeriosis"
"[]","[]","[P1Y]","[CDC_NNDSS_Diseases_AnnualTables]","2016","1","Count_MedicalConditionIncident_25To39Years_ConditionTrichinellosis"
"[]","[]","[P1Y]","[CDC_NNDSS_Diseases_AnnualTables]","2016","1","Count_MedicalConditionIncident_15To24Years_ConditionSmallpox"
"[]","[]","[P1Y]","[CDC_NNDSS_Diseases_AnnualTables]","2016","1","Count_MedicalConditionIncident_Years15To24_ConditionCoccidioidomycosis_ConfirmedCase"
"[]","[]","[P1Y]","[CDC_NNDSS_Diseases_AnnualTables]","2016","1","Count_MedicalConditionIncident_Female_ConditionVancomycinResistantStaphylococcusAureus"
"[]","[]","[P1Y]","[CDC_NNDSS_Diseases_AnnualTables]","2016","1","Count_MedicalConditionIncident_65_MoreYears_ConditionListeriosis_ConfirmedCase"
"[]","[]","[P1Y]","[CDC_NNDSS_Diseases_AnnualTables]","2016","1","Count_MedicalConditionIncident_GenderUnknown_NotStated_ConditionStreptococcusPneumonia"
"[]","[]","[P1Y]","[CDC_NNDSS_Diseases_AnnualTables]","2016","1","Count_MedicalConditionIncident_EthnicityUnknown_NotStated_ConditionAcuteCondition_QFever"
"[]","[]","[P1Y]","[CDC_NNDSS_Diseases_AnnualTables]","2016","1","Count_MedicalConditionIncident_NotHispanicOrLatino_ConditionCoccidioidomycosis_ProbableCase"
"[]","[]","[P1Y]","[CDC_NNDSS_Diseases_AnnualTables]","2016","1","Count_MedicalConditionIncident_Years15To24_ConditionZikaVirusDiseaseOrCongenitalDisease"
"[]","[]","[P1Y]","[CDC_NNDSS_Diseases_AnnualTables]","2020","1","Count_MedicalConditionIncident_ConditionYellowFever_NonUSResident"
"[]","[]","[P1Y]","[CDC_NNDSS_Diseases_AnnualTables]","2016","1","Count_MedicalConditionIncident_ConditionMeningococcalMeningitis_OtherRace"
"[]","[]","[P1Y]","[CDC_NNDSS_Diseases_AnnualTables]","2016","1","Count_MedicalConditionIncident_AgeNotStated_ConditionHumanMonocyticEhrlichiosis"
"[]","[]","[P1Y]","[CDC_NNDSS_Diseases_AnnualTables]","2016","1","Count_MedicalConditionIncident_65_MoreYears_ConditionLymeDisease_ProbableCase"
"[]","[]","[P1Y]","[CDC_NNDSS_Diseases_AnnualTables]","2016","1","Count_MedicalConditionIncident_NotHispanic_Latino_ConditionLymeDisease_ProbableCase"
"[]","[]","[P1Y]","[CDC_NNDSS_Diseases_AnnualTables]","2016","1","Count_MedicalConditionIncident_ConditionMeningococcalMeningitis_RaceUnknown_NotStated_ACWYSerogroup"
"[]","[]","[P1Y]","[CDC_NNDSS_Diseases_AnnualTables]","2016","1","Count_MedicalConditionIncident_Years25To39_ConditionCoccidioidomycosis_ConfirmedCase"
"[]","[]","[P1Y]","[CDC_NNDSS_Diseases_AnnualTables]","2016","1","Count_MedicalConditionIncident_Hispanic_Latino_ConditionCryptosporidiosis"
"[]","[]","[P1Y]","[CDC_NNDSS_Diseases_AnnualTables]","2016","1","Count_MedicalConditionIncident_ConditionNonparalyticPoliomyelitis_Black_AfricanAmericanAlone"
"[]","[]","[P1Y]","[CDC_NNDSS_Diseases_AnnualTables]","2016","1","Count_MedicalConditionIncident_40To64Years_ConditionCongenitalDisease_Rubella"
"[]","[]","[P1Y]","[CDC_NNDSS_Diseases_AnnualTables]","2016","1","Count_MedicalConditionIncident_EthnicityUnknown_NotStated_ConditionMumps"
"[]","[]","[P1Y]","[CDC_NNDSS_Diseases_AnnualTables]","2016","1","Count_MedicalConditionIncident_65_MoreYears_ConditionTuberculosis"
"[]","[]","[P1Y]","[CDC_NNDSS_Diseases_AnnualTables]","2016","1","Count_MedicalConditionIncident_ConditionListeriosis_OtherRace"
"[]","[]","[P1Y]","[CDC_NNDSS_Diseases_AnnualTables]","2016","1","Count_MedicalConditionIncident_NotHispanicOrLatino_ConditionChickenpox_PatientDeceased"
"[]","[]","[P1Y]","[CDC_NNDSS_Diseases_AnnualTables]","2016","1","Count_MedicalConditionIncident_GenderUnknown_NotStated_ConditionParatyphoid"
"[]","[]","[P1Y]","[CDC_NNDSS_Diseases_AnnualTables]","2016","1","Count_MedicalConditionIncident_Female_ConditionGiardiasis"
"[]","[]","[P1Y]","[CDC_NNDSS_Diseases_AnnualTables]","2016","1","Count_MedicalConditionIncident_ConditionShigaToxinEColi_RaceUnknown_NotStated"
"[]","[]","[P1Y]","[CDC_NNDSS_Diseases_AnnualTables]","2016","1","Count_MedicalConditionIncident_AgeNotStated_ConditionSyphilis"
"[]","[]","[P1Y]","[CDC_NNDSS_Diseases_AnnualTables]","2016","1","Count_MedicalConditionIncident_ConditionAcuteCondition_HepatitisC_ConfirmedCase_OtherRace"
"[]","[]","[P1Y]","[CDC_NNDSS_Diseases_AnnualTables]","2016","1","Count_MedicalConditionIncident_GenderUnknown_NotStated_ConditionChlamydia"
"[]","[]","[P1Y]","[CDC_NNDSS_Diseases_AnnualTables]","2016","65","Count_MedicalConditionIncident_ConditionShigaToxinEColi"
"[]","[]","[P1Y]","[CDC_NNDSS_Diseases_AnnualTables]","2016","1","Count_MedicalConditionIncident_Female_ConditionCoccidioidomycosis_ConfirmedCase"
"[]","[]","[P1Y]","[CDC_NNDSS_Diseases_AnnualTables]","2016","1","Count_MedicalConditionIncident_40To64Years_ConditionNonCongenitalDisease_ZikaVirusDisease"
"[]","[]","[P1Y]","[CDC_NNDSS_Diseases_AnnualTables]","2016","1","Count_MedicalConditionIncident_ConditionSyphilis_OtherRace"
"[]","[]","[P1Y]","[CDC_NNDSS_Diseases_AnnualTables]","2016","1","Count_MedicalConditionIncident_ConditionStreptococcusPneumonia_ConfirmedCase_USResident"
"[]","[]","[P1Y]","[CDC_NNDSS_Diseases_AnnualTables]","2016","1","Count_MedicalConditionIncident_1To4Years_ConditionGonorrhea"
"[]","[]","[P1Y]","[CDC_NNDSS_Diseases_AnnualTables]","2016","1","Count_MedicalConditionIncident_5To14Years_ConditionChronicCondition_QFever"
"[]","[]","[P1Y]","[CDC_NNDSS_Diseases_AnnualTables]","2016","1","Count_MedicalConditionIncident_Years25To39_ConditionInfantBotulism"
"[]","[]","[P1Y]","[CDC_NNDSS_Diseases_AnnualTables]","2016","1","Count_MedicalConditionIncident_5To14Years_ConditionPerinatalInfection_HepatitisC"
"[]","[]","[P1Y]","[CDC_NNDSS_Diseases_AnnualTables]","2016","1","Count_MedicalConditionIncident_5To14Years_ConditionPerinatalInfection_HepatitisB"
"[]","[]","[P1Y]","[CDC_NNDSS_Diseases_AnnualTables]","2016","1","Count_MedicalConditionIncident_40To64Years_ConditionNonNeuroinvasiveDisease_JamestownCanyonVirusDisease"
"[]","[]","[P1Y]","[CDC_NNDSS_Diseases_AnnualTables]","2016","1","Count_MedicalConditionIncident_ConditionPertussis_USResident"
"[]","[]","[P1Y]","[CDC_NNDSS_Diseases_AnnualTables]","2016","1","Count_MedicalConditionIncident_1_LessYears_ConditionTetanus"
"[]","[]","[P1Y]","[CDC_NNDSS_Diseases_AnnualTables]","2016","1","Count_MedicalConditionIncident_GenderUnknown_NotStated_ConditionVibriosisExcludingCholera_ProbableCase"
"[]","[]","[P1Y]","[CDC_NNDSS_Diseases_AnnualTables]","2016","1","Count_MedicalConditionIncident_GenderUnknown_NotStated_ConditionPertussis"
"[]","[]","[P1Y]","[CDC_NNDSS_Diseases_AnnualTables]","2016","1","Count_MedicalConditionIncident_ConditionZikaVirusInfectionOrCongenitalDisease_AsianOrPacificIslander"
"[]","[]","[P1Y]","[CDC_NNDSS_Diseases_AnnualTables]","2016","1","Count_MedicalConditionIncident_ConditionStreptococcusPneumonia_AmericanIndianAndAlaskaNativeAlone"
"[]","[]","[P1Y]","[CDC_NNDSS_Diseases_AnnualTables]","2016","1","Count_MedicalConditionIncident_ConditionCryptosporidiosis_ProbableCase_RaceUnknown_NotStated"
"[]","[]","[P1Y]","[CDC_NNDSS_Diseases_AnnualTables]","2016","1","Count_MedicalConditionIncident_15To24Years_ConditionChronicCondition_QFever"
"[]","[]","[P1Y]","[CDC_NNDSS_Diseases_AnnualTables]","2016","1","Count_MedicalConditionIncident_1To4Years_ConditionLeprosy"
"[]","[]","[P1Y]","[CDC_NNDSS_Diseases_AnnualTables]","2016","1","Count_MedicalConditionIncident_ConditionPerinatalInfection_HepatitisC_AmericanIndianAndAlaskaNativeAlone"
"[]","[]","[P1Y]","[CDC_NNDSS_Diseases_AnnualTables]","2016","1","Count_MedicalConditionIncident_NotHispanicOrLatino_ConditionChancroid"
"[]","[]","[P1Y]","[CDC_NNDSS_Diseases_AnnualTables]","2016","1","Count_MedicalConditionIncident_ConditionYellowFever_AmericanIndianAndAlaskaNativeAlone"
"[]","[]","[P1Y]","[CDC_NNDSS_Diseases_AnnualTables]","2016","1","Count_MedicalConditionIncident_YearsUpto1_ConditionRabiesinhuman"
"[]","[]","[P1Y]","[CDC_NNDSS_Diseases_AnnualTables]","2016","1","Count_MedicalConditionIncident_ConditionRubella_RaceUnknownOrNotStated"
"[]","[]","[P1Y]","[CDC_NNDSS_Diseases_AnnualTables]","2016","1","Count_MedicalConditionIncident_1_LessYears_ConditionStreptococcusPneumonia_ProbableCase"
"[]","[]","[P1Y]","[CDC_NNDSS_Diseases_AnnualTables]","2016","1","Count_MedicalConditionIncident_ConditionMeningococcalMeningitis_RaceUnknown_NotStated_UnknownSerogroups"
"[]","[]","[P1Y]","[CDC_NNDSS_Diseases_AnnualTables]","2016","1","Count_MedicalConditionIncident_ConditionCryptosporidiosis_ConfirmedCase_WhiteAlone"
"[]","[]","[P1Y]","[CDC_NNDSS_Diseases_AnnualTables]","2016","1","Count_MedicalConditionIncident_ConditionCarbapenemResistantEnterobacteriaceae_RaceUnknown_NotStated"
"[]","[]","[P1Y]","[CDC_NNDSS_Diseases_AnnualTables]","2016","65","Count_MedicalConditionIncident_ConditionSalmonellosisExceptTyphiAndParatyphi"
"[]","[]","[P1Y]","[CDC_NNDSS_Diseases_AnnualTables]","2016","1","Count_MedicalConditionIncident_Hispanic_Latino_ConditionPsittacosis"
"[]","[]","[P1Y]","[CDC_NNDSS_Diseases_AnnualTables]","2016","1","Count_MedicalConditionIncident_1To4Years_ConditionAcuteCondition_HepatitisC_ProbableCase"
"[]","[]","[P1Y]","[CDC_NNDSS_Diseases_AnnualTables]","2016","1","Count_MedicalConditionIncident_25To39Years_ConditionVibriosisExcludingCholera_ConfirmedCase"
"[]","[]","[P1Y]","[CDC_NNDSS_Diseases_AnnualTables]","2016","1","Count_MedicalConditionIncident_1To4Years_ConditionPostDiarrheal_HemolyticUremicSyndrome"
"[]","[]","[P1Y]","[CDC_NNDSS_Diseases_AnnualTables]","2016","1","Count_MedicalConditionIncident_ConditionWoundBotulism_Asian_PacificIslander"
"[]","[]","[P1Y]","[CDC_NNDSS_Diseases_AnnualTables]","2016","1","Count_MedicalConditionIncident_Years25To39_ConditionZikaVirusDiseaseOrCongenitalDisease"
"[]","[]","[P1Y]","[CDC_NNDSS_Diseases_AnnualTables]","2016","65","Count_MedicalConditionIncident_ConditionListeriosis_ProbableCase"
"[]","[]","[P1Y]","[CDC_NNDSS_Diseases_AnnualTables]","2016","1","Count_MedicalConditionIncident_1_LessYears_ConditionSpottedFeverRickettsiosis_ProbableCase"
"[]","[]","[P1Y]","[CDC_NNDSS_Diseases_AnnualTables]","2016","1","Count_MedicalConditionIncident_ConditionTrichinellosis_AmericanIndianAndAlaskaNativeAlone"
"[]","[]","[P1Y]","[CDC_NNDSS_Diseases_AnnualTables]","2016","1","Count_MedicalConditionIncident_Female_ConditionPsittacosis"
"[]","[]","[P1Y]","[CDC_NNDSS_Diseases_AnnualTables]","2016","1","Count_MedicalConditionIncident_ConditionSpottedFeverRickettsiosis_ConfirmedCase_Asian_PacificIslander"
"[]","[]","[P1Y]","[CDC_NNDSS_Diseases_AnnualTables]","2016","1","Count_MedicalConditionIncident_ConditionJamestownCanyonVirusDisease_NonNeuroinvasiveDisease_USResident"
"[]","[]","[P1Y]","[CDC_NNDSS_Diseases_AnnualTables]","2016","1","Count_MedicalConditionIncident_EthnicityUnknown_NotStated_ConditionNeuroinvasiveDisease_EasternEquineEncephalitis"
"[]","[]","[P1Y]","[CDC_NNDSS_Diseases_AnnualTables]","2016","1","Count_MedicalConditionIncident_25To39Years_ConditionTetanus"
"[]","[]","[P1Y]","[CDC_NNDSS_Diseases_AnnualTables]","2016","1","Count_MedicalConditionIncident_ConditionRabiesinhuman_USResident"
"[]","[]","[P1Y]","[CDC_NNDSS_Diseases_AnnualTables]","2016","1","Count_MedicalConditionIncident_ConditionStLouisEncephalitis_NonNeuroinvasiveDisease_USResident"
"[]","[]","[P1Y]","[CDC_NNDSS_Diseases_AnnualTables]","2016","1","Count_MedicalConditionIncident_ConditionMeasles_IndigenousCase_WhiteAlone"
"[]","[]","[P1Y]","[CDC_NNDSS_Diseases_AnnualTables]","2016","1","Count_MedicalConditionIncident_ConditionVibriosisExcludingCholera_USResident"
"[]","[]","[P1Y]","[CDC_NNDSS_Diseases_AnnualTables]","2016","1","Count_MedicalConditionIncident_1To4Years_ConditionEhrlichiosis"
"[]","[]","[P1Y]","[CDC_NNDSS_Diseases_AnnualTables]","2016","1","Count_MedicalConditionIncident_HispanicOrLatino_ConditionZikaVirusDiseaseOrCongenitalDisease"
"[]","[]","[P1Y]","[CDC_NNDSS_Diseases_AnnualTables]","2016","1","Count_MedicalConditionIncident_Male_ConditionNonNeuroinvasiveDiseaseOrLaCrosseVirusDisease"
"[]","[]","[P1Y]","[CDC_NNDSS_Diseases_AnnualTables]","2020","1","Count_MedicalConditionIncident_ConditionWestNileVirusDisease_NonNeuroinvasiveDisease_NonUSResident"
"[]","[]","[P1Y]","[CDC_NNDSS_Diseases_AnnualTables]","2016","1","Count_MedicalConditionIncident_Years1To4_ConditionCoccidioidomycosis_ConfirmedCase"
"[]","[]","[P1Y]","[CDC_NNDSS_Diseases_AnnualTables]","2016","1","Count_MedicalConditionIncident_ConditionEhrlichiosis_WhiteAlone"
"[]","[]","[P1Y]","[CDC_NNDSS_Diseases_AnnualTables]","2016","1","Count_MedicalConditionIncident_Male_ConditionNonNeuroinvasiveDisease_PowassanVirusDisease"
"[]","[]","[P1Y]","[CDC_NNDSS_Diseases_AnnualTables]","2016","1","Count_MedicalConditionIncident_EthnicityUnknown_NotStated_ConditionDengueDisease"
"[]","[]","[P1Y]","[CDC_NNDSS_Diseases_AnnualTables]","2016","1","Count_MedicalConditionIncident_1_LessYears_ConditionHantavirusPulmonarySyndrome"
"[]","[]","[P1Y]","[CDC_NNDSS_Diseases_AnnualTables]","2016","65","Count_MedicalConditionIncident_ConditionCongenitalSyphilis"
"[]","[]","[P1Y]","[CDC_NNDSS_Diseases_AnnualTables]","2016","1","Count_MedicalConditionIncident_ConditionPowassanVirusDisease_NonNeuroinvasiveDisease_USResident"
"[]","[]","[P1Y]","[CDC_NNDSS_Diseases_AnnualTables]","2016","1","Count_MedicalConditionIncident_GenderUnknown_NotStated_ConditionGonorrhea"
"[]","[]","[P1Y]","[CDC_NNDSS_Diseases_AnnualTables]","2016","1","Count_MedicalConditionIncident_EthnicityUnknown_NotStated_ConditionWoundBotulism"
"[]","[]","[P1Y]","[CDC_NNDSS_Diseases_AnnualTables]","2016","1","Count_MedicalConditionIncident_15To24Years_ConditionCyclosporiasis"
"[]","[]","[P1Y]","[CDC_NNDSS_Diseases_AnnualTables]","2016","1","Count_MedicalConditionIncident_EthnicityUnknown_NotStated_ConditionStreptococcusPneumonia_ConfirmedCase"
"[]","[]","[P1Y]","[CDC_NNDSS_Diseases_AnnualTables]","2016","1","Count_MedicalConditionIncident_25To39Years_ConditionLymeDisease"
"[]","[]","[P1Y]","[CDC_NNDSS_Diseases_AnnualTables]","2016","1","Count_MedicalConditionIncident_ConditionCholera_USResident"
"[]","[]","[P1Y]","[CDC_NNDSS_Diseases_AnnualTables]","2016","1","Count_MedicalConditionIncident_ConditionLeprosy_AmericanIndianAndAlaskaNativeAlone"
"[]","[]","[P1Y]","[CDC_NNDSS_Diseases_AnnualTables]","2016","1","Count_MedicalConditionIncident_NotHispanic_Latino_ConditionDengueDisease"
"[]","[]","[P1Y]","[CDC_NNDSS_Diseases_AnnualTables]","2016","1","Count_MedicalConditionIncident_GenderUnknown_NotStated_ConditionSyphilisPrimaryAndSecondary"
"[]","[]","[P1Y]","[CDC_NNDSS_Diseases_AnnualTables]","2016","1","Count_MedicalConditionIncident_ConditionGonorrhea_Asian_PacificIslander"
"[]","[]","[P1Y]","[CDC_NNDSS_Diseases_AnnualTables]","2016","1","Count_MedicalConditionIncident_ConditionNonCongenitalDisease_ZikaVirusInfection_Asian_PacificIslander"
"[]","[]","[P1Y]","[CDC_NNDSS_Diseases_AnnualTables]","2016","1","Count_MedicalConditionIncident_ConditionNonparalyticPoliomyelitis_WhiteAlone"
"[]","[]","[P1Y]","[CDC_NNDSS_Diseases_AnnualTables]","2016","1","Count_MedicalConditionIncident_ConditionHantavirusPulmonarySyndrome_OtherRace"
"[]","[]","[P1Y]","[CDC_NNDSS_Diseases_AnnualTables]","2016","1","Count_MedicalConditionIncident_ConditionNonNeuroinvasiveDiseaseOrJamestownCanyonVirusDisease_AmericanIndianAndAlaskaNativeAlone"
"[]","[]","[P1Y]","[CDC_NNDSS_Diseases_AnnualTables]","2016","1","Count_MedicalConditionIncident_ConditionChickenpox_Black_AfricanAmericanAlone"
"[]","[]","[P1Y]","[CDC_NNDSS_Diseases_AnnualTables]","2016","1","Count_MedicalConditionIncident_1_LessYears_ConditionNonCongenitalDisease_ZikaVirusDisease"
"[]","[]","[P1Y]","[CDC_NNDSS_Diseases_AnnualTables]","2016","1","Count_MedicalConditionIncident_NotHispanic_Latino_ConditionSyphilisPrimaryAndSecondary"
"[]","[]","[P1Y]","[CDC_NNDSS_Diseases_AnnualTables]","2016","65","Count_MedicalConditionIncident_ConditionChancroid"
"[]","[]","[P1Y]","[CDC_NNDSS_Diseases_AnnualTables]","2016","1","Count_MedicalConditionIncident_ConditionNeuroinvasiveDisease_LaCrosseVirusDisease_Black_AfricanAmericanAlone"
"[]","[]","[P1Y]","[CDC_NNDSS_Diseases_AnnualTables]","2016","1","Count_MedicalConditionIncident_5To14Years_ConditionDengueLikeIllness"
"[]","[]","[P1Y]","[CDC_NNDSS_Diseases_AnnualTables]","2016","1","Count_MedicalConditionIncident_15To24Years_ConditionBabesiosis"
"[]","[]","[P1Y]","[CDC_NNDSS_Diseases_AnnualTables]","2016","1","Count_MedicalConditionIncident_NotHispanic_Latino_ConditionWoundBotulism"
"[]","[]","[P1Y]","[CDC_NNDSS_Diseases_AnnualTables]","2016","1","Count_MedicalConditionIncident_65_MoreYears_ConditionLassaHemorrhagicFever"
"[]","[]","[P1Y]","[CDC_NNDSS_Diseases_AnnualTables]","2016","1","Count_MedicalConditionIncident_NotHispanic_Latino_ConditionEhrlichiaEwingiiInfection"
"[]","[]","[P1Y]","[CDC_NNDSS_Diseases_AnnualTables]","2016","1","Count_MedicalConditionIncident_65_MoreYears_ConditionSalmonellosisExceptTyphiAndParatyphi"
"[]","[]","[P1Y]","[CDC_NNDSS_Diseases_AnnualTables]","2016","1","Count_MedicalConditionIncident_ConditionStreptococcusPneumonia_OtherRace"
"[]","[]","[P1Y]","[CDC_NNDSS_Diseases_AnnualTables]","2016","1","Count_MedicalConditionIncident_ConditionSyphilis_USResident"
"[]","[]","[P1Y]","[CDC_NNDSS_Diseases_AnnualTables]","2016","1","Count_MedicalConditionIncident_Female_ConditionCandidaAuris_Screening"
"[]","[]","[P1Y]","[CDC_NNDSS_Diseases_AnnualTables]","2016","1","Count_MedicalConditionIncident_ConditionLymeDisease_Asian_PacificIslander"
"[]","[]","[P1Y]","[CDC_NNDSS_Diseases_AnnualTables]","2020","1","Count_MedicalConditionIncident_ConditionChancroid_NonUSResident"
"[]","[]","[P1Y]","[CDC_NNDSS_Diseases_AnnualTables]","2016","1","Count_MedicalConditionIncident_Male_ConditionLassaHemorrhagicFever"
"[]","[]","[P1Y]","[CDC_NNDSS_Diseases_AnnualTables]","2016","1","Count_MedicalConditionIncident_5To14Years_ConditionVibriosisExcludingCholera"
"[]","[]","[P1Y]","[CDC_NNDSS_Diseases_AnnualTables]","2016","1","Count_MedicalConditionIncident_ConditionParalyticPoliomyelitis_Asian_PacificIslander"
"[]","[]","[P1Y]","[CDC_NNDSS_Diseases_AnnualTables]","2016","1","Count_MedicalConditionIncident_Female_ConditionYellowFever"
"[]","[]","[P1Y]","[CDC_NNDSS_Diseases_AnnualTables]","2016","1","Count_MedicalConditionIncident_ConditionCarbapenemResistantEnterobacteriaceae_OtherRace"
"[]","[]","[P1Y]","[CDC_NNDSS_Diseases_AnnualTables]","2016","1","Count_MedicalConditionIncident_1_LessYears_ConditionLymeDisease"
"[]","[]","[P1Y]","[CDC_NNDSS_Diseases_AnnualTables]","2016","1","Count_MedicalConditionIncident_Male_ConditionMeningococcalMeningitis_OtherSerogroups"
"[]","[]","[P1Y]","[CDC_NNDSS_Diseases_AnnualTables]","2016","1","Count_MedicalConditionIncident_65_MoreYears_ConditionPostDiarrheal_HemolyticUremicSyndrome"
"[]","[]","[P1Y]","[CDC_NNDSS_Diseases_AnnualTables]","2016","1","Count_MedicalConditionIncident_ConditionPertussis_OtherRace"
"[]","[]","[P1Y]","[CDC_NNDSS_Diseases_AnnualTables]","2016","1","Count_MedicalConditionIncident_ConditionShigaToxinEColi_WhiteAlone"
"[]","[]","[P1Y]","[CDC_NNDSS_Diseases_AnnualTables]","2016","1","Count_MedicalConditionIncident_25To39Years_ConditionBabesiosis"
"[]","[]","[P1Y]","[CDC_NNDSS_Diseases_AnnualTables]","2016","1","Count_MedicalConditionIncident_ConditionPostDiarrheal_HemolyticUremicSyndrome_RaceUnknown_NotStated"
"[]","[]","[P1Y]","[CDC_NNDSS_Diseases_AnnualTables]","2016","1","Count_MedicalConditionIncident_1_LessYears_ConditionPerinatalInfection_HepatitisC"
"[]","[]","[P1Y]","[CDC_NNDSS_Diseases_AnnualTables]","2016","1","Count_MedicalConditionIncident_1_LessYears_ConditionPerinatalInfection_HepatitisB"
"[]","[]","[P1Y]","[CDC_NNDSS_Diseases_AnnualTables]","2016","1","Count_MedicalConditionIncident_ConditionVibriosisExcludingCholera_ProbableCase_WhiteAlone"
"[]","[]","[P1Y]","[CDC_NNDSS_Diseases_AnnualTables]","2016","1","Count_MedicalConditionIncident_Hispanic_Latino_ConditionSyphilis"
"[]","[]","[P1Y]","[CDC_NNDSS_Diseases_AnnualTables]","2016","1","Count_MedicalConditionIncident_EthnicityUnknown_NotStated_ConditionLegionnairesDisease"
"[]","[]","[P1Y]","[CDC_NNDSS_Diseases_AnnualTables]","2016","1","Count_MedicalConditionIncident_Female_ConditionShigaToxinEColi"
"[]","[]","[P1Y]","[CDC_NNDSS_Diseases_AnnualTables]","2016","1","Count_MedicalConditionIncident_ConditionNovelInfluenzaAViralInfection_Asian_PacificIslander"
"[]","[]","[P1Y]","[CDC_NNDSS_Diseases_AnnualTables]","2016","1","Count_MedicalConditionIncident_1_LessYears_ConditionAcuteCondition_HepatitisB"
"[]","[]","[P1Y]","[CDC_NNDSS_Diseases_AnnualTables]","2016","1","Count_MedicalConditionIncident_5_LessYears_ConditionStreptococcusPneumonia_ProbableCase_AmericanIndianAndAlaskaNativeAlone"
"[]","[]","[P1Y]","[CDC_NNDSS_Diseases_AnnualTables]","2016","1","Count_MedicalConditionIncident_AgeNotStated_ConditionNonCongenitalDisease_ZikaVirusInfection"
"[]","[]","[P1Y]","[CDC_NNDSS_Diseases_AnnualTables]","2016","1","Count_MedicalConditionIncident_1_LessYears_ConditionAcuteCondition_HepatitisA"
"[]","[]","[P1Y]","[CDC_NNDSS_Diseases_AnnualTables]","2016","1","Count_MedicalConditionIncident_EthnicityUnknown_NotStated_ConditionTularemia"
"[]","[]","[P1Y]","[CDC_NNDSS_Diseases_AnnualTables]","2016","1","Count_MedicalConditionIncident_1To4Years_ConditionSevereDengue"
"[]","[]","[P1Y]","[CDC_NNDSS_Diseases_AnnualTables]","2016","1","Count_MedicalConditionIncident_AgeNotStated_ConditionCampylobacteriosis"
"[]","[]","[P1Y]","[CDC_NNDSS_Diseases_AnnualTables]","2016","1","Count_MedicalConditionIncident_ConditionMeningococcalMeningitis_USResident_UnknownSerogroups"
"[]","[]","[P1Y]","[CDC_NNDSS_Diseases_AnnualTables]","2016","1","Count_MedicalConditionIncident_EthnicityUnknownOrNotStated_ConditionCOVID19"
"[]","[]","[P1Y]","[CDC_NNDSS_Diseases_AnnualTables]","2016","1","Count_MedicalConditionIncident_ConditionParatyphoid_RaceUnknown_NotStated"
"[]","[]","[P1Y]","[CDC_NNDSS_Diseases_AnnualTables]","2016","1","Count_MedicalConditionIncident_1_LessYears_ConditionAcuteCondition_HepatitisC"
"[]","[]","[P1Y]","[CDC_NNDSS_Diseases_AnnualTables]","2016","1","Count_MedicalConditionIncident_HispanicOrLatino_ConditionCholera"
"[]","[]","[P1Y]","[CDC_NNDSS_Diseases_AnnualTables]","2016","1","Count_MedicalConditionIncident_ConditionTuberculosis_Black_AfricanAmericanAlone"
"[]","[]","[P1Y]","[CDC_NNDSS_Diseases_AnnualTables]","2016","1","Count_MedicalConditionIncident_GenderUnknown_NotStated_ConditionMeasles_ImportedCase"
"[]","[]","[P1Y]","[CDC_NNDSS_Diseases_AnnualTables]","2020","1","Count_MedicalConditionIncident_ConditionBotulism_NonUSResident"
"[]","[]","[P1Y]","[CDC_NNDSS_Diseases_AnnualTables]","2016","65","Count_MedicalConditionIncident_ConditionGuanaritoHemorrhagicFever"
"[]","[]","[P1Y]","[CDC_NNDSS_Diseases_AnnualTables]","2016","1","Count_MedicalConditionIncident_1_LessYears_ConditionCongenitalSyphilis"
"[]","[]","[P1Y]","[CDC_NNDSS_Diseases_AnnualTables]","2016","1","Count_MedicalConditionIncident_ConditionStreptococcusPneumonia_RaceUnknown_NotStated"
"[]","[]","[P1Y]","[CDC_NNDSS_Diseases_AnnualTables]","2016","1","Count_MedicalConditionIncident_ConditionHaemophilusInfluenzae_InvasiveDisease_USResident"
"[]","[]","[P1Y]","[CDC_NNDSS_Diseases_AnnualTables]","2016","1","Count_MedicalConditionIncident_15To24Years_ConditionNeuroinvasiveDisease_PowassanVirusDisease"
"[]","[]","[P1Y]","[CDC_NNDSS_Diseases_AnnualTables]","2016","1","Count_MedicalConditionIncident_ConditionCoccidioidomycosis_ProbableCase_AsianOrPacificIslander"
"[]","[]","[P1Y]","[CDC_NNDSS_Diseases_AnnualTables]","2016","1","Count_MedicalConditionIncident_GenderUnknownOrNotStated_ConditionNonNeuroinvasiveDiseaseOrWestNileVirusDisease"
"[]","[]","[P1Y]","[CDC_NNDSS_Diseases_AnnualTables]","2016","1","Count_MedicalConditionIncident_EthnicityUnknown_NotStated_ConditionStreptococcalToxicShockSyndrome"
"[]","[]","[P1Y]","[CDC_NNDSS_Diseases_AnnualTables]","2016","1","Count_MedicalConditionIncident_AgeNotStated_ConditionPostDiarrheal_HemolyticUremicSyndrome"
"[]","[]","[P1Y]","[CDC_NNDSS_Diseases_AnnualTables]","2016","1","Count_MedicalConditionIncident_ConditionHumanGranulocyticAnaplasmosis_WhiteAlone"
"[]","[]","[P1Y]","[CDC_NNDSS_Diseases_AnnualTables]","2016","1","Count_MedicalConditionIncident_5To14Years_ConditionChickenpox"
"[]","[]","[P1Y]","[CDC_NNDSS_Diseases_AnnualTables]","2016","1","Count_MedicalConditionIncident_40To64Years_ConditionGiardiasis"
"[]","[]","[P1Y]","[CDC_NNDSS_Diseases_AnnualTables]","2016","1","Count_MedicalConditionIncident_GenderUnknown_NotStated_ConditionMalaria"
"[]","[]","[P1Y]","[CDC_NNDSS_Diseases_AnnualTables]","2016","1","Count_MedicalConditionIncident_40To64Years_ConditionLegionnairesDisease"
"[]","[]","[P1Y]","[CDC_NNDSS_Diseases_AnnualTables]","2016","1","Count_MedicalConditionIncident_ConditionVibriosisExcludingCholera_ConfirmedCase_AmericanIndianAndAlaskaNativeAlone"
"[]","[]","[P1Y]","[CDC_NNDSS_Diseases_AnnualTables]","2016","1","Count_MedicalConditionIncident_1To4Years_ConditionParalyticPoliomyelitis"
"[]","[]","[P1Y]","[CDC_NNDSS_Diseases_AnnualTables]","2020","1","Count_MedicalConditionIncident_YearsUpto5_ConditionStreptococcusPneumonia_NonUSResident"
"[]","[]","[P1Y]","[CDC_NNDSS_Diseases_AnnualTables]","2016","1","Count_MedicalConditionIncident_1_LessYears_ConditionMeningococcalMeningitis_ACWYSerogroup"
"[]","[]","[P1Y]","[CDC_NNDSS_Diseases_AnnualTables]","2016","1","Count_MedicalConditionIncident_ConditionCarbapenemResistantEnterobacteriaceae_AmericanIndianAndAlaskaNativeAlone"
"[]","[]","[P1Y]","[CDC_NNDSS_Diseases_AnnualTables]","2016","1","Count_MedicalConditionIncident_ConditionBotulism_USResident"
"[]","[]","[P1Y]","[CDC_NNDSS_Diseases_AnnualTables]","2016","1","Count_MedicalConditionIncident_Years65Onwards_ConditionHaemophilusMeningitis"
"[]","[]","[P1Y]","[CDC_NNDSS_Diseases_AnnualTables]","2016","1","Count_MedicalConditionIncident_1To4Years_ConditionLymeDisease_ConfirmedCase"
"[]","[]","[P1Y]","[CDC_NNDSS_Diseases_AnnualTables]","2016","1","Count_MedicalConditionIncident_15To24Years_ConditionChikungunya"
"[]","[]","[P1Y]","[CDC_NNDSS_Diseases_AnnualTables]","2016","1","Count_MedicalConditionIncident_ConditionCongenitalSyphilis_USResident"
"[]","[]","[P1Y]","[CDC_NNDSS_Diseases_AnnualTables]","2016","1","Count_MedicalConditionIncident_Hispanic_Latino_ConditionLymeDisease_ProbableCase"
"[]","[]","[P1Y]","[CDC_NNDSS_Diseases_AnnualTables]","2016","1","Count_MedicalConditionIncident_NotHispanic_Latino_ConditionStreptococcalToxicShockSyndrome"
"[]","[]","[P1Y]","[CDC_NNDSS_Diseases_AnnualTables]","2016","1","Count_MedicalConditionIncident_ConditionAcuteCondition_HepatitisB_Asian_PacificIslander"
"[]","[]","[P1Y]","[CDC_NNDSS_Diseases_AnnualTables]","2016","1","Count_MedicalConditionIncident_ConditionInfantBotulism_OtherRace"
"[]","[]","[P1Y]","[CDC_NNDSS_Diseases_AnnualTables]","2016","1","Count_MedicalConditionIncident_25To39Years_ConditionCarbapenemResistantEnterobacteriaceae"
"[]","[]","[P1Y]","[CDC_NNDSS_Diseases_AnnualTables]","2016","1","Count_MedicalConditionIncident_ConditionJuninHemorrhagicFever_AmericanIndianAndAlaskaNativeAlone"
"[]","[]","[P1Y]","[CDC_NNDSS_Diseases_AnnualTables]","2016","1","Count_MedicalConditionIncident_NotHispanic_Latino_ConditionMeningococcalMeningitis_UnknownSerogroups"
"[]","[]","[P1Y]","[CDC_NNDSS_Diseases_AnnualTables]","2016","1","Count_MedicalConditionIncident_65_MoreYears_ConditionToxicShockSyndromExceptStreptococcal"
"[]","[]","[P1Y]","[CDC_NNDSS_Diseases_AnnualTables]","2016","1","Count_MedicalConditionIncident_ConditionSyphilis_RaceUnknown_NotStated"
"[]","[]","[P1Y]","[CDC_NNDSS_Diseases_AnnualTables]","2016","1","Count_MedicalConditionIncident_Male_ConditionChickenpox"
"[]","[]","[P1Y]","[CDC_NNDSS_Diseases_AnnualTables]","2016","1","Count_MedicalConditionIncident_25To39Years_ConditionMeningococcalMeningitis_SerogroupB"
"[]","[]","[P1Y]","[CDC_NNDSS_Diseases_AnnualTables]","2016","1","Count_MedicalConditionIncident_5To14Years_ConditionMeningococcalMeningitis_UnknownSerogroups"
"[]","[]","[P1Y]","[CDC_NNDSS_Diseases_AnnualTables]","2016","1","Count_MedicalConditionIncident_ConditionToxicShockSyndromExceptStreptococcal_AmericanIndianAndAlaskaNativeAlone"
"[]","[]","[P1Y]","[CDC_NNDSS_Diseases_AnnualTables]","2016","1","Count_MedicalConditionIncident_5To14Years_ConditionVibriosisExcludingCholera_ProbableCase"
"[]","[]","[P1Y]","[CDC_NNDSS_Diseases_AnnualTables]","2016","1","Count_MedicalConditionIncident_ConditionMeningococcalMeningitis_OtherRace_ACWYSerogroup"
"[]","[]","[P1Y]","[CDC_NNDSS_Diseases_AnnualTables]","2016","1","Count_MedicalConditionIncident_1_LessYears_ConditionLassaHemorrhagicFever"
"[]","[]","[P1Y]","[CDC_NNDSS_Diseases_AnnualTables]","2016","1","Count_MedicalConditionIncident_GenderUnknownOrNotStated_ConditionCoccidioidomycosis_ProbableCase"
"[]","[]","[P1Y]","[CDC_NNDSS_Diseases_AnnualTables]","2016","1","Count_MedicalConditionIncident_ConditionLegionnairesDisease_Asian_PacificIslander"
"[]","[]","[P1Y]","[CDC_NNDSS_Diseases_AnnualTables]","2016","65","Count_MedicalConditionIncident_ConditionStLouisEncephalitis_NeuroinvasiveDisease"
"[]","[]","[P1Y]","[CDC_NNDSS_Diseases_AnnualTables]","2016","1","Count_MedicalConditionIncident_Hispanic_Latino_ConditionCarbapenemResistantEnterobacteriaceae"
"[]","[]","[P1Y]","[CDC_NNDSS_Diseases_AnnualTables]","2016","1","Count_MedicalConditionIncident_ConditionAcuteCondition_HepatitisB_Black_AfricanAmericanAlone"
"[]","[]","[P1Y]","[CDC_NNDSS_Diseases_AnnualTables]","2016","1","Count_MedicalConditionIncident_ConditionToxicShockSyndromExceptStreptococcal_RaceUnknown_NotStated"
"[]","[]","[P1Y]","[CDC_NNDSS_Diseases_AnnualTables]","2016","1","Count_MedicalConditionIncident_Male_ConditionNeuroinvasiveDisease_WestNileVirusDisease"
"[]","[]","[P1Y]","[CDC_NNDSS_Diseases_AnnualTables]","2016","1","Count_MedicalConditionIncident_ConditionBotulism_AmericanIndianAndAlaskaNativeAlone"
"[]","[]","[P1Y]","[CDC_NNDSS_Diseases_AnnualTables]","2016","1","Count_MedicalConditionIncident_ConditionNonCongenitalDisease_ZikaVirusDisease_Black_AfricanAmericanAlone"
"[]","[]","[P1Y]","[CDC_NNDSS_Diseases_AnnualTables]","2016","1","Count_MedicalConditionIncident_Hispanic_Latino_ConditionNonCongenitalDisease_ZikaVirusInfection"
"[]","[]","[P1Y]","[CDC_NNDSS_Diseases_AnnualTables]","2016","1","Count_MedicalConditionIncident_ConditionVibriosisExcludingCholera_ProbableCase_AmericanIndianAndAlaskaNativeAlone"
"[]","[]","[P1Y]","[CDC_NNDSS_Diseases_AnnualTables]","2016","1","Count_MedicalConditionIncident_65_MoreYears_ConditionTyphoidFever"
"[]","[]","[P1Y]","[CDC_NNDSS_Diseases_AnnualTables]","2016","1","Count_MedicalConditionIncident_ConditionMeningococcalMeningitis_RaceUnknown_NotStated_OtherSerogroups"
"[]","[]","[P1Y]","[CDC_NNDSS_Diseases_AnnualTables]","2016","1","Count_MedicalConditionIncident_5_LessYears_ConditionStreptococcusPneumonia_ProbableCase_Black_AfricanAmericanAlone"
"[]","[]","[P1Y]","[CDC_NNDSS_Diseases_AnnualTables]","2016","1","Count_MedicalConditionIncident_65_MoreYears_ConditionVibriosisExcludingCholera_ConfirmedCase"
"[]","[]","[P1Y]","[CDC_NNDSS_Diseases_AnnualTables]","2020","1","Count_MedicalConditionIncident_ConditionLassaHemorrhagicFever_NonUSResident"
"[]","[]","[P1Y]","[CDC_NNDSS_Diseases_AnnualTables]","2016","1","Count_MedicalConditionIncident_ConditionInfluenza_PediatricMortality_OtherRace"
"[]","[]","[P1Y]","[CDC_NNDSS_Diseases_AnnualTables]","2016","1","Count_MedicalConditionIncident_1To4Years_ConditionPertussis"
"[]","[]","[P1Y]","[CDC_NNDSS_Diseases_AnnualTables]","2016","1","Count_MedicalConditionIncident_ConditionLeptospirosis_Asian_PacificIslander"
"[]","[]","[P1Y]","[CDC_NNDSS_Diseases_AnnualTables]","2016","1","Count_MedicalConditionIncident_GenderUnknown_NotStated_ConditionLeprosy"
"[]","[]","[P1Y]","[CDC_NNDSS_Diseases_AnnualTables]","2016","1","Count_MedicalConditionIncident_ConditionPsittacosis_OtherRace"
"[]","[]","[P1Y]","[CDC_NNDSS_Diseases_AnnualTables]","2016","1","Count_MedicalConditionIncident_Hispanic_Latino_ConditionNonparalyticPoliomyelitis"
"[]","[]","[P1Y]","[CDC_NNDSS_Diseases_AnnualTables]","2016","1","Count_MedicalConditionIncident_AgeNotStated_ConditionEhrlichiosis"
"[]","[]","[P1Y]","[CDC_NNDSS_Diseases_AnnualTables]","2016","1","Count_MedicalConditionIncident_ConditionSpottedFeverRickettsiosis_ProbableCase_Asian_PacificIslander"
"[]","[]","[P1Y]","[CDC_NNDSS_Diseases_AnnualTables]","2016","1","Count_MedicalConditionIncident_65_MoreYears_ConditionFoodborneBotulism"
"[]","[]","[P1Y]","[CDC_NNDSS_Diseases_AnnualTables]","2020","1","Count_MedicalConditionIncident_ConditionHumanMonocyticEhrlichiosis_NonUSResident"
"[]","[]","[P1Y]","[CDC_NNDSS_Diseases_AnnualTables]","2020","1","Count_MedicalConditionIncident_ConditionCarbapenemResistantEnterobacteriaceae_NonUSResident"
"[]","[]","[P1Y]","[CDC_NNDSS_Diseases_AnnualTables]","2016","1","Count_MedicalConditionIncident_NotHispanicOrLatino_ConditionCandidaAuris_Screening"
"[]","[]","[P1Y]","[CDC_NNDSS_Diseases_AnnualTables]","2020","1","Count_MedicalConditionIncident_ConditionCoccidioidomycosis_ProbableCase_NonUSResident"
"[]","[]","[P1Y]","[CDC_NNDSS_Diseases_AnnualTables]","2016","1","Count_MedicalConditionIncident_ConditionPlague_OtherRace"
"[]","[]","[P1Y]","[CDC_NNDSS_Diseases_AnnualTables]","2016","1","Count_MedicalConditionIncident_1_LessYears_ConditionChickenpox"
"[]","[]","[P1Y]","[CDC_NNDSS_Diseases_AnnualTables]","2016","1","Count_MedicalConditionIncident_65_MoreYears_ConditionQFever"
"[]","[]","[P1Y]","[CDC_NNDSS_Diseases_AnnualTables]","2016","60","Count_MedicalConditionIncident_ConditionSpottedFeverRickettsiosis"
"[]","[]","[P1Y]","[CDC_NNDSS_Diseases_AnnualTables]","2016","1","Count_MedicalConditionIncident_ConditionCholera_AmericanIndianAndAlaskaNativeAlone"
"[]","[]","[P1Y]","[CDC_NNDSS_Diseases_AnnualTables]","2016","56","Count_MedicalConditionIncident_ConditionChickenpox"
"[]","[]","[P1Y]","[CDC_NNDSS_Diseases_AnnualTables]","2016","1","Count_MedicalConditionIncident_15To24Years_ConditionCampylobacteriosis"
"[]","[]","[P1Y]","[CDC_NNDSS_Diseases_AnnualTables]","2016","57","Count_MedicalConditionIncident_ConditionHaemophilusMeningitis"
"[]","[]","[P1Y]","[CDC_NNDSS_Diseases_AnnualTables]","2016","1","Count_MedicalConditionIncident_ConditionVancomycinIntermediateStaphylococcusAureus_USResident"
"[]","[]","[P1Y]","[CDC_NNDSS_Diseases_AnnualTables]","2016","1","Count_MedicalConditionIncident_ConditionLeprosy_OtherRace"
"[]","[]","[P1Y]","[CDC_NNDSS_Diseases_AnnualTables]","2016","1","Count_MedicalConditionIncident_EthnicityUnknownOrNotStated_ConditionChickenpox_PatientDeceased"
"[]","[]","[P1Y]","[CDC_NNDSS_Diseases_AnnualTables]","2016","1","Count_MedicalConditionIncident_GenderUnknown_NotStated_ConditionCarbapenemResistantEnterobacteriaceae"
"[]","[]","[P1Y]","[CDC_NNDSS_Diseases_AnnualTables]","2016","1","Count_MedicalConditionIncident_GenderUnknown_NotStated_ConditionLymeDisease"
"[]","[]","[P1Y]","[CDC_NNDSS_Diseases_AnnualTables]","2016","1","Count_MedicalConditionIncident_EthnicityUnknown_NotStated_ConditionInvasiveDisease_HaemophilusInfluenzae"
"[]","[]","[P1Y]","[CDC_NNDSS_Diseases_AnnualTables]","2016","1","Count_MedicalConditionIncident_ConditionSyphilis_AmericanIndianAndAlaskaNativeAlone"
"[]","[]","[P1Y]","[CDC_NNDSS_Diseases_AnnualTables]","2016","1","Count_MedicalConditionIncident_ConditionTrichinellosis_Asian_PacificIslander"
"[]","[]","[P1Y]","[CDC_NNDSS_Diseases_AnnualTables]","2016","1","Count_MedicalConditionIncident_Hispanic_Latino_ConditionHantavirusPulmonarySyndrome"
"[]","[]","[P1Y]","[CDC_NNDSS_Diseases_AnnualTables]","2016","1","Count_MedicalConditionIncident_ConditionMeningococcalMeningitis_Black_AfricanAmericanAlone"
"[]","[]","[P1Y]","[CDC_NNDSS_Diseases_AnnualTables]","2016","1","Count_MedicalConditionIncident_ConditionCholera_RaceUnknownOrNotStated"
"[]","[]","[P1Y]","[CDC_NNDSS_Diseases_AnnualTables]","2016","1","Count_MedicalConditionIncident_25To39Years_ConditionNeuroinvasiveDisease_WestNileVirusDisease"
"[]","[]","[P1Y]","[CDC_NNDSS_Diseases_AnnualTables]","2016","1","Count_MedicalConditionIncident_ConditionGiardiasis_Black_AfricanAmericanAlone"
"[]","[]","[P1Y]","[CDC_NNDSS_Diseases_AnnualTables]","2016","1","Count_MedicalConditionIncident_NotHispanic_Latino_ConditionNeuroinvasiveDisease_EasternEquineEncephalitis"
"[]","[]","[P1Y]","[CDC_NNDSS_Diseases_AnnualTables]","2016","1","Count_MedicalConditionIncident_ConditionListeriosis_ConfirmedCase_Black_AfricanAmericanAlone"
"[]","[]","[P1Y]","[CDC_NNDSS_Diseases_AnnualTables]","2016","1","Count_MedicalConditionIncident_ConditionStreptococcusPneumonia_ConfirmedCase_OtherRace"
"[]","[]","[P1Y]","[CDC_NNDSS_Diseases_AnnualTables]","2016","1","Count_MedicalConditionIncident_65_MoreYears_ConditionSmallpox"
"[]","[]","[P1Y]","[CDC_NNDSS_Diseases_AnnualTables]","2016","1","Count_MedicalConditionIncident_EthnicityUnknownOrNotStated_ConditionZikaVirusDiseaseOrCongenitalDisease"
"[]","[]","[P1Y]","[CDC_NNDSS_Diseases_AnnualTables]","2016","1","Count_MedicalConditionIncident_ConditionMumps_USResident"
"[]","[]","[P1Y]","[CDC_NNDSS_Diseases_AnnualTables]","2016","1","Count_MedicalConditionIncident_EthnicityUnknown_NotStated_ConditionBabesiosis"
"[]","[]","[P1Y]","[CDC_NNDSS_Diseases_AnnualTables]","2016","1","Count_MedicalConditionIncident_40To64Years_ConditionHaemophilusMeningitis"
"[]","[]","[P1Y]","[CDC_NNDSS_Diseases_AnnualTables]","2016","1","Count_MedicalConditionIncident_ConditionVancomycinIntermediateStaphylococcusAureus_RaceUnknown_NotStated"
"[]","[]","[P1Y]","[CDC_NNDSS_Diseases_AnnualTables]","2016","1","Count_MedicalConditionIncident_Female_ConditionRubella"
"[]","[]","[P1Y]","[CDC_NNDSS_Diseases_AnnualTables]","2016","1","Count_MedicalConditionIncident_15To24Years_ConditionTuberculosis"
"[]","[]","[P1Y]","[CDC_NNDSS_Diseases_AnnualTables]","2016","1","Count_MedicalConditionIncident_ConditionCryptosporidiosis_ProbableCase_OtherRace"
"[]","[]","[P1Y]","[CDC_NNDSS_Diseases_AnnualTables]","2020","1","Count_MedicalConditionIncident_ConditionSyphilisPrimaryAndSecondary_NonUSResident"
"[]","[]","[P1Y]","[CDC_NNDSS_Diseases_AnnualTables]","2016","65","Count_MedicalConditionIncident_ConditionListeriosis_ConfirmedCase"
"[]","[]","[P1Y]","[CDC_NNDSS_Diseases_AnnualTables]","2016","1","Count_MedicalConditionIncident_NotHispanic_Latino_ConditionAcuteCondition_HepatitisC_ProbableCase"
"[]","[]","[P1Y]","[CDC_NNDSS_Diseases_AnnualTables]","2016","1","Count_MedicalConditionIncident_ConditionMeningococcalMeningitis_AmericanIndianAndAlaskaNativeAlone_OtherSerogroups"
"[]","[]","[P1Y]","[CDC_NNDSS_Diseases_AnnualTables]","2016","1","Count_MedicalConditionIncident_HispanicOrLatino_ConditionCOVID19"
"[]","[]","[P1Y]","[CDC_NNDSS_Diseases_AnnualTables]","2016","1","Count_MedicalConditionIncident_Male_ConditionLegionnairesDisease"
"[]","[]","[P1Y]","[CDC_NNDSS_Diseases_AnnualTables]","2016","1","Count_MedicalConditionIncident_5To14Years_ConditionParalyticPoliomyelitis"
"[]","[]","[P1Y]","[CDC_NNDSS_Diseases_AnnualTables]","2016","1","Count_MedicalConditionIncident_25To39Years_ConditionParatyphoid"
"[]","[]","[P1Y]","[CDC_NNDSS_Diseases_AnnualTables]","2016","1","Count_MedicalConditionIncident_5To14Years_ConditionEhrlichiosis"
"[]","[]","[P1Y]","[CDC_NNDSS_Diseases_AnnualTables]","2016","1","Count_MedicalConditionIncident_GenderUnknown_NotStated_ConditionCoccidioidomycosis"
"[]","[]","[P1Y]","[CDC_NNDSS_Diseases_AnnualTables]","2016","1","Count_MedicalConditionIncident_ConditionAcuteCondition_HepatitisC_Asian_PacificIslander"
"[]","[]","[P1Y]","[CDC_NNDSS_Diseases_AnnualTables]","2016","1","Count_MedicalConditionIncident_ConditionGuanaritoHemorrhagicFever_RaceUnknown_NotStated"
"[]","[]","[P1Y]","[CDC_NNDSS_Diseases_AnnualTables]","2016","1","Count_MedicalConditionIncident_5_LessYears_ConditionStreptococcusPneumonia_WhiteAlone"
"[]","[]","[P1Y]","[CDC_NNDSS_Diseases_AnnualTables]","2016","1","Count_MedicalConditionIncident_40To64Years_ConditionSyphilis"
"[]","[]","[P1Y]","[CDC_NNDSS_Diseases_AnnualTables]","2016","1","Count_MedicalConditionIncident_Years5To14_ConditionCandidaAuris_ClinicalCase"
"[]","[]","[P1Y]","[CDC_NNDSS_Diseases_AnnualTables]","2016","1","Count_MedicalConditionIncident_Female_ConditionNonCongenitalDisease_ZikaVirusInfection"
"[]","[]","[P1Y]","[CDC_NNDSS_Diseases_AnnualTables]","2016","56","Count_MedicalConditionIncident_ConditionEhrlichiaEwingiiInfection"
"[]","[]","[P1Y]","[CDC_NNDSS_Diseases_AnnualTables]","2016","1","Count_MedicalConditionIncident_1To4Years_ConditionMalaria"
"[]","[]","[P1Y]","[CDC_NNDSS_Diseases_AnnualTables]","2016","1","Count_MedicalConditionIncident_1_LessYears_ConditionFoodborneBotulism"
"[]","[]","[P1Y]","[CDC_NNDSS_Diseases_AnnualTables]","2016","1","Count_MedicalConditionIncident_5_LessYears_NotHispanic_Latino_ConditionStreptococcusPneumonia_ConfirmedCase"
"[]","[]","[P1Y]","[CDC_NNDSS_Diseases_AnnualTables]","2016","1","Count_MedicalConditionIncident_ConditionLeprosy_RaceUnknown_NotStated"
"[]","[]","[P1Y]","[CDC_NNDSS_Diseases_AnnualTables]","2016","1","Count_MedicalConditionIncident_15To24Years_ConditionVibriosisExcludingCholera"
"[]","[]","[P1Y]","[CDC_NNDSS_Diseases_AnnualTables]","2016","1","Count_MedicalConditionIncident_Male_ConditionNonCongenitalDisease_ZikaVirusDisease"
"[]","[]","[P1Y]","[CDC_NNDSS_Diseases_AnnualTables]","2016","1","Count_MedicalConditionIncident_40To64Years_ConditionQFever"
"[]","[]","[P1Y]","[CDC_NNDSS_Diseases_AnnualTables]","2016","1","Count_MedicalConditionIncident_Female_ConditionNeuroinvasiveDisease_WestNileVirusDisease"
"[]","[]","[P1Y]","[CDC_NNDSS_Diseases_AnnualTables]","2016","1","Count_MedicalConditionIncident_1To4Years_ConditionGuanaritoHemorrhagicFever"
"[]","[]","[P1Y]","[CDC_NNDSS_Diseases_AnnualTables]","2016","1","Count_MedicalConditionIncident_25To39Years_ConditionCryptosporidiosis_ConfirmedCase"
"[]","[]","[P1Y]","[CDC_NNDSS_Diseases_AnnualTables]","2016","1","Count_MedicalConditionIncident_1_LessYears_ConditionAcuteCondition_HepatitisC_ConfirmedCase"
"[]","[]","[P1Y]","[CDC_NNDSS_Diseases_AnnualTables]","2016","1","Count_MedicalConditionIncident_Male_ConditionSpottedFeverRickettsiosis_ConfirmedCase"
"[]","[]","[P1Y]","[CDC_NNDSS_Diseases_AnnualTables]","2016","1","Count_MedicalConditionIncident_ConditionSpottedFeverRickettsiosis_ProbableCase_Black_AfricanAmericanAlone"
"[]","[]","[P1Y]","[CDC_NNDSS_Diseases_AnnualTables]","2016","1","Count_MedicalConditionIncident_15To24Years_ConditionTularemia"
"[]","[]","[P1Y]","[CDC_NNDSS_Diseases_AnnualTables]","2016","1","Count_MedicalConditionIncident_65_MoreYears_ConditionChlamydia"
"[]","[]","[P1Y]","[CDC_NNDSS_Diseases_AnnualTables]","2016","1","Count_MedicalConditionIncident_ConditionHumanMonocyticEhrlichiosis_Asian_PacificIslander"
"[]","[]","[P1Y]","[CDC_NNDSS_Diseases_AnnualTables]","2016","1","Count_MedicalConditionIncident_ConditionHumanGranulocyticAnaplasmosis_OtherRace"
"[]","[]","[P1Y]","[CDC_NNDSS_Diseases_AnnualTables]","2016","1","Count_MedicalConditionIncident_ConditionStreptococcusPneumonia_ProbableCase_RaceUnknown_NotStated"
"[]","[]","[P1Y]","[CDC_NNDSS_Diseases_AnnualTables]","2016","1","Count_MedicalConditionIncident_ConditionCryptosporidiosis_AmericanIndianAndAlaskaNativeAlone"
"[]","[]","[P1Y]","[CDC_NNDSS_Diseases_AnnualTables]","2016","1","Count_MedicalConditionIncident_ConditionTularemia_Asian_PacificIslander"
"[]","[]","[P1Y]","[CDC_NNDSS_Diseases_AnnualTables]","2016","1","Count_MedicalConditionIncident_5To14Years_ConditionAcuteCondition_HepatitisC_ConfirmedCase"
"[]","[]","[P1Y]","[CDC_NNDSS_Diseases_AnnualTables]","2016","1","Count_MedicalConditionIncident_ConditionLymeDisease_ProbableCase_WhiteAlone"
"[]","[]","[P1Y]","[CDC_NNDSS_Diseases_AnnualTables]","2016","1","Count_MedicalConditionIncident_AgeNotStated_ConditionHaemophilusMeningitis"
"[]","[]","[P1Y]","[CDC_NNDSS_Diseases_AnnualTables]","2016","1","Count_MedicalConditionIncident_ConditionLymeDisease_WhiteAlone"
"[]","[]","[P1Y]","[CDC_NNDSS_Diseases_AnnualTables]","2020","1","Count_MedicalConditionIncident_ConditionListeriosis_NonUSResident"
"[]","[]","[P1Y]","[CDC_NNDSS_Diseases_AnnualTables]","2016","1","Count_MedicalConditionIncident_ConditionAcuteCondition_HepatitisC_ProbableCase_Black_AfricanAmericanAlone"
"[]","[]","[P1Y]","[CDC_NNDSS_Diseases_AnnualTables]","2016","1","Count_MedicalConditionIncident_ConditionSevereDengue_RaceUnknown_NotStated"
"[]","[]","[P1Y]","[CDC_NNDSS_Diseases_AnnualTables]","2016","1","Count_MedicalConditionIncident_65_MoreYears_ConditionVancomycinIntermediateStaphylococcusAureus"
"[]","[]","[P1Y]","[CDC_NNDSS_Diseases_AnnualTables]","2016","1","Count_MedicalConditionIncident_AgeNotStated_ConditionNonNeuroinvasiveDiseaseOrJamestownCanyonVirusDisease"
"[]","[]","[P1Y]","[CDC_NNDSS_Diseases_AnnualTables]","2020","1","Count_MedicalConditionIncident_ConditionWestNileVirusDisease_NeuroinvasiveDisease_NonUSResident"
"[]","[]","[P1Y]","[CDC_NNDSS_Diseases_AnnualTables]","2016","1","Count_MedicalConditionIncident_40To64Years_ConditionMeningococcalMeningitis"
"[]","[]","[P1Y]","[CDC_NNDSS_Diseases_AnnualTables]","2016","1","Count_MedicalConditionIncident_NotHispanic_Latino_ConditionInfluenza_PediatricMortality"
"[]","[]","[P1Y]","[CDC_NNDSS_Diseases_AnnualTables]","2016","1","Count_MedicalConditionIncident_1_LessYears_ConditionParatyphoid"
"[]","[]","[P1Y]","[CDC_NNDSS_Diseases_AnnualTables]","2016","1","Count_MedicalConditionIncident_ConditionCarbapenemResistantEnterobacteriaceae_Black_AfricanAmericanAlone"
"[]","[]","[P1Y]","[CDC_NNDSS_Diseases_AnnualTables]","2016","1","Count_MedicalConditionIncident_NotHispanic_Latino_ConditionJuninHemorrhagicFever"
"[]","[]","[P1Y]","[CDC_NNDSS_Diseases_AnnualTables]","2016","1","Count_MedicalConditionIncident_NotHispanic_Latino_ConditionAcuteCondition_QFever"
"[]","[]","[P1Y]","[CDC_NNDSS_Diseases_AnnualTables]","2016","1","Count_MedicalConditionIncident_ConditionStreptococcusPneumonia_ProbableCase_Black_AfricanAmericanAlone"
"[]","[]","[P1Y]","[CDC_NNDSS_Diseases_AnnualTables]","2016","1","Count_MedicalConditionIncident_ConditionPerinatalInfection_HepatitisC_Asian_PacificIslander"
"[]","[]","[P1Y]","[CDC_NNDSS_Diseases_AnnualTables]","2016","1","Count_MedicalConditionIncident_AgeNotStated_ConditionBabesiosis"
"[]","[]","[P1Y]","[CDC_NNDSS_Diseases_AnnualTables]","2016","1","Count_MedicalConditionIncident_ConditionNonparalyticPoliomyelitis_AmericanIndianAndAlaskaNativeAlone"
"[]","[]","[P1Y]","[CDC_NNDSS_Diseases_AnnualTables]","2016","1","Count_MedicalConditionIncident_1To4Years_ConditionNonCongenitalDisease_ZikaVirusDisease"
"[]","[]","[P1Y]","[CDC_NNDSS_Diseases_AnnualTables]","2016","1","Count_MedicalConditionIncident_Years1To4_ConditionChancroid"
"[]","[]","[P1Y]","[CDC_NNDSS_Diseases_AnnualTables]","2016","1","Count_MedicalConditionIncident_AgeNotStated_ConditionBabesiosis_ProbableCase"
"[]","[]","[P1Y]","[CDC_NNDSS_Diseases_AnnualTables]","2016","1","Count_MedicalConditionIncident_EthnicityUnknown_NotStated_ConditionTrichinellosis"
"[]","[]","[P1Y]","[CDC_NNDSS_Diseases_AnnualTables]","2016","1","Count_MedicalConditionIncident_15To24Years_ConditionShigellosis"
"[]","[]","[P1Y]","[CDC_NNDSS_Diseases_AnnualTables]","2016","1","Count_MedicalConditionIncident_EthnicityUnknown_NotStated_ConditionChronicCondition_QFever"
"[]","[]","[P1Y]","[CDC_NNDSS_Diseases_AnnualTables]","2016","40","Count_MedicalConditionIncident_ConditionCoccidioidomycosis"
"[]","[]","[P1Y]","[CDC_NNDSS_Diseases_AnnualTables]","2016","1","Count_MedicalConditionIncident_15To24Years_ConditionListeriosis_ProbableCase"
"[]","[]","[P1Y]","[CDC_NNDSS_Diseases_AnnualTables]","2020","1","Count_MedicalConditionIncident_ConditionTetanus_NonUSResident"
"[]","[]","[P1Y]","[CDC_NNDSS_Diseases_AnnualTables]","2016","1","Count_MedicalConditionIncident_ConditionNonNeuroinvasiveDiseaseOrLaCrosseVirusDisease_AmericanIndianAndAlaskaNativeAlone"
"[]","[]","[P1Y]","[CDC_NNDSS_Diseases_AnnualTables]","2016","1","Count_MedicalConditionIncident_15To24Years_ConditionCoccidioidomycosis"
"[]","[]","[P1Y]","[CDC_NNDSS_Diseases_AnnualTables]","2016","1","Count_MedicalConditionIncident_5_LessYears_ConditionInvasiveDisease_HaemophilusInfluenzae_WhiteAlone_UnknownSerotype"
"[]","[]","[P1Y]","[CDC_NNDSS_Diseases_AnnualTables]","2016","1","Count_MedicalConditionIncident_ConditionDiphtheria_AsianOrPacificIslander"
"[]","[]","[P1Y]","[CDC_NNDSS_Diseases_AnnualTables]","2016","1","Count_MedicalConditionIncident_AgeNotStated_ConditionCoccidioidomycosis_ProbableCase"
"[]","[]","[P1Y]","[CDC_NNDSS_Diseases_AnnualTables]","2016","1","Count_MedicalConditionIncident_GenderUnknown_NotStated_ConditionNovelInfluenzaAViralInfection"
"[]","[]","[P1Y]","[CDC_NNDSS_Diseases_AnnualTables]","2016","1","Count_MedicalConditionIncident_ConditionCongenitalSyphilis_OtherRace"
"[]","[]","[P1Y]","[CDC_NNDSS_Diseases_AnnualTables]","2016","1","Count_MedicalConditionIncident_Years15To24_ConditionYellowFever"
"[]","[]","[P1Y]","[CDC_NNDSS_Diseases_AnnualTables]","2016","65","Count_MedicalConditionIncident_ConditionCandidaAuris_Screening"
"[]","[]","[P1Y]","[CDC_NNDSS_Diseases_AnnualTables]","2016","1","Count_MedicalConditionIncident_NotHispanic_Latino_ConditionCampylobacteriosis"
"[]","[]","[P1Y]","[CDC_NNDSS_Diseases_AnnualTables]","2016","1","Count_MedicalConditionIncident_15To24Years_ConditionNonCongenitalDisease_ZikaVirusInfection"
"[]","[]","[P1Y]","[CDC_NNDSS_Diseases_AnnualTables]","2016","1","Count_MedicalConditionIncident_ConditionFoodborneBotulism_Black_AfricanAmericanAlone"
"[]","[]","[P1Y]","[CDC_NNDSS_Diseases_AnnualTables]","2016","1","Count_MedicalConditionIncident_GenderUnknown_NotStated_ConditionTyphoidFever"
"[]","[]","[P1Y]","[CDC_NNDSS_Diseases_AnnualTables]","2016","1","Count_MedicalConditionIncident_ConditionLassaHemorrhagicFever_WhiteAlone"
"[]","[]","[P1Y]","[CDC_NNDSS_Diseases_AnnualTables]","2016","1","Count_MedicalConditionIncident_ConditionCryptosporidiosis_USResident"
"[]","[]","[P1Y]","[CDC_NNDSS_Diseases_AnnualTables]","2016","1","Count_MedicalConditionIncident_ConditionCoccidioidomycosis_ConfirmedCase_USResident"
"[]","[]","[P1Y]","[CDC_NNDSS_Diseases_AnnualTables]","2016","1","Count_MedicalConditionIncident_ConditionCyclosporiasis_WhiteAlone"
"[]","[]","[P1Y]","[CDC_NNDSS_Diseases_AnnualTables]","2016","1","Count_MedicalConditionIncident_ConditionDengueLikeIllness_Asian_PacificIslander"
"[]","[]","[P1Y]","[CDC_NNDSS_Diseases_AnnualTables]","2016","1","Count_MedicalConditionIncident_Hispanic_Latino_ConditionStreptococcusPneumonia_ProbableCase"
"[]","[]","[P1Y]","[CDC_NNDSS_Diseases_AnnualTables]","2016","1","Count_MedicalConditionIncident_Male_ConditionAcuteCondition_HepatitisC_ProbableCase"
"[]","[]","[P1Y]","[CDC_NNDSS_Diseases_AnnualTables]","2016","56","Count_MedicalConditionIncident_ConditionStreptococcusPneumonia_ProbableCase"
"[]","[]","[P1Y]","[CDC_NNDSS_Diseases_AnnualTables]","2020","1","Count_MedicalConditionIncident_ConditionHepatitisC_PerinatalInfection_NonUSResident"
"[]","[]","[P1Y]","[CDC_NNDSS_Diseases_AnnualTables]","2016","1","Count_MedicalConditionIncident_EthnicityUnknown_NotStated_ConditionHantavirusPulmonarySyndrome"
"[]","[]","[P1Y]","[CDC_NNDSS_Diseases_AnnualTables]","2016","1","Count_MedicalConditionIncident_AgeNotStated_ConditionStreptococcusPneumonia_ProbableCase"
"[]","[]","[P1Y]","[CDC_NNDSS_Diseases_AnnualTables]","2016","1","Count_MedicalConditionIncident_25To39Years_ConditionLeprosy"
"[]","[]","[P1Y]","[CDC_NNDSS_Diseases_AnnualTables]","2016","1","Count_MedicalConditionIncident_GenderUnknown_NotStated_ConditionNonparalyticPoliomyelitis"
"[]","[]","[P1Y]","[CDC_NNDSS_Diseases_AnnualTables]","2016","1","Count_MedicalConditionIncident_AgeNotStated_ConditionStreptococcalToxicShockSyndrome"
"[]","[]","[P1Y]","[CDC_NNDSS_Diseases_AnnualTables]","2016","1","Count_MedicalConditionIncident_Male_ConditionPostDiarrheal_HemolyticUremicSyndrome"
"[]","[]","[P1Y]","[CDC_NNDSS_Diseases_AnnualTables]","2016","1","Count_MedicalConditionIncident_AgeNotStated_ConditionYellowFever"
"[]","[]","[P1Y]","[CDC_NNDSS_Diseases_AnnualTables]","2020","1","Count_MedicalConditionIncident_ConditionMumps_NonUSResident"
"[]","[]","[P1Y]","[CDC_NNDSS_Diseases_AnnualTables]","2016","1","Count_MedicalConditionIncident_25To39Years_ConditionLassaHemorrhagicFever"
"[]","[]","[P1Y]","[CDC_NNDSS_Diseases_AnnualTables]","2016","1","Count_MedicalConditionIncident_ConditionMeasles_AmericanIndianAndAlaskaNativeAlone"
"[]","[]","[P1Y]","[CDC_NNDSS_Diseases_AnnualTables]","2016","1","Count_MedicalConditionIncident_ConditionListeriosis_ConfirmedCase_WhiteAlone"
"[]","[]","[P1Y]","[CDC_NNDSS_Diseases_AnnualTables]","2016","1","Count_MedicalConditionIncident_AgeNotStated_ConditionShigaToxinEColi"
"[]","[]","[P1Y]","[CDC_NNDSS_Diseases_AnnualTables]","2016","1","Count_MedicalConditionIncident_ConditionBrucellosis_USResident"
"[]","[]","[P1Y]","[CDC_NNDSS_Diseases_AnnualTables]","2016","1","Count_MedicalConditionIncident_NotHispanic_Latino_ConditionSpottedFeverRickettsiosis_ConfirmedCase"
"[]","[]","[P1Y]","[CDC_NNDSS_Diseases_AnnualTables]","2016","1","Count_MedicalConditionIncident_ConditionPsittacosis_USResident"
"[]","[]","[P1Y]","[CDC_NNDSS_Diseases_AnnualTables]","2016","1","Count_MedicalConditionIncident_AgeNotStated_ConditionRabiesinhuman"
"[]","[]","[P1Y]","[CDC_NNDSS_Diseases_AnnualTables]","2016","1","Count_MedicalConditionIncident_ConditionBabesiosis_ConfirmedCase_OtherRace"
"[]","[]","[P1Y]","[CDC_NNDSS_Diseases_AnnualTables]","2016","1","Count_MedicalConditionIncident_1To4Years_ConditionSmallpox"
"[]","[]","[P1Y]","[CDC_NNDSS_Diseases_AnnualTables]","2016","1","Count_MedicalConditionIncident_ConditionQFever_ChronicCondition_USResident"
"[]","[]","[P1Y]","[CDC_NNDSS_Diseases_AnnualTables]","2016","1","Count_MedicalConditionIncident_5To14Years_ConditionStreptococcalToxicShockSyndrome"
"[]","[]","[P1Y]","[CDC_NNDSS_Diseases_AnnualTables]","2016","65","Count_MedicalConditionIncident_ConditionWestNileVirusDisease_NonNeuroinvasiveDisease"
"[]","[]","[P1Y]","[CDC_NNDSS_Diseases_AnnualTables]","2016","1","Count_MedicalConditionIncident_65_MoreYears_ConditionCongenitalSyphilis"
"[]","[]","[P1Y]","[CDC_NNDSS_Diseases_AnnualTables]","2016","1","Count_MedicalConditionIncident_NotHispanic_Latino_ConditionParalyticPoliomyelitis"
"[]","[]","[P1Y]","[CDC_NNDSS_Diseases_AnnualTables]","2016","1","Count_MedicalConditionIncident_40To64Years_ConditionCandidaAuris_ClinicalCase"
"[]","[]","[P1Y]","[CDC_NNDSS_Diseases_AnnualTables]","2016","1","Count_MedicalConditionIncident_Male_ConditionBabesiosis_ConfirmedCase"
"[]","[]","[P1Y]","[CDC_NNDSS_Diseases_AnnualTables]","2016","1","Count_MedicalConditionIncident_ConditionNeuroinvasiveDiseaseOrStLouisEncephalitis_RaceUnknownOrNotStated"
"[]","[]","[P1Y]","[CDC_NNDSS_Diseases_AnnualTables]","2016","1","Count_MedicalConditionIncident_ConditionNeuroinvasiveDisease_JamestownCanyonVirusDisease_AmericanIndianAndAlaskaNativeAlone"
"[]","[]","[P1Y]","[CDC_NNDSS_Diseases_AnnualTables]","2016","1","Count_MedicalConditionIncident_1To4Years_ConditionBabesiosis_ConfirmedCase"
"[]","[]","[P1Y]","[CDC_NNDSS_Diseases_AnnualTables]","2016","1","Count_MedicalConditionIncident_Female_ConditionMeasles_IndigenousCase"
"[]","[]","[P1Y]","[CDC_NNDSS_Diseases_AnnualTables]","2016","1","Count_MedicalConditionIncident_GenderUnknown_NotStated_ConditionCampylobacteriosis"
"[]","[]","[P1Y]","[CDC_NNDSS_Diseases_AnnualTables]","2016","1","Count_MedicalConditionIncident_65_MoreYears_ConditionShigellosis"
"[]","[]","[P1Y]","[CDC_NNDSS_Diseases_AnnualTables]","2016","1","Count_MedicalConditionIncident_5To14Years_ConditionCryptosporidiosis_ConfirmedCase"
"[]","[]","[P1Y]","[CDC_NNDSS_Diseases_AnnualTables]","2016","1","Count_MedicalConditionIncident_GenderUnknown_NotStated_ConditionSalmonellosisExceptTyphiAndParatyphi"
"[]","[]","[P1Y]","[CDC_NNDSS_Diseases_AnnualTables]","2020","1","Count_MedicalConditionIncident_ConditionCoccidioidomycosis_ConfirmedCase_NonUSResident"
"[]","[]","[P1Y]","[CDC_NNDSS_Diseases_AnnualTables]","2016","1","Count_MedicalConditionIncident_25To39Years_ConditionCholera"
"[]","[]","[P1Y]","[CDC_NNDSS_Diseases_AnnualTables]","2016","1","Count_MedicalConditionIncident_EthnicityUnknownOrNotStated_ConditionYellowFever"
"[]","[]","[P1Y]","[CDC_NNDSS_Diseases_AnnualTables]","2016","1","Count_MedicalConditionIncident_5To14Years_ConditionQFever"
"[]","[]","[P1Y]","[CDC_NNDSS_Diseases_AnnualTables]","2016","1","Count_MedicalConditionIncident_ConditionParatyphoid_WhiteAlone"
"[]","[]","[P1Y]","[CDC_NNDSS_Diseases_AnnualTables]","2016","1","Count_MedicalConditionIncident_5To14Years_ConditionGiardiasis"
"[]","[]","[P1Y]","[CDC_NNDSS_Diseases_AnnualTables]","2016","1","Count_MedicalConditionIncident_5_LessYears_ConditionInvasiveDisease_HaemophilusInfluenzae_Black_AfricanAmericanAlone_NonSerotypeB"
"[]","[]","[P1Y]","[CDC_NNDSS_Diseases_AnnualTables]","2016","1","Count_MedicalConditionIncident_25To39Years_ConditionAcuteCondition_HepatitisC"
"[]","[]","[P1Y]","[CDC_NNDSS_Diseases_AnnualTables]","2016","1","Count_MedicalConditionIncident_ConditionTrichinellosis_WhiteAlone"
"[]","[]","[P1Y]","[CDC_NNDSS_Diseases_AnnualTables]","2016","1","Count_MedicalConditionIncident_25To39Years_ConditionAcuteCondition_HepatitisB"
"[]","[]","[P1Y]","[CDC_NNDSS_Diseases_AnnualTables]","2016","1","Count_MedicalConditionIncident_YearsUpto1_ConditionCOVID19"
"[]","[]","[P1Y]","[CDC_NNDSS_Diseases_AnnualTables]","2020","1","Count_MedicalConditionIncident_ConditionDiphtheria_NonUSResident"
"[]","[]","[P1Y]","[CDC_NNDSS_Diseases_AnnualTables]","2016","1","Count_MedicalConditionIncident_25To39Years_ConditionAcuteCondition_HepatitisA"
"[]","[]","[P1Y]","[CDC_NNDSS_Diseases_AnnualTables]","2016","1","Count_MedicalConditionIncident_5To14Years_ConditionVancomycinIntermediateStaphylococcusAureus"
"[]","[]","[P1Y]","[CDC_NNDSS_Diseases_AnnualTables]","2016","1","Count_MedicalConditionIncident_Male_ConditionMeningococcalMeningitis"
"[]","[]","[P1Y]","[CDC_NNDSS_Diseases_AnnualTables]","2016","1","Count_MedicalConditionIncident_Female_ConditionLymeDisease_ProbableCase"
"[]","[]","[P1Y]","[CDC_NNDSS_Diseases_AnnualTables]","2016","1","Count_MedicalConditionIncident_ConditionParatyphoid_Black_AfricanAmericanAlone"
"[]","[]","[P1Y]","[CDC_NNDSS_Diseases_AnnualTables]","2016","1","Count_MedicalConditionIncident_YearsUpto1_ConditionCoccidioidomycosis_ProbableCase"
"[]","[]","[P1Y]","[CDC_NNDSS_Diseases_AnnualTables]","2016","1","Count_MedicalConditionIncident_1To4Years_ConditionMeningococcalMeningitis_ACWYSerogroup"
"[]","[]","[P1Y]","[CDC_NNDSS_Diseases_AnnualTables]","2016","1","Count_MedicalConditionIncident_Female_ConditionFoodborneBotulism"
"[]","[]","[P1Y]","[CDC_NNDSS_Diseases_AnnualTables]","2016","1","Count_MedicalConditionIncident_5To14Years_ConditionNonparalyticPoliomyelitis"
"[]","[]","[P1Y]","[CDC_NNDSS_Diseases_AnnualTables]","2016","1","Count_MedicalConditionIncident_40To64Years_ConditionPerinatalInfection_HepatitisB"
"[]","[]","[P1Y]","[CDC_NNDSS_Diseases_AnnualTables]","2016","1","Count_MedicalConditionIncident_1_LessYears_ConditionQFever"
"[]","[]","[P1Y]","[CDC_NNDSS_Diseases_AnnualTables]","2016","1","Count_MedicalConditionIncident_40To64Years_ConditionPerinatalInfection_HepatitisC"
"[]","[]","[P1Y]","[CDC_NNDSS_Diseases_AnnualTables]","2016","1","Count_MedicalConditionIncident_5To14Years_ConditionCOVID19"
"[]","[]","[P1Y]","[CDC_NNDSS_Diseases_AnnualTables]","2016","1","Count_MedicalConditionIncident_ConditionMeningococcalMeningitis_WhiteAlone"
"[]","[]","[P1Y]","[CDC_NNDSS_Diseases_AnnualTables]","2016","1","Count_MedicalConditionIncident_ConditionInfluenza_PediatricMortality_RaceUnknown_NotStated"
"[]","[]","[P1Y]","[CDC_NNDSS_Diseases_AnnualTables]","2016","1","Count_MedicalConditionIncident_ConditionCoccidioidomycosis_ProbableCase_USResident"
"[]","[]","[P1Y]","[CDC_NNDSS_Diseases_AnnualTables]","2016","1","Count_MedicalConditionIncident_15To24Years_ConditionSyphilisPrimaryAndSecondary"
"[]","[]","[P1Y]","[CDC_NNDSS_Diseases_AnnualTables]","2016","1","Count_MedicalConditionIncident_ConditionLymeDisease_ProbableCase_OtherRace"
"[]","[]","[P1Y]","[CDC_NNDSS_Diseases_AnnualTables]","2016","1","Count_MedicalConditionIncident_ConditionHaemophilusInfluenzaeOrInvasiveDisease_UnknownSerotype"
"[]","[]","[P1Y]","[CDC_NNDSS_Diseases_AnnualTables]","2016","1","Count_MedicalConditionIncident_15To24Years_ConditionSpottedFeverRickettsiosis_ConfirmedCase"
"[]","[]","[P1Y]","[CDC_NNDSS_Diseases_AnnualTables]","2016","1","Count_MedicalConditionIncident_YearsUpto1_ConditionDiphtheria"
"[]","[]","[P1Y]","[CDC_NNDSS_Diseases_AnnualTables]","2016","1","Count_MedicalConditionIncident_AgeNotStated_ConditionCoccidioidomycosis"
"[]","[]","[P1Y]","[CDC_NNDSS_Diseases_AnnualTables]","2016","1","Count_MedicalConditionIncident_1_LessYears_ConditionListeriosis"
"[]","[]","[P1Y]","[CDC_NNDSS_Diseases_AnnualTables]","2016","1","Count_MedicalConditionIncident_15To24Years_ConditionEhrlichiaEwingiiInfection"
"[]","[]","[P1Y]","[CDC_NNDSS_Diseases_AnnualTables]","2016","1","Count_MedicalConditionIncident_ConditionDengueDisease_Asian_PacificIslander"
"[]","[]","[P1Y]","[CDC_NNDSS_Diseases_AnnualTables]","2016","1","Count_MedicalConditionIncident_Years25To39_ConditionDiphtheria"
"[]","[]","[P1Y]","[CDC_NNDSS_Diseases_AnnualTables]","2016","1","Count_MedicalConditionIncident_Female_ConditionNonNeuroinvasiveDiseaseOrLaCrosseVirusDisease"
"[]","[]","[P1Y]","[CDC_NNDSS_Diseases_AnnualTables]","2016","1","Count_MedicalConditionIncident_EthnicityUnknown_NotStated_ConditionHaemophilusMeningitis"
"[]","[]","[P1Y]","[CDC_NNDSS_Diseases_AnnualTables]","2016","1","Count_MedicalConditionIncident_5To14Years_ConditionAcuteCondition_HepatitisC"
"[]","[]","[P1Y]","[CDC_NNDSS_Diseases_AnnualTables]","2016","1","Count_MedicalConditionIncident_40To64Years_ConditionNeuroinvasiveDisease_StLouisEncephalitis"
"[]","[]","[P1Y]","[CDC_NNDSS_Diseases_AnnualTables]","2016","1","Count_MedicalConditionIncident_5_LessYears_Hispanic_Latino_ConditionInvasiveDisease_HaemophilusInfluenzae_SerotypeB"
"[]","[]","[P1Y]","[CDC_NNDSS_Diseases_AnnualTables]","2016","1","Count_MedicalConditionIncident_5To14Years_ConditionAcuteCondition_HepatitisA"
"[]","[]","[P1Y]","[CDC_NNDSS_Diseases_AnnualTables]","2016","1","Count_MedicalConditionIncident_5To14Years_ConditionAcuteCondition_HepatitisB"
"[]","[]","[P1Y]","[CDC_NNDSS_Diseases_AnnualTables]","2016","1","Count_MedicalConditionIncident_ConditionGiardiasis_Asian_PacificIslander"
"[]","[]","[P1Y]","[CDC_NNDSS_Diseases_AnnualTables]","2016","63","Count_MedicalConditionIncident_ConditionQFever"
"[]","[]","[P1Y]","[CDC_NNDSS_Diseases_AnnualTables]","2016","1","Count_MedicalConditionIncident_1To4Years_ConditionChickenpox"
"[]","[]","[P1Y]","[CDC_NNDSS_Diseases_AnnualTables]","2016","1","Count_MedicalConditionIncident_ConditionChlamydia_Asian_PacificIslander"
"[]","[]","[P1Y]","[CDC_NNDSS_Diseases_AnnualTables]","2016","1","Count_MedicalConditionIncident_EthnicityUnknown_NotStated_ConditionCryptosporidiosis_ConfirmedCase"
"[]","[]","[P1Y]","[CDC_NNDSS_Diseases_AnnualTables]","2016","1","Count_MedicalConditionIncident_1_LessYears_ConditionPostDiarrheal_HemolyticUremicSyndrome"
"[]","[]","[P1Y]","[CDC_NNDSS_Diseases_AnnualTables]","2016","1","Count_MedicalConditionIncident_ConditionMeningococcalMeningitis_Asian_PacificIslander_OtherSerogroups"
"[]","[]","[P1Y]","[CDC_NNDSS_Diseases_AnnualTables]","2016","1","Count_MedicalConditionIncident_ConditionLymeDisease_ConfirmedCase_AmericanIndianAndAlaskaNativeAlone"
"[]","[]","[P1Y]","[CDC_NNDSS_Diseases_AnnualTables]","2016","1","Count_MedicalConditionIncident_25To39Years_ConditionNonparalyticPoliomyelitis"
"[]","[]","[P1Y]","[CDC_NNDSS_Diseases_AnnualTables]","2016","1","Count_MedicalConditionIncident_ConditionBabesiosis_Asian_PacificIslander"
"[]","[]","[P1Y]","[CDC_NNDSS_Diseases_AnnualTables]","2016","1","Count_MedicalConditionIncident_Years40To64_ConditionHaemophilusInfluenzaeOrInvasiveDisease_NonSerotypeB"
"[]","[]","[P1Y]","[CDC_NNDSS_Diseases_AnnualTables]","2016","1","Count_MedicalConditionIncident_65_MoreYears_ConditionAcuteCondition_HepatitisC_ConfirmedCase"
"[]","[]","[P1Y]","[CDC_NNDSS_Diseases_AnnualTables]","2016","1","Count_MedicalConditionIncident_NotHispanic_Latino_ConditionChronicCondition_QFever"
"[]","[]","[P1Y]","[CDC_NNDSS_Diseases_AnnualTables]","2016","1","Count_MedicalConditionIncident_1To4Years_ConditionMeasles"
"[]","[]","[P1Y]","[CDC_NNDSS_Diseases_AnnualTables]","2016","1","Count_MedicalConditionIncident_ConditionParalyticPoliomyelitis_Black_AfricanAmericanAlone"
"[]","[]","[P1Y]","[CDC_NNDSS_Diseases_AnnualTables]","2016","1","Count_MedicalConditionIncident_AgeNotStated_ConditionCandidaAuris_ClinicalCase"
"[]","[]","[P1Y]","[CDC_NNDSS_Diseases_AnnualTables]","2016","1","Count_MedicalConditionIncident_ConditionChikungunya_WhiteAlone"
"[]","[]","[P1Y]","[CDC_NNDSS_Diseases_AnnualTables]","2016","1","Count_MedicalConditionIncident_Female_ConditionEhrlichiosis"
"[]","[]","[P1Y]","[CDC_NNDSS_Diseases_AnnualTables]","2016","1","Count_MedicalConditionIncident_NotHispanic_Latino_ConditionSalmonellosisExceptTyphiAndParatyphi"
"[]","[]","[P1Y]","[CDC_NNDSS_Diseases_AnnualTables]","2020","1","Count_MedicalConditionIncident_ConditionQFever_ChronicCondition_NonUSResident"
"[]","[]","[P1Y]","[CDC_NNDSS_Diseases_AnnualTables]","2016","1","Count_MedicalConditionIncident_GenderUnknownOrNotStated_ConditionCandidaAuris_Screening"
"[]","[]","[P1Y]","[CDC_NNDSS_Diseases_AnnualTables]","2016","1","Count_MedicalConditionIncident_40To64Years_ConditionCryptosporidiosis_ProbableCase"
"[]","[]","[P1Y]","[CDC_NNDSS_Diseases_AnnualTables]","2016","1","Count_MedicalConditionIncident_Hispanic_Latino_ConditionBabesiosis"
"[]","[]","[P1Y]","[CDC_NNDSS_Diseases_AnnualTables]","2016","1","Count_MedicalConditionIncident_40To64Years_ConditionCOVID19"
"[]","[]","[P1Y]","[CDC_NNDSS_Diseases_AnnualTables]","2016","1","Count_MedicalConditionIncident_ConditionBabesiosis_ConfirmedCase_USResident"
"[]","[]","[P1Y]","[CDC_NNDSS_Diseases_AnnualTables]","2016","1","Count_MedicalConditionIncident_ConditionVibriosisExcludingCholera_ConfirmedCase_WhiteAlone"
"[]","[]","[P1Y]","[CDC_NNDSS_Diseases_AnnualTables]","2016","65","Count_MedicalConditionIncident_ConditionGonorrhea"
"[]","[]","[P1Y]","[CDC_NNDSS_Diseases_AnnualTables]","2016","1","Count_MedicalConditionIncident_Years5To14_ConditionRubella"
"[]","[]","[P1Y]","[CDC_NNDSS_Diseases_AnnualTables]","2016","1","Count_MedicalConditionIncident_ConditionLassaHemorrhagicFever_Asian_PacificIslander"
"[]","[]","[P1Y]","[CDC_NNDSS_Diseases_AnnualTables]","2016","1","Count_MedicalConditionIncident_ConditionHemolyticUremicSyndrome_PostDiarrheal_USResident"
"[]","[]","[P1Y]","[CDC_NNDSS_Diseases_AnnualTables]","2016","1","Count_MedicalConditionIncident_ConditionHumanMonocyticEhrlichiosis_AmericanIndianAndAlaskaNativeAlone"
"[]","[]","[P1Y]","[CDC_NNDSS_Diseases_AnnualTables]","2016","1","Count_MedicalConditionIncident_65_MoreYears_ConditionSpottedFeverRickettsiosis"
"[]","[]","[P1Y]","[CDC_NNDSS_Diseases_AnnualTables]","2016","1","Count_MedicalConditionIncident_Years25To39_ConditionHaemophilusInfluenzaeOrInvasiveDisease_NonSerotypeB"
"[]","[]","[P1Y]","[CDC_NNDSS_Diseases_AnnualTables]","2016","1","Count_MedicalConditionIncident_15To24Years_ConditionTyphoidFever"
"[]","[]","[P1Y]","[CDC_NNDSS_Diseases_AnnualTables]","2016","1","Count_MedicalConditionIncident_65_MoreYears_ConditionNeuroinvasiveDisease_WestNileVirusDisease"
"[]","[]","[P1Y]","[CDC_NNDSS_Diseases_AnnualTables]","2016","65","Count_MedicalConditionIncident_ConditionSyphilisPrimaryAndSecondary"
"[]","[]","[P1Y]","[CDC_NNDSS_Diseases_AnnualTables]","2016","64","Count_MedicalConditionIncident_ConditionCryptosporidiosis"
"[]","[]","[P1Y]","[CDC_NNDSS_Diseases_AnnualTables]","2016","1","Count_MedicalConditionIncident_1To4Years_ConditionHumanGranulocyticAnaplasmosis"
"[]","[]","[P1Y]","[CDC_NNDSS_Diseases_AnnualTables]","2016","1","Count_MedicalConditionIncident_ConditionAnthraxDisease_OtherRace"
"[]","[]","[P1Y]","[CDC_NNDSS_Diseases_AnnualTables]","2016","1","Count_MedicalConditionIncident_HispanicOrLatino_ConditionCandidaAuris_Screening"
"[]","[]","[P1Y]","[CDC_NNDSS_Diseases_AnnualTables]","2016","1","Count_MedicalConditionIncident_15To24Years_ConditionVancomycinIntermediateStaphylococcusAureus"
"[]","[]","[P1Y]","[CDC_NNDSS_Diseases_AnnualTables]","2016","1","Count_MedicalConditionIncident_65_MoreYears_ConditionBotulism"
"[]","[]","[P1Y]","[CDC_NNDSS_Diseases_AnnualTables]","2016","1","Count_MedicalConditionIncident_25To39Years_ConditionParalyticPoliomyelitis"
"[]","[]","[P1Y]","[CDC_NNDSS_Diseases_AnnualTables]","2016","1","Count_MedicalConditionIncident_AgeNotStated_ConditionSevereDengue"
"[]","[]","[P1Y]","[CDC_NNDSS_Diseases_AnnualTables]","2016","1","Count_MedicalConditionIncident_ConditionNonCongenitalDisease_ZikaVirusInfection_OtherRace"
"[]","[]","[P1Y]","[CDC_NNDSS_Diseases_AnnualTables]","2016","1","Count_MedicalConditionIncident_ConditionQFever_RaceUnknown_NotStated"
"[]","[]","[P1Y]","[CDC_NNDSS_Diseases_AnnualTables]","2016","1","Count_MedicalConditionIncident_25To39Years_ConditionLymeDisease_ProbableCase"
"[]","[]","[P1Y]","[CDC_NNDSS_Diseases_AnnualTables]","2016","1","Count_MedicalConditionIncident_ConditionCyclosporiasis_AmericanIndianAndAlaskaNativeAlone"
"[]","[]","[P1Y]","[CDC_NNDSS_Diseases_AnnualTables]","2016","1","Count_MedicalConditionIncident_GenderUnknown_NotStated_ConditionPsittacosis"
"[]","[]","[P1Y]","[CDC_NNDSS_Diseases_AnnualTables]","2016","65","Count_MedicalConditionIncident_ConditionRubella"
"[]","[]","[P1Y]","[CDC_NNDSS_Diseases_AnnualTables]","2016","1","Count_MedicalConditionIncident_65_MoreYears_ConditionChickenpox"
"[]","[]","[P1Y]","[CDC_NNDSS_Diseases_AnnualTables]","2016","1","Count_MedicalConditionIncident_ConditionCandidaAuris_ClinicalCase_Black_AfricanAmericanAlone"
"[]","[]","[P1Y]","[CDC_NNDSS_Diseases_AnnualTables]","2016","1","Count_MedicalConditionIncident_ConditionWoundBotulism_OtherRace"
"[]","[]","[P1Y]","[CDC_NNDSS_Diseases_AnnualTables]","2016","1","Count_MedicalConditionIncident_NotHispanic_Latino_ConditionCryptosporidiosis_ProbableCase"
"[]","[]","[P1Y]","[CDC_NNDSS_Diseases_AnnualTables]","2016","65","Count_MedicalConditionIncident_ConditionNovelInfluenzaAViralInfection"
"[]","[]","[P1Y]","[CDC_NNDSS_Diseases_AnnualTables]","2020","1","Count_MedicalConditionIncident_ConditionBabesiosis_ProbableCase_NonUSResident"
"[]","[]","[P1Y]","[CDC_NNDSS_Diseases_AnnualTables]","2016","1","Count_MedicalConditionIncident_25To39Years_ConditionSalmonellosisExceptTyphiAndParatyphi"
"[]","[]","[P1Y]","[CDC_NNDSS_Diseases_AnnualTables]","2016","1","Count_MedicalConditionIncident_1_LessYears_ConditionChlamydia"
"[]","[]","[P1Y]","[CDC_NNDSS_Diseases_AnnualTables]","2020","1","Count_MedicalConditionIncident_ConditionHepatitisA_AcuteCondition_NonUSResident"
"[]","[]","[P1Y]","[CDC_NNDSS_Diseases_AnnualTables]","2016","1","Count_MedicalConditionIncident_ConditionChikungunya_AmericanIndianAndAlaskaNativeAlone"
"[]","[]","[P1Y]","[CDC_NNDSS_Diseases_AnnualTables]","2016","1","Count_MedicalConditionIncident_AgeNotStated_ConditionCandidaAuris_Screening"
"[]","[]","[P1Y]","[CDC_NNDSS_Diseases_AnnualTables]","2016","1","Count_MedicalConditionIncident_5To14Years_ConditionCryptosporidiosis_ProbableCase"
"[]","[]","[P1Y]","[CDC_NNDSS_Diseases_AnnualTables]","2016","1","Count_MedicalConditionIncident_Hispanic_Latino_ConditionListeriosis_ProbableCase"
"[]","[]","[P1Y]","[CDC_NNDSS_Diseases_AnnualTables]","2016","1","Count_MedicalConditionIncident_25To39Years_ConditionEhrlichiosis"
"[]","[]","[P1Y]","[CDC_NNDSS_Diseases_AnnualTables]","2016","1","Count_MedicalConditionIncident_Years65Onwards_ConditionHaemophilusInfluenzaeOrInvasiveDisease_OtherSerogroups"
"[]","[]","[P1Y]","[CDC_NNDSS_Diseases_AnnualTables]","2016","1","Count_MedicalConditionIncident_ConditionListeriosis_ProbableCase_AmericanIndianAndAlaskaNativeAlone"
"[]","[]","[P1Y]","[CDC_NNDSS_Diseases_AnnualTables]","2016","1","Count_MedicalConditionIncident_65_MoreYears_ConditionHumanGranulocyticAnaplasmosis"
"[]","[]","[P1Y]","[CDC_NNDSS_Diseases_AnnualTables]","2016","1","Count_MedicalConditionIncident_5_LessYears_Female_ConditionInvasiveDisease_HaemophilusInfluenzae_NonSerotypeB"
"[]","[]","[P1Y]","[CDC_NNDSS_Diseases_AnnualTables]","2016","1","Count_MedicalConditionIncident_ConditionCandidaAuris_ClinicalCase_Asian_PacificIslander"
"[]","[]","[P1Y]","[CDC_NNDSS_Diseases_AnnualTables]","2016","1","Count_MedicalConditionIncident_Male_ConditionQFever"
"[]","[]","[P1Y]","[CDC_NNDSS_Diseases_AnnualTables]","2016","1","Count_MedicalConditionIncident_ConditionMeningococcalMeningitis_Asian_PacificIslander_UnknownSerogroups"
"[]","[]","[P1Y]","[CDC_NNDSS_Diseases_AnnualTables]","2016","1","Count_MedicalConditionIncident_Female_ConditionCandidaAuris_ClinicalCase"
"[]","[]","[P1Y]","[CDC_NNDSS_Diseases_AnnualTables]","2016","1","Count_MedicalConditionIncident_ConditionChlamydia_AmericanIndianAndAlaskaNativeAlone"
"[]","[]","[P1Y]","[CDC_NNDSS_Diseases_AnnualTables]","2016","1","Count_MedicalConditionIncident_ConditionZikaVirusDisease_NonCongenitalDisease_USResident"
"[]","[]","[P1Y]","[CDC_NNDSS_Diseases_AnnualTables]","2016","1","Count_MedicalConditionIncident_NotHispanic_Latino_ConditionMalaria"
"[]","[]","[P1Y]","[CDC_NNDSS_Diseases_AnnualTables]","2016","1","Count_MedicalConditionIncident_Male_ConditionRabiesinhuman"
"[]","[]","[P1Y]","[CDC_NNDSS_Diseases_AnnualTables]","2016","1","Count_MedicalConditionIncident_Years5To14_ConditionListeriosis_ProbableCase"
"[]","[]","[P1Y]","[CDC_NNDSS_Diseases_AnnualTables]","2020","1","Count_MedicalConditionIncident_ConditionNonNeuroinvasiveDiseaseOrLaCrosseVirusDisease_NonUSResident"
"[]","[]","[P1Y]","[CDC_NNDSS_Diseases_AnnualTables]","2016","1","Count_MedicalConditionIncident_ConditionRabiesinhuman_AmericanIndianAndAlaskaNativeAlone"
"[]","[]","[P1Y]","[CDC_NNDSS_Diseases_AnnualTables]","2016","1","Count_MedicalConditionIncident_5To14Years_ConditionDiphtheria"
"[]","[]","[P1Y]","[CDC_NNDSS_Diseases_AnnualTables]","2016","1","Count_MedicalConditionIncident_5_LessYears_Male_ConditionStreptococcusPneumonia"
"[]","[]","[P1Y]","[CDC_NNDSS_Diseases_AnnualTables]","2020","1","Count_MedicalConditionIncident_5_LessYears_ConditionStreptococcusPneumonia_ProbableCase_NonUSResident"
"[]","[]","[P1Y]","[CDC_NNDSS_Diseases_AnnualTables]","2016","1","Count_MedicalConditionIncident_GenderUnknown_NotStated_ConditionMeningococcalMeningitis_SerogroupB"
"[]","[]","[P1Y]","[CDC_NNDSS_Diseases_AnnualTables]","2016","1","Count_MedicalConditionIncident_1To4Years_ConditionSpottedFeverRickettsiosis"
"[]","[]","[P1Y]","[CDC_NNDSS_Diseases_AnnualTables]","2016","1","Count_MedicalConditionIncident_ConditionSevereDengue_Black_AfricanAmericanAlone"
"[]","[]","[P1Y]","[CDC_NNDSS_Diseases_AnnualTables]","2016","1","Count_MedicalConditionIncident_40To64Years_ConditionBabesiosis"
"[]","[]","[P1Y]","[CDC_NNDSS_Diseases_AnnualTables]","2016","1","Count_MedicalConditionIncident_ConditionBabesiosis_ConfirmedCase_WhiteAlone"
"[]","[]","[P1Y]","[CDC_NNDSS_Diseases_AnnualTables]","2016","1","Count_MedicalConditionIncident_Years15To24_ConditionHaemophilusInfluenzaeOrInvasiveDisease_UnknownSerotype"
"[]","[]","[P1Y]","[CDC_NNDSS_Diseases_AnnualTables]","2016","1","Count_MedicalConditionIncident_NotHispanic_Latino_ConditionPsittacosis"
"[]","[]","[P1Y]","[CDC_NNDSS_Diseases_AnnualTables]","2016","65","Count_MedicalConditionIncident_ConditionShigellosis"
"[]","[]","[P1Y]","[CDC_NNDSS_Diseases_AnnualTables]","2020","1","Count_MedicalConditionIncident_ConditionFoodborneBotulism_NonUSResident"
"[]","[]","[P1Y]","[CDC_NNDSS_Diseases_AnnualTables]","2016","1","Count_MedicalConditionIncident_5_LessYears_Male_ConditionInvasiveDisease_HaemophilusInfluenzae_NonSerotypeB"
"[]","[]","[P1Y]","[CDC_NNDSS_Diseases_AnnualTables]","2016","1","Count_MedicalConditionIncident_ConditionNonNeuroinvasiveDiseaseOrStLouisEncephalitis_AmericanIndianAndAlaskaNativeAlone"
"[]","[]","[P1Y]","[CDC_NNDSS_Diseases_AnnualTables]","2016","1","Count_MedicalConditionIncident_1_LessYears_ConditionVibriosisExcludingCholera_ConfirmedCase"
"[]","[]","[P1Y]","[CDC_NNDSS_Diseases_AnnualTables]","2016","1","Count_MedicalConditionIncident_65_MoreYears_ConditionNonNeuroinvasiveDisease_PowassanVirusDisease"
"[]","[]","[P1Y]","[CDC_NNDSS_Diseases_AnnualTables]","2016","1","Count_MedicalConditionIncident_5To14Years_ConditionTetanus"
"[]","[]","[P1Y]","[CDC_NNDSS_Diseases_AnnualTables]","2016","1","Count_MedicalConditionIncident_Male_ConditionChancroid"
"[]","[]","[P1Y]","[CDC_NNDSS_Diseases_AnnualTables]","2016","1","Count_MedicalConditionIncident_EthnicityUnknown_NotStated_ConditionNeuroinvasiveDisease_WestNileVirusDisease"
"[]","[]","[P1Y]","[CDC_NNDSS_Diseases_AnnualTables]","2016","1","Count_MedicalConditionIncident_65_MoreYears_ConditionCryptosporidiosis_ProbableCase"
"[]","[]","[P1Y]","[CDC_NNDSS_Diseases_AnnualTables]","2016","1","Count_MedicalConditionIncident_5_LessYears_GenderUnknown_NotStated_ConditionStreptococcusPneumonia"
"[]","[]","[P1Y]","[CDC_NNDSS_Diseases_AnnualTables]","2016","1","Count_MedicalConditionIncident_ConditionBabesiosis_Black_AfricanAmericanAlone"
"[]","[]","[P1Y]","[CDC_NNDSS_Diseases_AnnualTables]","2016","1","Count_MedicalConditionIncident_AgeNotStated_ConditionTrichinellosis"
"[]","[]","[P1Y]","[CDC_NNDSS_Diseases_AnnualTables]","2016","1","Count_MedicalConditionIncident_ConditionGuanaritoHemorrhagicFever_AmericanIndianAndAlaskaNativeAlone"
"[]","[]","[P1Y]","[CDC_NNDSS_Diseases_AnnualTables]","2016","1","Count_MedicalConditionIncident_AgeNotStated_ConditionHantavirusPulmonarySyndrome"
"[]","[]","[P1Y]","[CDC_NNDSS_Diseases_AnnualTables]","2016","1","Count_MedicalConditionIncident_GenderUnknown_NotStated_ConditionGiardiasis"
"[]","[]","[P1Y]","[CDC_NNDSS_Diseases_AnnualTables]","2016","1","Count_MedicalConditionIncident_GenderUnknown_NotStated_ConditionListeriosis_ProbableCase"
"[]","[]","[P1Y]","[CDC_NNDSS_Diseases_AnnualTables]","2016","1","Count_MedicalConditionIncident_NotHispanicOrLatino_ConditionCoccidioidomycosis_ConfirmedCase"
"[]","[]","[P1Y]","[CDC_NNDSS_Diseases_AnnualTables]","2016","1","Count_MedicalConditionIncident_5To14Years_ConditionStreptococcusPneumonia"
"[]","[]","[P1Y]","[CDC_NNDSS_Diseases_AnnualTables]","2016","1","Count_MedicalConditionIncident_Female_ConditionBotulism"
"[]","[]","[P1Y]","[CDC_NNDSS_Diseases_AnnualTables]","2016","1","Count_MedicalConditionIncident_15To24Years_ConditionGiardiasis"
"[]","[]","[P1Y]","[CDC_NNDSS_Diseases_AnnualTables]","2016","1","Count_MedicalConditionIncident_40To64Years_ConditionCryptosporidiosis"
"[]","[]","[P1Y]","[CDC_NNDSS_Diseases_AnnualTables]","2016","1","Count_MedicalConditionIncident_Years15To24_ConditionDiphtheria"
"[]","[]","[P1Y]","[CDC_NNDSS_Diseases_AnnualTables]","2016","1","Count_MedicalConditionIncident_ConditionHIVAIDS_AmericanIndianAndAlaskaNativeAlone"
"[]","[]","[P1Y]","[CDC_NNDSS_Diseases_AnnualTables]","2016","1","Count_MedicalConditionIncident_ConditionLeptospirosis_USResident"
"[]","[]","[P1Y]","[CDC_NNDSS_Diseases_AnnualTables]","2016","1","Count_MedicalConditionIncident_ConditionListeriosis_Asian_PacificIslander"
"[]","[]","[P1Y]","[CDC_NNDSS_Diseases_AnnualTables]","2016","1","Count_MedicalConditionIncident_Female_ConditionAcuteCondition_HepatitisC_ProbableCase"
"[]","[]","[P1Y]","[CDC_NNDSS_Diseases_AnnualTables]","2016","65","Count_MedicalConditionIncident_ConditionMeningococcalMeningitis"
"[]","[]","[P1Y]","[CDC_NNDSS_Diseases_AnnualTables]","2016","1","Count_MedicalConditionIncident_Female_ConditionVibriosisExcludingCholera_ProbableCase"
"[]","[]","[P1Y]","[CDC_NNDSS_Diseases_AnnualTables]","2016","1","Count_MedicalConditionIncident_ConditionZikaVirusDiseaseOrCongenitalDisease_WhiteAlone"
"[]","[]","[P1Y]","[CDC_NNDSS_Diseases_AnnualTables]","2016","1","Count_MedicalConditionIncident_ConditionCandidaAuris_Screening_AsianOrPacificIslander"
"[]","[]","[P1Y]","[CDC_NNDSS_Diseases_AnnualTables]","2016","1","Count_MedicalConditionIncident_Years25To39_ConditionInfluenza_PediatricMortality"
"[]","[]","[P1Y]","[CDC_NNDSS_Diseases_AnnualTables]","2016","1","Count_MedicalConditionIncident_Male_ConditionPertussis"
"[]","[]","[P1Y]","[CDC_NNDSS_Diseases_AnnualTables]","2016","1","Count_MedicalConditionIncident_NotHispanic_Latino_ConditionCryptosporidiosis_ConfirmedCase"
"[]","[]","[P1Y]","[CDC_NNDSS_Diseases_AnnualTables]","2016","1","Count_MedicalConditionIncident_ConditionStreptococcalToxicShockSyndrome_RaceUnknown_NotStated"
"[]","[]","[P1Y]","[CDC_NNDSS_Diseases_AnnualTables]","2016","65","Count_MedicalConditionIncident_ConditionTularemia"
"[]","[]","[P1Y]","[CDC_NNDSS_Diseases_AnnualTables]","2016","1","Count_MedicalConditionIncident_ConditionVibriosisExcludingCholera_ProbableCase_RaceUnknown_NotStated"
"[]","[]","[P1Y]","[CDC_NNDSS_Diseases_AnnualTables]","2016","1","Count_MedicalConditionIncident_5To14Years_ConditionLassaHemorrhagicFever"
"[]","[]","[P1Y]","[CDC_NNDSS_Diseases_AnnualTables]","2016","1","Count_MedicalConditionIncident_ConditionVibriosisExcludingCholera_Asian_PacificIslander"
"[]","[]","[P1Y]","[CDC_NNDSS_Diseases_AnnualTables]","2016","1","Count_MedicalConditionIncident_25To39Years_ConditionGiardiasis"
"[]","[]","[P1Y]","[CDC_NNDSS_Diseases_AnnualTables]","2016","1","Count_MedicalConditionIncident_1_LessYears_ConditionCryptosporidiosis"
"[]","[]","[P1Y]","[CDC_NNDSS_Diseases_AnnualTables]","2016","1","Count_MedicalConditionIncident_1_LessYears_ConditionMeningococcalMeningitis_OtherSerogroups"
"[]","[]","[P1Y]","[CDC_NNDSS_Diseases_AnnualTables]","2016","1","Count_MedicalConditionIncident_Hispanic_Latino_ConditionTrichinellosis"
"[]","[]","[P1Y]","[CDC_NNDSS_Diseases_AnnualTables]","2016","1","Count_MedicalConditionIncident_15To24Years_ConditionDengueDisease"
"[]","[]","[P1Y]","[CDC_NNDSS_Diseases_AnnualTables]","2016","1","Count_MedicalConditionIncident_Hispanic_Latino_ConditionMeningococcalMeningitis_UnknownSerogroups"
"[]","[]","[P1Y]","[CDC_NNDSS_Diseases_AnnualTables]","2016","1","Count_MedicalConditionIncident_Female_ConditionAnthraxDisease"
"[]","[]","[P1Y]","[CDC_NNDSS_Diseases_AnnualTables]","2016","1","Count_MedicalConditionIncident_ConditionNovelInfluenzaAViralInfection_AmericanIndianAndAlaskaNativeAlone"
"[]","[]","[P1Y]","[CDC_NNDSS_Diseases_AnnualTables]","2016","1","Count_MedicalConditionIncident_ConditionAcuteCondition_QFever_AmericanIndianAndAlaskaNativeAlone"
"[]","[]","[P1Y]","[CDC_NNDSS_Diseases_AnnualTables]","2016","1","Count_MedicalConditionIncident_ConditionCandidaAuris_ClinicalCase_WhiteAlone"
"[]","[]","[P1Y]","[CDC_NNDSS_Diseases_AnnualTables]","2016","1","Count_MedicalConditionIncident_Female_ConditionHantavirusPulmonarySyndrome"
"[]","[]","[P1Y]","[CDC_NNDSS_Diseases_AnnualTables]","2016","1","Count_MedicalConditionIncident_ConditionPlague_AmericanIndianAndAlaskaNativeAlone"
"[]","[]","[P1Y]","[CDC_NNDSS_Diseases_AnnualTables]","2016","1","Count_MedicalConditionIncident_NotHispanic_Latino_ConditionLymeDisease_ConfirmedCase"
"[]","[]","[P1Y]","[CDC_NNDSS_Diseases_AnnualTables]","2020","1","Count_MedicalConditionIncident_ConditionStLouisEncephalitis_NonNeuroinvasiveDisease_NonUSResident"
"[]","[]","[P1Y]","[CDC_NNDSS_Diseases_AnnualTables]","2016","1","Count_MedicalConditionIncident_1_LessYears_ConditionBotulism"
"[]","[]","[P1Y]","[CDC_NNDSS_Diseases_AnnualTables]","2016","1","Count_MedicalConditionIncident_Female_ConditionHIVAIDS"
"[]","[]","[P1Y]","[CDC_NNDSS_Diseases_AnnualTables]","2016","1","Count_MedicalConditionIncident_ConditionBotulism_Asian_PacificIslander"
"[]","[]","[P1Y]","[CDC_NNDSS_Diseases_AnnualTables]","2016","1","Count_MedicalConditionIncident_ConditionCoccidioidomycosis_ConfirmedCase_RaceUnknownOrNotStated"
"[]","[]","[P1Y]","[CDC_NNDSS_Diseases_AnnualTables]","2016","1","Count_MedicalConditionIncident_Hispanic_Latino_ConditionBrucellosis"
"[]","[]","[P1Y]","[CDC_NNDSS_Diseases_AnnualTables]","2016","1","Count_MedicalConditionIncident_Female_ConditionSevereDengue"
"[]","[]","[P1Y]","[CDC_NNDSS_Diseases_AnnualTables]","2016","1","Count_MedicalConditionIncident_5_LessYears_EthnicityUnknown_NotStated_ConditionInvasiveDisease_HaemophilusInfluenzae_NonSerotypeB"
"[]","[]","[P1Y]","[CDC_NNDSS_Diseases_AnnualTables]","2016","1","Count_MedicalConditionIncident_ConditionListeriosis_ProbableCase_Black_AfricanAmericanAlone"
"[]","[]","[P1Y]","[CDC_NNDSS_Diseases_AnnualTables]","2016","1","Count_MedicalConditionIncident_ConditionCoccidioidomycosis_Black_AfricanAmericanAlone"
"[]","[]","[P1Y]","[CDC_NNDSS_Diseases_AnnualTables]","2016","65","Count_MedicalConditionIncident_ConditionSyphilis"
"[]","[]","[P1Y]","[CDC_NNDSS_Diseases_AnnualTables]","2016","1","Count_MedicalConditionIncident_ConditionGiardiasis_USResident"
"[]","[]","[P1Y]","[CDC_NNDSS_Diseases_AnnualTables]","2016","1","Count_MedicalConditionIncident_1To4Years_ConditionInfantBotulism"
"[]","[]","[P1Y]","[CDC_NNDSS_Diseases_AnnualTables]","2016","1","Count_MedicalConditionIncident_EthnicityUnknownOrNotStated_ConditionNeuroinvasiveDiseaseOrStLouisEncephalitis"
"[]","[]","[P1Y]","[CDC_NNDSS_Diseases_AnnualTables]","2016","1","Count_MedicalConditionIncident_GenderUnknown_NotStated_ConditionMumps"
"[]","[]","[P1Y]","[CDC_NNDSS_Diseases_AnnualTables]","2016","65","Count_MedicalConditionIncident_ConditionDiphtheria"
"[]","[]","[P1Y]","[CDC_NNDSS_Diseases_AnnualTables]","2016","1","Count_MedicalConditionIncident_65_MoreYears_ConditionDengueDisease"
"[]","[]","[P1Y]","[CDC_NNDSS_Diseases_AnnualTables]","2016","62","Count_MedicalConditionIncident_ConditionLymeDisease"
"[]","[]","[P1Y]","[CDC_NNDSS_Diseases_AnnualTables]","2016","1","Count_MedicalConditionIncident_5To14Years_ConditionMeasles_ImportedCase"
"[]","[]","[P1Y]","[CDC_NNDSS_Diseases_AnnualTables]","2016","1","Count_MedicalConditionIncident_ConditionStreptococcalToxicShockSyndrome_USResident"
"[]","[]","[P1Y]","[CDC_NNDSS_Diseases_AnnualTables]","2016","1","Count_MedicalConditionIncident_ConditionLymeDisease_RaceUnknown_NotStated"
"[]","[]","[P1Y]","[CDC_NNDSS_Diseases_AnnualTables]","2016","1","Count_MedicalConditionIncident_ConditionDiphtheria_BlackOrAfricanAmericanAlone"
"[]","[]","[P1Y]","[CDC_NNDSS_Diseases_AnnualTables]","2016","1","Count_MedicalConditionIncident_15To24Years_ConditionLymeDisease"
"[]","[]","[P1Y]","[CDC_NNDSS_Diseases_AnnualTables]","2016","1","Count_MedicalConditionIncident_ConditionAcuteCondition_QFever_OtherRace"
"[]","[]","[P1Y]","[CDC_NNDSS_Diseases_AnnualTables]","2016","1","Count_MedicalConditionIncident_AgeNotStated_ConditionCholera"
"[]","[]","[P1Y]","[CDC_NNDSS_Diseases_AnnualTables]","2016","65","Count_MedicalConditionIncident_ConditionBrucellosis"
"[]","[]","[P1Y]","[CDC_NNDSS_Diseases_AnnualTables]","2020","1","Count_MedicalConditionIncident_ConditionEhrlichiosis_NonUSResident"
"[]","[]","[P1Y]","[CDC_NNDSS_Diseases_AnnualTables]","2016","1","Count_MedicalConditionIncident_HispanicOrLatino_ConditionNonNeuroinvasiveDiseaseOrStLouisEncephalitis"
"[]","[]","[P1Y]","[CDC_NNDSS_Diseases_AnnualTables]","2016","1","Count_MedicalConditionIncident_25To39Years_ConditionChancroid"
"[]","[]","[P1Y]","[CDC_NNDSS_Diseases_AnnualTables]","2016","65","Count_MedicalConditionIncident_ConditionCOVID19"
"[]","[]","[P1Y]","[CDC_NNDSS_Diseases_AnnualTables]","2016","1","Count_MedicalConditionIncident_5To14Years_ConditionNonCongenitalDisease_ZikaVirusDisease"
"[]","[]","[P1Y]","[CDC_NNDSS_Diseases_AnnualTables]","2016","65","Count_MedicalConditionIncident_5_LessYears_ConditionHaemophilusInfluenzae_InvasiveDisease_UnknownSerotype"
"[]","[]","[P1Y]","[CDC_NNDSS_Diseases_AnnualTables]","2016","1","Count_MedicalConditionIncident_ConditionLassaHemorrhagicFever_Black_AfricanAmericanAlone"
"[]","[]","[P1Y]","[CDC_NNDSS_Diseases_AnnualTables]","2016","65","Count_MedicalConditionIncident_ConditionCoccidioidomycosis_ConfirmedCase"
"[]","[]","[P1Y]","[CDC_NNDSS_Diseases_AnnualTables]","2020","1","Count_MedicalConditionIncident_ConditionCholera_NonUSResident"
"[]","[]","[P1Y]","[CDC_NNDSS_Diseases_AnnualTables]","2016","1","Count_MedicalConditionIncident_65_MoreYears_ConditionMeasles"
"[]","[]","[P1Y]","[CDC_NNDSS_Diseases_AnnualTables]","2016","1","Count_MedicalConditionIncident_ConditionChronicCondition_QFever_OtherRace"
"[]","[]","[P1Y]","[CDC_NNDSS_Diseases_AnnualTables]","2016","1","Count_MedicalConditionIncident_NotHispanic_Latino_ConditionSpottedFeverRickettsiosis"
"[]","[]","[P1Y]","[CDC_NNDSS_Diseases_AnnualTables]","2016","1","Count_MedicalConditionIncident_15To24Years_ConditionTetanus"
"[]","[]","[P1Y]","[CDC_NNDSS_Diseases_AnnualTables]","2016","1","Count_MedicalConditionIncident_5_LessYears_ConditionInvasiveDisease_HaemophilusInfluenzae_OtherRace_OtherSerogroups"
"[]","[]","[P1Y]","[CDC_NNDSS_Diseases_AnnualTables]","2016","1","Count_MedicalConditionIncident_NotHispanic_Latino_ConditionHumanGranulocyticAnaplasmosis"
"[]","[]","[P1Y]","[CDC_NNDSS_Diseases_AnnualTables]","2016","1","Count_MedicalConditionIncident_5To14Years_ConditionHumanMonocyticEhrlichiosis"
"[]","[]","[P1Y]","[CDC_NNDSS_Diseases_AnnualTables]","2016","1","Count_MedicalConditionIncident_5To14Years_ConditionPertussis"
"[]","[]","[P1Y]","[CDC_NNDSS_Diseases_AnnualTables]","2016","1","Count_MedicalConditionIncident_Male_ConditionTuberculosis"
"[]","[]","[P1Y]","[CDC_NNDSS_Diseases_AnnualTables]","2016","1","Count_MedicalConditionIncident_40To64Years_ConditionWoundBotulism"
"[]","[]","[P1Y]","[CDC_NNDSS_Diseases_AnnualTables]","2016","1","Count_MedicalConditionIncident_ConditionMeasles_USResident"
"[]","[]","[P1Y]","[CDC_NNDSS_Diseases_AnnualTables]","2016","1","Count_MedicalConditionIncident_ConditionListeriosis_ConfirmedCase_Asian_PacificIslander"
"[]","[]","[P1Y]","[CDC_NNDSS_Diseases_AnnualTables]","2016","1","Count_MedicalConditionIncident_5To14Years_ConditionMeningococcalMeningitis_OtherSerogroups"
"[]","[]","[P1Y]","[CDC_NNDSS_Diseases_AnnualTables]","2016","1","Count_MedicalConditionIncident_65_MoreYears_ConditionSevereDengue"
"[]","[]","[P1Y]","[CDC_NNDSS_Diseases_AnnualTables]","2016","1","Count_MedicalConditionIncident_Hispanic_Latino_ConditionChlamydia"
"[]","[]","[P1Y]","[CDC_NNDSS_Diseases_AnnualTables]","2016","1","Count_MedicalConditionIncident_ConditionPerinatalInfection_HepatitisB_Black_AfricanAmericanAlone"
"[]","[]","[P1Y]","[CDC_NNDSS_Diseases_AnnualTables]","2016","1","Count_MedicalConditionIncident_ConditionCoccidioidomycosis_ConfirmedCase_WhiteAlone"
"[]","[]","[P1Y]","[CDC_NNDSS_Diseases_AnnualTables]","2016","1","Count_MedicalConditionIncident_NotHispanic_Latino_ConditionTularemia"
"[]","[]","[P1Y]","[CDC_NNDSS_Diseases_AnnualTables]","2016","1","Count_MedicalConditionIncident_AgeNotStated_ConditionNovelInfluenzaAViralInfection"
"[]","[]","[P1Y]","[CDC_NNDSS_Diseases_AnnualTables]","2016","1","Count_MedicalConditionIncident_Male_ConditionCoccidioidomycosis"
"[]","[]","[P1Y]","[CDC_NNDSS_Diseases_AnnualTables]","2016","1","Count_MedicalConditionIncident_65_MoreYears_ConditionBrucellosis"
"[]","[]","[P1Y]","[CDC_NNDSS_Diseases_AnnualTables]","2016","1","Count_MedicalConditionIncident_YearsUpto1_ConditionNeuroinvasiveDiseaseOrWestNileVirusDisease"
"[]","[]","[P1Y]","[CDC_NNDSS_Diseases_AnnualTables]","2016","1","Count_MedicalConditionIncident_ConditionShigellosis_Black_AfricanAmericanAlone"
"[]","[]","[P1Y]","[CDC_NNDSS_Diseases_AnnualTables]","2016","1","Count_MedicalConditionIncident_25To39Years_ConditionAcuteCondition_HepatitisC_ConfirmedCase"
"[]","[]","[P1Y]","[CDC_NNDSS_Diseases_AnnualTables]","2016","1","Count_MedicalConditionIncident_ConditionPlague_RaceUnknown_NotStated"
"[]","[]","[P1Y]","[CDC_NNDSS_Diseases_AnnualTables]","2016","1","Count_MedicalConditionIncident_Hispanic_Latino_ConditionBotulism"
"[]","[]","[P1Y]","[CDC_NNDSS_Diseases_AnnualTables]","2016","1","Count_MedicalConditionIncident_40To64Years_ConditionVancomycinIntermediateStaphylococcusAureus"
"[]","[]","[P1Y]","[CDC_NNDSS_Diseases_AnnualTables]","2016","1","Count_MedicalConditionIncident_1To4Years_ConditionCandidaAuris_ClinicalCase"
"[]","[]","[P1Y]","[CDC_NNDSS_Diseases_AnnualTables]","2016","1","Count_MedicalConditionIncident_Female_ConditionGonorrhea"
"[]","[]","[P1Y]","[CDC_NNDSS_Diseases_AnnualTables]","2016","1","Count_MedicalConditionIncident_GenderUnknown_NotStated_ConditionHumanMonocyticEhrlichiosis"
"[]","[]","[P1Y]","[CDC_NNDSS_Diseases_AnnualTables]","2016","1","Count_MedicalConditionIncident_5_LessYears_EthnicityUnknown_NotStated_ConditionStreptococcusPneumonia"
"[]","[]","[P1Y]","[CDC_NNDSS_Diseases_AnnualTables]","2016","1","Count_MedicalConditionIncident_Years1To4_ConditionYellowFever"
"[]","[]","[P1Y]","[CDC_NNDSS_Diseases_AnnualTables]","2016","1","Count_MedicalConditionIncident_25To39Years_ConditionNonNeuroinvasiveDisease_JamestownCanyonVirusDisease"
"[]","[]","[P1Y]","[CDC_NNDSS_Diseases_AnnualTables]","2016","1","Count_MedicalConditionIncident_ConditionDengueLikeIllness_Black_AfricanAmericanAlone"
"[]","[]","[P1Y]","[CDC_NNDSS_Diseases_AnnualTables]","2016","1","Count_MedicalConditionIncident_ConditionZikaVirusInfectionOrCongenitalDisease_OtherRace"
"[]","[]","[P1Y]","[CDC_NNDSS_Diseases_AnnualTables]","2016","1","Count_MedicalConditionIncident_ConditionStreptococcusPneumonia_ConfirmedCase_WhiteAlone"
"[]","[]","[P1Y]","[CDC_NNDSS_Diseases_AnnualTables]","2016","1","Count_MedicalConditionIncident_EthnicityUnknownOrNotStated_ConditionNonNeuroinvasiveDiseaseOrStLouisEncephalitis"
"[]","[]","[P1Y]","[CDC_NNDSS_Diseases_AnnualTables]","2016","1","Count_MedicalConditionIncident_40To64Years_ConditionHIVAIDS"
"[]","[]","[P1Y]","[CDC_NNDSS_Diseases_AnnualTables]","2016","1","Count_MedicalConditionIncident_25To39Years_ConditionCoccidioidomycosis"
"[]","[]","[P1Y]","[CDC_NNDSS_Diseases_AnnualTables]","2016","1","Count_MedicalConditionIncident_ConditionQFever_Asian_PacificIslander"
"[]","[]","[P1Y]","[CDC_NNDSS_Diseases_AnnualTables]","2016","1","Count_MedicalConditionIncident_ConditionLeptospirosis_WhiteAlone"
"[]","[]","[P1Y]","[CDC_NNDSS_Diseases_AnnualTables]","2016","1","Count_MedicalConditionIncident_5To14Years_ConditionToxicShockSyndromExceptStreptococcal"
"[]","[]","[P1Y]","[CDC_NNDSS_Diseases_AnnualTables]","2016","1","Count_MedicalConditionIncident_ConditionLegionnairesDisease_USResident"
"[]","[]","[P1Y]","[CDC_NNDSS_Diseases_AnnualTables]","2016","1","Count_MedicalConditionIncident_5_LessYears_Hispanic_Latino_ConditionInvasiveDisease_HaemophilusInfluenzae_NonSerotypeB"
"[]","[]","[P1Y]","[CDC_NNDSS_Diseases_AnnualTables]","2016","1","Count_MedicalConditionIncident_Hispanic_Latino_ConditionDengueLikeIllness"
"[]","[]","[P1Y]","[CDC_NNDSS_Diseases_AnnualTables]","2016","56","Count_MedicalConditionIncident_ConditionStreptococcusPneumonia_ConfirmedCase"
"[]","[]","[P1Y]","[CDC_NNDSS_Diseases_AnnualTables]","2016","1","Count_MedicalConditionIncident_15To24Years_ConditionVancomycinResistantStaphylococcusAureus"
"[]","[]","[P1Y]","[CDC_NNDSS_Diseases_AnnualTables]","2016","1","Count_MedicalConditionIncident_ConditionSevereDengue_WhiteAlone"
"[]","[]","[P1Y]","[CDC_NNDSS_Diseases_AnnualTables]","2020","1","Count_MedicalConditionIncident_ConditionCandidaAuris_ClinicalCase_NonUSResident"
"[]","[]","[P1Y]","[CDC_NNDSS_Diseases_AnnualTables]","2016","1","Count_MedicalConditionIncident_EthnicityUnknownOrNotStated_ConditionCoccidioidomycosis_ProbableCase"
"[]","[]","[P1Y]","[CDC_NNDSS_Diseases_AnnualTables]","2016","65","Count_MedicalConditionIncident_ConditionChlamydia"
"[]","[]","[P1Y]","[CDC_NNDSS_Diseases_AnnualTables]","2016","1","Count_MedicalConditionIncident_HispanicOrLatino_ConditionNonNeuroinvasiveDiseaseOrJamestownCanyonVirusDisease"
"[]","[]","[P1Y]","[CDC_NNDSS_Diseases_AnnualTables]","2016","1","Count_MedicalConditionIncident_NotHispanicOrLatino_ConditionRabiesinhuman"
"[]","[]","[P1Y]","[CDC_NNDSS_Diseases_AnnualTables]","2016","1","Count_MedicalConditionIncident_ConditionNonCongenitalDisease_ZikaVirusInfection_AmericanIndianAndAlaskaNativeAlone"
"[]","[]","[P1Y]","[CDC_NNDSS_Diseases_AnnualTables]","2016","1","Count_MedicalConditionIncident_25To39Years_ConditionListeriosis_ConfirmedCase"
"[]","[]","[P1Y]","[CDC_NNDSS_Diseases_AnnualTables]","2016","1","Count_MedicalConditionIncident_15To24Years_ConditionParalyticPoliomyelitis"
"[]","[]","[P1Y]","[CDC_NNDSS_Diseases_AnnualTables]","2016","1","Count_MedicalConditionIncident_65_MoreYears_ConditionCyclosporiasis"
"[]","[]","[P1Y]","[CDC_NNDSS_Diseases_AnnualTables]","2016","1","Count_MedicalConditionIncident_Years5To14_ConditionNonNeuroinvasiveDiseaseOrJamestownCanyonVirusDisease"
"[]","[]","[P1Y]","[CDC_NNDSS_Diseases_AnnualTables]","2016","1","Count_MedicalConditionIncident_1To4Years_ConditionVibriosisExcludingCholera_ConfirmedCase"
"[]","[]","[P1Y]","[CDC_NNDSS_Diseases_AnnualTables]","2016","1","Count_MedicalConditionIncident_ConditionNeuroinvasiveDisease_LaCrosseVirusDisease_RaceUnknown_NotStated"
"[]","[]","[P1Y]","[CDC_NNDSS_Diseases_AnnualTables]","2016","1","Count_MedicalConditionIncident_Hispanic_Latino_ConditionSyphilisPrimaryAndSecondary"
"[]","[]","[P1Y]","[CDC_NNDSS_Diseases_AnnualTables]","2016","1","Count_MedicalConditionIncident_1To4Years_ConditionLeptospirosis"
"[]","[]","[P1Y]","[CDC_NNDSS_Diseases_AnnualTables]","2016","1","Count_MedicalConditionIncident_Hispanic_Latino_ConditionMeningococcalMeningitis"
"[]","[]","[P1Y]","[CDC_NNDSS_Diseases_AnnualTables]","2016","1","Count_MedicalConditionIncident_Male_ConditionShigaToxinEColi"
"[]","[]","[P1Y]","[CDC_NNDSS_Diseases_AnnualTables]","2016","53","Count_MedicalConditionIncident_ConditionStreptococcalToxicShockSyndrome"
"[]","[]","[P1Y]","[CDC_NNDSS_Diseases_AnnualTables]","2016","1","Count_MedicalConditionIncident_NotHispanic_Latino_ConditionCryptosporidiosis"
"[]","[]","[P1Y]","[CDC_NNDSS_Diseases_AnnualTables]","2020","1","Count_MedicalConditionIncident_ConditionParalyticPoliomyelitis_NonUSResident"
"[]","[]","[P1Y]","[CDC_NNDSS_Diseases_AnnualTables]","2016","1","Count_MedicalConditionIncident_Female_ConditionNonNeuroinvasiveDisease_WestNileVirusDisease"
"[]","[]","[P1Y]","[CDC_NNDSS_Diseases_AnnualTables]","2016","1","Count_MedicalConditionIncident_GenderUnknown_NotStated_ConditionEhrlichiaEwingiiInfection"
"[]","[]","[P1Y]","[CDC_NNDSS_Diseases_AnnualTables]","2016","1","Count_MedicalConditionIncident_Female_ConditionCoccidioidomycosis_ProbableCase"
"[]","[]","[P1Y]","[CDC_NNDSS_Diseases_AnnualTables]","2016","1","Count_MedicalConditionIncident_15To24Years_ConditionCarbapenemResistantEnterobacteriaceae"
"[]","[]","[P1Y]","[CDC_NNDSS_Diseases_AnnualTables]","2016","1","Count_MedicalConditionIncident_ConditionMumps_AmericanIndianAndAlaskaNativeAlone"
"[]","[]","[P1Y]","[CDC_NNDSS_Diseases_AnnualTables]","2016","1","Count_MedicalConditionIncident_ConditionAcuteCondition_HepatitisC_ProbableCase_Asian_PacificIslander"
"[]","[]","[P1Y]","[CDC_NNDSS_Diseases_AnnualTables]","2016","1","Count_MedicalConditionIncident_ConditionSpottedFeverRickettsiosis_Black_AfricanAmericanAlone"
"[]","[]","[P1Y]","[CDC_NNDSS_Diseases_AnnualTables]","2016","1","Count_MedicalConditionIncident_1To4Years_ConditionPsittacosis"
"[]","[]","[P1Y]","[CDC_NNDSS_Diseases_AnnualTables]","2016","1","Count_MedicalConditionIncident_Male_ConditionListeriosis_ConfirmedCase"
"[]","[]","[P1Y]","[CDC_NNDSS_Diseases_AnnualTables]","2016","1","Count_MedicalConditionIncident_ConditionCongenitalSyphilis_AmericanIndianAndAlaskaNativeAlone"
"[]","[]","[P1Y]","[CDC_NNDSS_Diseases_AnnualTables]","2016","1","Count_MedicalConditionIncident_5To14Years_ConditionCyclosporiasis"
"[]","[]","[P1Y]","[CDC_NNDSS_Diseases_AnnualTables]","2016","1","Count_MedicalConditionIncident_ConditionSpottedFeverRickettsiosis_ProbableCase_AmericanIndianAndAlaskaNativeAlone"
"[]","[]","[P1Y]","[CDC_NNDSS_Diseases_AnnualTables]","2016","1","Count_MedicalConditionIncident_25To39Years_ConditionHaemophilusMeningitis"
"[]","[]","[P1Y]","[CDC_NNDSS_Diseases_AnnualTables]","2016","1","Count_MedicalConditionIncident_YearsUpto1_ConditionEhrlichiaEwingiiInfection"
"[]","[]","[P1Y]","[CDC_NNDSS_Diseases_AnnualTables]","2016","1","Count_MedicalConditionIncident_Female_ConditionJuninHemorrhagicFever"
"[]","[]","[P1Y]","[CDC_NNDSS_Diseases_AnnualTables]","2016","1","Count_MedicalConditionIncident_ConditionCholera_AsianOrPacificIslander"
"[]","[]","[P1Y]","[CDC_NNDSS_Diseases_AnnualTables]","2016","1","Count_MedicalConditionIncident_EthnicityUnknown_NotStated_ConditionGiardiasis"
"[]","[]","[P1Y]","[CDC_NNDSS_Diseases_AnnualTables]","2016","1","Count_MedicalConditionIncident_ConditionCOVID19_BlackOrAfricanAmericanAlone"
"[]","[]","[P1Y]","[CDC_NNDSS_Diseases_AnnualTables]","2016","1","Count_MedicalConditionIncident_EthnicityUnknown_NotStated_ConditionMeningococcalMeningitis_OtherSerogroups"
"[]","[]","[P1Y]","[CDC_NNDSS_Diseases_AnnualTables]","2016","1","Count_MedicalConditionIncident_ConditionSyphilis_WhiteAlone"
"[]","[]","[P1Y]","[CDC_NNDSS_Diseases_AnnualTables]","2016","1","Count_MedicalConditionIncident_ConditionLymeDisease_ConfirmedCase_USResident"
"[]","[]","[P1Y]","[CDC_NNDSS_Diseases_AnnualTables]","2016","1","Count_MedicalConditionIncident_GenderUnknown_NotStated_ConditionCongenitalSyphilis"
"[]","[]","[P1Y]","[CDC_NNDSS_Diseases_AnnualTables]","2016","1","Count_MedicalConditionIncident_AgeNotStated_ConditionMalaria"
"[]","[]","[P1Y]","[CDC_NNDSS_Diseases_AnnualTables]","2016","1","Count_MedicalConditionIncident_Male_ConditionMumps"
"[]","[]","[P1Y]","[CDC_NNDSS_Diseases_AnnualTables]","2016","1","Count_MedicalConditionIncident_Female_ConditionNonNeuroinvasiveDisease_PowassanVirusDisease"
"[]","[]","[P1Y]","[CDC_NNDSS_Diseases_AnnualTables]","2016","1","Count_MedicalConditionIncident_Female_ConditionGuanaritoHemorrhagicFever"
"[]","[]","[P1Y]","[CDC_NNDSS_Diseases_AnnualTables]","2016","1","Count_MedicalConditionIncident_GenderUnknown_NotStated_ConditionLeptospirosis"
"[]","[]","[P1Y]","[CDC_NNDSS_Diseases_AnnualTables]","2016","1","Count_MedicalConditionIncident_ConditionChikungunya_Asian_PacificIslander"
"[]","[]","[P1Y]","[CDC_NNDSS_Diseases_AnnualTables]","2016","1","Count_MedicalConditionIncident_ConditionCoccidioidomycosis_RaceUnknown_NotStated"
"[]","[]","[P1Y]","[CDC_NNDSS_Diseases_AnnualTables]","2016","65","Count_MedicalConditionIncident_ConditionHepatitisC_PerinatalInfection"
"[]","[]","[P1Y]","[CDC_NNDSS_Diseases_AnnualTables]","2016","1","Count_MedicalConditionIncident_1To4Years_ConditionSpottedFeverRickettsiosis_ConfirmedCase"
"[]","[]","[P1Y]","[CDC_NNDSS_Diseases_AnnualTables]","2016","1","Count_MedicalConditionIncident_AgeNotStated_ConditionJuninHemorrhagicFever"
"[]","[]","[P1Y]","[CDC_NNDSS_Diseases_AnnualTables]","2016","1","Count_MedicalConditionIncident_15To24Years_ConditionStreptococcusPneumonia_ConfirmedCase"
"[]","[]","[P1Y]","[CDC_NNDSS_Diseases_AnnualTables]","2016","1","Count_MedicalConditionIncident_GenderUnknownOrNotStated_ConditionZikaVirusInfectionOrCongenitalDisease"
"[]","[]","[P1Y]","[CDC_NNDSS_Diseases_AnnualTables]","2016","1","Count_MedicalConditionIncident_ConditionCholera_WhiteAlone"
"[]","[]","[P1Y]","[CDC_NNDSS_Diseases_AnnualTables]","2016","1","Count_MedicalConditionIncident_Female_ConditionZikaVirusDiseaseOrCongenitalDisease"
"[]","[]","[P1Y]","[CDC_NNDSS_Diseases_AnnualTables]","2016","1","Count_MedicalConditionIncident_NotHispanic_Latino_ConditionHantavirusPulmonarySyndrome"
"[]","[]","[P1Y]","[CDC_NNDSS_Diseases_AnnualTables]","2016","1","Count_MedicalConditionIncident_ConditionNonNeuroinvasiveDiseaseOrPowassanVirusDisease_WhiteAlone"
"[]","[]","[P1Y]","[CDC_NNDSS_Diseases_AnnualTables]","2016","1","Count_MedicalConditionIncident_ConditionAcuteCondition_HepatitisC_ProbableCase_WhiteAlone"
"[]","[]","[P1Y]","[CDC_NNDSS_Diseases_AnnualTables]","2016","1","Count_MedicalConditionIncident_ConditionAcuteCondition_HepatitisB_AmericanIndianAndAlaskaNativeAlone"
"[]","[]","[P1Y]","[CDC_NNDSS_Diseases_AnnualTables]","2016","1","Count_MedicalConditionIncident_NotHispanic_Latino_ConditionPerinatalInfection_HepatitisC"
"[]","[]","[P1Y]","[CDC_NNDSS_Diseases_AnnualTables]","2016","1","Count_MedicalConditionIncident_NotHispanic_Latino_ConditionPerinatalInfection_HepatitisB"
"[]","[]","[P1Y]","[CDC_NNDSS_Diseases_AnnualTables]","2016","1","Count_MedicalConditionIncident_25To39Years_ConditionSyphilis"
"[]","[]","[P1Y]","[CDC_NNDSS_Diseases_AnnualTables]","2016","1","Count_MedicalConditionIncident_EthnicityUnknown_NotStated_ConditionPerinatalInfection_HepatitisC"
"[]","[]","[P1Y]","[CDC_NNDSS_Diseases_AnnualTables]","2016","1","Count_MedicalConditionIncident_EthnicityUnknown_NotStated_ConditionPerinatalInfection_HepatitisB"
"[]","[]","[P1Y]","[CDC_NNDSS_Diseases_AnnualTables]","2016","1","Count_MedicalConditionIncident_EthnicityUnknown_NotStated_ConditionMeasles"
"[]","[]","[P1Y]","[CDC_NNDSS_Diseases_AnnualTables]","2016","1","Count_MedicalConditionIncident_EthnicityUnknown_NotStated_ConditionNeuroinvasiveDisease_PowassanVirusDisease"
"[]","[]","[P1Y]","[CDC_NNDSS_Diseases_AnnualTables]","2016","1","Count_MedicalConditionIncident_Male_ConditionYellowFever"
"[]","[]","[P1Y]","[CDC_NNDSS_Diseases_AnnualTables]","2016","1","Count_MedicalConditionIncident_5_LessYears_ConditionInvasiveDisease_HaemophilusInfluenzae_Black_AfricanAmericanAlone_UnknownSerotype"
"[]","[]","[P1Y]","[CDC_NNDSS_Diseases_AnnualTables]","2016","1","Count_MedicalConditionIncident_65_MoreYears_ConditionMeasles_IndigenousCase"
"[]","[]","[P1Y]","[CDC_NNDSS_Diseases_AnnualTables]","2016","60","Count_MedicalConditionIncident_ConditionCyclosporiasis"
"[]","[]","[P1Y]","[CDC_NNDSS_Diseases_AnnualTables]","2016","1","Count_MedicalConditionIncident_Male_ConditionWoundBotulism"
"[]","[]","[P1Y]","[CDC_NNDSS_Diseases_AnnualTables]","2016","1","Count_MedicalConditionIncident_ConditionNonCongenitalDisease_ZikaVirusDisease_RaceUnknown_NotStated"
"[]","[]","[P1Y]","[CDC_NNDSS_Diseases_AnnualTables]","2016","1","Count_MedicalConditionIncident_ConditionZikaVirusDiseaseOrCongenitalDisease_AsianOrPacificIslander"
"[]","[]","[P1Y]","[CDC_NNDSS_Diseases_AnnualTables]","2016","1","Count_MedicalConditionIncident_5_LessYears_EthnicityUnknown_NotStated_ConditionStreptococcusPneumonia_ProbableCase"
"[]","[]","[P1Y]","[CDC_NNDSS_Diseases_AnnualTables]","2016","1","Count_MedicalConditionIncident_1To4Years_ConditionStreptococcusPneumonia"
"[]","[]","[P1Y]","[CDC_NNDSS_Diseases_AnnualTables]","2016","1","Count_MedicalConditionIncident_GenderUnknown_NotStated_ConditionCryptosporidiosis_ConfirmedCase"
"[]","[]","[P1Y]","[CDC_NNDSS_Diseases_AnnualTables]","2016","1","Count_MedicalConditionIncident_25To39Years_ConditionSevereDengue"
"[]","[]","[P1Y]","[CDC_NNDSS_Diseases_AnnualTables]","2016","1","Count_MedicalConditionIncident_ConditionHIVAIDS_OtherRace"
"[]","[]","[P1Y]","[CDC_NNDSS_Diseases_AnnualTables]","2016","1","Count_MedicalConditionIncident_1To4Years_ConditionVancomycinIntermediateStaphylococcusAureus"
"[]","[]","[P1Y]","[CDC_NNDSS_Diseases_AnnualTables]","2016","1","Count_MedicalConditionIncident_1_LessYears_ConditionBabesiosis"
"[]","[]","[P1Y]","[CDC_NNDSS_Diseases_AnnualTables]","2020","1","Count_MedicalConditionIncident_ConditionMeningococcalMeningitis_NonUSResident_OtherSerogroups"
"[]","[]","[P1Y]","[CDC_NNDSS_Diseases_AnnualTables]","2016","1","Count_MedicalConditionIncident_ConditionInvasiveDisease_HaemophilusInfluenzae_AmericanIndianAndAlaskaNativeAlone"
"[]","[]","[P1Y]","[CDC_NNDSS_Diseases_AnnualTables]","2016","1","Count_MedicalConditionIncident_5_LessYears_ConditionInvasiveDisease_HaemophilusInfluenzae_WhiteAlone_NonSerotypeB"
"[]","[]","[P1Y]","[CDC_NNDSS_Diseases_AnnualTables]","2016","65","Count_MedicalConditionIncident_ConditionLaCrosseVirusDisease_NeuroinvasiveDisease"
"[]","[]","[P1Y]","[CDC_NNDSS_Diseases_AnnualTables]","2016","1","Count_MedicalConditionIncident_GenderUnknown_NotStated_ConditionStreptococcalToxicShockSyndrome"
"[]","[]","[P1Y]","[CDC_NNDSS_Diseases_AnnualTables]","2016","1","Count_MedicalConditionIncident_ConditionSyphilisPrimaryAndSecondary_Black_AfricanAmericanAlone"
"[]","[]","[P1Y]","[CDC_NNDSS_Diseases_AnnualTables]","2016","1","Count_MedicalConditionIncident_5_LessYears_GenderUnknown_NotStated_ConditionInvasiveDisease_HaemophilusInfluenzae_UnknownSerotype"
"[]","[]","[P1Y]","[CDC_NNDSS_Diseases_AnnualTables]","2016","1","Count_MedicalConditionIncident_15To24Years_ConditionAcuteCondition_HepatitisB"
"[]","[]","[P1Y]","[CDC_NNDSS_Diseases_AnnualTables]","2020","1","Count_MedicalConditionIncident_ConditionToxicShockSyndromExceptStreptococcal_NonUSResident"
"[]","[]","[P1Y]","[CDC_NNDSS_Diseases_AnnualTables]","2016","1","Count_MedicalConditionIncident_15To24Years_ConditionAcuteCondition_HepatitisA"
"[]","[]","[P1Y]","[CDC_NNDSS_Diseases_AnnualTables]","2016","1","Count_MedicalConditionIncident_15To24Years_ConditionSpottedFeverRickettsiosis_ProbableCase"
"[]","[]","[P1Y]","[CDC_NNDSS_Diseases_AnnualTables]","2016","1","Count_MedicalConditionIncident_ConditionChronicCondition_QFever_Asian_PacificIslander"
"[]","[]","[P1Y]","[CDC_NNDSS_Diseases_AnnualTables]","2016","1","Count_MedicalConditionIncident_15To24Years_ConditionAcuteCondition_HepatitisC"
"[]","[]","[P1Y]","[CDC_NNDSS_Diseases_AnnualTables]","2016","1","Count_MedicalConditionIncident_1_LessYears_ConditionCyclosporiasis"
"[]","[]","[P1Y]","[CDC_NNDSS_Diseases_AnnualTables]","2016","1","Count_MedicalConditionIncident_1_LessYears_ConditionChikungunya"
"[]","[]","[P1Y]","[CDC_NNDSS_Diseases_AnnualTables]","2016","1","Count_MedicalConditionIncident_Female_ConditionPlague"
"[]","[]","[P1Y]","[CDC_NNDSS_Diseases_AnnualTables]","2016","1","Count_MedicalConditionIncident_Years25To39_ConditionNonNeuroinvasiveDiseaseOrLaCrosseVirusDisease"
"[]","[]","[P1Y]","[CDC_NNDSS_Diseases_AnnualTables]","2016","1","Count_MedicalConditionIncident_ConditionLeptospirosis_RaceUnknown_NotStated"
"[]","[]","[P1Y]","[CDC_NNDSS_Diseases_AnnualTables]","2016","1","Count_MedicalConditionIncident_NotHispanic_Latino_ConditionSevereDengue"
"[]","[]","[P1Y]","[CDC_NNDSS_Diseases_AnnualTables]","2016","1","Count_MedicalConditionIncident_1To4Years_ConditionVibriosisExcludingCholera_ProbableCase"
"[]","[]","[P1Y]","[CDC_NNDSS_Diseases_AnnualTables]","2016","1","Count_MedicalConditionIncident_Female_ConditionChickenpox_PatientDeceased"
"[]","[]","[P1Y]","[CDC_NNDSS_Diseases_AnnualTables]","2016","65","Count_MedicalConditionIncident_ConditionAnthraxDisease"
"[]","[]","[P1Y]","[CDC_NNDSS_Diseases_AnnualTables]","2016","1","Count_MedicalConditionIncident_ConditionCryptosporidiosis_ConfirmedCase_OtherRace"
"[]","[]","[P1Y]","[CDC_NNDSS_Diseases_AnnualTables]","2016","1","Count_MedicalConditionIncident_5To14Years_ConditionRabiesinhuman"
"[]","[]","[P1Y]","[CDC_NNDSS_Diseases_AnnualTables]","2016","1","Count_MedicalConditionIncident_1To4Years_ConditionLymeDisease_ProbableCase"
"[]","[]","[P1Y]","[CDC_NNDSS_Diseases_AnnualTables]","2016","1","Count_MedicalConditionIncident_NotHispanicOrLatino_ConditionNonNeuroinvasiveDiseaseOrStLouisEncephalitis"
"[]","[]","[P1Y]","[CDC_NNDSS_Diseases_AnnualTables]","2016","1","Count_MedicalConditionIncident_GenderUnknownOrNotStated_ConditionPlague"
"[]","[]","[P1Y]","[CDC_NNDSS_Diseases_AnnualTables]","2016","1","Count_MedicalConditionIncident_ConditionMeningococcalMeningitis_WhiteAlone_UnknownSerogroups"
"[]","[]","[P1Y]","[CDC_NNDSS_Diseases_AnnualTables]","2016","1","Count_MedicalConditionIncident_ConditionPerinatalInfection_HepatitisB_AmericanIndianAndAlaskaNativeAlone"
"[]","[]","[P1Y]","[CDC_NNDSS_Diseases_AnnualTables]","2016","1","Count_MedicalConditionIncident_EthnicityUnknown_NotStated_ConditionCongenitalDisease_Rubella"
"[]","[]","[P1Y]","[CDC_NNDSS_Diseases_AnnualTables]","2020","1","Count_MedicalConditionIncident_ConditionJamestownCanyonVirusDisease_NonNeuroinvasiveDisease_NonUSResident"
"[]","[]","[P1Y]","[CDC_NNDSS_Diseases_AnnualTables]","2016","1","Count_MedicalConditionIncident_ConditionMalaria_AmericanIndianAndAlaskaNativeAlone"
"[]","[]","[P1Y]","[CDC_NNDSS_Diseases_AnnualTables]","2016","1","Count_MedicalConditionIncident_ConditionCryptosporidiosis_ConfirmedCase_RaceUnknown_NotStated"
"[]","[]","[P1Y]","[CDC_NNDSS_Diseases_AnnualTables]","2016","1","Count_MedicalConditionIncident_40To64Years_ConditionAcuteCondition_HepatitisC_ConfirmedCase"
"[]","[]","[P1Y]","[CDC_NNDSS_Diseases_AnnualTables]","2016","1","Count_MedicalConditionIncident_5_LessYears_ConditionStreptococcusPneumonia_Asian_PacificIslander"
"[]","[]","[P1Y]","[CDC_NNDSS_Diseases_AnnualTables]","2016","1","Count_MedicalConditionIncident_15To24Years_ConditionGuanaritoHemorrhagicFever"
"[]","[]","[P1Y]","[CDC_NNDSS_Diseases_AnnualTables]","2016","1","Count_MedicalConditionIncident_Years40To64_ConditionZikaVirusDiseaseOrCongenitalDisease"
"[]","[]","[P1Y]","[CDC_NNDSS_Diseases_AnnualTables]","2016","1","Count_MedicalConditionIncident_GenderUnknownOrNotStated_ConditionZikaVirusDiseaseOrNonCongenitalDisease"
"[]","[]","[P1Y]","[CDC_NNDSS_Diseases_AnnualTables]","2016","1","Count_MedicalConditionIncident_AgeNotStated_ConditionNeuroinvasiveDiseaseOrJamestownCanyonVirusDisease"
"[]","[]","[P1Y]","[CDC_NNDSS_Diseases_AnnualTables]","2016","65","Count_MedicalConditionIncident_ConditionStLouisEncephalitis_NonNeuroinvasiveDisease"
"[]","[]","[P1Y]","[CDC_NNDSS_Diseases_AnnualTables]","2016","1","Count_MedicalConditionIncident_Hispanic_Latino_ConditionShigaToxinEColi"
"[]","[]","[P1Y]","[CDC_NNDSS_Diseases_AnnualTables]","2016","1","Count_MedicalConditionIncident_1To4Years_ConditionSyphilisPrimaryAndSecondary"
"[]","[]","[P1Y]","[CDC_NNDSS_Diseases_AnnualTables]","2016","1","Count_MedicalConditionIncident_Male_ConditionStreptococcusPneumonia_ConfirmedCase"
"[]","[]","[P1Y]","[CDC_NNDSS_Diseases_AnnualTables]","2016","1","Count_MedicalConditionIncident_5_LessYears_ConditionStreptococcusPneumonia_ProbableCase_WhiteAlone"
"[]","[]","[P1Y]","[CDC_NNDSS_Diseases_AnnualTables]","2016","1","Count_MedicalConditionIncident_HispanicOrLatino_ConditionRubella"
"[]","[]","[P1Y]","[CDC_NNDSS_Diseases_AnnualTables]","2016","1","Count_MedicalConditionIncident_40To64Years_ConditionLeprosy"
"[]","[]","[P1Y]","[CDC_NNDSS_Diseases_AnnualTables]","2016","1","Count_MedicalConditionIncident_ConditionCOVID19_WhiteAlone"
"[]","[]","[P1Y]","[CDC_NNDSS_Diseases_AnnualTables]","2016","1","Count_MedicalConditionIncident_ConditionMeningococcalMeningitis_USResident_OtherSerogroups"
"[]","[]","[P1Y]","[CDC_NNDSS_Diseases_AnnualTables]","2016","1","Count_MedicalConditionIncident_ConditionCandidaAuris_Screening_RaceUnknownOrNotStated"
"[]","[]","[P1Y]","[CDC_NNDSS_Diseases_AnnualTables]","2020","1","Count_MedicalConditionIncident_ConditionVancomycinIntermediateStaphylococcusAureus_NonUSResident"
"[]","[]","[P1Y]","[CDC_NNDSS_Diseases_AnnualTables]","2016","1","Count_MedicalConditionIncident_ConditionListeriosis_RaceUnknown_NotStated"
"[]","[]","[P1Y]","[CDC_NNDSS_Diseases_AnnualTables]","2016","1","Count_MedicalConditionIncident_1To4Years_ConditionBotulism"
"[]","[]","[P1Y]","[CDC_NNDSS_Diseases_AnnualTables]","2016","1","Count_MedicalConditionIncident_ConditionShigellosis_OtherRace"
"[]","[]","[P1Y]","[CDC_NNDSS_Diseases_AnnualTables]","2016","1","Count_MedicalConditionIncident_NotHispanic_Latino_ConditionNeuroinvasiveDisease_PowassanVirusDisease"
"[]","[]","[P1Y]","[CDC_NNDSS_Diseases_AnnualTables]","2016","65","Count_MedicalConditionIncident_ConditionParatyphoid"
"[]","[]","[P1Y]","[CDC_NNDSS_Diseases_AnnualTables]","2016","1","Count_MedicalConditionIncident_ConditionSalmonellosisExceptTyphiAndParatyphi_USResident"
"[]","[]","[P1Y]","[CDC_NNDSS_Diseases_AnnualTables]","2016","1","Count_MedicalConditionIncident_Male_ConditionChikungunya"
"[]","[]","[P1Y]","[CDC_NNDSS_Diseases_AnnualTables]","2016","1","Count_MedicalConditionIncident_ConditionMalaria_Black_AfricanAmericanAlone"
"[]","[]","[P1Y]","[CDC_NNDSS_Diseases_AnnualTables]","2016","1","Count_MedicalConditionIncident_ConditionNeuroinvasiveDiseaseOrPowassanVirusDisease_BlackOrAfricanAmericanAlone"
"[]","[]","[P1Y]","[CDC_NNDSS_Diseases_AnnualTables]","2016","1","Count_MedicalConditionIncident_GenderUnknownOrNotStated_ConditionChickenpox_PatientDeceased"
"[]","[]","[P1Y]","[CDC_NNDSS_Diseases_AnnualTables]","2016","1","Count_MedicalConditionIncident_ConditionMeasles_IndigenousCase_Black_AfricanAmericanAlone"
"[]","[]","[P1Y]","[CDC_NNDSS_Diseases_AnnualTables]","2016","1","Count_MedicalConditionIncident_AgeNotStated_ConditionLassaHemorrhagicFever"
"[]","[]","[P1Y]","[CDC_NNDSS_Diseases_AnnualTables]","2020","1","Count_MedicalConditionIncident_ConditionTuberculosis_NonUSResident"
"[]","[]","[P1Y]","[CDC_NNDSS_Diseases_AnnualTables]","2016","1","Count_MedicalConditionIncident_ConditionCongenitalSyphilis_WhiteAlone"
"[]","[]","[P1Y]","[CDC_NNDSS_Diseases_AnnualTables]","2016","1","Count_MedicalConditionIncident_NotHispanic_Latino_ConditionVancomycinIntermediateStaphylococcusAureus"
"[]","[]","[P1Y]","[CDC_NNDSS_Diseases_AnnualTables]","2016","1","Count_MedicalConditionIncident_ConditionTetanus_USResident"
"[]","[]","[P1Y]","[CDC_NNDSS_Diseases_AnnualTables]","2016","1","Count_MedicalConditionIncident_ConditionHepatitisB_AcuteCondition_USResident"
"[]","[]","[P1Y]","[CDC_NNDSS_Diseases_AnnualTables]","2016","1","Count_MedicalConditionIncident_ConditionMeasles_IndigenousCase_OtherRace"
"[]","[]","[P1Y]","[CDC_NNDSS_Diseases_AnnualTables]","2016","1","Count_MedicalConditionIncident_ConditionAnthraxDisease_USResident"
"[]","[]","[P1Y]","[CDC_NNDSS_Diseases_AnnualTables]","2016","1","Count_MedicalConditionIncident_GenderUnknown_NotStated_ConditionBabesiosis_ProbableCase"
"[]","[]","[P1Y]","[CDC_NNDSS_Diseases_AnnualTables]","2016","1","Count_MedicalConditionIncident_5_LessYears_EthnicityUnknown_NotStated_ConditionInvasiveDisease_HaemophilusInfluenzae_OtherSerogroups"
"[]","[]","[P1Y]","[CDC_NNDSS_Diseases_AnnualTables]","2020","1","Count_MedicalConditionIncident_5_LessYears_ConditionHaemophilusInfluenzae_InvasiveDisease_NonUSResident_UnknownSerotype"
"[]","[]","[P1Y]","[CDC_NNDSS_Diseases_AnnualTables]","2016","1","Count_MedicalConditionIncident_ConditionSpottedFeverRickettsiosis_WhiteAlone"
"[]","[]","[P1Y]","[CDC_NNDSS_Diseases_AnnualTables]","2016","1","Count_MedicalConditionIncident_40To64Years_ConditionNeuroinvasiveDisease_EasternEquineEncephalitis"
"[]","[]","[P1Y]","[CDC_NNDSS_Diseases_AnnualTables]","2016","1","Count_MedicalConditionIncident_AgeNotStated_ConditionHaemophilusInfluenzaeOrInvasiveDisease_SerotypeB"
"[]","[]","[P1Y]","[CDC_NNDSS_Diseases_AnnualTables]","2016","1","Count_MedicalConditionIncident_5To14Years_ConditionLymeDisease_ProbableCase"
"[]","[]","[P1Y]","[CDC_NNDSS_Diseases_AnnualTables]","2016","1","Count_MedicalConditionIncident_ConditionInfantBotulism_WhiteAlone"
"[]","[]","[P1Y]","[CDC_NNDSS_Diseases_AnnualTables]","2016","1","Count_MedicalConditionIncident_5_LessYears_ConditionInvasiveDisease_HaemophilusInfluenzae_AmericanIndianAndAlaskaNativeAlone_UnknownSerotype"
"[]","[]","[P1Y]","[CDC_NNDSS_Diseases_AnnualTables]","2016","1","Count_MedicalConditionIncident_1_LessYears_ConditionMeningococcalMeningitis"
"[]","[]","[P1Y]","[CDC_NNDSS_Diseases_AnnualTables]","2016","1","Count_MedicalConditionIncident_5To14Years_ConditionLeprosy"
"[]","[]","[P1Y]","[CDC_NNDSS_Diseases_AnnualTables]","2016","1","Count_MedicalConditionIncident_ConditionCOVID19_AsianOrPacificIslander"
"[]","[]","[P1Y]","[CDC_NNDSS_Diseases_AnnualTables]","2016","1","Count_MedicalConditionIncident_Male_ConditionAcuteCondition_HepatitisC"
"[]","[]","[P1Y]","[CDC_NNDSS_Diseases_AnnualTables]","2016","1","Count_MedicalConditionIncident_Male_ConditionAcuteCondition_HepatitisB"
"[]","[]","[P1Y]","[CDC_NNDSS_Diseases_AnnualTables]","2016","1","Count_MedicalConditionIncident_AgeNotStated_ConditionGuanaritoHemorrhagicFever"
"[]","[]","[P1Y]","[CDC_NNDSS_Diseases_AnnualTables]","2016","1","Count_MedicalConditionIncident_Male_ConditionAcuteCondition_HepatitisA"
"[]","[]","[P1Y]","[CDC_NNDSS_Diseases_AnnualTables]","2016","1","Count_MedicalConditionIncident_Hispanic_Latino_ConditionTularemia"
"[]","[]","[P1Y]","[CDC_NNDSS_Diseases_AnnualTables]","2016","1","Count_MedicalConditionIncident_HispanicOrLatino_ConditionNeuroinvasiveDiseaseOrStLouisEncephalitis"
"[]","[]","[P1Y]","[CDC_NNDSS_Diseases_AnnualTables]","2016","1","Count_MedicalConditionIncident_AgeNotStated_ConditionLymeDisease_ConfirmedCase"
"[]","[]","[P1Y]","[CDC_NNDSS_Diseases_AnnualTables]","2016","1","Count_MedicalConditionIncident_ConditionTyphoidFever_USResident"
"[]","[]","[P1Y]","[CDC_NNDSS_Diseases_AnnualTables]","2016","1","Count_MedicalConditionIncident_GenderUnknown_NotStated_ConditionAcuteCondition_HepatitisC_ProbableCase"
"[]","[]","[P1Y]","[CDC_NNDSS_Diseases_AnnualTables]","2016","1","Count_MedicalConditionIncident_40To64Years_ConditionListeriosis_ProbableCase"
"[]","[]","[P1Y]","[CDC_NNDSS_Diseases_AnnualTables]","2016","1","Count_MedicalConditionIncident_Hispanic_Latino_ConditionInfluenza_PediatricMortality"
"[]","[]","[P1Y]","[CDC_NNDSS_Diseases_AnnualTables]","2016","1","Count_MedicalConditionIncident_Female_ConditionMalaria"
"[]","[]","[P1Y]","[CDC_NNDSS_Diseases_AnnualTables]","2016","1","Count_MedicalConditionIncident_65_MoreYears_ConditionMeningococcalMeningitis_OtherSerogroups"
"[]","[]","[P1Y]","[CDC_NNDSS_Diseases_AnnualTables]","2016","1","Count_MedicalConditionIncident_1To4Years_ConditionVancomycinResistantStaphylococcusAureus"
"[]","[]","[P1Y]","[CDC_NNDSS_Diseases_AnnualTables]","2016","1","Count_MedicalConditionIncident_25To39Years_ConditionPlague"
"[]","[]","[P1Y]","[CDC_NNDSS_Diseases_AnnualTables]","2016","1","Count_MedicalConditionIncident_Male_ConditionNovelInfluenzaAViralInfection"
"[]","[]","[P1Y]","[CDC_NNDSS_Diseases_AnnualTables]","2016","1","Count_MedicalConditionIncident_Female_ConditionNonparalyticPoliomyelitis"
"[]","[]","[P1Y]","[CDC_NNDSS_Diseases_AnnualTables]","2016","1","Count_MedicalConditionIncident_ConditionDengueDisease_Black_AfricanAmericanAlone"
"[]","[]","[P1Y]","[CDC_NNDSS_Diseases_AnnualTables]","2016","1","Count_MedicalConditionIncident_Hispanic_Latino_ConditionCampylobacteriosis"
"[]","[]","[P1Y]","[CDC_NNDSS_Diseases_AnnualTables]","2016","1","Count_MedicalConditionIncident_ConditionNonNeuroinvasiveDiseaseOrPowassanVirusDisease_OtherRace"
"[]","[]","[P1Y]","[CDC_NNDSS_Diseases_AnnualTables]","2016","1","Count_MedicalConditionIncident_25To39Years_ConditionDengueDisease"
"[]","[]","[P1Y]","[CDC_NNDSS_Diseases_AnnualTables]","2016","1","Count_MedicalConditionIncident_ConditionTularemia_USResident"
"[]","[]","[P1Y]","[CDC_NNDSS_Diseases_AnnualTables]","2016","1","Count_MedicalConditionIncident_ConditionSalmonellosisExceptTyphiAndParatyphi_Asian_PacificIslander"
"[]","[]","[P1Y]","[CDC_NNDSS_Diseases_AnnualTables]","2016","1","Count_MedicalConditionIncident_ConditionYellowFever_USResident"
"[]","[]","[P1Y]","[CDC_NNDSS_Diseases_AnnualTables]","2016","1","Count_MedicalConditionIncident_5To14Years_ConditionMeningococcalMeningitis_ACWYSerogroup"
"[]","[]","[P1Y]","[CDC_NNDSS_Diseases_AnnualTables]","2016","1","Count_MedicalConditionIncident_NotHispanic_Latino_ConditionChickenpox"
"[]","[]","[P1Y]","[CDC_NNDSS_Diseases_AnnualTables]","2016","1","Count_MedicalConditionIncident_Female_ConditionDiphtheria"
"[]","[]","[P1Y]","[CDC_NNDSS_Diseases_AnnualTables]","2016","1","Count_MedicalConditionIncident_Female_ConditionAcuteCondition_QFever"
"[]","[]","[P1Y]","[CDC_NNDSS_Diseases_AnnualTables]","2016","1","Count_MedicalConditionIncident_ConditionMeningococcalMeningitis_WhiteAlone_ACWYSerogroup"
"[]","[]","[P1Y]","[CDC_NNDSS_Diseases_AnnualTables]","2016","1","Count_MedicalConditionIncident_ConditionHepatitisB_PerinatalInfection_USResident"
"[]","[]","[P1Y]","[CDC_NNDSS_Diseases_AnnualTables]","2016","1","Count_MedicalConditionIncident_40To64Years_ConditionSyphilisPrimaryAndSecondary"
"[]","[]","[P1Y]","[CDC_NNDSS_Diseases_AnnualTables]","2016","1","Count_MedicalConditionIncident_1_LessYears_ConditionInfluenza_PediatricMortality"
"[]","[]","[P1Y]","[CDC_NNDSS_Diseases_AnnualTables]","2016","1","Count_MedicalConditionIncident_40To64Years_ConditionChickenpox"
"[]","[]","[P1Y]","[CDC_NNDSS_Diseases_AnnualTables]","2016","1","Count_MedicalConditionIncident_Male_ConditionDengueDisease"
"[]","[]","[P1Y]","[CDC_NNDSS_Diseases_AnnualTables]","2016","1","Count_MedicalConditionIncident_ConditionParalyticPoliomyelitis_USResident"
"[]","[]","[P1Y]","[CDC_NNDSS_Diseases_AnnualTables]","2016","1","Count_MedicalConditionIncident_ConditionZikaVirusDisease_CongenitalDisease_USResident"
"[]","[]","[P1Y]","[CDC_NNDSS_Diseases_AnnualTables]","2016","1","Count_MedicalConditionIncident_ConditionNeuroinvasiveDiseaseOrPowassanVirusDisease_AmericanIndianAndAlaskaNativeAlone"
"[]","[]","[P1Y]","[CDC_NNDSS_Diseases_AnnualTables]","2016","1","Count_MedicalConditionIncident_GenderUnknownOrNotStated_ConditionTrichinellosis"
"[]","[]","[P1Y]","[CDC_NNDSS_Diseases_AnnualTables]","2016","1","Count_MedicalConditionIncident_Female_ConditionBabesiosis_ProbableCase"
"[]","[]","[P1Y]","[CDC_NNDSS_Diseases_AnnualTables]","2016","1","Count_MedicalConditionIncident_Hispanic_Latino_ConditionChronicCondition_QFever"
"[]","[]","[P1Y]","[CDC_NNDSS_Diseases_AnnualTables]","2016","1","Count_MedicalConditionIncident_ConditionCoccidioidomycosis_WhiteAlone"
"[]","[]","[P1Y]","[CDC_NNDSS_Diseases_AnnualTables]","2016","1","Count_MedicalConditionIncident_40To64Years_ConditionBabesiosis_ProbableCase"
"[]","[]","[P1Y]","[CDC_NNDSS_Diseases_AnnualTables]","2016","1","Count_MedicalConditionIncident_ConditionNeuroinvasiveDisease_EasternEquineEncephalitis_RaceUnknown_NotStated"
"[]","[]","[P1Y]","[CDC_NNDSS_Diseases_AnnualTables]","2016","1","Count_MedicalConditionIncident_ConditionCampylobacteriosis_OtherRace"
"[]","[]","[P1Y]","[CDC_NNDSS_Diseases_AnnualTables]","2016","1","Count_MedicalConditionIncident_ConditionChlamydia_WhiteAlone"
"[]","[]","[P1Y]","[CDC_NNDSS_Diseases_AnnualTables]","2016","1","Count_MedicalConditionIncident_EthnicityUnknown_NotStated_ConditionParatyphoid"
"[]","[]","[P1Y]","[CDC_NNDSS_Diseases_AnnualTables]","2016","1","Count_MedicalConditionIncident_AgeNotStated_ConditionMeasles_IndigenousCase"
"[]","[]","[P1Y]","[CDC_NNDSS_Diseases_AnnualTables]","2016","1","Count_MedicalConditionIncident_40To64Years_ConditionEhrlichiaEwingiiInfection"
"[]","[]","[P1Y]","[CDC_NNDSS_Diseases_AnnualTables]","2016","1","Count_MedicalConditionIncident_65_MoreYears_ConditionChickenpox_PatientDeceased"
"[]","[]","[P1Y]","[CDC_NNDSS_Diseases_AnnualTables]","2016","1","Count_MedicalConditionIncident_40To64Years_ConditionInvasiveDisease_HaemophilusInfluenzae"
"[]","[]","[P1Y]","[CDC_NNDSS_Diseases_AnnualTables]","2016","62","Count_MedicalConditionIncident_ConditionHemolyticUremicSyndrome_PostDiarrheal"
"[]","[]","[P1Y]","[CDC_NNDSS_Diseases_AnnualTables]","2016","1","Count_MedicalConditionIncident_ConditionPlague_USResident"
"[]","[]","[P1Y]","[CDC_NNDSS_Diseases_AnnualTables]","2016","1","Count_MedicalConditionIncident_NotHispanic_Latino_ConditionListeriosis"
"[]","[]","[P1Y]","[CDC_NNDSS_Diseases_AnnualTables]","2016","1","Count_MedicalConditionIncident_GenderUnknown_NotStated_ConditionQFever"
"[]","[]","[P1Y]","[CDC_NNDSS_Diseases_AnnualTables]","2016","1","Count_MedicalConditionIncident_5To14Years_ConditionGuanaritoHemorrhagicFever"
"[]","[]","[P1Y]","[CDC_NNDSS_Diseases_AnnualTables]","2016","1","Count_MedicalConditionIncident_ConditionShigellosis_WhiteAlone"
"[]","[]","[P1Y]","[CDC_NNDSS_Diseases_AnnualTables]","2016","65","Count_MedicalConditionIncident_ConditionMeningococcalMeningitis_ACWYSerogroup"
"[]","[]","[P1Y]","[CDC_NNDSS_Diseases_AnnualTables]","2016","1","Count_MedicalConditionIncident_65_MoreYears_ConditionRubella"
"[]","[]","[P1Y]","[CDC_NNDSS_Diseases_AnnualTables]","2020","1","Count_MedicalConditionIncident_ConditionShigaToxinEColi_NonUSResident"
"[]","[]","[P1Y]","[CDC_NNDSS_Diseases_AnnualTables]","2016","1","Count_MedicalConditionIncident_EthnicityUnknown_NotStated_ConditionQFever"
"[]","[]","[P1Y]","[CDC_NNDSS_Diseases_AnnualTables]","2016","1","Count_MedicalConditionIncident_Years1To4_ConditionEhrlichiaEwingiiInfection"
"[]","[]","[P1Y]","[CDC_NNDSS_Diseases_AnnualTables]","2016","1","Count_MedicalConditionIncident_ConditionCongenitalSyphilis_RaceUnknown_NotStated"
"[]","[]","[P1Y]","[CDC_NNDSS_Diseases_AnnualTables]","2016","1","Count_MedicalConditionIncident_65_MoreYears_ConditionGuanaritoHemorrhagicFever"
"[]","[]","[P1Y]","[CDC_NNDSS_Diseases_AnnualTables]","2016","1","Count_MedicalConditionIncident_ConditionLymeDisease_OtherRace"
"[]","[]","[P1Y]","[CDC_NNDSS_Diseases_AnnualTables]","2016","1","Count_MedicalConditionIncident_40To64Years_ConditionBrucellosis"
"[]","[]","[P1Y]","[CDC_NNDSS_Diseases_AnnualTables]","2016","1","Count_MedicalConditionIncident_ConditionLymeDisease_ConfirmedCase_Asian_PacificIslander"
"[]","[]","[P1Y]","[CDC_NNDSS_Diseases_AnnualTables]","2016","1","Count_MedicalConditionIncident_EthnicityUnknown_NotStated_ConditionCryptosporidiosis"
"[]","[]","[P1Y]","[CDC_NNDSS_Diseases_AnnualTables]","2016","1","Count_MedicalConditionIncident_AgeNotStated_ConditionNonparalyticPoliomyelitis"
"[]","[]","[P1Y]","[CDC_NNDSS_Diseases_AnnualTables]","2016","1","Count_MedicalConditionIncident_ConditionNonparalyticPoliomyelitis_USResident"
"[]","[]","[P1Y]","[CDC_NNDSS_Diseases_AnnualTables]","2016","1","Count_MedicalConditionIncident_ConditionNonNeuroinvasiveDiseaseOrLaCrosseVirusDisease_USResident"
"[]","[]","[P1Y]","[CDC_NNDSS_Diseases_AnnualTables]","2016","1","Count_MedicalConditionIncident_ConditionGiardiasis_AmericanIndianAndAlaskaNativeAlone"
"[]","[]","[P1Y]","[CDC_NNDSS_Diseases_AnnualTables]","2016","1","Count_MedicalConditionIncident_NotHispanicOrLatino_ConditionZikaVirusDiseaseOrCongenitalDisease"
"[]","[]","[P1Y]","[CDC_NNDSS_Diseases_AnnualTables]","2020","1","Count_MedicalConditionIncident_5_LessYears_ConditionHaemophilusInfluenzae_InvasiveDisease_NonUSResident_NonSerotypeB"
"[]","[]","[P1Y]","[CDC_NNDSS_Diseases_AnnualTables]","2016","1","Count_MedicalConditionIncident_ConditionCandidaAuris_Screening_USResident"
"[]","[]","[P1Y]","[CDC_NNDSS_Diseases_AnnualTables]","2016","1","Count_MedicalConditionIncident_EthnicityUnknown_NotStated_ConditionMeningococcalMeningitis"
"[]","[]","[P1Y]","[CDC_NNDSS_Diseases_AnnualTables]","2016","1","Count_MedicalConditionIncident_GenderUnknownOrNotStated_ConditionChancroid"
"[]","[]","[P1Y]","[CDC_NNDSS_Diseases_AnnualTables]","2016","1","Count_MedicalConditionIncident_65_MoreYears_ConditionMalaria"
"[]","[]","[P1Y]","[CDC_NNDSS_Diseases_AnnualTables]","2016","1","Count_MedicalConditionIncident_25To39Years_ConditionMeningococcalMeningitis_UnknownSerogroups"
"[]","[]","[P1Y]","[CDC_NNDSS_Diseases_AnnualTables]","2016","1","Count_MedicalConditionIncident_ConditionHantavirusPulmonarySyndrome_AmericanIndianAndAlaskaNativeAlone"
"[]","[]","[P1Y]","[CDC_NNDSS_Diseases_AnnualTables]","2016","1","Count_MedicalConditionIncident_40To64Years_ConditionSpottedFeverRickettsiosis_ProbableCase"
"[]","[]","[P1Y]","[CDC_NNDSS_Diseases_AnnualTables]","2016","1","Count_MedicalConditionIncident_ConditionNonCongenitalDisease_ZikaVirusDisease_AmericanIndianAndAlaskaNativeAlone"
"[]","[]","[P1Y]","[CDC_NNDSS_Diseases_AnnualTables]","2016","1","Count_MedicalConditionIncident_GenderUnknown_NotStated_ConditionCandidaAuris_ClinicalCase"
"[]","[]","[P1Y]","[CDC_NNDSS_Diseases_AnnualTables]","2016","1","Count_MedicalConditionIncident_Male_ConditionCryptosporidiosis"
"[]","[]","[P1Y]","[CDC_NNDSS_Diseases_AnnualTables]","2016","1","Count_MedicalConditionIncident_Male_ConditionTetanus"
"[]","[]","[P1Y]","[CDC_NNDSS_Diseases_AnnualTables]","2016","1","Count_MedicalConditionIncident_5_LessYears_GenderUnknown_NotStated_ConditionInvasiveDisease_HaemophilusInfluenzae_SerotypeB"
"[]","[]","[P1Y]","[CDC_NNDSS_Diseases_AnnualTables]","2020","1","Count_MedicalConditionIncident_ConditionPowassanVirusDisease_NonNeuroinvasiveDisease_NonUSResident"
"[]","[]","[P1Y]","[CDC_NNDSS_Diseases_AnnualTables]","2016","1","Count_MedicalConditionIncident_15To24Years_ConditionMeasles_ImportedCase"
"[]","[]","[P1Y]","[CDC_NNDSS_Diseases_AnnualTables]","2016","1","Count_MedicalConditionIncident_ConditionBabesiosis_ConfirmedCase_Black_AfricanAmericanAlone"
"[]","[]","[P1Y]","[CDC_NNDSS_Diseases_AnnualTables]","2016","1","Count_MedicalConditionIncident_EthnicityUnknown_NotStated_ConditionMeningococcalMeningitis_UnknownSerogroups"
"[]","[]","[P1Y]","[CDC_NNDSS_Diseases_AnnualTables]","2016","1","Count_MedicalConditionIncident_Hispanic_Latino_ConditionEhrlichiosis"
"[]","[]","[P1Y]","[CDC_NNDSS_Diseases_AnnualTables]","2016","1","Count_MedicalConditionIncident_AgeNotStated_ConditionLymeDisease_ProbableCase"
"[]","[]","[P1Y]","[CDC_NNDSS_Diseases_AnnualTables]","2016","1","Count_MedicalConditionIncident_Hispanic_Latino_ConditionGonorrhea"
"[]","[]","[P1Y]","[CDC_NNDSS_Diseases_AnnualTables]","2016","1","Count_MedicalConditionIncident_15To24Years_ConditionBabesiosis_ConfirmedCase"
"[]","[]","[P1Y]","[CDC_NNDSS_Diseases_AnnualTables]","2020","1","Count_MedicalConditionIncident_ConditionLegionnairesDisease_NonUSResident"
"[]","[]","[P1Y]","[CDC_NNDSS_Diseases_AnnualTables]","2016","65","Count_MedicalConditionIncident_ConditionZikaVirusInfection_NonCongenitalDisease"
"[]","[]","[P1Y]","[CDC_NNDSS_Diseases_AnnualTables]","2016","1","Count_MedicalConditionIncident_EthnicityUnknownOrNotStated_ConditionNonNeuroinvasiveDiseaseOrPowassanVirusDisease"
"[]","[]","[P1Y]","[CDC_NNDSS_Diseases_AnnualTables]","2016","1","Count_MedicalConditionIncident_5To14Years_ConditionAcuteCondition_HepatitisC_ProbableCase"
"[]","[]","[P1Y]","[CDC_NNDSS_Diseases_AnnualTables]","2016","65","Count_MedicalConditionIncident_ConditionSmallpox"
"[]","[]","[P1Y]","[CDC_NNDSS_Diseases_AnnualTables]","2016","1","Count_MedicalConditionIncident_AgeNotStated_ConditionPsittacosis"
"[]","[]","[P1Y]","[CDC_NNDSS_Diseases_AnnualTables]","2016","1","Count_MedicalConditionIncident_NotHispanic_Latino_ConditionHIVAIDS"
"[]","[]","[P1Y]","[CDC_NNDSS_Diseases_AnnualTables]","2016","1","Count_MedicalConditionIncident_NotHispanicOrLatino_ConditionCOVID19"
"[]","[]","[P1Y]","[CDC_NNDSS_Diseases_AnnualTables]","2016","1","Count_MedicalConditionIncident_Years5To14_ConditionCoccidioidomycosis_ConfirmedCase"
"[]","[]","[P1Y]","[CDC_NNDSS_Diseases_AnnualTables]","2020","1","Count_MedicalConditionIncident_ConditionChlamydia_NonUSResident"
"[]","[]","[P1Y]","[CDC_NNDSS_Diseases_AnnualTables]","2016","1","Count_MedicalConditionIncident_5To14Years_ConditionPsittacosis"
"[]","[]","[P1Y]","[CDC_NNDSS_Diseases_AnnualTables]","2016","1","Count_MedicalConditionIncident_ConditionPowassanVirusDisease_NeuroinvasiveDisease_USResident"
"[]","[]","[P1Y]","[CDC_NNDSS_Diseases_AnnualTables]","2016","1","Count_MedicalConditionIncident_Hispanic_Latino_ConditionFoodborneBotulism"
"[]","[]","[P1Y]","[CDC_NNDSS_Diseases_AnnualTables]","2016","1","Count_MedicalConditionIncident_NotHispanicOrLatino_ConditionYellowFever"
"[]","[]","[P1Y]","[CDC_NNDSS_Diseases_AnnualTables]","2016","1","Count_MedicalConditionIncident_25To39Years_ConditionVibriosisExcludingCholera"
"[]","[]","[P1Y]","[CDC_NNDSS_Diseases_AnnualTables]","2016","1","Count_MedicalConditionIncident_Hispanic_Latino_ConditionSpottedFeverRickettsiosis"
"[]","[]","[P1Y]","[CDC_NNDSS_Diseases_AnnualTables]","2016","1","Count_MedicalConditionIncident_Years5To14_ConditionZikaVirusInfectionOrCongenitalDisease"
"[]","[]","[P1Y]","[CDC_NNDSS_Diseases_AnnualTables]","2016","1","Count_MedicalConditionIncident_Years5To14_ConditionCandidaAuris_Screening"
"[]","[]","[P1Y]","[CDC_NNDSS_Diseases_AnnualTables]","2020","1","Count_MedicalConditionIncident_ConditionTyphoidFever_NonUSResident"
"[]","[]","[P1Y]","[CDC_NNDSS_Diseases_AnnualTables]","2016","1","Count_MedicalConditionIncident_ConditionPsittacosis_RaceUnknown_NotStated"
"[]","[]","[P1Y]","[CDC_NNDSS_Diseases_AnnualTables]","2016","1","Count_MedicalConditionIncident_ConditionCampylobacteriosis_RaceUnknown_NotStated"
"[]","[]","[P1Y]","[CDC_NNDSS_Diseases_AnnualTables]","2016","1","Count_MedicalConditionIncident_ConditionRabiesinhuman_BlackOrAfricanAmericanAlone"
"[]","[]","[P1Y]","[CDC_NNDSS_Diseases_AnnualTables]","2016","1","Count_MedicalConditionIncident_5To14Years_ConditionChlamydia"
"[]","[]","[P1Y]","[CDC_NNDSS_Diseases_AnnualTables]","2016","1","Count_MedicalConditionIncident_Female_ConditionLymeDisease_ConfirmedCase"
"[]","[]","[P1Y]","[CDC_NNDSS_Diseases_AnnualTables]","2016","1","Count_MedicalConditionIncident_NotHispanic_Latino_ConditionTyphoidFever"
"[]","[]","[P1Y]","[CDC_NNDSS_Diseases_AnnualTables]","2016","1","Count_MedicalConditionIncident_Female_ConditionAcuteCondition_HepatitisC_ConfirmedCase"
"[]","[]","[P1Y]","[CDC_NNDSS_Diseases_AnnualTables]","2020","1","Count_MedicalConditionIncident_ConditionHepatitisC_AcuteCondition_ProbableCase_NonUSResident"
"[]","[]","[P1Y]","[CDC_NNDSS_Diseases_AnnualTables]","2016","1","Count_MedicalConditionIncident_ConditionCoccidioidomycosis_ProbableCase_AmericanIndianAndAlaskaNativeAlone"
"[]","[]","[P1Y]","[CDC_NNDSS_Diseases_AnnualTables]","2016","1","Count_MedicalConditionIncident_25To39Years_ConditionWoundBotulism"
"[]","[]","[P1Y]","[CDC_NNDSS_Diseases_AnnualTables]","2016","1","Count_MedicalConditionIncident_ConditionChickenpox_PatientDeceased_AsianOrPacificIslander"
"[]","[]","[P1Y]","[CDC_NNDSS_Diseases_AnnualTables]","2016","1","Count_MedicalConditionIncident_ConditionTyphoidFever_Asian_PacificIslander"
"[]","[]","[P1Y]","[CDC_NNDSS_Diseases_AnnualTables]","2016","1","Count_MedicalConditionIncident_ConditionEhrlichiosis_USResident"
"[]","[]","[P1Y]","[CDC_NNDSS_Diseases_AnnualTables]","2016","1","Count_MedicalConditionIncident_NotHispanicOrLatino_ConditionZikaVirusInfectionOrCongenitalDisease"
"[]","[]","[P1Y]","[CDC_NNDSS_Diseases_AnnualTables]","2016","1","Count_MedicalConditionIncident_ConditionSmallpox_Asian_PacificIslander"
"[]","[]","[P1Y]","[CDC_NNDSS_Diseases_AnnualTables]","2016","1","Count_MedicalConditionIncident_ConditionZikaVirusDiseaseOrCongenitalDisease_OtherRace"
"[]","[]","[P1Y]","[CDC_NNDSS_Diseases_AnnualTables]","2016","1","Count_MedicalConditionIncident_ConditionPsittacosis_AmericanIndianAndAlaskaNativeAlone"
"[]","[]","[P1Y]","[CDC_NNDSS_Diseases_AnnualTables]","2016","1","Count_MedicalConditionIncident_5To14Years_ConditionChikungunya"
"[]","[]","[P1Y]","[CDC_NNDSS_Diseases_AnnualTables]","2016","1","Count_MedicalConditionIncident_1_LessYears_ConditionLymeDisease_ProbableCase"
"[]","[]","[P1Y]","[CDC_NNDSS_Diseases_AnnualTables]","2020","1","Count_MedicalConditionIncident_ConditionChickenpox_NonUSResident"
"[]","[]","[P1Y]","[CDC_NNDSS_Diseases_AnnualTables]","2016","1","Count_MedicalConditionIncident_GenderUnknown_NotStated_ConditionSyphilis"
"[]","[]","[P1Y]","[CDC_NNDSS_Diseases_AnnualTables]","2016","1","Count_MedicalConditionIncident_ConditionChickenpox_Asian_PacificIslander"
"[]","[]","[P1Y]","[CDC_NNDSS_Diseases_AnnualTables]","2016","56","Count_MedicalConditionIncident_ConditionVancomycinIntermediateStaphylococcusAureus"
"[]","[]","[P1Y]","[CDC_NNDSS_Diseases_AnnualTables]","2016","1","Count_MedicalConditionIncident_25To39Years_ConditionVancomycinIntermediateStaphylococcusAureus"
"[]","[]","[P1Y]","[CDC_NNDSS_Diseases_AnnualTables]","2016","59","Count_MedicalConditionIncident_ConditionLeptospirosis"
"[]","[]","[P1Y]","[CDC_NNDSS_Diseases_AnnualTables]","2016","1","Count_MedicalConditionIncident_ConditionChickenpox_PatientDeceased_BlackOrAfricanAmericanAlone"
"[]","[]","[P1Y]","[CDC_NNDSS_Diseases_AnnualTables]","2016","1","Count_MedicalConditionIncident_ConditionHaemophilusMeningitis_USResident"
"[]","[]","[P1Y]","[CDC_NNDSS_Diseases_AnnualTables]","2016","1","Count_MedicalConditionIncident_ConditionMeningococcalMeningitis_WhiteAlone_SerogroupB"
"[]","[]","[P1Y]","[CDC_NNDSS_Diseases_AnnualTables]","2016","1","Count_MedicalConditionIncident_ConditionNonNeuroinvasiveDiseaseOrLaCrosseVirusDisease_OtherRace"
"[]","[]","[P1Y]","[CDC_NNDSS_Diseases_AnnualTables]","2016","1","Count_MedicalConditionIncident_Male_ConditionZikaVirusInfectionOrCongenitalDisease"
"[]","[]","[P1Y]","[CDC_NNDSS_Diseases_AnnualTables]","2016","1","Count_MedicalConditionIncident_25To39Years_ConditionStreptococcusPneumonia_ProbableCase"
"[]","[]","[P1Y]","[CDC_NNDSS_Diseases_AnnualTables]","2016","1","Count_MedicalConditionIncident_ConditionChickenpox_PatientDeceased_OtherRace"
"[]","[]","[P1Y]","[CDC_NNDSS_Diseases_AnnualTables]","2016","1","Count_MedicalConditionIncident_ConditionChronicCondition_QFever_WhiteAlone"
"[]","[]","[P1Y]","[CDC_NNDSS_Diseases_AnnualTables]","2016","1","Count_MedicalConditionIncident_Years15To24_ConditionHaemophilusInfluenzaeOrInvasiveDisease_NonSerotypeB"
"[]","[]","[P1Y]","[CDC_NNDSS_Diseases_AnnualTables]","2020","1","Count_MedicalConditionIncident_ConditionWoundBotulism_NonUSResident"
"[]","[]","[P1Y]","[CDC_NNDSS_Diseases_AnnualTables]","2016","1","Count_MedicalConditionIncident_Female_ConditionNonNeuroinvasiveDisease_JamestownCanyonVirusDisease"
"[]","[]","[P1Y]","[CDC_NNDSS_Diseases_AnnualTables]","2016","1","Count_MedicalConditionIncident_5To14Years_ConditionPlague"
"[]","[]","[P1Y]","[CDC_NNDSS_Diseases_AnnualTables]","2016","1","Count_MedicalConditionIncident_40To64Years_ConditionGonorrhea"
"[]","[]","[P1Y]","[CDC_NNDSS_Diseases_AnnualTables]","2016","1","Count_MedicalConditionIncident_25To39Years_ConditionCOVID19"
"[]","[]","[P1Y]","[CDC_NNDSS_Diseases_AnnualTables]","2016","1","Count_MedicalConditionIncident_65_MoreYears_ConditionCholera"
"[]","[]","[P1Y]","[CDC_NNDSS_Diseases_AnnualTables]","2016","1","Count_MedicalConditionIncident_ConditionCryptosporidiosis_ProbableCase_AmericanIndianAndAlaskaNativeAlone"
"[]","[]","[P1Y]","[CDC_NNDSS_Diseases_AnnualTables]","2016","1","Count_MedicalConditionIncident_65_MoreYears_ConditionGiardiasis"
"[]","[]","[P1Y]","[CDC_NNDSS_Diseases_AnnualTables]","2016","1","Count_MedicalConditionIncident_AgeNotStated_ConditionSalmonellosisExceptTyphiAndParatyphi"
"[]","[]","[P1Y]","[CDC_NNDSS_Diseases_AnnualTables]","2016","1","Count_MedicalConditionIncident_ConditionNovelInfluenzaAViralInfection_Black_AfricanAmericanAlone"
"[]","[]","[P1Y]","[CDC_NNDSS_Diseases_AnnualTables]","2016","1","Count_MedicalConditionIncident_15To24Years_ConditionLymeDisease_ProbableCase"
"[]","[]","[P1Y]","[CDC_NNDSS_Diseases_AnnualTables]","2016","1","Count_MedicalConditionIncident_65_MoreYears_ConditionHantavirusPulmonarySyndrome"
"[]","[]","[P1Y]","[CDC_NNDSS_Diseases_AnnualTables]","2016","1","Count_MedicalConditionIncident_Female_ConditionNeuroinvasiveDisease_StLouisEncephalitis"
"[]","[]","[P1Y]","[CDC_NNDSS_Diseases_AnnualTables]","2016","65","Count_MedicalConditionIncident_ConditionDengueLikeIllness"
"[]","[]","[P1Y]","[CDC_NNDSS_Diseases_AnnualTables]","2016","1","Count_MedicalConditionIncident_Male_ConditionSalmonellosisExceptTyphiAndParatyphi"
"[]","[]","[P1Y]","[CDC_NNDSS_Diseases_AnnualTables]","2016","1","Count_MedicalConditionIncident_5_LessYears_ConditionStreptococcusPneumonia_ConfirmedCase_USResident"
"[]","[]","[P1Y]","[CDC_NNDSS_Diseases_AnnualTables]","2016","1","Count_MedicalConditionIncident_ConditionSyphilisPrimaryAndSecondary_USResident"
"[]","[]","[P1Y]","[CDC_NNDSS_Diseases_AnnualTables]","2016","1","Count_MedicalConditionIncident_Years65Onwards_ConditionCandidaAuris_Screening"
"[]","[]","[P1Y]","[CDC_NNDSS_Diseases_AnnualTables]","2016","1","Count_MedicalConditionIncident_Hispanic_Latino_ConditionMeasles_ImportedCase"
"[]","[]","[P1Y]","[CDC_NNDSS_Diseases_AnnualTables]","2020","1","Count_MedicalConditionIncident_ConditionQFever_AcuteCondition_NonUSResident"
"[]","[]","[P1Y]","[CDC_NNDSS_Diseases_AnnualTables]","2016","1","Count_MedicalConditionIncident_ConditionNonCongenitalDisease_ZikaVirusDisease_Asian_PacificIslander"
"[]","[]","[P1Y]","[CDC_NNDSS_Diseases_AnnualTables]","2016","1","Count_MedicalConditionIncident_EthnicityUnknown_NotStated_ConditionMeasles_IndigenousCase"
"[]","[]","[P1Y]","[CDC_NNDSS_Diseases_AnnualTables]","2016","1","Count_MedicalConditionIncident_ConditionCryptosporidiosis_ProbableCase_Asian_PacificIslander"
"[]","[]","[P1Y]","[CDC_NNDSS_Diseases_AnnualTables]","2016","1","Count_MedicalConditionIncident_ConditionPsittacosis_Asian_PacificIslander"
"[]","[]","[P1Y]","[CDC_NNDSS_Diseases_AnnualTables]","2016","1","Count_MedicalConditionIncident_AgeNotStated_ConditionSpottedFeverRickettsiosis_ProbableCase"
"[]","[]","[P1Y]","[CDC_NNDSS_Diseases_AnnualTables]","2016","1","Count_MedicalConditionIncident_YearsUpto1_ConditionHaemophilusInfluenzaeOrInvasiveDisease_OtherSerogroups"
"[]","[]","[P1Y]","[CDC_NNDSS_Diseases_AnnualTables]","2016","1","Count_MedicalConditionIncident_1_LessYears_ConditionInvasiveDisease_HaemophilusInfluenzae"
"[]","[]","[P1Y]","[CDC_NNDSS_Diseases_AnnualTables]","2016","1","Count_MedicalConditionIncident_1_LessYears_ConditionBabesiosis_ConfirmedCase"
"[]","[]","[P1Y]","[CDC_NNDSS_Diseases_AnnualTables]","2020","1","Count_MedicalConditionIncident_ConditionCampylobacteriosis_NonUSResident"
"[]","[]","[P1Y]","[CDC_NNDSS_Diseases_AnnualTables]","2016","1","Count_MedicalConditionIncident_1_LessYears_ConditionLeprosy"
"[]","[]","[P1Y]","[CDC_NNDSS_Diseases_AnnualTables]","2016","1","Count_MedicalConditionIncident_Years25To39_ConditionHaemophilusInfluenzaeOrInvasiveDisease_OtherSerogroups"
"[]","[]","[P1Y]","[CDC_NNDSS_Diseases_AnnualTables]","2016","1","Count_MedicalConditionIncident_65_MoreYears_ConditionStreptococcusPneumonia"
"[]","[]","[P1Y]","[CDC_NNDSS_Diseases_AnnualTables]","2016","1","Count_MedicalConditionIncident_5To14Years_ConditionNonNeuroinvasiveDisease_WestNileVirusDisease"
"[]","[]","[P1Y]","[CDC_NNDSS_Diseases_AnnualTables]","2016","1","Count_MedicalConditionIncident_ConditionChlamydia_RaceUnknown_NotStated"
"[]","[]","[P1Y]","[CDC_NNDSS_Diseases_AnnualTables]","2020","1","Count_MedicalConditionIncident_ConditionListeriosis_ConfirmedCase_NonUSResident"
"[]","[]","[P1Y]","[CDC_NNDSS_Diseases_AnnualTables]","2016","1","Count_MedicalConditionIncident_40To64Years_ConditionSevereDengue"
"[]","[]","[P1Y]","[CDC_NNDSS_Diseases_AnnualTables]","2016","1","Count_MedicalConditionIncident_ConditionBabesiosis_RaceUnknown_NotStated"
"[]","[]","[P1Y]","[CDC_NNDSS_Diseases_AnnualTables]","2016","1","Count_MedicalConditionIncident_65_MoreYears_ConditionPlague"
"[]","[]","[P1Y]","[CDC_NNDSS_Diseases_AnnualTables]","2016","1","Count_MedicalConditionIncident_Male_ConditionEhrlichiosis"
"[]","[]","[P1Y]","[CDC_NNDSS_Diseases_AnnualTables]","2016","1","Count_MedicalConditionIncident_ConditionListeriosis_USResident"
"[]","[]","[P1Y]","[CDC_NNDSS_Diseases_AnnualTables]","2016","63","Count_MedicalConditionIncident_ConditionHepatitisC_AcuteCondition"
"[]","[]","[P1Y]","[CDC_NNDSS_Diseases_AnnualTables]","2016","1","Count_MedicalConditionIncident_ConditionCoccidioidomycosis_ConfirmedCase_BlackOrAfricanAmericanAlone"
"[]","[]","[P1Y]","[CDC_NNDSS_Diseases_AnnualTables]","2016","1","Count_MedicalConditionIncident_Female_ConditionSpottedFeverRickettsiosis"
"[]","[]","[P1Y]","[CDC_NNDSS_Diseases_AnnualTables]","2016","1","Count_MedicalConditionIncident_ConditionYellowFever_OtherRace"
"[]","[]","[P1Y]","[CDC_NNDSS_Diseases_AnnualTables]","2016","1","Count_MedicalConditionIncident_ConditionTuberculosis_AmericanIndianAndAlaskaNativeAlone"
"[]","[]","[P1Y]","[CDC_NNDSS_Diseases_AnnualTables]","2016","1","Count_MedicalConditionIncident_ConditionNonNeuroinvasiveDiseaseOrPowassanVirusDisease_BlackOrAfricanAmericanAlone"
"[]","[]","[P1Y]","[CDC_NNDSS_Diseases_AnnualTables]","2016","1","Count_MedicalConditionIncident_Male_ConditionGiardiasis"
"[]","[]","[P1Y]","[CDC_NNDSS_Diseases_AnnualTables]","2016","1","Count_MedicalConditionIncident_Male_ConditionAcuteCondition_QFever"
"[]","[]","[P1Y]","[CDC_NNDSS_Diseases_AnnualTables]","2016","1","Count_MedicalConditionIncident_GenderUnknown_NotStated_ConditionBotulism"
"[]","[]","[P1Y]","[CDC_NNDSS_Diseases_AnnualTables]","2016","1","Count_MedicalConditionIncident_ConditionToxicShockSyndromExceptStreptococcal_WhiteAlone"
"[]","[]","[P1Y]","[CDC_NNDSS_Diseases_AnnualTables]","2016","1","Count_MedicalConditionIncident_40To64Years_ConditionNonNeuroinvasiveDisease_PowassanVirusDisease"
"[]","[]","[P1Y]","[CDC_NNDSS_Diseases_AnnualTables]","2016","1","Count_MedicalConditionIncident_ConditionMumps_Black_AfricanAmericanAlone"
"[]","[]","[P1Y]","[CDC_NNDSS_Diseases_AnnualTables]","2016","1","Count_MedicalConditionIncident_Years1To4_ConditionZikaVirusDiseaseOrCongenitalDisease"
"[]","[]","[P1Y]","[CDC_NNDSS_Diseases_AnnualTables]","2016","65","Count_MedicalConditionIncident_ConditionHepatitisB_AcuteCondition"
"[]","[]","[P1Y]","[CDC_NNDSS_Diseases_AnnualTables]","2016","1","Count_MedicalConditionIncident_1To4Years_ConditionChlamydia"
"[]","[]","[P1Y]","[CDC_NNDSS_Diseases_AnnualTables]","2016","1","Count_MedicalConditionIncident_GenderUnknown_NotStated_ConditionMeningococcalMeningitis_OtherSerogroups"
"[]","[]","[P1Y]","[CDC_NNDSS_Diseases_AnnualTables]","2016","1","Count_MedicalConditionIncident_ConditionBabesiosis_AmericanIndianAndAlaskaNativeAlone"
"[]","[]","[P1Y]","[CDC_NNDSS_Diseases_AnnualTables]","2016","1","Count_MedicalConditionIncident_15To24Years_ConditionNeuroinvasiveDisease_JamestownCanyonVirusDisease"
"[]","[]","[P1Y]","[CDC_NNDSS_Diseases_AnnualTables]","2016","1","Count_MedicalConditionIncident_ConditionHaemophilusMeningitis_OtherRace"
"[]","[]","[P1Y]","[CDC_NNDSS_Diseases_AnnualTables]","2016","1","Count_MedicalConditionIncident_15To24Years_ConditionHIVAIDS"
"[]","[]","[P1Y]","[CDC_NNDSS_Diseases_AnnualTables]","2016","1","Count_MedicalConditionIncident_5To14Years_ConditionJuninHemorrhagicFever"
"[]","[]","[P1Y]","[CDC_NNDSS_Diseases_AnnualTables]","2016","1","Count_MedicalConditionIncident_ConditionZikaVirusDiseaseOrCongenitalDisease_RaceUnknownOrNotStated"
"[]","[]","[P1Y]","[CDC_NNDSS_Diseases_AnnualTables]","2016","1","Count_MedicalConditionIncident_Hispanic_Latino_ConditionDengueDisease"
"[]","[]","[P1Y]","[CDC_NNDSS_Diseases_AnnualTables]","2016","1","Count_MedicalConditionIncident_ConditionMumps_OtherRace"
"[]","[]","[P1Y]","[CDC_NNDSS_Diseases_AnnualTables]","2016","1","Count_MedicalConditionIncident_1To4Years_ConditionStreptococcusPneumonia_ProbableCase"
"[]","[]","[P1Y]","[CDC_NNDSS_Diseases_AnnualTables]","2016","1","Count_MedicalConditionIncident_ConditionStreptococcusPneumonia_ProbableCase_AmericanIndianAndAlaskaNativeAlone"
"[]","[]","[P1Y]","[CDC_NNDSS_Diseases_AnnualTables]","2016","1","Count_MedicalConditionIncident_15To24Years_ConditionPlague"
"[]","[]","[P1Y]","[CDC_NNDSS_Diseases_AnnualTables]","2016","65","Count_MedicalConditionIncident_ConditionInfantBotulism"
"[]","[]","[P1Y]","[CDC_NNDSS_Diseases_AnnualTables]","2016","1","Count_MedicalConditionIncident_ConditionListeriosis_ProbableCase_OtherRace"
"[]","[]","[P1Y]","[CDC_NNDSS_Diseases_AnnualTables]","2016","1","Count_MedicalConditionIncident_Years1To4_ConditionCOVID19"
"[]","[]","[P1Y]","[CDC_NNDSS_Diseases_AnnualTables]","2016","1","Count_MedicalConditionIncident_65_MoreYears_ConditionAcuteCondition_HepatitisC_ProbableCase"
"[]","[]","[P1Y]","[CDC_NNDSS_Diseases_AnnualTables]","2016","1","Count_MedicalConditionIncident_ConditionCandidaAuris_Screening_OtherRace"
"[]","[]","[P1Y]","[CDC_NNDSS_Diseases_AnnualTables]","2016","59","Count_MedicalConditionIncident_ConditionVancomycinResistantStaphylococcusAureus"
"[]","[]","[P1Y]","[CDC_NNDSS_Diseases_AnnualTables]","2016","1","Count_MedicalConditionIncident_Female_ConditionInfluenza_PediatricMortality"
"[]","[]","[P1Y]","[CDC_NNDSS_Diseases_AnnualTables]","2016","1","Count_MedicalConditionIncident_EthnicityUnknown_NotStated_ConditionVibriosisExcludingCholera_ProbableCase"
"[]","[]","[P1Y]","[CDC_NNDSS_Diseases_AnnualTables]","2016","1","Count_MedicalConditionIncident_Male_ConditionTrichinellosis"
"[]","[]","[P1Y]","[CDC_NNDSS_Diseases_AnnualTables]","2016","1","Count_MedicalConditionIncident_5_LessYears_ConditionHaemophilusInfluenzae_InvasiveDisease_USResident_SerotypeB"
"[]","[]","[P1Y]","[CDC_NNDSS_Diseases_AnnualTables]","2016","1","Count_MedicalConditionIncident_15To24Years_ConditionBabesiosis_ProbableCase"
"[]","[]","[P1Y]","[CDC_NNDSS_Diseases_AnnualTables]","2016","1","Count_MedicalConditionIncident_ConditionVancomycinResistantStaphylococcusAureus_USResident"
"[]","[]","[P1Y]","[CDC_NNDSS_Diseases_AnnualTables]","2016","1","Count_MedicalConditionIncident_NotHispanic_Latino_ConditionGuanaritoHemorrhagicFever"
"[]","[]","[P1Y]","[CDC_NNDSS_Diseases_AnnualTables]","2016","1","Count_MedicalConditionIncident_40To64Years_ConditionChancroid"
"[]","[]","[P1Y]","[CDC_NNDSS_Diseases_AnnualTables]","2016","1","Count_MedicalConditionIncident_25To39Years_ConditionBabesiosis_ConfirmedCase"
"[]","[]","[P1Y]","[CDC_NNDSS_Diseases_AnnualTables]","2020","1","Count_MedicalConditionIncident_ConditionLymeDisease_ConfirmedCase_NonUSResident"
"[]","[]","[P1Y]","[CDC_NNDSS_Diseases_AnnualTables]","2016","1","Count_MedicalConditionIncident_ConditionCyclosporiasis_RaceUnknown_NotStated"
"[]","[]","[P1Y]","[CDC_NNDSS_Diseases_AnnualTables]","2016","1","Count_MedicalConditionIncident_40To64Years_ConditionListeriosis"
"[]","[]","[P1Y]","[CDC_NNDSS_Diseases_AnnualTables]","2016","1","Count_MedicalConditionIncident_5_LessYears_ConditionInvasiveDisease_HaemophilusInfluenzae_OtherRace_NonSerotypeB"
"[]","[]","[P1Y]","[CDC_NNDSS_Diseases_AnnualTables]","2016","1","Count_MedicalConditionIncident_1_LessYears_ConditionParalyticPoliomyelitis"
"[]","[]","[P1Y]","[CDC_NNDSS_Diseases_AnnualTables]","2016","1","Count_MedicalConditionIncident_Female_ConditionPostDiarrheal_HemolyticUremicSyndrome"
"[]","[]","[P1Y]","[CDC_NNDSS_Diseases_AnnualTables]","2016","1","Count_MedicalConditionIncident_65_MoreYears_ConditionListeriosis"
"[]","[]","[P1Y]","[CDC_NNDSS_Diseases_AnnualTables]","2016","1","Count_MedicalConditionIncident_ConditionMeasles_ImportedCase_OtherRace"
"[]","[]","[P1Y]","[CDC_NNDSS_Diseases_AnnualTables]","2016","1","Count_MedicalConditionIncident_15To24Years_ConditionNonNeuroinvasiveDisease_WestNileVirusDisease"
"[]","[]","[P1Y]","[CDC_NNDSS_Diseases_AnnualTables]","2016","1","Count_MedicalConditionIncident_Years5To14_ConditionCoccidioidomycosis_ProbableCase"
"[]","[]","[P1Y]","[CDC_NNDSS_Diseases_AnnualTables]","2020","1","Count_MedicalConditionIncident_ConditionVibriosisExcludingCholera_NonUSResident"
"[]","[]","[P1Y]","[CDC_NNDSS_Diseases_AnnualTables]","2016","1","Count_MedicalConditionIncident_ConditionCarbapenemResistantEnterobacteriaceae_Asian_PacificIslander"
"[]","[]","[P1Y]","[CDC_NNDSS_Diseases_AnnualTables]","2016","1","Count_MedicalConditionIncident_15To24Years_ConditionWoundBotulism"
"[]","[]","[P1Y]","[CDC_NNDSS_Diseases_AnnualTables]","2016","1","Count_MedicalConditionIncident_ConditionCampylobacteriosis_Black_AfricanAmericanAlone"
"[]","[]","[P1Y]","[CDC_NNDSS_Diseases_AnnualTables]","2016","1","Count_MedicalConditionIncident_5To14Years_ConditionNeuroinvasiveDisease_WestNileVirusDisease"
"[]","[]","[P1Y]","[CDC_NNDSS_Diseases_AnnualTables]","2016","1","Count_MedicalConditionIncident_ConditionStreptococcusPneumonia_USResident"
"[]","[]","[P1Y]","[CDC_NNDSS_Diseases_AnnualTables]","2016","1","Count_MedicalConditionIncident_ConditionNeuroinvasiveDisease_WestNileVirusDisease_Asian_PacificIslander"
"[]","[]","[P1Y]","[CDC_NNDSS_Diseases_AnnualTables]","2016","1","Count_MedicalConditionIncident_ConditionDengueLikeIllness_USResident"
"[]","[]","[P1Y]","[CDC_NNDSS_Diseases_AnnualTables]","2016","1","Count_MedicalConditionIncident_40To64Years_ConditionVancomycinResistantStaphylococcusAureus"
"[]","[]","[P1Y]","[CDC_NNDSS_Diseases_AnnualTables]","2016","1","Count_MedicalConditionIncident_AgeNotStated_ConditionMeasles"
"[]","[]","[P1Y]","[CDC_NNDSS_Diseases_AnnualTables]","2016","1","Count_MedicalConditionIncident_1_LessYears_ConditionMeningococcalMeningitis_SerogroupB"
"[]","[]","[P1Y]","[CDC_NNDSS_Diseases_AnnualTables]","2016","1","Count_MedicalConditionIncident_ConditionCongenitalDiseaseOrRubella_WhiteAlone"
"[]","[]","[P1Y]","[CDC_NNDSS_Diseases_AnnualTables]","2016","1","Count_MedicalConditionIncident_40To64Years_ConditionChronicCondition_QFever"
"[]","[]","[P1Y]","[CDC_NNDSS_Diseases_AnnualTables]","2016","1","Count_MedicalConditionIncident_40To64Years_ConditionPlague"
"[]","[]","[P1Y]","[CDC_NNDSS_Diseases_AnnualTables]","2016","1","Count_MedicalConditionIncident_65_MoreYears_ConditionGonorrhea"
"[]","[]","[P1Y]","[CDC_NNDSS_Diseases_AnnualTables]","2016","1","Count_MedicalConditionIncident_1To4Years_ConditionGiardiasis"
"[]","[]","[P1Y]","[CDC_NNDSS_Diseases_AnnualTables]","2016","1","Count_MedicalConditionIncident_ConditionSpottedFeverRickettsiosis_ConfirmedCase_AmericanIndianAndAlaskaNativeAlone"
"[]","[]","[P1Y]","[CDC_NNDSS_Diseases_AnnualTables]","2016","1","Count_MedicalConditionIncident_NotHispanic_Latino_ConditionGonorrhea"
"[]","[]","[P1Y]","[CDC_NNDSS_Diseases_AnnualTables]","2016","1","Count_MedicalConditionIncident_15To24Years_ConditionAcuteCondition_QFever"
"[]","[]","[P1Y]","[CDC_NNDSS_Diseases_AnnualTables]","2016","1","Count_MedicalConditionIncident_ConditionQFever_WhiteAlone"
"[]","[]","[P1Y]","[CDC_NNDSS_Diseases_AnnualTables]","2016","1","Count_MedicalConditionIncident_ConditionAcuteCondition_HepatitisC_ConfirmedCase_Asian_PacificIslander"
"[]","[]","[P1Y]","[CDC_NNDSS_Diseases_AnnualTables]","2016","1","Count_MedicalConditionIncident_ConditionVancomycinIntermediateStaphylococcusAureus_OtherRace"
"[]","[]","[P1Y]","[CDC_NNDSS_Diseases_AnnualTables]","2016","1","Count_MedicalConditionIncident_40To64Years_ConditionMeningococcalMeningitis_SerogroupB"
"[]","[]","[P1Y]","[CDC_NNDSS_Diseases_AnnualTables]","2016","1","Count_MedicalConditionIncident_5To14Years_ConditionHIVAIDS"
"[]","[]","[P1Y]","[CDC_NNDSS_Diseases_AnnualTables]","2016","1","Count_MedicalConditionIncident_15To24Years_ConditionQFever"
"[]","[]","[P1Y]","[CDC_NNDSS_Diseases_AnnualTables]","2016","1","Count_MedicalConditionIncident_ConditionPertussis_Black_AfricanAmericanAlone"
"[]","[]","[P1Y]","[CDC_NNDSS_Diseases_AnnualTables]","2016","1","Count_MedicalConditionIncident_ConditionMeningococcalMeningitis_AmericanIndianAndAlaskaNativeAlone_ACWYSerogroup"
"[]","[]","[P1Y]","[CDC_NNDSS_Diseases_AnnualTables]","2016","65","Count_MedicalConditionIncident_ConditionRubella_CongenitalDisease"
"[]","[]","[P1Y]","[CDC_NNDSS_Diseases_AnnualTables]","2016","1","Count_MedicalConditionIncident_ConditionSalmonellosisExceptTyphiAndParatyphi_RaceUnknown_NotStated"
"[]","[]","[P1Y]","[CDC_NNDSS_Diseases_AnnualTables]","2016","1","Count_MedicalConditionIncident_5_LessYears_NotHispanic_Latino_ConditionInvasiveDisease_HaemophilusInfluenzae_OtherSerogroups"
"[]","[]","[P1Y]","[CDC_NNDSS_Diseases_AnnualTables]","2016","1","Count_MedicalConditionIncident_NotHispanic_Latino_ConditionVancomycinResistantStaphylococcusAureus"
"[]","[]","[P1Y]","[CDC_NNDSS_Diseases_AnnualTables]","2016","1","Count_MedicalConditionIncident_Years40To64_ConditionInfluenza_PediatricMortality"
"[]","[]","[P1Y]","[CDC_NNDSS_Diseases_AnnualTables]","2016","1","Count_MedicalConditionIncident_Female_ConditionSyphilisPrimaryAndSecondary"
"[]","[]","[P1Y]","[CDC_NNDSS_Diseases_AnnualTables]","2016","1","Count_MedicalConditionIncident_65_MoreYears_ConditionShigaToxinEColi"
"[]","[]","[P1Y]","[CDC_NNDSS_Diseases_AnnualTables]","2016","1","Count_MedicalConditionIncident_40To64Years_ConditionStreptococcusPneumonia_ConfirmedCase"
"[]","[]","[P1Y]","[CDC_NNDSS_Diseases_AnnualTables]","2016","1","Count_MedicalConditionIncident_15To24Years_ConditionCryptosporidiosis"
"[]","[]","[P1Y]","[CDC_NNDSS_Diseases_AnnualTables]","2016","1","Count_MedicalConditionIncident_ConditionNeuroinvasiveDiseaseOrStLouisEncephalitis_BlackOrAfricanAmericanAlone"
"[]","[]","[P1Y]","[CDC_NNDSS_Diseases_AnnualTables]","2016","1","Count_MedicalConditionIncident_GenderUnknown_NotStated_ConditionCyclosporiasis"
"[]","[]","[P1Y]","[CDC_NNDSS_Diseases_AnnualTables]","2016","1","Count_MedicalConditionIncident_AgeNotStated_ConditionInvasiveDisease_HaemophilusInfluenzae"
"[]","[]","[P1Y]","[CDC_NNDSS_Diseases_AnnualTables]","2016","1","Count_MedicalConditionIncident_Female_ConditionSalmonellosisExceptTyphiAndParatyphi"
"[]","[]","[P1Y]","[CDC_NNDSS_Diseases_AnnualTables]","2016","1","Count_MedicalConditionIncident_40To64Years_ConditionNonNeuroinvasiveDisease_WestNileVirusDisease"
"[]","[]","[P1Y]","[CDC_NNDSS_Diseases_AnnualTables]","2016","1","Count_MedicalConditionIncident_EthnicityUnknown_NotStated_ConditionTuberculosis"
"[]","[]","[P1Y]","[CDC_NNDSS_Diseases_AnnualTables]","2016","1","Count_MedicalConditionIncident_GenderUnknownOrNotStated_ConditionNeuroinvasiveDiseaseOrPowassanVirusDisease"
"[]","[]","[P1Y]","[CDC_NNDSS_Diseases_AnnualTables]","2016","1","Count_MedicalConditionIncident_GenderUnknown_NotStated_ConditionStreptococcusPneumonia_ProbableCase"
"[]","[]","[P1Y]","[CDC_NNDSS_Diseases_AnnualTables]","2020","1","Count_MedicalConditionIncident_ConditionMeasles_IndigenousCase_NonUSResident"
"[]","[]","[P1Y]","[CDC_NNDSS_Diseases_AnnualTables]","2016","1","Count_MedicalConditionIncident_AgeNotStated_ConditionVibriosisExcludingCholera_ConfirmedCase"
"[]","[]","[P1Y]","[CDC_NNDSS_Diseases_AnnualTables]","2016","1","Count_MedicalConditionIncident_ConditionVibriosisExcludingCholera_Black_AfricanAmericanAlone"
"[]","[]","[P1Y]","[CDC_NNDSS_Diseases_AnnualTables]","2016","1","Count_MedicalConditionIncident_ConditionBotulism_OtherRace"
"[]","[]","[P1Y]","[CDC_NNDSS_Diseases_AnnualTables]","2016","1","Count_MedicalConditionIncident_Years15To24_ConditionNonNeuroinvasiveDiseaseOrLaCrosseVirusDisease"
"[]","[]","[P1Y]","[CDC_NNDSS_Diseases_AnnualTables]","2016","1","Count_MedicalConditionIncident_1To4Years_ConditionCyclosporiasis"
"[]","[]","[P1Y]","[CDC_NNDSS_Diseases_AnnualTables]","2016","1","Count_MedicalConditionIncident_GenderUnknownOrNotStated_ConditionNeuroinvasiveDiseaseOrWestNileVirusDisease"
"[]","[]","[P1Y]","[CDC_NNDSS_Diseases_AnnualTables]","2016","1","Count_MedicalConditionIncident_ConditionInfluenza_PediatricMortality_WhiteAlone"
"[]","[]","[P1Y]","[CDC_NNDSS_Diseases_AnnualTables]","2016","1","Count_MedicalConditionIncident_GenderUnknownOrNotStated_ConditionFoodborneBotulism"
"[]","[]","[P1Y]","[CDC_NNDSS_Diseases_AnnualTables]","2016","62","Count_MedicalConditionIncident_ConditionVibriosisExcludingCholera_ConfirmedCase"
"[]","[]","[P1Y]","[CDC_NNDSS_Diseases_AnnualTables]","2016","1","Count_MedicalConditionIncident_EthnicityUnknown_NotStated_ConditionAcuteCondition_HepatitisA"
"[]","[]","[P1Y]","[CDC_NNDSS_Diseases_AnnualTables]","2016","1","Count_MedicalConditionIncident_EthnicityUnknown_NotStated_ConditionAcuteCondition_HepatitisC"
"[]","[]","[P1Y]","[CDC_NNDSS_Diseases_AnnualTables]","2016","1","Count_MedicalConditionIncident_Years25To39_ConditionCandidaAuris_Screening"
"[]","[]","[P1Y]","[CDC_NNDSS_Diseases_AnnualTables]","2016","1","Count_MedicalConditionIncident_EthnicityUnknown_NotStated_ConditionToxicShockSyndromExceptStreptococcal"
"[]","[]","[P1Y]","[CDC_NNDSS_Diseases_AnnualTables]","2016","1","Count_MedicalConditionIncident_EthnicityUnknown_NotStated_ConditionAcuteCondition_HepatitisB"
"[]","[]","[P1Y]","[CDC_NNDSS_Diseases_AnnualTables]","2016","1","Count_MedicalConditionIncident_25To39Years_ConditionVancomycinResistantStaphylococcusAureus"
"[]","[]","[P1Y]","[CDC_NNDSS_Diseases_AnnualTables]","2016","1","Count_MedicalConditionIncident_ConditionNonCongenitalDisease_ZikaVirusInfection_Black_AfricanAmericanAlone"
"[]","[]","[P1Y]","[CDC_NNDSS_Diseases_AnnualTables]","2016","1","Count_MedicalConditionIncident_NotHispanic_Latino_ConditionVibriosisExcludingCholera_ConfirmedCase"
"[]","[]","[P1Y]","[CDC_NNDSS_Diseases_AnnualTables]","2016","1","Count_MedicalConditionIncident_ConditionCoccidioidomycosis_OtherRace"
"[]","[]","[P1Y]","[CDC_NNDSS_Diseases_AnnualTables]","2016","1","Count_MedicalConditionIncident_25To39Years_ConditionCongenitalDisease_Rubella"
"[]","[]","[P1Y]","[CDC_NNDSS_Diseases_AnnualTables]","2016","1","Count_MedicalConditionIncident_ConditionSpottedFeverRickettsiosis_ProbableCase_OtherRace"
"[]","[]","[P1Y]","[CDC_NNDSS_Diseases_AnnualTables]","2016","1","Count_MedicalConditionIncident_ConditionMeningococcalMeningitis_Black_AfricanAmericanAlone_OtherSerogroups"
"[]","[]","[P1Y]","[CDC_NNDSS_Diseases_AnnualTables]","2016","1","Count_MedicalConditionIncident_15To24Years_ConditionMeningococcalMeningitis_UnknownSerogroups"
"[]","[]","[P1Y]","[CDC_NNDSS_Diseases_AnnualTables]","2016","1","Count_MedicalConditionIncident_Hispanic_Latino_ConditionChikungunya"
"[]","[]","[P1Y]","[CDC_NNDSS_Diseases_AnnualTables]","2016","1","Count_MedicalConditionIncident_Years15To24_ConditionCandidaAuris_Screening"
"[]","[]","[P1Y]","[CDC_NNDSS_Diseases_AnnualTables]","2016","1","Count_MedicalConditionIncident_GenderUnknown_NotStated_ConditionMeasles_IndigenousCase"
"[]","[]","[P1Y]","[CDC_NNDSS_Diseases_AnnualTables]","2016","1","Count_MedicalConditionIncident_NotHispanic_Latino_ConditionListeriosis_ProbableCase"
"[]","[]","[P1Y]","[CDC_NNDSS_Diseases_AnnualTables]","2016","1","Count_MedicalConditionIncident_EthnicityUnknown_NotStated_ConditionMalaria"
"[]","[]","[P1Y]","[CDC_NNDSS_Diseases_AnnualTables]","2016","1","Count_MedicalConditionIncident_Female_ConditionTularemia"
"[]","[]","[P1Y]","[CDC_NNDSS_Diseases_AnnualTables]","2016","65","Count_MedicalConditionIncident_ConditionHepatitisB_PerinatalInfection"
"[]","[]","[P1Y]","[CDC_NNDSS_Diseases_AnnualTables]","2016","1","Count_MedicalConditionIncident_5To14Years_ConditionNeuroinvasiveDisease_PowassanVirusDisease"
"[]","[]","[P1Y]","[CDC_NNDSS_Diseases_AnnualTables]","2016","1","Count_MedicalConditionIncident_ConditionMeasles_Black_AfricanAmericanAlone"
"[]","[]","[P1Y]","[CDC_NNDSS_Diseases_AnnualTables]","2016","1","Count_MedicalConditionIncident_25To39Years_ConditionChickenpox"
"[]","[]","[P1Y]","[CDC_NNDSS_Diseases_AnnualTables]","2016","1","Count_MedicalConditionIncident_YearsUpto1_ConditionChancroid"
"[]","[]","[P1Y]","[CDC_NNDSS_Diseases_AnnualTables]","2016","1","Count_MedicalConditionIncident_15To24Years_ConditionNonNeuroinvasiveDisease_PowassanVirusDisease"
"[]","[]","[P1Y]","[CDC_NNDSS_Diseases_AnnualTables]","2016","1","Count_MedicalConditionIncident_1_LessYears_ConditionHIVAIDS"
"[]","[]","[P1Y]","[CDC_NNDSS_Diseases_AnnualTables]","2016","1","Count_MedicalConditionIncident_15To24Years_ConditionChickenpox"
"[]","[]","[P1Y]","[CDC_NNDSS_Diseases_AnnualTables]","2016","1","Count_MedicalConditionIncident_1_LessYears_ConditionPlague"
"[]","[]","[P1Y]","[CDC_NNDSS_Diseases_AnnualTables]","2016","1","Count_MedicalConditionIncident_AgeNotStated_ConditionVancomycinResistantStaphylococcusAureus"
"[]","[]","[P1Y]","[CDC_NNDSS_Diseases_AnnualTables]","2016","65","Count_MedicalConditionIncident_ConditionTuberculosis"
"[]","[]","[P1Y]","[CDC_NNDSS_Diseases_AnnualTables]","2016","1","Count_MedicalConditionIncident_5_LessYears_ConditionHaemophilusInfluenzae_InvasiveDisease_USResident_UnknownSerotype"
"[]","[]","[P1Y]","[CDC_NNDSS_Diseases_AnnualTables]","2016","1","Count_MedicalConditionIncident_5_LessYears_Female_ConditionStreptococcusPneumonia"
"[]","[]","[P1Y]","[CDC_NNDSS_Diseases_AnnualTables]","2016","1","Count_MedicalConditionIncident_ConditionChikungunya_RaceUnknown_NotStated"
"[]","[]","[P1Y]","[CDC_NNDSS_Diseases_AnnualTables]","2016","58","Count_MedicalConditionIncident_ConditionGiardiasis"
"[]","[]","[P1Y]","[CDC_NNDSS_Diseases_AnnualTables]","2016","1","Count_MedicalConditionIncident_25To39Years_ConditionAnthraxDisease"
"[]","[]","[P1Y]","[CDC_NNDSS_Diseases_AnnualTables]","2020","1","Count_MedicalConditionIncident_ConditionNovelInfluenzaAViralInfection_NonUSResident"
"[]","[]","[P1Y]","[CDC_NNDSS_Diseases_AnnualTables]","2016","1","Count_MedicalConditionIncident_ConditionChronicCondition_QFever_RaceUnknown_NotStated"
"[]","[]","[P1Y]","[CDC_NNDSS_Diseases_AnnualTables]","2020","1","Count_MedicalConditionIncident_ConditionMeasles_ImportedCase_NonUSResident"
"[]","[]","[P1Y]","[CDC_NNDSS_Diseases_AnnualTables]","2016","1","Count_MedicalConditionIncident_Male_ConditionCongenitalDisease_Rubella"
"[]","[]","[P1Y]","[CDC_NNDSS_Diseases_AnnualTables]","2016","1","Count_MedicalConditionIncident_AgeNotStated_ConditionSyphilisPrimaryAndSecondary"
"[]","[]","[P1Y]","[CDC_NNDSS_Diseases_AnnualTables]","2016","1","Count_MedicalConditionIncident_Hispanic_Latino_ConditionGuanaritoHemorrhagicFever"
"[]","[]","[P1Y]","[CDC_NNDSS_Diseases_AnnualTables]","2016","57","Count_MedicalConditionIncident_ConditionHumanGranulocyticAnaplasmosis"
"[]","[]","[P1Y]","[CDC_NNDSS_Diseases_AnnualTables]","2016","1","Count_MedicalConditionIncident_ConditionHepatitisC_AcuteCondition_ProbableCase_USResident"
"[]","[]","[P1Y]","[CDC_NNDSS_Diseases_AnnualTables]","2016","1","Count_MedicalConditionIncident_ConditionWoundBotulism_Black_AfricanAmericanAlone"
"[]","[]","[P1Y]","[CDC_NNDSS_Diseases_AnnualTables]","2016","1","Count_MedicalConditionIncident_ConditionHIVAIDS_USResident"
"[]","[]","[P1Y]","[CDC_NNDSS_Diseases_AnnualTables]","2016","1","Count_MedicalConditionIncident_1_LessYears_ConditionSalmonellosisExceptTyphiAndParatyphi"
"[]","[]","[P1Y]","[CDC_NNDSS_Diseases_AnnualTables]","2016","1","Count_MedicalConditionIncident_ConditionMeningococcalMeningitis_OtherRace_OtherSerogroups"
"[]","[]","[P1Y]","[CDC_NNDSS_Diseases_AnnualTables]","2016","1","Count_MedicalConditionIncident_40To64Years_ConditionVibriosisExcludingCholera_ProbableCase"
"[]","[]","[P1Y]","[CDC_NNDSS_Diseases_AnnualTables]","2016","1","Count_MedicalConditionIncident_Female_ConditionCOVID19"
"[]","[]","[P1Y]","[CDC_NNDSS_Diseases_AnnualTables]","2016","1","Count_MedicalConditionIncident_Female_ConditionWoundBotulism"
"[]","[]","[P1Y]","[CDC_NNDSS_Diseases_AnnualTables]","2016","1","Count_MedicalConditionIncident_Years1To4_ConditionNonNeuroinvasiveDiseaseOrJamestownCanyonVirusDisease"
"[]","[]","[P1Y]","[CDC_NNDSS_Diseases_AnnualTables]","2016","1","Count_MedicalConditionIncident_ConditionNeuroinvasiveDisease_JamestownCanyonVirusDisease_WhiteAlone"
"[]","[]","[P1Y]","[CDC_NNDSS_Diseases_AnnualTables]","2016","1","Count_MedicalConditionIncident_1To4Years_ConditionNovelInfluenzaAViralInfection"
"[]","[]","[P1Y]","[CDC_NNDSS_Diseases_AnnualTables]","2016","1","Count_MedicalConditionIncident_ConditionHantavirusPulmonarySyndrome_RaceUnknown_NotStated"
"[]","[]","[P1Y]","[CDC_NNDSS_Diseases_AnnualTables]","2016","1","Count_MedicalConditionIncident_1To4Years_ConditionLymeDisease"
"[]","[]","[P1Y]","[CDC_NNDSS_Diseases_AnnualTables]","2016","1","Count_MedicalConditionIncident_25To39Years_ConditionPostDiarrheal_HemolyticUremicSyndrome"
"[]","[]","[P1Y]","[CDC_NNDSS_Diseases_AnnualTables]","2016","1","Count_MedicalConditionIncident_EthnicityUnknown_NotStated_ConditionPsittacosis"
"[]","[]","[P1Y]","[CDC_NNDSS_Diseases_AnnualTables]","2016","1","Count_MedicalConditionIncident_40To64Years_ConditionDiphtheria"
"[]","[]","[P1Y]","[CDC_NNDSS_Diseases_AnnualTables]","2016","1","Count_MedicalConditionIncident_15To24Years_ConditionLeprosy"
"[]","[]","[P1Y]","[CDC_NNDSS_Diseases_AnnualTables]","2016","1","Count_MedicalConditionIncident_YearsUpto1_ConditionZikaVirusInfectionOrCongenitalDisease"
"[]","[]","[P1Y]","[CDC_NNDSS_Diseases_AnnualTables]","2016","1","Count_MedicalConditionIncident_YearsUpto1_ConditionNeuroinvasiveDiseaseOrEasternEquineEncephalitis"
"[]","[]","[P1Y]","[CDC_NNDSS_Diseases_AnnualTables]","2016","1","Count_MedicalConditionIncident_ConditionVibriosisExcludingCholera_ProbableCase_Black_AfricanAmericanAlone"
"[]","[]","[P1Y]","[CDC_NNDSS_Diseases_AnnualTables]","2016","1","Count_MedicalConditionIncident_ConditionAcuteCondition_HepatitisC_ConfirmedCase_WhiteAlone"
"[]","[]","[P1Y]","[CDC_NNDSS_Diseases_AnnualTables]","2016","1","Count_MedicalConditionIncident_25To39Years_ConditionSyphilisPrimaryAndSecondary"
"[]","[]","[P1Y]","[CDC_NNDSS_Diseases_AnnualTables]","2016","1","Count_MedicalConditionIncident_15To24Years_ConditionParatyphoid"
"[]","[]","[P1Y]","[CDC_NNDSS_Diseases_AnnualTables]","2016","1","Count_MedicalConditionIncident_ConditionNonparalyticPoliomyelitis_OtherRace"
"[]","[]","[P1Y]","[CDC_NNDSS_Diseases_AnnualTables]","2016","1","Count_MedicalConditionIncident_GenderUnknownOrNotStated_ConditionNeuroinvasiveDiseaseOrLaCrosseVirusDisease"
"[]","[]","[P1Y]","[CDC_NNDSS_Diseases_AnnualTables]","2016","1","Count_MedicalConditionIncident_40To64Years_ConditionNonparalyticPoliomyelitis"
"[]","[]","[P1Y]","[CDC_NNDSS_Diseases_AnnualTables]","2016","1","Count_MedicalConditionIncident_AgeNotStated_ConditionSpottedFeverRickettsiosis"
"[]","[]","[P1Y]","[CDC_NNDSS_Diseases_AnnualTables]","2016","1","Count_MedicalConditionIncident_ConditionDengueDisease_WhiteAlone"
"[]","[]","[P1Y]","[CDC_NNDSS_Diseases_AnnualTables]","2016","1","Count_MedicalConditionIncident_ConditionBabesiosis_USResident"
"[]","[]","[P1Y]","[CDC_NNDSS_Diseases_AnnualTables]","2016","1","Count_MedicalConditionIncident_Years1To4_ConditionHaemophilusInfluenzaeOrInvasiveDisease_OtherSerogroups"
"[]","[]","[P1Y]","[CDC_NNDSS_Diseases_AnnualTables]","2016","65","Count_MedicalConditionIncident_ConditionBotulism"
"[]","[]","[P1Y]","[CDC_NNDSS_Diseases_AnnualTables]","2016","1","Count_MedicalConditionIncident_ConditionQFever_AmericanIndianAndAlaskaNativeAlone"
"[]","[]","[P1Y]","[CDC_NNDSS_Diseases_AnnualTables]","2016","1","Count_MedicalConditionIncident_ConditionLeptospirosis_AmericanIndianAndAlaskaNativeAlone"
"[]","[]","[P1Y]","[CDC_NNDSS_Diseases_AnnualTables]","2016","1","Count_MedicalConditionIncident_EthnicityUnknownOrNotStated_ConditionDiphtheria"
"[]","[]","[P1Y]","[CDC_NNDSS_Diseases_AnnualTables]","2016","1","Count_MedicalConditionIncident_Female_ConditionSyphilis"
"[]","[]","[P1Y]","[CDC_NNDSS_Diseases_AnnualTables]","2020","1","Count_MedicalConditionIncident_ConditionZikaVirusDisease_NonCongenitalDisease_NonUSResident"
"[]","[]","[P1Y]","[CDC_NNDSS_Diseases_AnnualTables]","2016","1","Count_MedicalConditionIncident_ConditionInfluenza_PediatricMortality_AmericanIndianAndAlaskaNativeAlone"
"[]","[]","[P1Y]","[CDC_NNDSS_Diseases_AnnualTables]","2020","1","Count_MedicalConditionIncident_ConditionLymeDisease_ProbableCase_NonUSResident"
"[]","[]","[P1Y]","[CDC_NNDSS_Diseases_AnnualTables]","2020","1","Count_MedicalConditionIncident_ConditionHepatitisC_AcuteCondition_ConfirmedCase_NonUSResident"
"[]","[]","[P1Y]","[CDC_NNDSS_Diseases_AnnualTables]","2016","1","Count_MedicalConditionIncident_ConditionHumanMonocyticEhrlichiosis_RaceUnknown_NotStated"
"[]","[]","[P1Y]","[CDC_NNDSS_Diseases_AnnualTables]","2016","1","Count_MedicalConditionIncident_65_MoreYears_ConditionWoundBotulism"
"[]","[]","[P1Y]","[CDC_NNDSS_Diseases_AnnualTables]","2016","1","Count_MedicalConditionIncident_1_LessYears_ConditionTuberculosis"
"[]","[]","[P1Y]","[CDC_NNDSS_Diseases_AnnualTables]","2016","1","Count_MedicalConditionIncident_65_MoreYears_ConditionCoccidioidomycosis"
"[]","[]","[P1Y]","[CDC_NNDSS_Diseases_AnnualTables]","2016","1","Count_MedicalConditionIncident_ConditionGuanaritoHemorrhagicFever_Black_AfricanAmericanAlone"
"[]","[]","[P1Y]","[CDC_NNDSS_Diseases_AnnualTables]","2016","1","Count_MedicalConditionIncident_1To4Years_ConditionMeasles_ImportedCase"
"[]","[]","[P1Y]","[CDC_NNDSS_Diseases_AnnualTables]","2016","1","Count_MedicalConditionIncident_65_MoreYears_ConditionStreptococcusPneumonia_ProbableCase"
"[]","[]","[P1Y]","[CDC_NNDSS_Diseases_AnnualTables]","2016","1","Count_MedicalConditionIncident_40To64Years_ConditionDengueDisease"
"[]","[]","[P1Y]","[CDC_NNDSS_Diseases_AnnualTables]","2016","1","Count_MedicalConditionIncident_AgeNotStated_ConditionLeptospirosis"
"[]","[]","[P1Y]","[CDC_NNDSS_Diseases_AnnualTables]","2016","65","Count_MedicalConditionIncident_ConditionWestNileVirusDisease_NeuroinvasiveDisease"
"[]","[]","[P1Y]","[CDC_NNDSS_Diseases_AnnualTables]","2016","1","Count_MedicalConditionIncident_AgeNotStated_ConditionStreptococcusPneumonia_ConfirmedCase"
"[]","[]","[P1Y]","[CDC_NNDSS_Diseases_AnnualTables]","2016","1","Count_MedicalConditionIncident_EthnicityUnknownOrNotStated_ConditionHIVAIDS"
"[]","[]","[P1Y]","[CDC_NNDSS_Diseases_AnnualTables]","2016","1","Count_MedicalConditionIncident_15To24Years_ConditionCandidaAuris_ClinicalCase"
"[]","[]","[P1Y]","[CDC_NNDSS_Diseases_AnnualTables]","2016","1","Count_MedicalConditionIncident_ConditionChikungunya_OtherRace"
"[]","[]","[P1Y]","[CDC_NNDSS_Diseases_AnnualTables]","2016","1","Count_MedicalConditionIncident_ConditionMeasles_ImportedCase_WhiteAlone"
"[]","[]","[P1Y]","[CDC_NNDSS_Diseases_AnnualTables]","2016","65","Count_MedicalConditionIncident_ConditionMeningococcalMeningitis_SerogroupB"
"[]","[]","[P1Y]","[CDC_NNDSS_Diseases_AnnualTables]","2016","1","Count_MedicalConditionIncident_ConditionStreptococcusPneumonia_ConfirmedCase_Black_AfricanAmericanAlone"
"[]","[]","[P1Y]","[CDC_NNDSS_Diseases_AnnualTables]","2016","1","Count_MedicalConditionIncident_ConditionNeuroinvasiveDisease_JamestownCanyonVirusDisease_OtherRace"
"[]","[]","[P1Y]","[CDC_NNDSS_Diseases_AnnualTables]","2016","1","Count_MedicalConditionIncident_NotHispanic_Latino_ConditionNeuroinvasiveDisease_WestNileVirusDisease"
"[]","[]","[P1Y]","[CDC_NNDSS_Diseases_AnnualTables]","2016","1","Count_MedicalConditionIncident_ConditionCOVID19_RaceUnknownOrNotStated"
"[]","[]","[P1Y]","[CDC_NNDSS_Diseases_AnnualTables]","2016","57","Count_MedicalConditionIncident_ConditionHumanMonocyticEhrlichiosis"
"[]","[]","[P1Y]","[CDC_NNDSS_Diseases_AnnualTables]","2016","1","Count_MedicalConditionIncident_ConditionPostDiarrheal_HemolyticUremicSyndrome_WhiteAlone"
"[]","[]","[P1Y]","[CDC_NNDSS_Diseases_AnnualTables]","2016","1","Count_MedicalConditionIncident_ConditionCarbapenemResistantEnterobacteriaceae_WhiteAlone"
"[]","[]","[P1Y]","[CDC_NNDSS_Diseases_AnnualTables]","2016","1","Count_MedicalConditionIncident_HispanicOrLatino_ConditionYellowFever"
"[]","[]","[P1Y]","[CDC_NNDSS_Diseases_AnnualTables]","2016","1","Count_MedicalConditionIncident_ConditionSpottedFeverRickettsiosis_ProbableCase_USResident"
"[]","[]","[P1Y]","[CDC_NNDSS_Diseases_AnnualTables]","2016","1","Count_MedicalConditionIncident_40To64Years_ConditionStreptococcusPneumonia_ProbableCase"
"[]","[]","[P1Y]","[CDC_NNDSS_Diseases_AnnualTables]","2016","1","Count_MedicalConditionIncident_ConditionHumanMonocyticEhrlichiosis_OtherRace"
"[]","[]","[P1Y]","[CDC_NNDSS_Diseases_AnnualTables]","2016","1","Count_MedicalConditionIncident_Hispanic_Latino_ConditionHaemophilusMeningitis"
"[]","[]","[P1Y]","[CDC_NNDSS_Diseases_AnnualTables]","2016","1","Count_MedicalConditionIncident_ConditionLymeDisease_ConfirmedCase_RaceUnknown_NotStated"
"[]","[]","[P1Y]","[CDC_NNDSS_Diseases_AnnualTables]","2016","1","Count_MedicalConditionIncident_ConditionListeriosis_ProbableCase_WhiteAlone"
"[]","[]","[P1Y]","[CDC_NNDSS_Diseases_AnnualTables]","2016","1","Count_MedicalConditionIncident_15To24Years_ConditionMeningococcalMeningitis_ACWYSerogroup"
"[]","[]","[P1Y]","[CDC_NNDSS_Diseases_AnnualTables]","2016","1","Count_MedicalConditionIncident_40To64Years_ConditionJuninHemorrhagicFever"
"[]","[]","[P1Y]","[CDC_NNDSS_Diseases_AnnualTables]","2016","1","Count_MedicalConditionIncident_ConditionAcuteCondition_HepatitisA_WhiteAlone"
"[]","[]","[P1Y]","[CDC_NNDSS_Diseases_AnnualTables]","2016","1","Count_MedicalConditionIncident_ConditionInvasiveDisease_HaemophilusInfluenzae_WhiteAlone"
"[]","[]","[P1Y]","[CDC_NNDSS_Diseases_AnnualTables]","2016","1","Count_MedicalConditionIncident_ConditionZikaVirusDiseaseOrCongenitalDisease_BlackOrAfricanAmericanAlone"
"[]","[]","[P1Y]","[CDC_NNDSS_Diseases_AnnualTables]","2016","1","Count_MedicalConditionIncident_ConditionTyphoidFever_Black_AfricanAmericanAlone"
"[]","[]","[P1Y]","[CDC_NNDSS_Diseases_AnnualTables]","2016","1","Count_MedicalConditionIncident_65_MoreYears_ConditionTrichinellosis"
"[]","[]","[P1Y]","[CDC_NNDSS_Diseases_AnnualTables]","2016","1","Count_MedicalConditionIncident_ConditionMeningococcalMeningitis_RaceUnknown_NotStated_SerogroupB"
"[]","[]","[P1Y]","[CDC_NNDSS_Diseases_AnnualTables]","2016","1","Count_MedicalConditionIncident_ConditionNeuroinvasiveDisease_WestNileVirusDisease_RaceUnknown_NotStated"
"[]","[]","[P1Y]","[CDC_NNDSS_Diseases_AnnualTables]","2016","1","Count_MedicalConditionIncident_NotHispanic_Latino_ConditionAcuteCondition_HepatitisC_ConfirmedCase"
"[]","[]","[P1Y]","[CDC_NNDSS_Diseases_AnnualTables]","2016","1","Count_MedicalConditionIncident_1_LessYears_ConditionPertussis"
"[]","[]","[P1Y]","[CDC_NNDSS_Diseases_AnnualTables]","2016","1","Count_MedicalConditionIncident_1To4Years_ConditionQFever"
"[]","[]","[P1Y]","[CDC_NNDSS_Diseases_AnnualTables]","2016","1","Count_MedicalConditionIncident_15To24Years_ConditionNonCongenitalDisease_ZikaVirusDisease"
"[]","[]","[P1Y]","[CDC_NNDSS_Diseases_AnnualTables]","2016","1","Count_MedicalConditionIncident_Female_ConditionDengueLikeIllness"
"[]","[]","[P1Y]","[CDC_NNDSS_Diseases_AnnualTables]","2020","1","Count_MedicalConditionIncident_5_LessYears_ConditionStreptococcusPneumonia_ConfirmedCase_NonUSResident"
"[]","[]","[P1Y]","[CDC_NNDSS_Diseases_AnnualTables]","2016","1","Count_MedicalConditionIncident_1_LessYears_ConditionNeuroinvasiveDisease_JamestownCanyonVirusDisease"
"[]","[]","[P1Y]","[CDC_NNDSS_Diseases_AnnualTables]","2016","1","Count_MedicalConditionIncident_5_LessYears_Male_ConditionStreptococcusPneumonia_ConfirmedCase"
"[]","[]","[P1Y]","[CDC_NNDSS_Diseases_AnnualTables]","2016","1","Count_MedicalConditionIncident_Years15To24_ConditionHaemophilusInfluenzaeOrInvasiveDisease_SerotypeB"
"[]","[]","[P1Y]","[CDC_NNDSS_Diseases_AnnualTables]","2016","1","Count_MedicalConditionIncident_ConditionCyclosporiasis_OtherRace"
"[]","[]","[P1Y]","[CDC_NNDSS_Diseases_AnnualTables]","2016","1","Count_MedicalConditionIncident_AgeNotStated_ConditionLymeDisease"
"[]","[]","[P1Y]","[CDC_NNDSS_Diseases_AnnualTables]","2016","1","Count_MedicalConditionIncident_1To4Years_ConditionMeningococcalMeningitis_SerogroupB"
"[]","[]","[P1Y]","[CDC_NNDSS_Diseases_AnnualTables]","2016","1","Count_MedicalConditionIncident_1_LessYears_ConditionCongenitalDisease_Rubella"
"[]","[]","[P1Y]","[CDC_NNDSS_Diseases_AnnualTables]","2016","1","Count_MedicalConditionIncident_Male_ConditionListeriosis_ProbableCase"
"[]","[]","[P1Y]","[CDC_NNDSS_Diseases_AnnualTables]","2016","1","Count_MedicalConditionIncident_ConditionPlague_Asian_PacificIslander"
"[]","[]","[P1Y]","[CDC_NNDSS_Diseases_AnnualTables]","2016","1","Count_MedicalConditionIncident_ConditionFoodborneBotulism_WhiteAlone"
"[]","[]","[P1Y]","[CDC_NNDSS_Diseases_AnnualTables]","2016","1","Count_MedicalConditionIncident_Female_ConditionHumanMonocyticEhrlichiosis"
"[]","[]","[P1Y]","[CDC_NNDSS_Diseases_AnnualTables]","2016","1","Count_MedicalConditionIncident_5_LessYears_ConditionInvasiveDisease_HaemophilusInfluenzae_AmericanIndianAndAlaskaNativeAlone_NonSerotypeB"
"[]","[]","[P1Y]","[CDC_NNDSS_Diseases_AnnualTables]","2016","1","Count_MedicalConditionIncident_15To24Years_ConditionVibriosisExcludingCholera_ProbableCase"
"[]","[]","[P1Y]","[CDC_NNDSS_Diseases_AnnualTables]","2016","1","Count_MedicalConditionIncident_EthnicityUnknown_NotStated_ConditionListeriosis_ConfirmedCase"
"[]","[]","[P1Y]","[CDC_NNDSS_Diseases_AnnualTables]","2016","1","Count_MedicalConditionIncident_5To14Years_ConditionBabesiosis_ConfirmedCase"
"[]","[]","[P1Y]","[CDC_NNDSS_Diseases_AnnualTables]","2016","1","Count_MedicalConditionIncident_40To64Years_ConditionSalmonellosisExceptTyphiAndParatyphi"
"[]","[]","[P1Y]","[CDC_NNDSS_Diseases_AnnualTables]","2016","1","Count_MedicalConditionIncident_1To4Years_ConditionAcuteCondition_QFever"
"[]","[]","[P1Y]","[CDC_NNDSS_Diseases_AnnualTables]","2016","1","Count_MedicalConditionIncident_65_MoreYears_ConditionNeuroinvasiveDisease_StLouisEncephalitis"
"[]","[]","[P1Y]","[CDC_NNDSS_Diseases_AnnualTables]","2016","1","Count_MedicalConditionIncident_ConditionMeasles_ImportedCase_RaceUnknown_NotStated"
"[]","[]","[P1Y]","[CDC_NNDSS_Diseases_AnnualTables]","2016","1","Count_MedicalConditionIncident_ConditionAcuteCondition_HepatitisB_RaceUnknown_NotStated"
"[]","[]","[P1Y]","[CDC_NNDSS_Diseases_AnnualTables]","2016","65","Count_MedicalConditionIncident_ConditionChickenpox_PatientDeceased"
"[]","[]","[P1Y]","[CDC_NNDSS_Diseases_AnnualTables]","2016","1","Count_MedicalConditionIncident_40To64Years_ConditionTularemia"
"[]","[]","[P1Y]","[CDC_NNDSS_Diseases_AnnualTables]","2016","1","Count_MedicalConditionIncident_YearsUpto1_ConditionCoccidioidomycosis_ConfirmedCase"
"[]","[]","[P1Y]","[CDC_NNDSS_Diseases_AnnualTables]","2016","1","Count_MedicalConditionIncident_GenderUnknown_NotStated_ConditionGuanaritoHemorrhagicFever"
"[]","[]","[P1Y]","[CDC_NNDSS_Diseases_AnnualTables]","2016","1","Count_MedicalConditionIncident_ConditionLeprosy_Asian_PacificIslander"
"[]","[]","[P1Y]","[CDC_NNDSS_Diseases_AnnualTables]","2016","1","Count_MedicalConditionIncident_ConditionChancroid_OtherRace"
"[]","[]","[P1Y]","[CDC_NNDSS_Diseases_AnnualTables]","2016","1","Count_MedicalConditionIncident_Hispanic_Latino_ConditionInvasiveDisease_HaemophilusInfluenzae"
"[]","[]","[P1Y]","[CDC_NNDSS_Diseases_AnnualTables]","2016","1","Count_MedicalConditionIncident_65_MoreYears_ConditionCandidaAuris_ClinicalCase"
"[]","[]","[P1Y]","[CDC_NNDSS_Diseases_AnnualTables]","2016","1","Count_MedicalConditionIncident_Female_ConditionBrucellosis"
"[]","[]","[P1Y]","[CDC_NNDSS_Diseases_AnnualTables]","2016","65","Count_MedicalConditionIncident_ConditionHepatitisA_AcuteCondition"
"[]","[]","[P1Y]","[CDC_NNDSS_Diseases_AnnualTables]","2016","1","Count_MedicalConditionIncident_ConditionSyphilis_Asian_PacificIslander"
"[]","[]","[P1Y]","[CDC_NNDSS_Diseases_AnnualTables]","2016","1","Count_MedicalConditionIncident_40To64Years_ConditionPostDiarrheal_HemolyticUremicSyndrome"
"[]","[]","[P1Y]","[CDC_NNDSS_Diseases_AnnualTables]","2016","1","Count_MedicalConditionIncident_Male_ConditionVibriosisExcludingCholera"
"[]","[]","[P1Y]","[CDC_NNDSS_Diseases_AnnualTables]","2016","1","Count_MedicalConditionIncident_Female_ConditionLegionnairesDisease"
"[]","[]","[P1Y]","[CDC_NNDSS_Diseases_AnnualTables]","2016","1","Count_MedicalConditionIncident_ConditionVancomycinIntermediateStaphylococcusAureus_AmericanIndianAndAlaskaNativeAlone"
"[]","[]","[P1Y]","[CDC_NNDSS_Diseases_AnnualTables]","2016","1","Count_MedicalConditionIncident_AgeNotStated_ConditionCongenitalSyphilis"
"[]","[]","[P1Y]","[CDC_NNDSS_Diseases_AnnualTables]","2016","1","Count_MedicalConditionIncident_EthnicityUnknown_NotStated_ConditionCarbapenemResistantEnterobacteriaceae"
"[]","[]","[P1Y]","[CDC_NNDSS_Diseases_AnnualTables]","2016","1","Count_MedicalConditionIncident_NotHispanic_Latino_ConditionChikungunya"
"[]","[]","[P1Y]","[CDC_NNDSS_Diseases_AnnualTables]","2016","1","Count_MedicalConditionIncident_ConditionShigaToxinEColi_OtherRace"
"[]","[]","[P1Y]","[CDC_NNDSS_Diseases_AnnualTables]","2016","1","Count_MedicalConditionIncident_NotHispanic_Latino_ConditionBabesiosis"
"[]","[]","[P1Y]","[CDC_NNDSS_Diseases_AnnualTables]","2016","1","Count_MedicalConditionIncident_65_MoreYears_ConditionNeuroinvasiveDisease_EasternEquineEncephalitis"
"[]","[]","[P1Y]","[CDC_NNDSS_Diseases_AnnualTables]","2016","1","Count_MedicalConditionIncident_ConditionParatyphoid_AmericanIndianAndAlaskaNativeAlone"
"[]","[]","[P1Y]","[CDC_NNDSS_Diseases_AnnualTables]","2016","1","Count_MedicalConditionIncident_15To24Years_ConditionAcuteCondition_HepatitisC_ConfirmedCase"
"[]","[]","[P1Y]","[CDC_NNDSS_Diseases_AnnualTables]","2016","1","Count_MedicalConditionIncident_AgeNotStated_ConditionAcuteCondition_HepatitisC_ConfirmedCase"
"[]","[]","[P1Y]","[CDC_NNDSS_Diseases_AnnualTables]","2016","1","Count_MedicalConditionIncident_ConditionHaemophilusInfluenzaeOrInvasiveDisease_SerotypeB"
"[]","[]","[P1Y]","[CDC_NNDSS_Diseases_AnnualTables]","2016","1","Count_MedicalConditionIncident_5_LessYears_ConditionHaemophilusInfluenzae_InvasiveDisease_USResident_NonSerotypeB"
"[]","[]","[P1Y]","[CDC_NNDSS_Diseases_AnnualTables]","2016","1","Count_MedicalConditionIncident_Female_ConditionMumps"
"[]","[]","[P1Y]","[CDC_NNDSS_Diseases_AnnualTables]","2016","1","Count_MedicalConditionIncident_ConditionBrucellosis_Asian_PacificIslander"
"[]","[]","[P1Y]","[CDC_NNDSS_Diseases_AnnualTables]","2016","1","Count_MedicalConditionIncident_25To39Years_ConditionNeuroinvasiveDisease_JamestownCanyonVirusDisease"
"[]","[]","[P1Y]","[CDC_NNDSS_Diseases_AnnualTables]","2016","1","Count_MedicalConditionIncident_EthnicityUnknown_NotStated_ConditionEhrlichiosis"
"[]","[]","[P1Y]","[CDC_NNDSS_Diseases_AnnualTables]","2016","1","Count_MedicalConditionIncident_AgeNotStated_ConditionRubella"
"[]","[]","[P1Y]","[CDC_NNDSS_Diseases_AnnualTables]","2016","1","Count_MedicalConditionIncident_ConditionCampylobacteriosis_WhiteAlone"
"[]","[]","[P1Y]","[CDC_NNDSS_Diseases_AnnualTables]","2016","1","Count_MedicalConditionIncident_5To14Years_ConditionNeuroinvasiveDisease_LaCrosseVirusDisease"
"[]","[]","[P1Y]","[CDC_NNDSS_Diseases_AnnualTables]","2016","1","Count_MedicalConditionIncident_5To14Years_ConditionSyphilisPrimaryAndSecondary"
"[]","[]","[P1Y]","[CDC_NNDSS_Diseases_AnnualTables]","2016","1","Count_MedicalConditionIncident_ConditionNonCongenitalDisease_ZikaVirusInfection_WhiteAlone"
"[]","[]","[P1Y]","[CDC_NNDSS_Diseases_AnnualTables]","2016","1","Count_MedicalConditionIncident_AgeNotStated_ConditionNonNeuroinvasiveDiseaseOrLaCrosseVirusDisease"
"[]","[]","[P1Y]","[CDC_NNDSS_Diseases_AnnualTables]","2020","1","Count_MedicalConditionIncident_ConditionVancomycinResistantStaphylococcusAureus_NonUSResident"
"[]","[]","[P1Y]","[CDC_NNDSS_Diseases_AnnualTables]","2016","1","Count_MedicalConditionIncident_ConditionSpottedFeverRickettsiosis_ConfirmedCase_USResident"
"[]","[]","[P1Y]","[CDC_NNDSS_Diseases_AnnualTables]","2016","1","Count_MedicalConditionIncident_Hispanic_Latino_ConditionMeningococcalMeningitis_OtherSerogroups"
"[]","[]","[P1Y]","[CDC_NNDSS_Diseases_AnnualTables]","2016","1","Count_MedicalConditionIncident_ConditionNonCongenitalDisease_ZikaVirusDisease_OtherRace"
"[]","[]","[P1Y]","[CDC_NNDSS_Diseases_AnnualTables]","2016","1","Count_MedicalConditionIncident_ConditionMeasles_ImportedCase_Black_AfricanAmericanAlone"
"[]","[]","[P1Y]","[CDC_NNDSS_Diseases_AnnualTables]","2016","1","Count_MedicalConditionIncident_5_LessYears_ConditionStreptococcusPneumonia_ProbableCase_Asian_PacificIslander"
"[]","[]","[P1Y]","[CDC_NNDSS_Diseases_AnnualTables]","2016","1","Count_MedicalConditionIncident_ConditionTetanus_RaceUnknown_NotStated"
"[]","[]","[P1Y]","[CDC_NNDSS_Diseases_AnnualTables]","2016","1","Count_MedicalConditionIncident_ConditionCoccidioidomycosis_ProbableCase_RaceUnknownOrNotStated"
"[]","[]","[P1Y]","[CDC_NNDSS_Diseases_AnnualTables]","2016","1","Count_MedicalConditionIncident_ConditionNeuroinvasiveDisease_LaCrosseVirusDisease_WhiteAlone"
"[]","[]","[P1Y]","[CDC_NNDSS_Diseases_AnnualTables]","2016","1","Count_MedicalConditionIncident_1To4Years_ConditionFoodborneBotulism"
"[]","[]","[P1Y]","[CDC_NNDSS_Diseases_AnnualTables]","2016","1","Count_MedicalConditionIncident_Male_ConditionHIVAIDS"
"[]","[]","[P1Y]","[CDC_NNDSS_Diseases_AnnualTables]","2016","1","Count_MedicalConditionIncident_ConditionSalmonellosisExceptTyphiAndParatyphi_AmericanIndianAndAlaskaNativeAlone"
"[]","[]","[P1Y]","[CDC_NNDSS_Diseases_AnnualTables]","2016","1","Count_MedicalConditionIncident_ConditionParalyticPoliomyelitis_RaceUnknown_NotStated"
"[]","[]","[P1Y]","[CDC_NNDSS_Diseases_AnnualTables]","2016","1","Count_MedicalConditionIncident_Hispanic_Latino_ConditionBabesiosis_ProbableCase"
"[]","[]","[P1Y]","[CDC_NNDSS_Diseases_AnnualTables]","2016","1","Count_MedicalConditionIncident_65_MoreYears_ConditionChancroid"
"[]","[]","[P1Y]","[CDC_NNDSS_Diseases_AnnualTables]","2016","1","Count_MedicalConditionIncident_ConditionAnthraxDisease_AsianOrPacificIslander"
"[]","[]","[P1Y]","[CDC_NNDSS_Diseases_AnnualTables]","2016","1","Count_MedicalConditionIncident_1_LessYears_ConditionStreptococcusPneumonia_ConfirmedCase"
"[]","[]","[P1Y]","[CDC_NNDSS_Diseases_AnnualTables]","2016","1","Count_MedicalConditionIncident_ConditionVibriosisExcludingCholera_AmericanIndianAndAlaskaNativeAlone"
"[]","[]","[P1Y]","[CDC_NNDSS_Diseases_AnnualTables]","2016","1","Count_MedicalConditionIncident_15To24Years_ConditionVibriosisExcludingCholera_ConfirmedCase"
"[]","[]","[P1Y]","[CDC_NNDSS_Diseases_AnnualTables]","2016","1","Count_MedicalConditionIncident_5To14Years_ConditionCryptosporidiosis"
"[]","[]","[P1Y]","[CDC_NNDSS_Diseases_AnnualTables]","2016","1","Count_MedicalConditionIncident_NotHispanic_Latino_ConditionNeuroinvasiveDisease_LaCrosseVirusDisease"
"[]","[]","[P1Y]","[CDC_NNDSS_Diseases_AnnualTables]","2016","1","Count_MedicalConditionIncident_Male_ConditionListeriosis"
"[]","[]","[P1Y]","[CDC_NNDSS_Diseases_AnnualTables]","2016","1","Count_MedicalConditionIncident_EthnicityUnknown_NotStated_ConditionShigellosis"
"[]","[]","[P1Y]","[CDC_NNDSS_Diseases_AnnualTables]","2016","1","Count_MedicalConditionIncident_1To4Years_ConditionCryptosporidiosis_ProbableCase"
"[]","[]","[P1Y]","[CDC_NNDSS_Diseases_AnnualTables]","2016","1","Count_MedicalConditionIncident_40To64Years_ConditionParalyticPoliomyelitis"
"[]","[]","[P1Y]","[CDC_NNDSS_Diseases_AnnualTables]","2016","1","Count_MedicalConditionIncident_ConditionGuanaritoHemorrhagicFever_WhiteAlone"
"[]","[]","[P1Y]","[CDC_NNDSS_Diseases_AnnualTables]","2016","1","Count_MedicalConditionIncident_GenderUnknownOrNotStated_ConditionParalyticPoliomyelitis"
"[]","[]","[P1Y]","[CDC_NNDSS_Diseases_AnnualTables]","2016","1","Count_MedicalConditionIncident_ConditionRabiesinhuman_AsianOrPacificIslander"
"[]","[]","[P1Y]","[CDC_NNDSS_Diseases_AnnualTables]","2016","1","Count_MedicalConditionIncident_ConditionNovelInfluenzaAViralInfection_USResident"
"[]","[]","[P1Y]","[CDC_NNDSS_Diseases_AnnualTables]","2016","1","Count_MedicalConditionIncident_AgeNotStated_ConditionBabesiosis_ConfirmedCase"
"[]","[]","[P1Y]","[CDC_NNDSS_Diseases_AnnualTables]","2016","1","Count_MedicalConditionIncident_ConditionEhrlichiosis_Black_AfricanAmericanAlone"
"[]","[]","[P1Y]","[CDC_NNDSS_Diseases_AnnualTables]","2016","1","Count_MedicalConditionIncident_ConditionNonNeuroinvasiveDiseaseOrStLouisEncephalitis_BlackOrAfricanAmericanAlone"
"[]","[]","[P1Y]","[CDC_NNDSS_Diseases_AnnualTables]","2016","1","Count_MedicalConditionIncident_GenderUnknownOrNotStated_ConditionCOVID19"
"[]","[]","[P1Y]","[CDC_NNDSS_Diseases_AnnualTables]","2016","1","Count_MedicalConditionIncident_Male_ConditionChlamydia"
"[]","[]","[P1Y]","[CDC_NNDSS_Diseases_AnnualTables]","2016","1","Count_MedicalConditionIncident_Years40To64_ConditionZikaVirusInfectionOrCongenitalDisease"
"[]","[]","[P1Y]","[CDC_NNDSS_Diseases_AnnualTables]","2016","1","Count_MedicalConditionIncident_AgeNotStated_ConditionEhrlichiaEwingiiInfection"
"[]","[]","[P1Y]","[CDC_NNDSS_Diseases_AnnualTables]","2016","1","Count_MedicalConditionIncident_Male_ConditionChronicCondition_QFever"
"[]","[]","[P1Y]","[CDC_NNDSS_Diseases_AnnualTables]","2016","1","Count_MedicalConditionIncident_Years1To4_ConditionRabiesinhuman"
"[]","[]","[P1Y]","[CDC_NNDSS_Diseases_AnnualTables]","2016","1","Count_MedicalConditionIncident_40To64Years_ConditionTyphoidFever"
"[]","[]","[P1Y]","[CDC_NNDSS_Diseases_AnnualTables]","2016","1","Count_MedicalConditionIncident_ConditionChickenpox_PatientDeceased_RaceUnknownOrNotStated"
"[]","[]","[P1Y]","[CDC_NNDSS_Diseases_AnnualTables]","2016","1","Count_MedicalConditionIncident_ConditionHIVAIDS_Black_AfricanAmericanAlone"
"[]","[]","[P1Y]","[CDC_NNDSS_Diseases_AnnualTables]","2016","1","Count_MedicalConditionIncident_ConditionBabesiosis_ProbableCase_WhiteAlone"
"[]","[]","[P1Y]","[CDC_NNDSS_Diseases_AnnualTables]","2016","1","Count_MedicalConditionIncident_YearsUpto1_ConditionWoundBotulism"
"[]","[]","[P1Y]","[CDC_NNDSS_Diseases_AnnualTables]","2016","1","Count_MedicalConditionIncident_ConditionEasternEquineEncephalitis_NeuroinvasiveDisease_USResident"
"[]","[]","[P1Y]","[CDC_NNDSS_Diseases_AnnualTables]","2016","1","Count_MedicalConditionIncident_Years5To14_ConditionEhrlichiaEwingiiInfection"
"[]","[]","[P1Y]","[CDC_NNDSS_Diseases_AnnualTables]","2016","1","Count_MedicalConditionIncident_ConditionTuberculosis_OtherRace"
"[]","[]","[P1Y]","[CDC_NNDSS_Diseases_AnnualTables]","2016","1","Count_MedicalConditionIncident_1_LessYears_ConditionListeriosis_ConfirmedCase"
"[]","[]","[P1Y]","[CDC_NNDSS_Diseases_AnnualTables]","2016","1","Count_MedicalConditionIncident_25To39Years_ConditionAcuteCondition_HepatitisC_ProbableCase"
"[]","[]","[P1Y]","[CDC_NNDSS_Diseases_AnnualTables]","2016","1","Count_MedicalConditionIncident_Male_ConditionParalyticPoliomyelitis"
"[]","[]","[P1Y]","[CDC_NNDSS_Diseases_AnnualTables]","2016","1","Count_MedicalConditionIncident_Female_ConditionEhrlichiaEwingiiInfection"
"[]","[]","[P1Y]","[CDC_NNDSS_Diseases_AnnualTables]","2016","1","Count_MedicalConditionIncident_EthnicityUnknown_NotStated_ConditionInfluenza_PediatricMortality"
"[]","[]","[P1Y]","[CDC_NNDSS_Diseases_AnnualTables]","2016","1","Count_MedicalConditionIncident_5To14Years_ConditionCoccidioidomycosis"
"[]","[]","[P1Y]","[CDC_NNDSS_Diseases_AnnualTables]","2016","1","Count_MedicalConditionIncident_ConditionZikaVirusInfection_CongenitalDisease_USResident"
"[]","[]","[P1Y]","[CDC_NNDSS_Diseases_AnnualTables]","2016","1","Count_MedicalConditionIncident_ConditionLeprosy_USResident"
"[]","[]","[P1Y]","[CDC_NNDSS_Diseases_AnnualTables]","2016","1","Count_MedicalConditionIncident_5_LessYears_NotHispanic_Latino_ConditionStreptococcusPneumonia_ProbableCase"
"[]","[]","[P1Y]","[CDC_NNDSS_Diseases_AnnualTables]","2016","1","Count_MedicalConditionIncident_GenderUnknown_NotStated_ConditionChronicCondition_QFever"
"[]","[]","[P1Y]","[CDC_NNDSS_Diseases_AnnualTables]","2016","1","Count_MedicalConditionIncident_GenderUnknown_NotStated_ConditionInfantBotulism"
"[]","[]","[P1Y]","[CDC_NNDSS_Diseases_AnnualTables]","2016","1","Count_MedicalConditionIncident_GenderUnknownOrNotStated_ConditionRabiesinhuman"
"[]","[]","[P1Y]","[CDC_NNDSS_Diseases_AnnualTables]","2020","1","Count_MedicalConditionIncident_ConditionMalaria_NonUSResident"
"[]","[]","[P1Y]","[CDC_NNDSS_Diseases_AnnualTables]","2016","1","Count_MedicalConditionIncident_AgeNotStated_ConditionParatyphoid"
"[]","[]","[P1Y]","[CDC_NNDSS_Diseases_AnnualTables]","2016","1","Count_MedicalConditionIncident_AgeNotStated_ConditionPertussis"
"[]","[]","[P1Y]","[CDC_NNDSS_Diseases_AnnualTables]","2016","1","Count_MedicalConditionIncident_ConditionChickenpox_RaceUnknown_NotStated"
"[]","[]","[P1Y]","[CDC_NNDSS_Diseases_AnnualTables]","2016","65","Count_MedicalConditionIncident_ConditionCandidaAuris_ClinicalCase"
"[]","[]","[P1Y]","[CDC_NNDSS_Diseases_AnnualTables]","2016","1","Count_MedicalConditionIncident_ConditionDiphtheria_USResident"
"[]","[]","[P1Y]","[CDC_NNDSS_Diseases_AnnualTables]","2016","1","Count_MedicalConditionIncident_Years1To4_ConditionCandidaAuris_Screening"
